hardware_filter,method_id,family,dataset_id,target_regime,modality,count,mean,std,min,max,hardware_mismatch_count,gpu_devices,hardware_profiles
all,supervised,Baseline,citeseer,R1,graph,1,1.2698585999999998,0.0,1.2698585999999998,1.2698585999999998,0,NVIDIA A100-SXM4-80GB,auto
all,supervised,Baseline,cora,R1,graph,1,1.6321052000000003,0.0,1.6321052000000003,1.6321052000000003,0,Tesla V100-SXM2-32GB,auto
all,supervised,Baseline,pubmed,R1,graph,1,1.269761,0.0,1.269761,1.269761,0,NVIDIA A100-SXM4-80GB,auto
all,dynamic_label_propagation,Classical transductive,citeseer,R1,graph,1,0.44064420000000004,0.0,0.44064420000000004,0.44064420000000004,0,Unknown,auto
all,dynamic_label_propagation,Classical transductive,cora,R1,graph,1,0.6248846,0.0,0.6248846,0.6248846,0,Unknown,auto
all,dynamic_label_propagation,Classical transductive,pubmed,R1,graph,1,52.8171646,0.0,52.8171646,52.8171646,0,Unknown,auto
all,graph_mincuts,Classical transductive,citeseer,R1,graph,1,0.1907356,0.0,0.1907356,0.1907356,0,CPU,auto
all,graph_mincuts,Classical transductive,cora,R1,graph,1,0.2319216,0.0,0.2319216,0.2319216,0,CPU,auto
all,graph_mincuts,Classical transductive,pubmed,R1,graph,1,0.21977280000000002,0.0,0.21977280000000002,0.21977280000000002,0,CPU,auto
all,graphhop,Classical transductive,citeseer,R1,graph,1,10.818123,0.0,10.818123,10.818123,0,Unknown,auto
all,graphhop,Classical transductive,cora,R1,graph,1,15.9537674,0.0,15.9537674,15.9537674,0,Unknown,auto
all,graphhop,Classical transductive,pubmed,R1,graph,1,15.204452799999999,0.0,15.204452799999999,15.204452799999999,0,Unknown,auto
all,label_propagation,Classical transductive,citeseer,R1,graph,1,0.1982616,0.0,0.1982616,0.1982616,0,Unknown,auto
all,label_propagation,Classical transductive,cora,R1,graph,1,0.22367900000000002,0.0,0.22367900000000002,0.22367900000000002,0,Unknown,auto
all,label_propagation,Classical transductive,pubmed,R1,graph,1,0.1954248,0.0,0.1954248,0.1954248,0,Unknown,auto
all,label_spreading,Classical transductive,citeseer,R1,graph,1,0.1810296,0.0,0.1810296,0.1810296,0,Unknown,auto
all,label_spreading,Classical transductive,cora,R1,graph,1,0.20693419999999998,0.0,0.20693419999999998,0.20693419999999998,0,Unknown,auto
all,label_spreading,Classical transductive,pubmed,R1,graph,1,0.1775952,0.0,0.1775952,0.1775952,0,Unknown,auto
all,lazy_random_walk,Classical transductive,citeseer,R1,graph,1,0.20781200000000002,0.0,0.20781200000000002,0.20781200000000002,0,Unknown,auto
all,lazy_random_walk,Classical transductive,cora,R1,graph,1,0.2431098,0.0,0.2431098,0.2431098,0,Unknown,auto
all,lazy_random_walk,Classical transductive,pubmed,R1,graph,1,1.7844031999999999,0.0,1.7844031999999999,1.7844031999999999,0,Unknown,auto
all,mean_teacher,Consistency,citeseer,R1,graph,1,1.4281798,0.0,1.4281798,1.4281798,0,NVIDIA A100-SXM4-80GB,auto
all,mean_teacher,Consistency,cora,R1,graph,1,2.1063918,0.0,2.1063918,2.1063918,0,Tesla V100-SXM2-32GB,auto
all,mean_teacher,Consistency,pubmed,R1,graph,1,1.3872464,0.0,1.3872464,1.3872464,0,NVIDIA A100-SXM4-80GB,auto
all,pi_model,Consistency,citeseer,R1,graph,1,1.3893942,0.0,1.3893942,1.3893942,0,NVIDIA A100-SXM4-80GB,auto
all,pi_model,Consistency,cora,R1,graph,1,2.0535272,0.0,2.0535272,2.0535272,0,Tesla V100-SXM2-32GB,auto
all,pi_model,Consistency,pubmed,R1,graph,1,1.3784698,0.0,1.3784698,1.3784698,0,NVIDIA A100-SXM4-80GB,auto
all,temporal_ensembling,Consistency,citeseer,R1,graph,1,1.4842306,0.0,1.4842306,1.4842306,0,NVIDIA A100-SXM4-80GB,auto
all,temporal_ensembling,Consistency,cora,R1,graph,1,2.1182206,0.0,2.1182206,2.1182206,0,Tesla V100-SXM2-32GB,auto
all,temporal_ensembling,Consistency,pubmed,R1,graph,1,1.4208194,0.0,1.4208194,1.4208194,0,NVIDIA A100-SXM4-80GB,auto
all,vat,Consistency,citeseer,R1,graph,1,1.4244088,0.0,1.4244088,1.4244088,0,NVIDIA A100-SXM4-80GB,auto
all,vat,Consistency,cora,R1,graph,1,2.1927475999999997,0.0,2.1927475999999997,2.1927475999999997,0,Tesla V100-SXM2-32GB,auto
all,vat,Consistency,pubmed,R1,graph,1,1.4394878,0.0,1.4394878,1.4394878,0,NVIDIA A100-SXM4-80GB,auto
all,appnp,GNN,citeseer,R1,graph,1,1.0197138000000001,0.0,1.0197138000000001,1.0197138000000001,0,Unknown,auto
all,appnp,GNN,cora,R1,graph,1,1.3766782,0.0,1.3766782,1.3766782,0,Unknown,auto
all,appnp,GNN,pubmed,R1,graph,1,1.0611872,0.0,1.0611872,1.0611872,0,Unknown,auto
all,chebnet,GNN,citeseer,R1,graph,1,1.0398706,0.0,1.0398706,1.0398706,0,Unknown,auto
all,chebnet,GNN,cora,R1,graph,1,1.0005013999999999,0.0,1.0005013999999999,1.0005013999999999,0,Unknown,auto
all,chebnet,GNN,pubmed,R1,graph,1,1.3267214,0.0,1.3267214,1.3267214,0,Unknown,auto
all,gat,GNN,citeseer,R1,graph,1,1.1601127999999998,0.0,1.1601127999999998,1.1601127999999998,0,Unknown,auto
all,gat,GNN,cora,R1,graph,1,1.8016815999999998,0.0,1.8016815999999998,1.8016815999999998,0,Unknown,auto
all,gat,GNN,pubmed,R1,graph,1,1.6381599999999998,0.0,1.6381599999999998,1.6381599999999998,0,Unknown,auto
all,gcn,GNN,citeseer,R1,graph,1,0.7161218,0.0,0.7161218,0.7161218,0,Unknown,auto
all,gcn,GNN,cora,R1,graph,1,0.9158251999999999,0.0,0.9158251999999999,0.9158251999999999,0,Unknown,auto
all,gcn,GNN,pubmed,R1,graph,1,0.8127282000000001,0.0,0.8127282000000001,0.8127282000000001,0,Unknown,auto
all,gcnii,GNN,citeseer,R1,graph,1,1.6155998,0.0,1.6155998,1.6155998,0,Unknown,auto
all,gcnii,GNN,cora,R1,graph,1,3.4159956,0.0,3.4159956,3.4159956,0,Unknown,auto
all,gcnii,GNN,pubmed,R1,graph,1,2.3040326,0.0,2.3040326,2.3040326,0,Unknown,auto
all,grafn,GNN,citeseer,R1,graph,1,1.2689702,0.0,1.2689702,1.2689702,0,Unknown,auto
all,grafn,GNN,cora,R1,graph,1,2.4751366,0.0,2.4751366,2.4751366,0,Unknown,auto
all,grafn,GNN,pubmed,R1,graph,1,1.8889076,0.0,1.8889076,1.8889076,0,Unknown,auto
all,grand,GNN,citeseer,R1,graph,1,3.8951726,0.0,3.8951726,3.8951726,0,Unknown,auto
all,grand,GNN,cora,R1,graph,1,3.1574998,0.0,3.1574998,3.1574998,0,Unknown,auto
all,grand,GNN,pubmed,R1,graph,1,4.3014536,0.0,4.3014536,4.3014536,0,Unknown,auto
all,graphsage,GNN,citeseer,R1,graph,1,0.7555524,0.0,0.7555524,0.7555524,0,Unknown,auto
all,graphsage,GNN,cora,R1,graph,1,0.9158398,0.0,0.9158398,0.9158398,0,Unknown,auto
all,graphsage,GNN,pubmed,R1,graph,1,0.9449935999999999,0.0,0.9449935999999999,0.9449935999999999,0,Unknown,auto
all,h_gcn,GNN,citeseer,R1,graph,1,4.343145,0.0,4.343145,4.343145,0,Unknown,auto
all,h_gcn,GNN,cora,R1,graph,1,2.416781,0.0,2.416781,2.416781,0,Unknown,auto
all,h_gcn,GNN,pubmed,R1,graph,1,30.1463036,0.0,30.1463036,30.1463036,0,Unknown,auto
all,n_gcn,GNN,citeseer,R1,graph,1,12.6189526,0.0,12.6189526,12.6189526,0,Unknown,auto
all,n_gcn,GNN,cora,R1,graph,1,6.0059658,0.0,6.0059658,6.0059658,0,Unknown,auto
all,n_gcn,GNN,pubmed,R1,graph,1,79.94163280000001,0.0,79.94163280000001,79.94163280000001,0,Unknown,auto
all,planetoid,GNN,citeseer,R1,graph,1,40.4609356,0.0,40.4609356,40.4609356,0,Unknown,auto
all,planetoid,GNN,cora,R1,graph,1,178.6796026,0.0,178.6796026,178.6796026,0,Unknown,auto
all,planetoid,GNN,pubmed,R1,graph,1,293.4221784,0.0,293.4221784,293.4221784,0,Unknown,auto
all,sgc,GNN,citeseer,R1,graph,1,0.5551284,0.0,0.5551284,0.5551284,0,Unknown,auto
all,sgc,GNN,cora,R1,graph,1,3.273079,0.0,3.273079,3.273079,0,Unknown,auto
all,sgc,GNN,pubmed,R1,graph,1,0.5674976,0.0,0.5674976,0.5674976,0,Unknown,auto
all,adamatch,Hybrid,citeseer,R1,graph,1,21.504717,0.0,21.504717,21.504717,0,NVIDIA A100-SXM4-80GB,auto
all,adamatch,Hybrid,cora,R1,graph,1,36.459064999999995,0.0,36.459064999999995,36.459064999999995,0,Tesla V100-SXM2-32GB,auto
all,adamatch,Hybrid,pubmed,R1,graph,1,5.272093,0.0,5.272093,5.272093,0,NVIDIA A100-SXM4-80GB,auto
all,comatch,Hybrid,citeseer,R1,graph,1,1.6693634,0.0,1.6693634,1.6693634,0,NVIDIA A100-SXM4-80GB,auto
all,comatch,Hybrid,cora,R1,graph,1,2.4704928,0.0,2.4704928,2.4704928,0,Tesla V100-SXM2-32GB,auto
all,comatch,Hybrid,pubmed,R1,graph,1,1.543543,0.0,1.543543,1.543543,0,NVIDIA A100-SXM4-80GB,auto
all,daso,Hybrid,citeseer,R1,graph,1,1.530338,0.0,1.530338,1.530338,0,NVIDIA A100-SXM4-80GB,auto
all,daso,Hybrid,cora,R1,graph,1,2.3157,0.0,2.3157,2.3157,0,Tesla V100-SXM2-32GB,auto
all,daso,Hybrid,pubmed,R1,graph,1,1.4855164,0.0,1.4855164,1.4855164,0,NVIDIA A100-SXM4-80GB,auto
all,defixmatch,Hybrid,citeseer,R1,graph,1,1.5171572000000002,0.0,1.5171572000000002,1.5171572000000002,0,NVIDIA A100-SXM4-80GB,auto
all,defixmatch,Hybrid,cora,R1,graph,1,2.2643294000000003,0.0,2.2643294000000003,2.2643294000000003,0,Tesla V100-SXM2-32GB,auto
all,defixmatch,Hybrid,pubmed,R1,graph,1,1.4518996,0.0,1.4518996,1.4518996,0,NVIDIA A100-SXM4-80GB,auto
all,fixmatch,Hybrid,citeseer,R1,graph,1,1.3936328,0.0,1.3936328,1.3936328,0,NVIDIA A100-SXM4-80GB,auto
all,fixmatch,Hybrid,cora,R1,graph,1,2.1298298,0.0,2.1298298,2.1298298,0,Tesla V100-SXM2-32GB,auto
all,fixmatch,Hybrid,pubmed,R1,graph,1,1.3845034,0.0,1.3845034,1.3845034,0,NVIDIA A100-SXM4-80GB,auto
all,flexmatch,Hybrid,citeseer,R1,graph,1,1.4181439999999998,0.0,1.4181439999999998,1.4181439999999998,0,NVIDIA A100-SXM4-80GB,auto
all,flexmatch,Hybrid,cora,R1,graph,1,2.1151478,0.0,2.1151478,2.1151478,0,Tesla V100-SXM2-32GB,auto
all,flexmatch,Hybrid,pubmed,R1,graph,1,1.3880004,0.0,1.3880004,1.3880004,0,NVIDIA A100-SXM4-80GB,auto
all,free_match,Hybrid,citeseer,R1,graph,1,1.4904212,0.0,1.4904212,1.4904212,0,NVIDIA A100-SXM4-80GB,auto
all,free_match,Hybrid,cora,R1,graph,1,2.28898,0.0,2.28898,2.28898,0,Tesla V100-SXM2-32GB,auto
all,free_match,Hybrid,pubmed,R1,graph,1,1.5237636,0.0,1.5237636,1.5237636,0,NVIDIA A100-SXM4-80GB,auto
all,meta_pseudo_labels,Hybrid,citeseer,R1,graph,1,1.5539912,0.0,1.5539912,1.5539912,0,NVIDIA A100-SXM4-80GB,auto
all,meta_pseudo_labels,Hybrid,cora,R1,graph,1,2.5224316,0.0,2.5224316,2.5224316,0,Tesla V100-SXM2-32GB,auto
all,meta_pseudo_labels,Hybrid,pubmed,R1,graph,1,1.5562664,0.0,1.5562664,1.5562664,0,NVIDIA A100-SXM4-80GB,auto
all,mixmatch,Hybrid,citeseer,R1,graph,1,1.4019732,0.0,1.4019732,1.4019732,0,NVIDIA A100-SXM4-80GB,auto
all,mixmatch,Hybrid,cora,R1,graph,1,2.1270056,0.0,2.1270056,2.1270056,0,Tesla V100-SXM2-32GB,auto
all,mixmatch,Hybrid,pubmed,R1,graph,1,1.4386324,0.0,1.4386324,1.4386324,0,NVIDIA A100-SXM4-80GB,auto
all,noisy_student,Hybrid,citeseer,R1,graph,1,1.378679,0.0,1.378679,1.378679,0,NVIDIA A100-SXM4-80GB,auto
all,noisy_student,Hybrid,cora,R1,graph,1,2.0380292,0.0,2.0380292,2.0380292,0,Tesla V100-SXM2-32GB,auto
all,noisy_student,Hybrid,pubmed,R1,graph,1,1.3996520000000001,0.0,1.3996520000000001,1.3996520000000001,0,NVIDIA A100-SXM4-80GB,auto
all,simclr_v2,Hybrid,citeseer,R1,graph,1,1.485501,0.0,1.485501,1.485501,0,NVIDIA A100-SXM4-80GB,auto
all,simclr_v2,Hybrid,cora,R1,graph,1,1.8267848,0.0,1.8267848,1.8267848,0,Tesla V100-SXM2-32GB,auto
all,simclr_v2,Hybrid,pubmed,R1,graph,1,1.3828704,0.0,1.3828704,1.3828704,0,NVIDIA A100-SXM4-80GB,auto
all,softmatch,Hybrid,citeseer,R1,graph,1,1.4234386,0.0,1.4234386,1.4234386,0,NVIDIA A100-SXM4-80GB,auto
all,softmatch,Hybrid,cora,R1,graph,1,2.1151944,0.0,2.1151944,2.1151944,0,Tesla V100-SXM2-32GB,auto
all,softmatch,Hybrid,pubmed,R1,graph,1,1.412387,0.0,1.412387,1.412387,0,NVIDIA A100-SXM4-80GB,auto
all,uda,Hybrid,citeseer,R1,graph,1,1.409665,0.0,1.409665,1.409665,0,NVIDIA A100-SXM4-80GB,auto
all,uda,Hybrid,cora,R1,graph,1,2.0255652,0.0,2.0255652,2.0255652,0,Tesla V100-SXM2-32GB,auto
all,uda,Hybrid,pubmed,R1,graph,1,1.3858288,0.0,1.3858288,1.3858288,0,NVIDIA A100-SXM4-80GB,auto
all,adsh,Margin-based inductive,citeseer,R1,graph,1,1.5734612000000001,0.0,1.5734612000000001,1.5734612000000001,0,NVIDIA A100-SXM4-80GB,auto
all,adsh,Margin-based inductive,cora,R1,graph,1,2.2904692,0.0,2.2904692,2.2904692,0,Tesla V100-SXM2-32GB,auto
all,adsh,Margin-based inductive,pubmed,R1,graph,1,1.4744038,0.0,1.4744038,1.4744038,0,NVIDIA A100-SXM4-80GB,auto
all,laplace_learning,PDE/Variational,citeseer,R1,graph,1,0.2046476,0.0,0.2046476,0.2046476,0,Unknown,auto
all,laplace_learning,PDE/Variational,cora,R1,graph,1,0.253512,0.0,0.253512,0.253512,0,Unknown,auto
all,laplace_learning,PDE/Variational,pubmed,R1,graph,1,0.6295987999999999,0.0,0.6295987999999999,0.6295987999999999,0,Unknown,auto
all,p_laplace_learning,PDE/Variational,citeseer,R1,graph,1,234.004137,0.0,234.004137,234.004137,0,CPU,auto
all,p_laplace_learning,PDE/Variational,cora,R1,graph,1,822.9943346,0.0,822.9943346,822.9943346,0,CPU,auto
all,p_laplace_learning,PDE/Variational,pubmed,R1,graph,1,2945.0885329999996,0.0,2945.0885329999996,2945.0885329999996,0,CPU,auto
all,poisson_learning,PDE/Variational,citeseer,R1,graph,1,0.26946400000000004,0.0,0.26946400000000004,0.26946400000000004,0,Unknown,auto
all,poisson_learning,PDE/Variational,cora,R1,graph,1,0.8506244000000001,0.0,0.8506244000000001,0.8506244000000001,0,Unknown,auto
all,poisson_learning,PDE/Variational,pubmed,R1,graph,1,0.2795026,0.0,0.2795026,0.2795026,0,Unknown,auto
all,poisson_mbo,PDE/Variational,citeseer,R1,graph,1,2.255889,0.0,2.255889,2.255889,0,CPU,auto
all,poisson_mbo,PDE/Variational,cora,R1,graph,1,4.9329794,0.0,4.9329794,4.9329794,0,CPU,auto
all,poisson_mbo,PDE/Variational,pubmed,R1,graph,1,12.3887816,0.0,12.3887816,12.3887816,0,CPU,auto
all,co_training,Wrappers,citeseer,R1,graph,1,3.9832285999999995,0.0,3.9832285999999995,3.9832285999999995,0,NVIDIA A100-SXM4-80GB,auto
all,co_training,Wrappers,cora,R1,graph,1,6.4138443999999994,0.0,6.4138443999999994,6.4138443999999994,0,Tesla V100-SXM2-32GB,auto
all,co_training,Wrappers,pubmed,R1,graph,1,3.8473264,0.0,3.8473264,3.8473264,0,NVIDIA A100-SXM4-80GB,auto
all,deep_co_training,Wrappers,citeseer,R1,graph,1,1.7449046000000004,0.0,1.7449046000000004,1.7449046000000004,0,NVIDIA A100-SXM4-80GB,auto
all,deep_co_training,Wrappers,cora,R1,graph,1,3.2064181999999994,0.0,3.2064181999999994,3.2064181999999994,0,Tesla V100-SXM2-32GB,auto
all,deep_co_training,Wrappers,pubmed,R1,graph,1,1.7536011999999999,0.0,1.7536011999999999,1.7536011999999999,0,NVIDIA A100-SXM4-80GB,auto
all,democratic_co_learning,Wrappers,citeseer,R1,graph,1,5.0167198,0.0,5.0167198,5.0167198,0,NVIDIA A100-SXM4-80GB,auto
all,democratic_co_learning,Wrappers,cora,R1,graph,1,6.8274029999999994,0.0,6.8274029999999994,6.8274029999999994,0,Tesla V100-SXM2-32GB,auto
all,democratic_co_learning,Wrappers,pubmed,R1,graph,1,2.7146414,0.0,2.7146414,2.7146414,0,NVIDIA A100-SXM4-80GB,auto
all,pseudo_label,Wrappers,citeseer,R1,graph,1,1.3875894,0.0,1.3875894,1.3875894,0,NVIDIA A100-SXM4-80GB,auto
all,pseudo_label,Wrappers,cora,R1,graph,1,1.7520234000000001,0.0,1.7520234000000001,1.7520234000000001,0,Tesla V100-SXM2-32GB,auto
all,pseudo_label,Wrappers,pubmed,R1,graph,1,1.3494549999999998,0.0,1.3494549999999998,1.3494549999999998,0,NVIDIA A100-SXM4-80GB,auto
all,self_training,Wrappers,citeseer,R1,graph,1,1.3761231999999999,0.0,1.3761231999999999,1.3761231999999999,0,NVIDIA A100-SXM4-80GB,auto
all,self_training,Wrappers,cora,R1,graph,1,1.7426416,0.0,1.7426416,1.7426416,0,Tesla V100-SXM2-32GB,auto
all,self_training,Wrappers,pubmed,R1,graph,1,1.339066,0.0,1.339066,1.339066,0,NVIDIA A100-SXM4-80GB,auto
all,setred,Wrappers,citeseer,R1,graph,1,1.3727232,0.0,1.3727232,1.3727232,0,NVIDIA A100-SXM4-80GB,auto
all,setred,Wrappers,cora,R1,graph,1,1.7690937999999998,0.0,1.7690937999999998,1.7690937999999998,0,Tesla V100-SXM2-32GB,auto
all,setred,Wrappers,pubmed,R1,graph,1,1.3440318,0.0,1.3440318,1.3440318,0,NVIDIA A100-SXM4-80GB,auto
all,tri_training,Wrappers,citeseer,R1,graph,1,3.75951,0.0,3.75951,3.75951,0,NVIDIA A100-SXM4-80GB,auto
all,tri_training,Wrappers,cora,R1,graph,1,5.5704728,0.0,5.5704728,5.5704728,0,Tesla V100-SXM2-32GB,auto
all,tri_training,Wrappers,pubmed,R1,graph,1,2.7453872,0.0,2.7453872,2.7453872,0,NVIDIA A100-SXM4-80GB,auto
all,trinet,Wrappers,citeseer,R1,graph,1,1.9371981999999999,0.0,1.9371981999999999,1.9371981999999999,0,NVIDIA A100-SXM4-80GB,auto
all,trinet,Wrappers,cora,R1,graph,1,2.6066292,0.0,2.6066292,2.6066292,0,Tesla V100-SXM2-32GB,auto
all,trinet,Wrappers,pubmed,R1,graph,1,1.7600404,0.0,1.7600404,1.7600404,0,NVIDIA A100-SXM4-80GB,auto
all,supervised,Baseline,adult,R1,tabular,1,1.0667734000000002,0.0,1.0667734000000002,1.0667734000000002,0,NVIDIA A100-SXM4-80GB,auto
all,supervised,Baseline,breast_cancer,R1,tabular,1,1.1063632,0.0,1.1063632,1.1063632,0,Tesla V100-SXM2-32GB,auto
all,supervised,Baseline,iris,R1,tabular,1,0.8894308000000001,0.0,0.8894308000000001,0.8894308000000001,0,NVIDIA A100-SXM4-80GB,auto
all,dynamic_label_propagation,Classical transductive,adult,R1,tabular,1,765.998693,0.0,765.998693,765.998693,0,Unknown,auto
all,dynamic_label_propagation,Classical transductive,breast_cancer,R1,tabular,1,0.7271759999999999,0.0,0.7271759999999999,0.7271759999999999,0,Unknown,auto
all,dynamic_label_propagation,Classical transductive,iris,R1,tabular,1,0.5294882000000001,0.0,0.5294882000000001,0.5294882000000001,0,Unknown,auto
all,graph_mincuts,Classical transductive,adult,R1,tabular,1,0.7537066,0.0,0.7537066,0.7537066,0,CPU,auto
all,graph_mincuts,Classical transductive,breast_cancer,R1,tabular,1,0.6179584,0.0,0.6179584,0.6179584,0,CPU,auto
all,graphhop,Classical transductive,adult,R1,tabular,1,18.6317364,0.0,18.6317364,18.6317364,0,Unknown,auto
all,graphhop,Classical transductive,breast_cancer,R1,tabular,1,15.264387,0.0,15.264387,15.264387,0,Unknown,auto
all,graphhop,Classical transductive,iris,R1,tabular,1,11.5724186,0.0,11.5724186,11.5724186,0,Unknown,auto
all,label_propagation,Classical transductive,adult,R1,tabular,1,0.8080724,0.0,0.8080724,0.8080724,0,Unknown,auto
all,label_propagation,Classical transductive,breast_cancer,R1,tabular,1,0.6529216,0.0,0.6529216,0.6529216,0,Unknown,auto
all,label_propagation,Classical transductive,iris,R1,tabular,1,0.536969,0.0,0.536969,0.536969,0,Unknown,auto
all,label_spreading,Classical transductive,adult,R1,tabular,1,0.7116718000000001,0.0,0.7116718000000001,0.7116718000000001,0,Unknown,auto
all,label_spreading,Classical transductive,breast_cancer,R1,tabular,1,0.6456646,0.0,0.6456646,0.6456646,0,Unknown,auto
all,label_spreading,Classical transductive,iris,R1,tabular,1,0.5194318,0.0,0.5194318,0.5194318,0,Unknown,auto
all,lazy_random_walk,Classical transductive,adult,R1,tabular,1,5.4046148,0.0,5.4046148,5.4046148,0,Unknown,auto
all,lazy_random_walk,Classical transductive,breast_cancer,R1,tabular,1,0.7025758,0.0,0.7025758,0.7025758,0,Unknown,auto
all,mean_teacher,Consistency,adult,R1,tabular,1,38.1613336,0.0,38.1613336,38.1613336,0,NVIDIA A100-SXM4-80GB,auto
all,mean_teacher,Consistency,breast_cancer,R1,tabular,1,1.8553506,0.0,1.8553506,1.8553506,0,Tesla V100-SXM2-32GB,auto
all,mean_teacher,Consistency,iris,R1,tabular,1,0.9834624,0.0,0.9834624,0.9834624,0,NVIDIA A100-SXM4-80GB,auto
all,pi_model,Consistency,adult,R1,tabular,1,36.237489800000006,0.0,36.237489800000006,36.237489800000006,0,NVIDIA A100-SXM4-80GB,auto
all,pi_model,Consistency,breast_cancer,R1,tabular,1,1.8684374000000001,0.0,1.8684374000000001,1.8684374000000001,0,Tesla V100-SXM2-32GB,auto
all,pi_model,Consistency,iris,R1,tabular,1,0.9892959999999998,0.0,0.9892959999999998,0.9892959999999998,0,NVIDIA A100-SXM4-80GB,auto
all,temporal_ensembling,Consistency,adult,R1,tabular,1,41.8487802,0.0,41.8487802,41.8487802,0,NVIDIA A100-SXM4-80GB,auto
all,temporal_ensembling,Consistency,breast_cancer,R1,tabular,1,1.9613942000000002,0.0,1.9613942000000002,1.9613942000000002,0,Tesla V100-SXM2-32GB,auto
all,temporal_ensembling,Consistency,iris,R1,tabular,1,1.021169,0.0,1.021169,1.021169,0,NVIDIA A100-SXM4-80GB,auto
all,vat,Consistency,adult,R1,tabular,1,48.8218276,0.0,48.8218276,48.8218276,0,NVIDIA A100-SXM4-80GB,auto
all,vat,Consistency,breast_cancer,R1,tabular,1,2.1453826,0.0,2.1453826,2.1453826,0,Tesla V100-SXM2-32GB,auto
all,vat,Consistency,iris,R1,tabular,1,1.0299182,0.0,1.0299182,1.0299182,0,NVIDIA A100-SXM4-80GB,auto
all,appnp,GNN,adult,R1,tabular,1,15.368902199999999,0.0,15.368902199999999,15.368902199999999,0,Unknown,auto
all,appnp,GNN,breast_cancer,R1,tabular,1,1.8005436,0.0,1.8005436,1.8005436,0,Unknown,auto
all,appnp,GNN,iris,R1,tabular,1,1.1713308,0.0,1.1713308,1.1713308,0,Unknown,auto
all,chebnet,GNN,adult,R1,tabular,1,1.4823526,0.0,1.4823526,1.4823526,0,Unknown,auto
all,chebnet,GNN,breast_cancer,R1,tabular,1,1.4249154,0.0,1.4249154,1.4249154,0,Unknown,auto
all,chebnet,GNN,iris,R1,tabular,1,1.0314320000000001,0.0,1.0314320000000001,1.0314320000000001,0,Unknown,auto
all,gat,GNN,adult,R1,tabular,1,6.100548000000001,0.0,6.100548000000001,6.100548000000001,0,Unknown,auto
all,gat,GNN,breast_cancer,R1,tabular,1,2.0435718,0.0,2.0435718,2.0435718,0,Unknown,auto
all,gat,GNN,iris,R1,tabular,1,1.443235,0.0,1.443235,1.443235,0,Unknown,auto
all,gcn,GNN,adult,R1,tabular,1,1.3043027999999999,0.0,1.3043027999999999,1.3043027999999999,0,Unknown,auto
all,gcn,GNN,breast_cancer,R1,tabular,1,1.4163706,0.0,1.4163706,1.4163706,0,Unknown,auto
all,gcn,GNN,iris,R1,tabular,1,1.0053991999999998,0.0,1.0053991999999998,1.0053991999999998,0,Unknown,auto
all,gcnii,GNN,adult,R1,tabular,1,4.6117554,0.0,4.6117554,4.6117554,0,Unknown,auto
all,gcnii,GNN,breast_cancer,R1,tabular,1,2.3738745999999997,0.0,2.3738745999999997,2.3738745999999997,0,Unknown,auto
all,gcnii,GNN,iris,R1,tabular,1,1.7364145999999998,0.0,1.7364145999999998,1.7364145999999998,0,Unknown,auto
all,grafn,GNN,adult,R1,tabular,1,4.3493372,0.0,4.3493372,4.3493372,0,Unknown,auto
all,grafn,GNN,breast_cancer,R1,tabular,1,1.9422072,0.0,1.9422072,1.9422072,0,Unknown,auto
all,grafn,GNN,iris,R1,tabular,1,1.579049,0.0,1.579049,1.579049,0,Unknown,auto
all,grand,GNN,adult,R1,tabular,1,1.8779214,0.0,1.8779214,1.8779214,0,Unknown,auto
all,grand,GNN,breast_cancer,R1,tabular,1,1.6304928,0.0,1.6304928,1.6304928,0,Unknown,auto
all,grand,GNN,iris,R1,tabular,1,1.429946,0.0,1.429946,1.429946,0,Unknown,auto
all,graphsage,GNN,adult,R1,tabular,1,1.3440296,0.0,1.3440296,1.3440296,0,Unknown,auto
all,graphsage,GNN,breast_cancer,R1,tabular,1,1.3682032000000002,0.0,1.3682032000000002,1.3682032000000002,0,Unknown,auto
all,graphsage,GNN,iris,R1,tabular,1,0.9590398,0.0,0.9590398,0.9590398,0,Unknown,auto
all,h_gcn,GNN,adult,R1,tabular,1,250.8565144,0.0,250.8565144,250.8565144,0,Unknown,auto
all,h_gcn,GNN,breast_cancer,R1,tabular,1,2.1689700000000003,0.0,2.1689700000000003,2.1689700000000003,0,Unknown,auto
all,h_gcn,GNN,iris,R1,tabular,1,1.7099088000000002,0.0,1.7099088000000002,1.7099088000000002,0,Unknown,auto
all,n_gcn,GNN,adult,R1,tabular,1,157.4144746,0.0,157.4144746,157.4144746,0,Unknown,auto
all,n_gcn,GNN,breast_cancer,R1,tabular,1,2.5492272,0.0,2.5492272,2.5492272,0,Unknown,auto
all,n_gcn,GNN,iris,R1,tabular,1,1.5945487999999999,0.0,1.5945487999999999,1.5945487999999999,0,Unknown,auto
all,planetoid,GNN,adult,R1,tabular,1,955.2618728,0.0,955.2618728,955.2618728,0,Unknown,auto
all,planetoid,GNN,breast_cancer,R1,tabular,1,40.0019792,0.0,40.0019792,40.0019792,0,Unknown,auto
all,planetoid,GNN,iris,R1,tabular,1,2.5239895999999997,0.0,2.5239895999999997,2.5239895999999997,0,Unknown,auto
all,sgc,GNN,adult,R1,tabular,1,12.7348722,0.0,12.7348722,12.7348722,0,Unknown,auto
all,sgc,GNN,breast_cancer,R1,tabular,1,1.2204626,0.0,1.2204626,1.2204626,0,Unknown,auto
all,sgc,GNN,iris,R1,tabular,1,0.9199306,0.0,0.9199306,0.9199306,0,Unknown,auto
all,adamatch,Hybrid,adult,R1,tabular,1,55.4950256,0.0,55.4950256,55.4950256,0,NVIDIA A100-SXM4-80GB,auto
all,adamatch,Hybrid,breast_cancer,R1,tabular,1,13.4468304,0.0,13.4468304,13.4468304,0,Tesla V100-SXM2-32GB,auto
all,adamatch,Hybrid,iris,R1,tabular,1,7.9042744,0.0,7.9042744,7.9042744,0,NVIDIA A100-SXM4-80GB,auto
all,comatch,Hybrid,adult,R1,tabular,1,67.6248348,0.0,67.6248348,67.6248348,0,NVIDIA A100-SXM4-80GB,auto
all,comatch,Hybrid,breast_cancer,R1,tabular,1,2.6465214,0.0,2.6465214,2.6465214,0,Tesla V100-SXM2-32GB,auto
all,comatch,Hybrid,iris,R1,tabular,1,1.3011578,0.0,1.3011578,1.3011578,0,NVIDIA A100-SXM4-80GB,auto
all,daso,Hybrid,adult,R1,tabular,1,55.1963356,0.0,55.1963356,55.1963356,0,NVIDIA A100-SXM4-80GB,auto
all,daso,Hybrid,breast_cancer,R1,tabular,1,2.1387308000000003,0.0,2.1387308000000003,2.1387308000000003,0,Tesla V100-SXM2-32GB,auto
all,daso,Hybrid,iris,R1,tabular,1,1.056507,0.0,1.056507,1.056507,0,NVIDIA A100-SXM4-80GB,auto
all,defixmatch,Hybrid,adult,R1,tabular,1,48.7007106,0.0,48.7007106,48.7007106,0,NVIDIA A100-SXM4-80GB,auto
all,defixmatch,Hybrid,breast_cancer,R1,tabular,1,2.1060196,0.0,2.1060196,2.1060196,0,Tesla V100-SXM2-32GB,auto
all,defixmatch,Hybrid,iris,R1,tabular,1,1.0565514,0.0,1.0565514,1.0565514,0,NVIDIA A100-SXM4-80GB,auto
all,fixmatch,Hybrid,adult,R1,tabular,1,37.7255604,0.0,37.7255604,37.7255604,0,NVIDIA A100-SXM4-80GB,auto
all,fixmatch,Hybrid,breast_cancer,R1,tabular,1,1.9035771999999997,0.0,1.9035771999999997,1.9035771999999997,0,Tesla V100-SXM2-32GB,auto
all,fixmatch,Hybrid,iris,R1,tabular,1,0.9886728,0.0,0.9886728,0.9886728,0,NVIDIA A100-SXM4-80GB,auto
all,flexmatch,Hybrid,adult,R1,tabular,1,51.4240588,0.0,51.4240588,51.4240588,0,NVIDIA A100-SXM4-80GB,auto
all,flexmatch,Hybrid,breast_cancer,R1,tabular,1,2.0327054,0.0,2.0327054,2.0327054,0,Tesla V100-SXM2-32GB,auto
all,flexmatch,Hybrid,iris,R1,tabular,1,1.0556432,0.0,1.0556432,1.0556432,0,NVIDIA A100-SXM4-80GB,auto
all,free_match,Hybrid,adult,R1,tabular,1,56.611999000000004,0.0,56.611999000000004,56.611999000000004,0,NVIDIA A100-SXM4-80GB,auto
all,free_match,Hybrid,breast_cancer,R1,tabular,1,2.3406678,0.0,2.3406678,2.3406678,0,Tesla V100-SXM2-32GB,auto
all,free_match,Hybrid,iris,R1,tabular,1,1.112632,0.0,1.112632,1.112632,0,NVIDIA A100-SXM4-80GB,auto
all,meta_pseudo_labels,Hybrid,adult,R1,tabular,1,62.683251799999994,0.0,62.683251799999994,62.683251799999994,0,NVIDIA A100-SXM4-80GB,auto
all,meta_pseudo_labels,Hybrid,breast_cancer,R1,tabular,1,2.4197926,0.0,2.4197926,2.4197926,0,Tesla V100-SXM2-32GB,auto
all,meta_pseudo_labels,Hybrid,iris,R1,tabular,1,1.0856536,0.0,1.0856536,1.0856536,0,NVIDIA A100-SXM4-80GB,auto
all,mixmatch,Hybrid,adult,R1,tabular,1,42.8490502,0.0,42.8490502,42.8490502,0,NVIDIA A100-SXM4-80GB,auto
all,mixmatch,Hybrid,breast_cancer,R1,tabular,1,1.9935721999999998,0.0,1.9935721999999998,1.9935721999999998,0,Tesla V100-SXM2-32GB,auto
all,mixmatch,Hybrid,iris,R1,tabular,1,1.013334,0.0,1.013334,1.013334,0,NVIDIA A100-SXM4-80GB,auto
all,noisy_student,Hybrid,adult,R1,tabular,1,37.8382152,0.0,37.8382152,37.8382152,0,NVIDIA A100-SXM4-80GB,auto
all,noisy_student,Hybrid,breast_cancer,R1,tabular,1,1.8832558,0.0,1.8832558,1.8832558,0,Tesla V100-SXM2-32GB,auto
all,noisy_student,Hybrid,iris,R1,tabular,1,1.026567,0.0,1.026567,1.026567,0,NVIDIA A100-SXM4-80GB,auto
all,simclr_v2,Hybrid,adult,R1,tabular,1,21.604644,0.0,21.604644,21.604644,0,NVIDIA A100-SXM4-80GB,auto
all,simclr_v2,Hybrid,breast_cancer,R1,tabular,1,1.6047438,0.0,1.6047438,1.6047438,0,Tesla V100-SXM2-32GB,auto
all,simclr_v2,Hybrid,iris,R1,tabular,1,0.9973172,0.0,0.9973172,0.9973172,0,NVIDIA A100-SXM4-80GB,auto
all,softmatch,Hybrid,adult,R1,tabular,1,40.591697800000006,0.0,40.591697800000006,40.591697800000006,0,NVIDIA A100-SXM4-80GB,auto
all,softmatch,Hybrid,breast_cancer,R1,tabular,1,1.983139,0.0,1.983139,1.983139,0,Tesla V100-SXM2-32GB,auto
all,softmatch,Hybrid,iris,R1,tabular,1,1.1004105999999998,0.0,1.1004105999999998,1.1004105999999998,0,NVIDIA A100-SXM4-80GB,auto
all,uda,Hybrid,adult,R1,tabular,1,38.730670599999996,0.0,38.730670599999996,38.730670599999996,0,NVIDIA A100-SXM4-80GB,auto
all,uda,Hybrid,breast_cancer,R1,tabular,1,1.882997,0.0,1.882997,1.882997,0,Tesla V100-SXM2-32GB,auto
all,uda,Hybrid,iris,R1,tabular,1,0.9914022000000001,0.0,0.9914022000000001,0.9914022000000001,0,NVIDIA A100-SXM4-80GB,auto
all,adsh,Margin-based inductive,adult,R1,tabular,1,41.229620999999995,0.0,41.229620999999995,41.229620999999995,0,NVIDIA A100-SXM4-80GB,auto
all,adsh,Margin-based inductive,breast_cancer,R1,tabular,1,2.3416046,0.0,2.3416046,2.3416046,0,Tesla V100-SXM2-32GB,auto
all,adsh,Margin-based inductive,iris,R1,tabular,1,1.5732427999999998,0.0,1.5732427999999998,1.5732427999999998,0,NVIDIA A100-SXM4-80GB,auto
all,s4vm,Margin-based inductive,adult,R1,tabular,1,40.113141,0.0,40.113141,40.113141,0,NVIDIA A100-SXM4-80GB,auto
all,s4vm,Margin-based inductive,breast_cancer,R1,tabular,1,2.7629498,0.0,2.7629498,2.7629498,0,Tesla V100-SXM2-32GB,auto
all,tsvm,Margin-based inductive,adult,R1,tabular,1,0.9489986,0.0,0.9489986,0.9489986,0,CPU,auto
all,tsvm,Margin-based inductive,breast_cancer,R1,tabular,1,0.5944032,0.0,0.5944032,0.5944032,0,CPU,auto
all,laplace_learning,PDE/Variational,adult,R1,tabular,1,5.9487256,0.0,5.9487256,5.9487256,0,Unknown,auto
all,laplace_learning,PDE/Variational,breast_cancer,R1,tabular,1,0.6732962,0.0,0.6732962,0.6732962,0,Unknown,auto
all,laplace_learning,PDE/Variational,iris,R1,tabular,1,0.70408,0.0,0.70408,0.70408,0,Unknown,auto
all,p_laplace_learning,PDE/Variational,adult,R1,tabular,1,11907.163748199999,0.0,11907.163748199999,11907.163748199999,0,CPU,auto
all,p_laplace_learning,PDE/Variational,breast_cancer,R1,tabular,1,8.7420952,0.0,8.7420952,8.7420952,0,CPU,auto
all,p_laplace_learning,PDE/Variational,iris,R1,tabular,1,2.1109506,0.0,2.1109506,2.1109506,0,CPU,auto
all,poisson_learning,PDE/Variational,adult,R1,tabular,1,23.592932400000002,0.0,23.592932400000002,23.592932400000002,0,Unknown,auto
all,poisson_learning,PDE/Variational,breast_cancer,R1,tabular,1,0.9139190000000001,0.0,0.9139190000000001,0.9139190000000001,0,Unknown,auto
all,poisson_learning,PDE/Variational,iris,R1,tabular,1,0.607684,0.0,0.607684,0.607684,0,Unknown,auto
all,poisson_mbo,PDE/Variational,adult,R1,tabular,1,64.9368272,0.0,64.9368272,64.9368272,0,CPU,auto
all,poisson_mbo,PDE/Variational,breast_cancer,R1,tabular,1,1.9769815999999998,0.0,1.9769815999999998,1.9769815999999998,0,CPU,auto
all,poisson_mbo,PDE/Variational,iris,R1,tabular,1,0.7048624,0.0,0.7048624,0.7048624,0,CPU,auto
all,co_training,Wrappers,adult,R1,tabular,1,3.4363699999999993,0.0,3.4363699999999993,3.4363699999999993,0,NVIDIA A100-SXM4-80GB,auto
all,co_training,Wrappers,breast_cancer,R1,tabular,1,4.2888182,0.0,4.2888182,4.2888182,0,Tesla V100-SXM2-32GB,auto
all,co_training,Wrappers,iris,R1,tabular,1,3.0524152,0.0,3.0524152,3.0524152,0,NVIDIA A100-SXM4-80GB,auto
all,deep_co_training,Wrappers,adult,R1,tabular,1,85.199932,0.0,85.199932,85.199932,0,NVIDIA A100-SXM4-80GB,auto
all,deep_co_training,Wrappers,breast_cancer,R1,tabular,1,2.8634906,0.0,2.8634906,2.8634906,0,Tesla V100-SXM2-32GB,auto
all,deep_co_training,Wrappers,iris,R1,tabular,1,1.1669748,0.0,1.1669748,1.1669748,0,NVIDIA A100-SXM4-80GB,auto
all,democratic_co_learning,Wrappers,adult,R1,tabular,1,256.9167638,0.0,256.9167638,256.9167638,0,NVIDIA A100-SXM4-80GB,auto
all,democratic_co_learning,Wrappers,breast_cancer,R1,tabular,1,3.2296673999999994,0.0,3.2296673999999994,3.2296673999999994,0,Tesla V100-SXM2-32GB,auto
all,democratic_co_learning,Wrappers,iris,R1,tabular,1,2.0692342,0.0,2.0692342,2.0692342,0,NVIDIA A100-SXM4-80GB,auto
all,pseudo_label,Wrappers,adult,R1,tabular,1,63.846399399999996,0.0,63.846399399999996,63.846399399999996,0,NVIDIA A100-SXM4-80GB,auto
all,pseudo_label,Wrappers,breast_cancer,R1,tabular,1,2.5249234,0.0,2.5249234,2.5249234,0,Tesla V100-SXM2-32GB,auto
all,pseudo_label,Wrappers,iris,R1,tabular,1,1.169815,0.0,1.169815,1.169815,0,NVIDIA A100-SXM4-80GB,auto
all,self_training,Wrappers,adult,R1,tabular,1,61.38795639999999,0.0,61.38795639999999,61.38795639999999,0,NVIDIA A100-SXM4-80GB,auto
all,self_training,Wrappers,breast_cancer,R1,tabular,1,2.4046271999999997,0.0,2.4046271999999997,2.4046271999999997,0,Tesla V100-SXM2-32GB,auto
all,self_training,Wrappers,iris,R1,tabular,1,1.1751822,0.0,1.1751822,1.1751822,0,NVIDIA A100-SXM4-80GB,auto
all,setred,Wrappers,adult,R1,tabular,1,2.0636332,0.0,2.0636332,2.0636332,0,NVIDIA A100-SXM4-80GB,auto
all,setred,Wrappers,breast_cancer,R1,tabular,1,3.1902182,0.0,3.1902182,3.1902182,0,Tesla V100-SXM2-32GB,auto
all,setred,Wrappers,iris,R1,tabular,1,1.1620606,0.0,1.1620606,1.1620606,0,NVIDIA A100-SXM4-80GB,auto
all,tri_training,Wrappers,adult,R1,tabular,1,116.06424039999999,0.0,116.06424039999999,116.06424039999999,0,NVIDIA A100-SXM4-80GB,auto
all,tri_training,Wrappers,breast_cancer,R1,tabular,1,5.0253752,0.0,5.0253752,5.0253752,0,Tesla V100-SXM2-32GB,auto
all,tri_training,Wrappers,iris,R1,tabular,1,1.8427936000000003,0.0,1.8427936000000003,1.8427936000000003,0,NVIDIA A100-SXM4-80GB,auto
all,trinet,Wrappers,adult,R1,tabular,1,709.9554626,0.0,709.9554626,709.9554626,0,NVIDIA A100-SXM4-80GB,auto
all,trinet,Wrappers,breast_cancer,R1,tabular,1,15.5366172,0.0,15.5366172,15.5366172,0,Tesla V100-SXM2-32GB,auto
all,trinet,Wrappers,iris,R1,tabular,1,2.8820384,0.0,2.8820384,2.8820384,0,NVIDIA A100-SXM4-80GB,auto
all,supervised,Baseline,ag_news,R1,text,1,1.8170376000000001,0.0,1.8170376000000001,1.8170376000000001,0,NVIDIA A100-SXM4-80GB,auto
all,supervised,Baseline,imdb,R1,text,1,2.0575786000000003,0.0,2.0575786000000003,2.0575786000000003,0,NVIDIA A100-SXM4-80GB,auto
all,dynamic_label_propagation,Classical transductive,imdb,R1,text,1,820.7885612,0.0,820.7885612,820.7885612,0,Unknown,auto
all,graph_mincuts,Classical transductive,ag_news,R1,text,1,76.89496940000001,0.0,76.89496940000001,76.89496940000001,0,CPU,auto
all,graph_mincuts,Classical transductive,imdb,R1,text,1,14.8773328,0.0,14.8773328,14.8773328,0,CPU,auto
all,graphhop,Classical transductive,ag_news,R1,text,1,41.4054074,0.0,41.4054074,41.4054074,0,Unknown,auto
all,graphhop,Classical transductive,imdb,R1,text,1,26.9857748,0.0,26.9857748,26.9857748,0,Unknown,auto
all,label_propagation,Classical transductive,ag_news,R1,text,1,1.1851230000000001,0.0,1.1851230000000001,1.1851230000000001,0,Unknown,auto
all,label_propagation,Classical transductive,imdb,R1,text,1,1.0580558,0.0,1.0580558,1.0580558,0,Unknown,auto
all,label_spreading,Classical transductive,ag_news,R1,text,1,1.1019002,0.0,1.1019002,1.1019002,0,Unknown,auto
all,label_spreading,Classical transductive,imdb,R1,text,1,0.9088324,0.0,0.9088324,0.9088324,0,Unknown,auto
all,lazy_random_walk,Classical transductive,ag_news,R1,text,1,32.0236592,0.0,32.0236592,32.0236592,0,Unknown,auto
all,lazy_random_walk,Classical transductive,imdb,R1,text,1,19.6132078,0.0,19.6132078,19.6132078,0,Unknown,auto
all,mean_teacher,Consistency,ag_news,R1,text,1,581.4328634,0.0,581.4328634,581.4328634,0,NVIDIA A100-SXM4-80GB,auto
all,mean_teacher,Consistency,imdb,R1,text,1,121.8300866,0.0,121.8300866,121.8300866,0,NVIDIA A100-SXM4-80GB,auto
all,pi_model,Consistency,ag_news,R1,text,1,574.8184484000001,0.0,574.8184484000001,574.8184484000001,0,NVIDIA A100-SXM4-80GB,auto
all,pi_model,Consistency,imdb,R1,text,1,121.1349496,0.0,121.1349496,121.1349496,0,NVIDIA A100-SXM4-80GB,auto
all,temporal_ensembling,Consistency,ag_news,R1,text,1,724.7735663999999,0.0,724.7735663999999,724.7735663999999,0,NVIDIA A100-SXM4-80GB,auto
all,temporal_ensembling,Consistency,imdb,R1,text,1,151.5559044,0.0,151.5559044,151.5559044,0,NVIDIA A100-SXM4-80GB,auto
all,vat,Consistency,ag_news,R1,text,1,825.1080927999999,0.0,825.1080927999999,825.1080927999999,0,NVIDIA A100-SXM4-80GB,auto
all,vat,Consistency,imdb,R1,text,1,168.24235579999998,0.0,168.24235579999998,168.24235579999998,0,NVIDIA A100-SXM4-80GB,auto
all,appnp,GNN,ag_news,R1,text,1,83.9328438,0.0,83.9328438,83.9328438,0,Unknown,auto
all,appnp,GNN,imdb,R1,text,1,15.3056626,0.0,15.3056626,15.3056626,0,Unknown,auto
all,chebnet,GNN,ag_news,R1,text,1,2.8783512,0.0,2.8783512,2.8783512,0,Unknown,auto
all,chebnet,GNN,imdb,R1,text,1,1.5959196,0.0,1.5959196,1.5959196,0,Unknown,auto
all,gat,GNN,ag_news,R1,text,1,9.5217422,0.0,9.5217422,9.5217422,0,Unknown,auto
all,gat,GNN,imdb,R1,text,1,3.5728446,0.0,3.5728446,3.5728446,0,Unknown,auto
all,gcn,GNN,ag_news,R1,text,1,3.0898284,0.0,3.0898284,3.0898284,0,Unknown,auto
all,gcn,GNN,imdb,R1,text,1,1.4724746,0.0,1.4724746,1.4724746,0,Unknown,auto
all,gcnii,GNN,ag_news,R1,text,1,19.3731626,0.0,19.3731626,19.3731626,0,Unknown,auto
all,gcnii,GNN,imdb,R1,text,1,6.2533336,0.0,6.2533336,6.2533336,0,Unknown,auto
all,grafn,GNN,ag_news,R1,text,1,9.3327446,0.0,9.3327446,9.3327446,0,Unknown,auto
all,grafn,GNN,imdb,R1,text,1,3.982634,0.0,3.982634,3.982634,0,Unknown,auto
all,grand,GNN,ag_news,R1,text,1,9.789297399999999,0.0,9.789297399999999,9.789297399999999,0,Unknown,auto
all,grand,GNN,imdb,R1,text,1,1.6802579999999998,0.0,1.6802579999999998,1.6802579999999998,0,Unknown,auto
all,graphsage,GNN,ag_news,R1,text,1,38.0220352,0.0,38.0220352,38.0220352,0,Unknown,auto
all,graphsage,GNN,imdb,R1,text,1,1.4052496,0.0,1.4052496,1.4052496,0,Unknown,auto
all,h_gcn,GNN,imdb,R1,text,1,268.857078,0.0,268.857078,268.857078,0,Unknown,auto
all,n_gcn,GNN,imdb,R1,text,1,173.6171892,0.0,173.6171892,173.6171892,0,Unknown,auto
all,planetoid,GNN,ag_news,R1,text,1,4234.459557,0.0,4234.459557,4234.459557,0,Unknown,auto
all,planetoid,GNN,imdb,R1,text,1,969.7688252,0.0,969.7688252,969.7688252,0,Unknown,auto
all,sgc,GNN,ag_news,R1,text,1,7.315442,0.0,7.315442,7.315442,0,Unknown,auto
all,sgc,GNN,imdb,R1,text,1,1.4193799999999999,0.0,1.4193799999999999,1.4193799999999999,0,Unknown,auto
all,adamatch,Hybrid,ag_news,R1,text,1,661.685107,0.0,661.685107,661.685107,0,NVIDIA A100-SXM4-80GB,auto
all,adamatch,Hybrid,imdb,R1,text,1,126.3299068,0.0,126.3299068,126.3299068,0,NVIDIA A100-SXM4-80GB,auto
all,comatch,Hybrid,ag_news,R1,text,1,935.767199,0.0,935.767199,935.767199,0,NVIDIA A100-SXM4-80GB,auto
all,comatch,Hybrid,imdb,R1,text,1,192.990527,0.0,192.990527,192.990527,0,NVIDIA A100-SXM4-80GB,auto
all,daso,Hybrid,ag_news,R1,text,1,715.7039440000001,0.0,715.7039440000001,715.7039440000001,0,NVIDIA A100-SXM4-80GB,auto
all,daso,Hybrid,imdb,R1,text,1,145.3748464,0.0,145.3748464,145.3748464,0,NVIDIA A100-SXM4-80GB,auto
all,defixmatch,Hybrid,ag_news,R1,text,1,703.4193208,0.0,703.4193208,703.4193208,0,NVIDIA A100-SXM4-80GB,auto
all,defixmatch,Hybrid,imdb,R1,text,1,147.3532038,0.0,147.3532038,147.3532038,0,NVIDIA A100-SXM4-80GB,auto
all,fixmatch,Hybrid,ag_news,R1,text,1,580.1639354,0.0,580.1639354,580.1639354,0,NVIDIA A100-SXM4-80GB,auto
all,fixmatch,Hybrid,imdb,R1,text,1,121.56319160000001,0.0,121.56319160000001,121.56319160000001,0,NVIDIA A100-SXM4-80GB,auto
all,flexmatch,Hybrid,ag_news,R1,text,1,637.6195838,0.0,637.6195838,637.6195838,0,NVIDIA A100-SXM4-80GB,auto
all,flexmatch,Hybrid,imdb,R1,text,1,125.90523599999999,0.0,125.90523599999999,125.90523599999999,0,NVIDIA A100-SXM4-80GB,auto
all,free_match,Hybrid,ag_news,R1,text,1,635.6927636,0.0,635.6927636,635.6927636,0,NVIDIA A100-SXM4-80GB,auto
all,free_match,Hybrid,imdb,R1,text,1,133.495678,0.0,133.495678,133.495678,0,NVIDIA A100-SXM4-80GB,auto
all,meta_pseudo_labels,Hybrid,ag_news,R1,text,1,1508.0358302,0.0,1508.0358302,1508.0358302,0,NVIDIA A100-SXM4-80GB,auto
all,meta_pseudo_labels,Hybrid,imdb,R1,text,1,204.0970012,0.0,204.0970012,204.0970012,0,NVIDIA A100-SXM4-80GB,auto
all,mixmatch,Hybrid,ag_news,R1,text,1,976.0540254,0.0,976.0540254,976.0540254,0,NVIDIA A100-SXM4-80GB,auto
all,mixmatch,Hybrid,imdb,R1,text,1,203.25733380000003,0.0,203.25733380000003,203.25733380000003,0,NVIDIA A100-SXM4-80GB,auto
all,noisy_student,Hybrid,ag_news,R1,text,1,594.8884826,0.0,594.8884826,594.8884826,0,NVIDIA A100-SXM4-80GB,auto
all,noisy_student,Hybrid,imdb,R1,text,1,125.1893236,0.0,125.1893236,125.1893236,0,NVIDIA A100-SXM4-80GB,auto
all,simclr_v2,Hybrid,ag_news,R1,text,1,359.2245474,0.0,359.2245474,359.2245474,0,NVIDIA A100-SXM4-80GB,auto
all,simclr_v2,Hybrid,imdb,R1,text,1,56.5921204,0.0,56.5921204,56.5921204,0,NVIDIA A100-SXM4-80GB,auto
all,softmatch,Hybrid,ag_news,R1,text,1,587.8253294,0.0,587.8253294,587.8253294,0,NVIDIA A100-SXM4-80GB,auto
all,softmatch,Hybrid,imdb,R1,text,1,123.5492308,0.0,123.5492308,123.5492308,0,NVIDIA A100-SXM4-80GB,auto
all,uda,Hybrid,ag_news,R1,text,1,580.7984544,0.0,580.7984544,580.7984544,0,NVIDIA A100-SXM4-80GB,auto
all,uda,Hybrid,imdb,R1,text,1,122.3440448,0.0,122.3440448,122.3440448,0,NVIDIA A100-SXM4-80GB,auto
all,adsh,Margin-based inductive,ag_news,R1,text,1,712.690368,0.0,712.690368,712.690368,0,NVIDIA A100-SXM4-80GB,auto
all,adsh,Margin-based inductive,imdb,R1,text,1,146.6906972,0.0,146.6906972,146.6906972,0,NVIDIA A100-SXM4-80GB,auto
all,tsvm,Margin-based inductive,imdb,R1,text,1,1.0950108,0.0,1.0950108,1.0950108,0,CPU,auto
all,laplace_learning,PDE/Variational,imdb,R1,text,1,5.869960600000001,0.0,5.869960600000001,5.869960600000001,0,Unknown,auto
all,p_laplace_learning,PDE/Variational,ag_news,R1,text,1,20832.124558,0.0,20832.124558,20832.124558,0,CPU,auto
all,p_laplace_learning,PDE/Variational,imdb,R1,text,1,10581.252774,0.0,10581.252774,10581.252774,0,CPU,auto
all,poisson_learning,PDE/Variational,ag_news,R1,text,1,8.996386,0.0,8.996386,8.996386,0,Unknown,auto
all,poisson_learning,PDE/Variational,imdb,R1,text,1,12.0229944,0.0,12.0229944,12.0229944,0,Unknown,auto
all,poisson_mbo,PDE/Variational,ag_news,R1,text,1,262.89371,0.0,262.89371,262.89371,0,CPU,auto
all,poisson_mbo,PDE/Variational,imdb,R1,text,1,65.6742666,0.0,65.6742666,65.6742666,0,CPU,auto
all,co_training,Wrappers,ag_news,R1,text,1,63.387865,0.0,63.387865,63.387865,0,Unknown,auto
all,co_training,Wrappers,imdb,R1,text,1,42.339629,0.0,42.339629,42.339629,0,Unknown,auto
all,deep_co_training,Wrappers,ag_news,R1,text,1,1355.8166356,0.0,1355.8166356,1355.8166356,0,NVIDIA A100-SXM4-80GB,auto
all,deep_co_training,Wrappers,imdb,R1,text,1,282.5580926,0.0,282.5580926,282.5580926,0,NVIDIA A100-SXM4-80GB,auto
all,democratic_co_learning,Wrappers,ag_news,R1,text,1,133.015316,0.0,133.015316,133.015316,0,CPU,auto
all,democratic_co_learning,Wrappers,imdb,R1,text,1,4363.249991,0.0,4363.249991,4363.249991,0,CPU,auto
all,pseudo_label,Wrappers,ag_news,R1,text,1,96.190971,0.0,96.190971,96.190971,0,CPU,auto
all,pseudo_label,Wrappers,imdb,R1,text,1,13605.585081,0.0,13605.585081,13605.585081,0,CPU,auto
all,setred,Wrappers,ag_news,R1,text,1,9.682717199999999,0.0,9.682717199999999,9.682717199999999,0,Unknown,auto
all,setred,Wrappers,imdb,R1,text,1,1.7951456000000001,0.0,1.7951456000000001,1.7951456000000001,0,Unknown,auto
all,tri_training,Wrappers,ag_news,R1,text,1,234.938355,0.0,234.938355,234.938355,0,CPU,auto
all,supervised,Baseline,cifar10,R1,vision,1,1.849164,0.0,1.849164,1.849164,0,NVIDIA A100-SXM4-80GB,auto
all,supervised,Baseline,cifar100,R1,vision,1,1.8905249999999998,0.0,1.8905249999999998,1.8905249999999998,0,NVIDIA A100-SXM4-80GB,auto
all,supervised,Baseline,mnist,R1,vision,1,1.8350234,0.0,1.8350234,1.8350234,0,NVIDIA A100-SXM4-80GB,auto
all,graph_mincuts,Classical transductive,cifar10,R1,vision,1,8.810627,0.0,8.810627,8.810627,0,CPU,auto
all,graph_mincuts,Classical transductive,cifar100,R1,vision,1,1.9297824,0.0,1.9297824,1.9297824,0,CPU,auto
all,graph_mincuts,Classical transductive,mnist,R1,vision,1,0.5030072,0.0,0.5030072,0.5030072,0,CPU,auto
all,graphhop,Classical transductive,cifar10,R1,vision,1,18.0699334,0.0,18.0699334,18.0699334,0,Unknown,auto
all,graphhop,Classical transductive,cifar100,R1,vision,1,31.0753628,0.0,31.0753628,31.0753628,0,Unknown,auto
all,graphhop,Classical transductive,mnist,R1,vision,1,15.316133400000002,0.0,15.316133400000002,15.316133400000002,0,Unknown,auto
all,label_propagation,Classical transductive,cifar10,R1,vision,1,0.7621057999999999,0.0,0.7621057999999999,0.7621057999999999,0,Unknown,auto
all,label_propagation,Classical transductive,cifar100,R1,vision,1,1.0150696,0.0,1.0150696,1.0150696,0,Unknown,auto
all,label_propagation,Classical transductive,mnist,R1,vision,1,0.793528,0.0,0.793528,0.793528,0,Unknown,auto
all,label_spreading,Classical transductive,cifar10,R1,vision,1,0.34481280000000003,0.0,0.34481280000000003,0.34481280000000003,0,Unknown,auto
all,label_spreading,Classical transductive,cifar100,R1,vision,1,0.6611315999999999,0.0,0.6611315999999999,0.6611315999999999,0,Unknown,auto
all,label_spreading,Classical transductive,mnist,R1,vision,1,0.396541,0.0,0.396541,0.396541,0,Unknown,auto
all,lazy_random_walk,Classical transductive,cifar10,R1,vision,1,2.1949798,0.0,2.1949798,2.1949798,0,Unknown,auto
all,lazy_random_walk,Classical transductive,cifar100,R1,vision,1,0.3182404,0.0,0.3182404,0.3182404,0,Unknown,auto
all,lazy_random_walk,Classical transductive,mnist,R1,vision,1,0.6237444,0.0,0.6237444,0.6237444,0,Unknown,auto
all,mean_teacher,Consistency,cifar10,R1,vision,1,255.3928042,0.0,255.3928042,255.3928042,0,NVIDIA A100-SXM4-80GB,auto
all,mean_teacher,Consistency,cifar100,R1,vision,1,258.3328264,0.0,258.3328264,258.3328264,0,NVIDIA A100-SXM4-80GB,auto
all,mean_teacher,Consistency,mnist,R1,vision,1,317.23750920000003,0.0,317.23750920000003,317.23750920000003,0,NVIDIA A100-SXM4-80GB,auto
all,pi_model,Consistency,cifar10,R1,vision,1,271.89403860000004,0.0,271.89403860000004,271.89403860000004,0,NVIDIA A100-SXM4-80GB,auto
all,pi_model,Consistency,cifar100,R1,vision,1,273.1175778,0.0,273.1175778,273.1175778,0,NVIDIA A100-SXM4-80GB,auto
all,pi_model,Consistency,mnist,R1,vision,1,331.0336962,0.0,331.0336962,331.0336962,0,NVIDIA A100-SXM4-80GB,auto
all,temporal_ensembling,Consistency,cifar10,R1,vision,1,292.3168964,0.0,292.3168964,292.3168964,0,NVIDIA A100-SXM4-80GB,auto
all,temporal_ensembling,Consistency,cifar100,R1,vision,1,296.465011,0.0,296.465011,296.465011,0,NVIDIA A100-SXM4-80GB,auto
all,temporal_ensembling,Consistency,mnist,R1,vision,1,351.79549860000003,0.0,351.79549860000003,351.79549860000003,0,NVIDIA A100-SXM4-80GB,auto
all,vat,Consistency,cifar10,R1,vision,1,370.7298074,0.0,370.7298074,370.7298074,0,NVIDIA A100-SXM4-80GB,auto
all,vat,Consistency,cifar100,R1,vision,1,366.802095,0.0,366.802095,366.802095,0,NVIDIA A100-SXM4-80GB,auto
all,vat,Consistency,mnist,R1,vision,1,440.7967114,0.0,440.7967114,440.7967114,0,NVIDIA A100-SXM4-80GB,auto
all,appnp,GNN,cifar10,R1,vision,1,32.3762172,0.0,32.3762172,32.3762172,0,Unknown,auto
all,appnp,GNN,cifar100,R1,vision,1,26.4765942,0.0,26.4765942,26.4765942,0,Unknown,auto
all,appnp,GNN,mnist,R1,vision,1,2.2439704,0.0,2.2439704,2.2439704,0,Unknown,auto
all,chebnet,GNN,cifar10,R1,vision,1,2.3530978,0.0,2.3530978,2.3530978,0,Unknown,auto
all,chebnet,GNN,cifar100,R1,vision,1,2.3418332,0.0,2.3418332,2.3418332,0,Unknown,auto
all,chebnet,GNN,mnist,R1,vision,1,2.7930946,0.0,2.7930946,2.7930946,0,Unknown,auto
all,gat,GNN,cifar10,R1,vision,1,2.4143876,0.0,2.4143876,2.4143876,0,Unknown,auto
all,gat,GNN,cifar100,R1,vision,1,3.1853404,0.0,3.1853404,3.1853404,0,Unknown,auto
all,gat,GNN,mnist,R1,vision,1,3.5189288,0.0,3.5189288,3.5189288,0,Unknown,auto
all,gcn,GNN,cifar10,R1,vision,1,0.9102891999999999,0.0,0.9102891999999999,0.9102891999999999,0,Unknown,auto
all,gcn,GNN,cifar100,R1,vision,1,1.0648454,0.0,1.0648454,1.0648454,0,Unknown,auto
all,gcn,GNN,mnist,R1,vision,1,0.9574176,0.0,0.9574176,0.9574176,0,Unknown,auto
all,gcnii,GNN,cifar10,R1,vision,1,3.9911418,0.0,3.9911418,3.9911418,0,Unknown,auto
all,gcnii,GNN,cifar100,R1,vision,1,4.652721,0.0,4.652721,4.652721,0,Unknown,auto
all,gcnii,GNN,mnist,R1,vision,1,5.7346710000000005,0.0,5.7346710000000005,5.7346710000000005,0,Unknown,auto
all,grafn,GNN,cifar10,R1,vision,1,3.0546398,0.0,3.0546398,3.0546398,0,Unknown,auto
all,grafn,GNN,cifar100,R1,vision,1,3.8822052,0.0,3.8822052,3.8822052,0,Unknown,auto
all,grafn,GNN,mnist,R1,vision,1,4.9042462,0.0,4.9042462,4.9042462,0,Unknown,auto
all,grand,GNN,cifar10,R1,vision,1,12.2063468,0.0,12.2063468,12.2063468,0,Unknown,auto
all,grand,GNN,cifar100,R1,vision,1,13.714231000000002,0.0,13.714231000000002,13.714231000000002,0,Unknown,auto
all,grand,GNN,mnist,R1,vision,1,17.485783599999998,0.0,17.485783599999998,17.485783599999998,0,Unknown,auto
all,graphsage,GNN,cifar10,R1,vision,1,1.5121974,0.0,1.5121974,1.5121974,0,Unknown,auto
all,graphsage,GNN,cifar100,R1,vision,1,1.5657862000000002,0.0,1.5657862000000002,1.5657862000000002,0,Unknown,auto
all,graphsage,GNN,mnist,R1,vision,1,1.7850732,0.0,1.7850732,1.7850732,0,Unknown,auto
all,h_gcn,GNN,cifar10,R1,vision,1,521.6263986,0.0,521.6263986,521.6263986,0,Unknown,auto
all,h_gcn,GNN,cifar100,R1,vision,1,525.118707,0.0,525.118707,525.118707,0,Unknown,auto
all,planetoid,GNN,cifar10,R1,vision,1,1261.674875,0.0,1261.674875,1261.674875,0,Unknown,auto
all,planetoid,GNN,cifar100,R1,vision,1,1264.445777,0.0,1264.445777,1264.445777,0,Unknown,auto
all,planetoid,GNN,mnist,R1,vision,1,1598.614881,0.0,1598.614881,1598.614881,0,Unknown,auto
all,sgc,GNN,cifar10,R1,vision,1,5.406648,0.0,5.406648,5.406648,0,Unknown,auto
all,sgc,GNN,cifar100,R1,vision,1,2.902589,0.0,2.902589,2.902589,0,Unknown,auto
all,sgc,GNN,mnist,R1,vision,1,1.5766028,0.0,1.5766028,1.5766028,0,Unknown,auto
all,adamatch,Hybrid,cifar10,R1,vision,1,271.720262,0.0,271.720262,271.720262,0,NVIDIA A100-SXM4-80GB,auto
all,adamatch,Hybrid,cifar100,R1,vision,1,302.761494,0.0,302.761494,302.761494,0,NVIDIA A100-SXM4-80GB,auto
all,adamatch,Hybrid,mnist,R1,vision,1,343.55363079999995,0.0,343.55363079999995,343.55363079999995,0,NVIDIA A100-SXM4-80GB,auto
all,comatch,Hybrid,cifar10,R1,vision,1,400.91675,0.0,400.91675,400.91675,0,NVIDIA A100-SXM4-80GB,auto
all,comatch,Hybrid,cifar100,R1,vision,1,407.207544,0.0,407.207544,407.207544,0,NVIDIA A100-SXM4-80GB,auto
all,comatch,Hybrid,mnist,R1,vision,1,467.46922299999994,0.0,467.46922299999994,467.46922299999994,0,NVIDIA A100-SXM4-80GB,auto
all,daso,Hybrid,cifar10,R1,vision,1,345.645828,0.0,345.645828,345.645828,0,NVIDIA A100-SXM4-80GB,auto
all,daso,Hybrid,cifar100,R1,vision,1,574.542732,0.0,574.542732,574.542732,0,NVIDIA A100-SXM4-80GB,auto
all,daso,Hybrid,mnist,R1,vision,1,419.7949882,0.0,419.7949882,419.7949882,0,NVIDIA A100-SXM4-80GB,auto
all,defixmatch,Hybrid,cifar10,R1,vision,1,394.316873,0.0,394.316873,394.316873,0,NVIDIA A100-SXM4-80GB,auto
all,defixmatch,Hybrid,cifar100,R1,vision,1,371.513843,0.0,371.513843,371.513843,0,NVIDIA A100-SXM4-80GB,auto
all,defixmatch,Hybrid,mnist,R1,vision,1,436.7438636,0.0,436.7438636,436.7438636,0,NVIDIA A100-SXM4-80GB,auto
all,fixmatch,Hybrid,cifar10,R1,vision,1,269.410766,0.0,269.410766,269.410766,0,NVIDIA A100-SXM4-80GB,auto
all,fixmatch,Hybrid,cifar100,R1,vision,1,267.268656,0.0,267.268656,267.268656,0,NVIDIA A100-SXM4-80GB,auto
all,fixmatch,Hybrid,mnist,R1,vision,1,322.71040039999997,0.0,322.71040039999997,322.71040039999997,0,NVIDIA A100-SXM4-80GB,auto
all,flexmatch,Hybrid,cifar10,R1,vision,1,323.455801,0.0,323.455801,323.455801,0,NVIDIA A100-SXM4-80GB,auto
all,flexmatch,Hybrid,cifar100,R1,vision,1,330.1237768,0.0,330.1237768,330.1237768,0,NVIDIA A100-SXM4-80GB,auto
all,flexmatch,Hybrid,mnist,R1,vision,1,424.20754159999996,0.0,424.20754159999996,424.20754159999996,0,NVIDIA A100-SXM4-80GB,auto
all,free_match,Hybrid,cifar10,R1,vision,1,292.8010966,0.0,292.8010966,292.8010966,0,NVIDIA A100-SXM4-80GB,auto
all,free_match,Hybrid,cifar100,R1,vision,1,288.63209919999997,0.0,288.63209919999997,288.63209919999997,0,NVIDIA A100-SXM4-80GB,auto
all,free_match,Hybrid,mnist,R1,vision,1,348.55070800000004,0.0,348.55070800000004,348.55070800000004,0,NVIDIA A100-SXM4-80GB,auto
all,meta_pseudo_labels,Hybrid,cifar10,R1,vision,1,470.7394608000001,0.0,470.7394608000001,470.7394608000001,0,NVIDIA A100-SXM4-80GB,auto
all,meta_pseudo_labels,Hybrid,cifar100,R1,vision,1,478.29545959999996,0.0,478.29545959999996,478.29545959999996,0,NVIDIA A100-SXM4-80GB,auto
all,meta_pseudo_labels,Hybrid,mnist,R1,vision,1,574.657107,0.0,574.657107,574.657107,0,NVIDIA A100-SXM4-80GB,auto
all,mixmatch,Hybrid,cifar10,R1,vision,1,231.8056776,0.0,231.8056776,231.8056776,0,NVIDIA A100-SXM4-80GB,auto
all,mixmatch,Hybrid,cifar100,R1,vision,1,239.201712,0.0,239.201712,239.201712,0,NVIDIA A100-SXM4-80GB,auto
all,mixmatch,Hybrid,mnist,R1,vision,1,281.2810074,0.0,281.2810074,281.2810074,0,NVIDIA A100-SXM4-80GB,auto
all,noisy_student,Hybrid,cifar10,R1,vision,1,242.71747799999997,0.0,242.71747799999997,242.71747799999997,0,NVIDIA A100-SXM4-80GB,auto
all,noisy_student,Hybrid,cifar100,R1,vision,1,242.87219679999998,0.0,242.87219679999998,242.87219679999998,0,NVIDIA A100-SXM4-80GB,auto
all,noisy_student,Hybrid,mnist,R1,vision,1,302.1057416,0.0,302.1057416,302.1057416,0,NVIDIA A100-SXM4-80GB,auto
all,simclr_v2,Hybrid,cifar10,R1,vision,1,106.00679199999999,0.0,106.00679199999999,106.00679199999999,0,NVIDIA A100-SXM4-80GB,auto
all,simclr_v2,Hybrid,cifar100,R1,vision,1,103.71158600000001,0.0,103.71158600000001,103.71158600000001,0,NVIDIA A100-SXM4-80GB,auto
all,simclr_v2,Hybrid,mnist,R1,vision,1,129.7237954,0.0,129.7237954,129.7237954,0,NVIDIA A100-SXM4-80GB,auto
all,softmatch,Hybrid,cifar10,R1,vision,1,266.8746876,0.0,266.8746876,266.8746876,0,NVIDIA A100-SXM4-80GB,auto
all,softmatch,Hybrid,cifar100,R1,vision,1,271.2038664,0.0,271.2038664,271.2038664,0,NVIDIA A100-SXM4-80GB,auto
all,softmatch,Hybrid,mnist,R1,vision,1,332.01839559999996,0.0,332.01839559999996,332.01839559999996,0,NVIDIA A100-SXM4-80GB,auto
all,uda,Hybrid,cifar10,R1,vision,1,265.788318,0.0,265.788318,265.788318,0,NVIDIA A100-SXM4-80GB,auto
all,uda,Hybrid,cifar100,R1,vision,1,271.6170604,0.0,271.6170604,271.6170604,0,NVIDIA A100-SXM4-80GB,auto
all,uda,Hybrid,mnist,R1,vision,1,325.4847002,0.0,325.4847002,325.4847002,0,NVIDIA A100-SXM4-80GB,auto
all,adsh,Margin-based inductive,cifar10,R1,vision,1,306.691948,0.0,306.691948,306.691948,0,NVIDIA A100-SXM4-80GB,auto
all,adsh,Margin-based inductive,cifar100,R1,vision,1,370.181853,0.0,370.181853,370.181853,0,NVIDIA A100-SXM4-80GB,auto
all,adsh,Margin-based inductive,mnist,R1,vision,1,372.7804,0.0,372.7804,372.7804,0,NVIDIA A100-SXM4-80GB,auto
all,laplace_learning,PDE/Variational,cifar10,R1,vision,1,27.853090399999996,0.0,27.853090399999996,27.853090399999996,0,Unknown,auto
all,laplace_learning,PDE/Variational,cifar100,R1,vision,1,28.843265000000002,0.0,28.843265000000002,28.843265000000002,0,Unknown,auto
all,laplace_learning,PDE/Variational,mnist,R1,vision,1,13.664180400000001,0.0,13.664180400000001,13.664180400000001,0,Unknown,auto
all,poisson_learning,PDE/Variational,cifar10,R1,vision,1,46.771616,0.0,46.771616,46.771616,0,Unknown,auto
all,poisson_learning,PDE/Variational,cifar100,R1,vision,1,441.590934,0.0,441.590934,441.590934,0,Unknown,auto
all,poisson_learning,PDE/Variational,mnist,R1,vision,1,56.516981,0.0,56.516981,56.516981,0,Unknown,auto
all,poisson_mbo,PDE/Variational,cifar10,R1,vision,1,121.646568,0.0,121.646568,121.646568,0,CPU,auto
all,poisson_mbo,PDE/Variational,cifar100,R1,vision,1,946.427838,0.0,946.427838,946.427838,0,CPU,auto
all,poisson_mbo,PDE/Variational,mnist,R1,vision,1,159.5045394,0.0,159.5045394,159.5045394,0,CPU,auto
all,co_training,Wrappers,cifar10,R1,vision,1,7.487956,0.0,7.487956,7.487956,0,Unknown,auto
all,co_training,Wrappers,cifar100,R1,vision,1,1957.474347,0.0,1957.474347,1957.474347,0,Unknown,auto
all,co_training,Wrappers,mnist,R1,vision,1,7.866535799999999,0.0,7.866535799999999,7.866535799999999,0,Unknown,auto
all,deep_co_training,Wrappers,cifar10,R1,vision,1,604.7507235999999,0.0,604.7507235999999,604.7507235999999,0,NVIDIA A100-SXM4-80GB,auto
all,deep_co_training,Wrappers,cifar100,R1,vision,1,612.2248694,0.0,612.2248694,612.2248694,0,NVIDIA A100-SXM4-80GB,auto
all,deep_co_training,Wrappers,mnist,R1,vision,1,732.5610290000001,0.0,732.5610290000001,732.5610290000001,0,NVIDIA A100-SXM4-80GB,auto
all,democratic_co_learning,Wrappers,cifar10,R1,vision,1,176.920226,0.0,176.920226,176.920226,0,NVIDIA A100-SXM4-80GB,auto
all,democratic_co_learning,Wrappers,cifar100,R1,vision,1,515.504647,0.0,515.504647,515.504647,0,NVIDIA A100-SXM4-80GB,auto
all,democratic_co_learning,Wrappers,mnist,R1,vision,1,786.2293638,0.0,786.2293638,786.2293638,0,NVIDIA A100-SXM4-80GB,auto
all,pseudo_label,Wrappers,cifar10,R1,vision,1,2.2457219999999998,0.0,2.2457219999999998,2.2457219999999998,0,NVIDIA A100-SXM4-80GB,auto
all,pseudo_label,Wrappers,cifar100,R1,vision,1,2.4190402,0.0,2.4190402,2.4190402,0,NVIDIA A100-SXM4-80GB,auto
all,pseudo_label,Wrappers,mnist,R1,vision,1,2.2546984,0.0,2.2546984,2.2546984,0,NVIDIA A100-SXM4-80GB,auto
all,self_training,Wrappers,cifar10,R1,vision,1,1.8460100000000002,0.0,1.8460100000000002,1.8460100000000002,0,NVIDIA A100-SXM4-80GB,auto
all,self_training,Wrappers,cifar100,R1,vision,1,2.0539823999999998,0.0,2.0539823999999998,2.0539823999999998,0,NVIDIA A100-SXM4-80GB,auto
all,self_training,Wrappers,mnist,R1,vision,1,1.8636148,0.0,1.8636148,1.8636148,0,NVIDIA A100-SXM4-80GB,auto
all,setred,Wrappers,cifar10,R1,vision,1,3.0667904,0.0,3.0667904,3.0667904,0,Unknown,auto
all,setred,Wrappers,cifar100,R1,vision,1,247.495018,0.0,247.495018,247.495018,0,Unknown,auto
all,setred,Wrappers,mnist,R1,vision,1,5.4048106,0.0,5.4048106,5.4048106,0,Unknown,auto
all,tri_training,Wrappers,cifar10,R1,vision,1,2419.1258826000003,0.0,2419.1258826000003,2419.1258826000003,0,NVIDIA A100-SXM4-80GB,auto
all,tri_training,Wrappers,cifar100,R1,vision,1,839.4369042000001,0.0,839.4369042000001,839.4369042000001,0,NVIDIA A100-SXM4-80GB,auto
all,tri_training,Wrappers,mnist,R1,vision,1,2881.2685616000003,0.0,2881.2685616000003,2881.2685616000003,0,NVIDIA A100-SXM4-80GB,auto
all,supervised,Baseline,citeseer,R2,graph,1,1.5305052,0.0,1.5305052,1.5305052,0,NVIDIA A100-SXM4-80GB,auto
all,supervised,Baseline,cora,R2,graph,1,4.6094188,0.0,4.6094188,4.6094188,0,Tesla V100-SXM2-32GB,auto
all,supervised,Baseline,pubmed,R2,graph,1,1.316695,0.0,1.316695,1.316695,0,NVIDIA A100-SXM4-80GB,auto
all,dynamic_label_propagation,Classical transductive,citeseer,R2,graph,1,0.780007,0.0,0.780007,0.780007,0,Unknown,auto
all,dynamic_label_propagation,Classical transductive,cora,R2,graph,1,1.1699782,0.0,1.1699782,1.1699782,0,Unknown,auto
all,dynamic_label_propagation,Classical transductive,pubmed,R2,graph,1,52.7583034,0.0,52.7583034,52.7583034,0,Unknown,auto
all,graph_mincuts,Classical transductive,citeseer,R2,graph,1,0.1265524,0.0,0.1265524,0.1265524,0,CPU,auto
all,graph_mincuts,Classical transductive,cora,R2,graph,1,1.0201608,0.0,1.0201608,1.0201608,0,CPU,auto
all,graph_mincuts,Classical transductive,pubmed,R2,graph,1,0.2442316,0.0,0.2442316,0.2442316,0,CPU,auto
all,graphhop,Classical transductive,citeseer,R2,graph,1,10.7713004,0.0,10.7713004,10.7713004,0,Unknown,auto
all,graphhop,Classical transductive,cora,R2,graph,1,16.724824599999998,0.0,16.724824599999998,16.724824599999998,0,Unknown,auto
all,graphhop,Classical transductive,pubmed,R2,graph,1,14.8019926,0.0,14.8019926,14.8019926,0,Unknown,auto
all,label_propagation,Classical transductive,citeseer,R2,graph,1,0.27462580000000003,0.0,0.27462580000000003,0.27462580000000003,0,Unknown,auto
all,label_propagation,Classical transductive,cora,R2,graph,1,0.3494402,0.0,0.3494402,0.3494402,0,Unknown,auto
all,label_propagation,Classical transductive,pubmed,R2,graph,1,0.29941019999999996,0.0,0.29941019999999996,0.29941019999999996,0,Unknown,auto
all,label_spreading,Classical transductive,citeseer,R2,graph,1,0.3245716,0.0,0.3245716,0.3245716,0,Unknown,auto
all,label_spreading,Classical transductive,cora,R2,graph,1,0.344515,0.0,0.344515,0.344515,0,Unknown,auto
all,label_spreading,Classical transductive,pubmed,R2,graph,1,0.2712416,0.0,0.2712416,0.2712416,0,Unknown,auto
all,lazy_random_walk,Classical transductive,citeseer,R2,graph,1,0.2800452,0.0,0.2800452,0.2800452,0,Unknown,auto
all,lazy_random_walk,Classical transductive,cora,R2,graph,1,0.5299628000000001,0.0,0.5299628000000001,0.5299628000000001,0,Unknown,auto
all,lazy_random_walk,Classical transductive,pubmed,R2,graph,1,1.7911540000000001,0.0,1.7911540000000001,1.7911540000000001,0,Unknown,auto
all,mean_teacher,Consistency,citeseer,R2,graph,1,1.6476928000000002,0.0,1.6476928000000002,1.6476928000000002,0,NVIDIA A100-SXM4-80GB,auto
all,mean_teacher,Consistency,cora,R2,graph,1,5.750508399999999,0.0,5.750508399999999,5.750508399999999,0,Tesla V100-SXM2-32GB,auto
all,mean_teacher,Consistency,pubmed,R2,graph,1,1.4547342,0.0,1.4547342,1.4547342,0,NVIDIA A100-SXM4-80GB,auto
all,pi_model,Consistency,citeseer,R2,graph,1,1.6789314000000002,0.0,1.6789314000000002,1.6789314000000002,0,NVIDIA A100-SXM4-80GB,auto
all,pi_model,Consistency,cora,R2,graph,1,4.8731904,0.0,4.8731904,4.8731904,0,Tesla V100-SXM2-32GB,auto
all,pi_model,Consistency,pubmed,R2,graph,1,1.4118486000000001,0.0,1.4118486000000001,1.4118486000000001,0,NVIDIA A100-SXM4-80GB,auto
all,temporal_ensembling,Consistency,citeseer,R2,graph,1,1.6475920000000002,0.0,1.6475920000000002,1.6475920000000002,0,NVIDIA A100-SXM4-80GB,auto
all,temporal_ensembling,Consistency,cora,R2,graph,1,4.6530802,0.0,4.6530802,4.6530802,0,Tesla V100-SXM2-32GB,auto
all,temporal_ensembling,Consistency,pubmed,R2,graph,1,1.4535488,0.0,1.4535488,1.4535488,0,NVIDIA A100-SXM4-80GB,auto
all,vat,Consistency,citeseer,R2,graph,1,1.8670804,0.0,1.8670804,1.8670804,0,NVIDIA A100-SXM4-80GB,auto
all,vat,Consistency,cora,R2,graph,1,4.515869400000001,0.0,4.515869400000001,4.515869400000001,0,Tesla V100-SXM2-32GB,auto
all,vat,Consistency,pubmed,R2,graph,1,1.4551822,0.0,1.4551822,1.4551822,0,NVIDIA A100-SXM4-80GB,auto
all,appnp,GNN,citeseer,R2,graph,1,1.0052958,0.0,1.0052958,1.0052958,0,Unknown,auto
all,appnp,GNN,cora,R2,graph,1,2.3607326,0.0,2.3607326,2.3607326,0,Unknown,auto
all,appnp,GNN,pubmed,R2,graph,1,1.1341272,0.0,1.1341272,1.1341272,0,Unknown,auto
all,chebnet,GNN,citeseer,R2,graph,1,1.1758586,0.0,1.1758586,1.1758586,0,Unknown,auto
all,chebnet,GNN,cora,R2,graph,1,1.8969372,0.0,1.8969372,1.8969372,0,Unknown,auto
all,chebnet,GNN,pubmed,R2,graph,1,1.2206794,0.0,1.2206794,1.2206794,0,Unknown,auto
all,gat,GNN,citeseer,R2,graph,1,1.4294404,0.0,1.4294404,1.4294404,0,Unknown,auto
all,gat,GNN,cora,R2,graph,1,2.8568686,0.0,2.8568686,2.8568686,0,Unknown,auto
all,gat,GNN,pubmed,R2,graph,1,1.6234952,0.0,1.6234952,1.6234952,0,Unknown,auto
all,gcn,GNN,citeseer,R2,graph,1,0.6948086,0.0,0.6948086,0.6948086,0,Unknown,auto
all,gcn,GNN,cora,R2,graph,1,1.7961168,0.0,1.7961168,1.7961168,0,Unknown,auto
all,gcn,GNN,pubmed,R2,graph,1,0.8501884000000001,0.0,0.8501884000000001,0.8501884000000001,0,Unknown,auto
all,gcnii,GNN,citeseer,R2,graph,1,1.771067,0.0,1.771067,1.771067,0,Unknown,auto
all,gcnii,GNN,cora,R2,graph,1,3.4759686000000003,0.0,3.4759686000000003,3.4759686000000003,0,Unknown,auto
all,gcnii,GNN,pubmed,R2,graph,1,2.762483,0.0,2.762483,2.762483,0,Unknown,auto
all,grafn,GNN,citeseer,R2,graph,1,1.6976434,0.0,1.6976434,1.6976434,0,Unknown,auto
all,grafn,GNN,cora,R2,graph,1,2.9505114,0.0,2.9505114,2.9505114,0,Unknown,auto
all,grafn,GNN,pubmed,R2,graph,1,2.0859036,0.0,2.0859036,2.0859036,0,Unknown,auto
all,grand,GNN,citeseer,R2,graph,1,3.6360602,0.0,3.6360602,3.6360602,0,Unknown,auto
all,grand,GNN,cora,R2,graph,1,3.8719896,0.0,3.8719896,3.8719896,0,Unknown,auto
all,grand,GNN,pubmed,R2,graph,1,6.503488,0.0,6.503488,6.503488,0,Unknown,auto
all,graphsage,GNN,citeseer,R2,graph,1,0.956783,0.0,0.956783,0.956783,0,Unknown,auto
all,graphsage,GNN,cora,R2,graph,1,1.6291992,0.0,1.6291992,1.6291992,0,Unknown,auto
all,graphsage,GNN,pubmed,R2,graph,1,0.8871258000000001,0.0,0.8871258000000001,0.8871258000000001,0,Unknown,auto
all,h_gcn,GNN,citeseer,R2,graph,1,2.721153,0.0,2.721153,2.721153,0,Unknown,auto
all,h_gcn,GNN,cora,R2,graph,1,4.07357,0.0,4.07357,4.07357,0,Unknown,auto
all,h_gcn,GNN,pubmed,R2,graph,1,32.689065,0.0,32.689065,32.689065,0,Unknown,auto
all,n_gcn,GNN,citeseer,R2,graph,1,13.118419,0.0,13.118419,13.118419,0,Unknown,auto
all,n_gcn,GNN,cora,R2,graph,1,6.7878682,0.0,6.7878682,6.7878682,0,Unknown,auto
all,n_gcn,GNN,pubmed,R2,graph,1,88.8391346,0.0,88.8391346,88.8391346,0,Unknown,auto
all,planetoid,GNN,citeseer,R2,graph,1,40.5998294,0.0,40.5998294,40.5998294,0,Unknown,auto
all,planetoid,GNN,cora,R2,graph,1,164.87628260000002,0.0,164.87628260000002,164.87628260000002,0,Unknown,auto
all,planetoid,GNN,pubmed,R2,graph,1,288.2272748,0.0,288.2272748,288.2272748,0,Unknown,auto
all,sgc,GNN,citeseer,R2,graph,1,0.54973,0.0,0.54973,0.54973,0,Unknown,auto
all,sgc,GNN,cora,R2,graph,1,0.6823172,0.0,0.6823172,0.6823172,0,Unknown,auto
all,sgc,GNN,pubmed,R2,graph,1,0.5821488,0.0,0.5821488,0.5821488,0,Unknown,auto
all,adamatch,Hybrid,citeseer,R2,graph,1,35.6620046,0.0,35.6620046,35.6620046,0,NVIDIA A100-SXM4-80GB,auto
all,adamatch,Hybrid,cora,R2,graph,1,39.9126252,0.0,39.9126252,39.9126252,0,Tesla V100-SXM2-32GB,auto
all,adamatch,Hybrid,pubmed,R2,graph,1,4.7651404,0.0,4.7651404,4.7651404,0,NVIDIA A100-SXM4-80GB,auto
all,comatch,Hybrid,citeseer,R2,graph,1,1.813666,0.0,1.813666,1.813666,0,NVIDIA A100-SXM4-80GB,auto
all,comatch,Hybrid,cora,R2,graph,1,6.0428666,0.0,6.0428666,6.0428666,0,Tesla V100-SXM2-32GB,auto
all,comatch,Hybrid,pubmed,R2,graph,1,1.5649784,0.0,1.5649784,1.5649784,0,NVIDIA A100-SXM4-80GB,auto
all,daso,Hybrid,citeseer,R2,graph,1,1.9162404000000002,0.0,1.9162404000000002,1.9162404000000002,0,NVIDIA A100-SXM4-80GB,auto
all,daso,Hybrid,cora,R2,graph,1,6.026719,0.0,6.026719,6.026719,0,Tesla V100-SXM2-32GB,auto
all,daso,Hybrid,pubmed,R2,graph,1,1.513466,0.0,1.513466,1.513466,0,NVIDIA A100-SXM4-80GB,auto
all,defixmatch,Hybrid,citeseer,R2,graph,1,1.7957964,0.0,1.7957964,1.7957964,0,NVIDIA A100-SXM4-80GB,auto
all,defixmatch,Hybrid,cora,R2,graph,1,6.08442,0.0,6.08442,6.08442,0,Tesla V100-SXM2-32GB,auto
all,defixmatch,Hybrid,pubmed,R2,graph,1,1.4999014000000002,0.0,1.4999014000000002,1.4999014000000002,0,NVIDIA A100-SXM4-80GB,auto
all,fixmatch,Hybrid,citeseer,R2,graph,1,1.6871694000000002,0.0,1.6871694000000002,1.6871694000000002,0,NVIDIA A100-SXM4-80GB,auto
all,fixmatch,Hybrid,cora,R2,graph,1,5.82437,0.0,5.82437,5.82437,0,Tesla V100-SXM2-32GB,auto
all,fixmatch,Hybrid,pubmed,R2,graph,1,1.4374448,0.0,1.4374448,1.4374448,0,NVIDIA A100-SXM4-80GB,auto
all,flexmatch,Hybrid,citeseer,R2,graph,1,1.7453130000000001,0.0,1.7453130000000001,1.7453130000000001,0,NVIDIA A100-SXM4-80GB,auto
all,flexmatch,Hybrid,cora,R2,graph,1,5.5128082,0.0,5.5128082,5.5128082,0,Tesla V100-SXM2-32GB,auto
all,flexmatch,Hybrid,pubmed,R2,graph,1,1.4343846,0.0,1.4343846,1.4343846,0,NVIDIA A100-SXM4-80GB,auto
all,free_match,Hybrid,citeseer,R2,graph,1,1.7741462,0.0,1.7741462,1.7741462,0,NVIDIA A100-SXM4-80GB,auto
all,free_match,Hybrid,cora,R2,graph,1,5.3077294,0.0,5.3077294,5.3077294,0,Tesla V100-SXM2-32GB,auto
all,free_match,Hybrid,pubmed,R2,graph,1,1.5267918,0.0,1.5267918,1.5267918,0,NVIDIA A100-SXM4-80GB,auto
all,meta_pseudo_labels,Hybrid,citeseer,R2,graph,1,1.8936024,0.0,1.8936024,1.8936024,0,NVIDIA A100-SXM4-80GB,auto
all,meta_pseudo_labels,Hybrid,cora,R2,graph,1,6.035213199999999,0.0,6.035213199999999,6.035213199999999,0,Tesla V100-SXM2-32GB,auto
all,meta_pseudo_labels,Hybrid,pubmed,R2,graph,1,1.6081572000000002,0.0,1.6081572000000002,1.6081572000000002,0,NVIDIA A100-SXM4-80GB,auto
all,mixmatch,Hybrid,citeseer,R2,graph,1,1.7304065999999998,0.0,1.7304065999999998,1.7304065999999998,0,NVIDIA A100-SXM4-80GB,auto
all,mixmatch,Hybrid,cora,R2,graph,1,5.0045092,0.0,5.0045092,5.0045092,0,Tesla V100-SXM2-32GB,auto
all,mixmatch,Hybrid,pubmed,R2,graph,1,1.4309222,0.0,1.4309222,1.4309222,0,NVIDIA A100-SXM4-80GB,auto
all,noisy_student,Hybrid,citeseer,R2,graph,1,1.6718996000000002,0.0,1.6718996000000002,1.6718996000000002,0,NVIDIA A100-SXM4-80GB,auto
all,noisy_student,Hybrid,cora,R2,graph,1,5.1496196,0.0,5.1496196,5.1496196,0,Tesla V100-SXM2-32GB,auto
all,noisy_student,Hybrid,pubmed,R2,graph,1,1.4410706000000002,0.0,1.4410706000000002,1.4410706000000002,0,NVIDIA A100-SXM4-80GB,auto
all,simclr_v2,Hybrid,citeseer,R2,graph,1,1.6621368,0.0,1.6621368,1.6621368,0,NVIDIA A100-SXM4-80GB,auto
all,simclr_v2,Hybrid,cora,R2,graph,1,5.1662571999999995,0.0,5.1662571999999995,5.1662571999999995,0,Tesla V100-SXM2-32GB,auto
all,simclr_v2,Hybrid,pubmed,R2,graph,1,1.3936803999999998,0.0,1.3936803999999998,1.3936803999999998,0,NVIDIA A100-SXM4-80GB,auto
all,softmatch,Hybrid,citeseer,R2,graph,1,1.6801988,0.0,1.6801988,1.6801988,0,NVIDIA A100-SXM4-80GB,auto
all,softmatch,Hybrid,cora,R2,graph,1,5.347918600000001,0.0,5.347918600000001,5.347918600000001,0,Tesla V100-SXM2-32GB,auto
all,softmatch,Hybrid,pubmed,R2,graph,1,1.4585378,0.0,1.4585378,1.4585378,0,NVIDIA A100-SXM4-80GB,auto
all,uda,Hybrid,citeseer,R2,graph,1,1.6847838,0.0,1.6847838,1.6847838,0,NVIDIA A100-SXM4-80GB,auto
all,uda,Hybrid,cora,R2,graph,1,4.395905600000001,0.0,4.395905600000001,4.395905600000001,0,Tesla V100-SXM2-32GB,auto
all,uda,Hybrid,pubmed,R2,graph,1,1.4136047999999999,0.0,1.4136047999999999,1.4136047999999999,0,NVIDIA A100-SXM4-80GB,auto
all,adsh,Margin-based inductive,citeseer,R2,graph,1,2.0282568000000003,0.0,2.0282568000000003,2.0282568000000003,0,NVIDIA A100-SXM4-80GB,auto
all,adsh,Margin-based inductive,cora,R2,graph,1,6.7756556,0.0,6.7756556,6.7756556,0,Tesla V100-SXM2-32GB,auto
all,adsh,Margin-based inductive,pubmed,R2,graph,1,1.4956542,0.0,1.4956542,1.4956542,0,NVIDIA A100-SXM4-80GB,auto
all,laplace_learning,PDE/Variational,citeseer,R2,graph,1,0.2961494,0.0,0.2961494,0.2961494,0,Unknown,auto
all,laplace_learning,PDE/Variational,cora,R2,graph,1,0.5300654,0.0,0.5300654,0.5300654,0,Unknown,auto
all,laplace_learning,PDE/Variational,pubmed,R2,graph,1,0.6228928,0.0,0.6228928,0.6228928,0,Unknown,auto
all,p_laplace_learning,PDE/Variational,citeseer,R2,graph,1,355.3046858,0.0,355.3046858,355.3046858,0,CPU,auto
all,p_laplace_learning,PDE/Variational,cora,R2,graph,1,923.3278058,0.0,923.3278058,923.3278058,0,CPU,auto
all,p_laplace_learning,PDE/Variational,pubmed,R2,graph,1,2964.6249906000003,0.0,2964.6249906000003,2964.6249906000003,0,CPU,auto
all,poisson_learning,PDE/Variational,citeseer,R2,graph,1,0.2825394,0.0,0.2825394,0.2825394,0,Unknown,auto
all,poisson_learning,PDE/Variational,cora,R2,graph,1,0.3435912,0.0,0.3435912,0.3435912,0,Unknown,auto
all,poisson_learning,PDE/Variational,pubmed,R2,graph,1,0.3023104,0.0,0.3023104,0.3023104,0,Unknown,auto
all,poisson_mbo,PDE/Variational,citeseer,R2,graph,1,2.1410595999999997,0.0,2.1410595999999997,2.1410595999999997,0,CPU,auto
all,poisson_mbo,PDE/Variational,cora,R2,graph,1,4.546631,0.0,4.546631,4.546631,0,CPU,auto
all,poisson_mbo,PDE/Variational,pubmed,R2,graph,1,12.714379,0.0,12.714379,12.714379,0,CPU,auto
all,co_training,Wrappers,citeseer,R2,graph,1,4.5555842,0.0,4.5555842,4.5555842,0,NVIDIA A100-SXM4-80GB,auto
all,co_training,Wrappers,cora,R2,graph,1,10.0679306,0.0,10.0679306,10.0679306,0,Tesla V100-SXM2-32GB,auto
all,co_training,Wrappers,pubmed,R2,graph,1,3.805395,0.0,3.805395,3.805395,0,NVIDIA A100-SXM4-80GB,auto
all,deep_co_training,Wrappers,citeseer,R2,graph,1,2.2813036,0.0,2.2813036,2.2813036,0,NVIDIA A100-SXM4-80GB,auto
all,deep_co_training,Wrappers,cora,R2,graph,1,6.0744708,0.0,6.0744708,6.0744708,0,Tesla V100-SXM2-32GB,auto
all,deep_co_training,Wrappers,pubmed,R2,graph,1,1.8192087999999997,0.0,1.8192087999999997,1.8192087999999997,0,NVIDIA A100-SXM4-80GB,auto
all,democratic_co_learning,Wrappers,citeseer,R2,graph,1,5.3955432000000005,0.0,5.3955432000000005,5.3955432000000005,0,NVIDIA A100-SXM4-80GB,auto
all,democratic_co_learning,Wrappers,cora,R2,graph,1,11.2528448,0.0,11.2528448,11.2528448,0,Tesla V100-SXM2-32GB,auto
all,democratic_co_learning,Wrappers,pubmed,R2,graph,1,2.8027539999999997,0.0,2.8027539999999997,2.8027539999999997,0,NVIDIA A100-SXM4-80GB,auto
all,pseudo_label,Wrappers,citeseer,R2,graph,1,1.6921418,0.0,1.6921418,1.6921418,0,NVIDIA A100-SXM4-80GB,auto
all,pseudo_label,Wrappers,cora,R2,graph,1,5.1483446,0.0,5.1483446,5.1483446,0,Tesla V100-SXM2-32GB,auto
all,pseudo_label,Wrappers,pubmed,R2,graph,1,1.3943656,0.0,1.3943656,1.3943656,0,NVIDIA A100-SXM4-80GB,auto
all,self_training,Wrappers,citeseer,R2,graph,1,1.6799056,0.0,1.6799056,1.6799056,0,NVIDIA A100-SXM4-80GB,auto
all,self_training,Wrappers,cora,R2,graph,1,5.3949278,0.0,5.3949278,5.3949278,0,Tesla V100-SXM2-32GB,auto
all,self_training,Wrappers,pubmed,R2,graph,1,1.3708414,0.0,1.3708414,1.3708414,0,NVIDIA A100-SXM4-80GB,auto
all,setred,Wrappers,citeseer,R2,graph,1,1.7064447999999999,0.0,1.7064447999999999,1.7064447999999999,0,NVIDIA A100-SXM4-80GB,auto
all,setred,Wrappers,cora,R2,graph,1,5.3541284,0.0,5.3541284,5.3541284,0,Tesla V100-SXM2-32GB,auto
all,setred,Wrappers,pubmed,R2,graph,1,1.3714401999999999,0.0,1.3714401999999999,1.3714401999999999,0,NVIDIA A100-SXM4-80GB,auto
all,tri_training,Wrappers,citeseer,R2,graph,1,4.2270212,0.0,4.2270212,4.2270212,0,NVIDIA A100-SXM4-80GB,auto
all,tri_training,Wrappers,cora,R2,graph,1,8.779611,0.0,8.779611,8.779611,0,Tesla V100-SXM2-32GB,auto
all,tri_training,Wrappers,pubmed,R2,graph,1,2.6208644,0.0,2.6208644,2.6208644,0,NVIDIA A100-SXM4-80GB,auto
all,trinet,Wrappers,citeseer,R2,graph,1,2.4392899999999997,0.0,2.4392899999999997,2.4392899999999997,0,NVIDIA A100-SXM4-80GB,auto
all,trinet,Wrappers,cora,R2,graph,1,5.8473064,0.0,5.8473064,5.8473064,0,Tesla V100-SXM2-32GB,auto
all,trinet,Wrappers,pubmed,R2,graph,1,1.7272545999999998,0.0,1.7272545999999998,1.7272545999999998,0,NVIDIA A100-SXM4-80GB,auto
all,supervised,Baseline,adult,R2,tabular,1,1.0566090000000001,0.0,1.0566090000000001,1.0566090000000001,0,NVIDIA A100-SXM4-80GB,auto
all,supervised,Baseline,breast_cancer,R2,tabular,1,1.1027466000000001,0.0,1.1027466000000001,1.1027466000000001,0,Tesla V100-SXM2-32GB,auto
all,supervised,Baseline,iris,R2,tabular,1,0.9016902,0.0,0.9016902,0.9016902,0,NVIDIA A100-SXM4-80GB,auto
all,dynamic_label_propagation,Classical transductive,adult,R2,tabular,1,766.7971002,0.0,766.7971002,766.7971002,0,Unknown,auto
all,dynamic_label_propagation,Classical transductive,breast_cancer,R2,tabular,1,0.6852918,0.0,0.6852918,0.6852918,0,Unknown,auto
all,dynamic_label_propagation,Classical transductive,iris,R2,tabular,1,0.5911628,0.0,0.5911628,0.5911628,0,Unknown,auto
all,graph_mincuts,Classical transductive,adult,R2,tabular,1,0.7725402,0.0,0.7725402,0.7725402,0,CPU,auto
all,graph_mincuts,Classical transductive,breast_cancer,R2,tabular,1,0.5710455999999999,0.0,0.5710455999999999,0.5710455999999999,0,CPU,auto
all,graphhop,Classical transductive,adult,R2,tabular,1,12.8680506,0.0,12.8680506,12.8680506,0,Unknown,auto
all,graphhop,Classical transductive,breast_cancer,R2,tabular,1,17.281939,0.0,17.281939,17.281939,0,Unknown,auto
all,graphhop,Classical transductive,iris,R2,tabular,1,10.8995462,0.0,10.8995462,10.8995462,0,Unknown,auto
all,label_propagation,Classical transductive,adult,R2,tabular,1,1.4392402,0.0,1.4392402,1.4392402,0,Unknown,auto
all,label_propagation,Classical transductive,breast_cancer,R2,tabular,1,0.6881056,0.0,0.6881056,0.6881056,0,Unknown,auto
all,label_propagation,Classical transductive,iris,R2,tabular,1,0.5672986,0.0,0.5672986,0.5672986,0,Unknown,auto
all,label_spreading,Classical transductive,adult,R2,tabular,1,0.696257,0.0,0.696257,0.696257,0,Unknown,auto
all,label_spreading,Classical transductive,breast_cancer,R2,tabular,1,0.6666146,0.0,0.6666146,0.6666146,0,Unknown,auto
all,label_spreading,Classical transductive,iris,R2,tabular,1,0.5181106,0.0,0.5181106,0.5181106,0,Unknown,auto
all,lazy_random_walk,Classical transductive,adult,R2,tabular,1,5.4078296,0.0,5.4078296,5.4078296,0,Unknown,auto
all,lazy_random_walk,Classical transductive,breast_cancer,R2,tabular,1,0.6476356,0.0,0.6476356,0.6476356,0,Unknown,auto
all,mean_teacher,Consistency,adult,R2,tabular,1,37.6476198,0.0,37.6476198,37.6476198,0,NVIDIA A100-SXM4-80GB,auto
all,mean_teacher,Consistency,breast_cancer,R2,tabular,1,1.8420577999999999,0.0,1.8420577999999999,1.8420577999999999,0,Tesla V100-SXM2-32GB,auto
all,mean_teacher,Consistency,iris,R2,tabular,1,0.9840396,0.0,0.9840396,0.9840396,0,NVIDIA A100-SXM4-80GB,auto
all,pi_model,Consistency,adult,R2,tabular,1,35.6134158,0.0,35.6134158,35.6134158,0,NVIDIA A100-SXM4-80GB,auto
all,pi_model,Consistency,breast_cancer,R2,tabular,1,1.871756,0.0,1.871756,1.871756,0,Tesla V100-SXM2-32GB,auto
all,pi_model,Consistency,iris,R2,tabular,1,0.9728825999999999,0.0,0.9728825999999999,0.9728825999999999,0,NVIDIA A100-SXM4-80GB,auto
all,temporal_ensembling,Consistency,adult,R2,tabular,1,40.5555996,0.0,40.5555996,40.5555996,0,NVIDIA A100-SXM4-80GB,auto
all,temporal_ensembling,Consistency,breast_cancer,R2,tabular,1,1.9338814,0.0,1.9338814,1.9338814,0,Tesla V100-SXM2-32GB,auto
all,temporal_ensembling,Consistency,iris,R2,tabular,1,1.0068616000000001,0.0,1.0068616000000001,1.0068616000000001,0,NVIDIA A100-SXM4-80GB,auto
all,vat,Consistency,adult,R2,tabular,1,47.53516019999999,0.0,47.53516019999999,47.53516019999999,0,NVIDIA A100-SXM4-80GB,auto
all,vat,Consistency,breast_cancer,R2,tabular,1,2.0871731999999996,0.0,2.0871731999999996,2.0871731999999996,0,Tesla V100-SXM2-32GB,auto
all,vat,Consistency,iris,R2,tabular,1,1.0645466000000001,0.0,1.0645466000000001,1.0645466000000001,0,NVIDIA A100-SXM4-80GB,auto
all,appnp,GNN,adult,R2,tabular,1,15.3526114,0.0,15.3526114,15.3526114,0,Unknown,auto
all,appnp,GNN,breast_cancer,R2,tabular,1,1.7609898000000002,0.0,1.7609898000000002,1.7609898000000002,0,Unknown,auto
all,appnp,GNN,iris,R2,tabular,1,1.4824644,0.0,1.4824644,1.4824644,0,Unknown,auto
all,chebnet,GNN,adult,R2,tabular,1,1.5219394,0.0,1.5219394,1.5219394,0,Unknown,auto
all,chebnet,GNN,breast_cancer,R2,tabular,1,1.4002868,0.0,1.4002868,1.4002868,0,Unknown,auto
all,chebnet,GNN,iris,R2,tabular,1,1.0714506,0.0,1.0714506,1.0714506,0,Unknown,auto
all,gat,GNN,adult,R2,tabular,1,4.309641,0.0,4.309641,4.309641,0,Unknown,auto
all,gat,GNN,breast_cancer,R2,tabular,1,2.07561,0.0,2.07561,2.07561,0,Unknown,auto
all,gat,GNN,iris,R2,tabular,1,1.6028981999999998,0.0,1.6028981999999998,1.6028981999999998,0,Unknown,auto
all,gcn,GNN,adult,R2,tabular,1,1.2427552,0.0,1.2427552,1.2427552,0,Unknown,auto
all,gcn,GNN,breast_cancer,R2,tabular,1,1.3416223999999999,0.0,1.3416223999999999,1.3416223999999999,0,Unknown,auto
all,gcn,GNN,iris,R2,tabular,1,1.0362221999999999,0.0,1.0362221999999999,1.0362221999999999,0,Unknown,auto
all,gcnii,GNN,adult,R2,tabular,1,4.5665478,0.0,4.5665478,4.5665478,0,Unknown,auto
all,gcnii,GNN,breast_cancer,R2,tabular,1,2.643064,0.0,2.643064,2.643064,0,Unknown,auto
all,gcnii,GNN,iris,R2,tabular,1,1.940394,0.0,1.940394,1.940394,0,Unknown,auto
all,grafn,GNN,adult,R2,tabular,1,3.5355822000000003,0.0,3.5355822000000003,3.5355822000000003,0,Unknown,auto
all,grafn,GNN,breast_cancer,R2,tabular,1,1.8126206,0.0,1.8126206,1.8126206,0,Unknown,auto
all,grafn,GNN,iris,R2,tabular,1,1.475231,0.0,1.475231,1.475231,0,Unknown,auto
all,grand,GNN,adult,R2,tabular,1,1.6786858000000002,0.0,1.6786858000000002,1.6786858000000002,0,Unknown,auto
all,grand,GNN,breast_cancer,R2,tabular,1,1.8007938,0.0,1.8007938,1.8007938,0,Unknown,auto
all,grand,GNN,iris,R2,tabular,1,1.2911698,0.0,1.2911698,1.2911698,0,Unknown,auto
all,graphsage,GNN,adult,R2,tabular,1,1.4368070000000002,0.0,1.4368070000000002,1.4368070000000002,0,Unknown,auto
all,graphsage,GNN,breast_cancer,R2,tabular,1,1.2861496,0.0,1.2861496,1.2861496,0,Unknown,auto
all,graphsage,GNN,iris,R2,tabular,1,1.0101613999999999,0.0,1.0101613999999999,1.0101613999999999,0,Unknown,auto
all,h_gcn,GNN,adult,R2,tabular,1,247.7237212,0.0,247.7237212,247.7237212,0,Unknown,auto
all,h_gcn,GNN,breast_cancer,R2,tabular,1,2.8207430000000002,0.0,2.8207430000000002,2.8207430000000002,0,Unknown,auto
all,h_gcn,GNN,iris,R2,tabular,1,1.7639164,0.0,1.7639164,1.7639164,0,Unknown,auto
all,n_gcn,GNN,adult,R2,tabular,1,163.7895164,0.0,163.7895164,163.7895164,0,Unknown,auto
all,n_gcn,GNN,breast_cancer,R2,tabular,1,2.266045,0.0,2.266045,2.266045,0,Unknown,auto
all,n_gcn,GNN,iris,R2,tabular,1,2.0109155999999997,0.0,2.0109155999999997,2.0109155999999997,0,Unknown,auto
all,planetoid,GNN,adult,R2,tabular,1,973.7673994,0.0,973.7673994,973.7673994,0,Unknown,auto
all,planetoid,GNN,breast_cancer,R2,tabular,1,43.8628194,0.0,43.8628194,43.8628194,0,Unknown,auto
all,planetoid,GNN,iris,R2,tabular,1,2.637988,0.0,2.637988,2.637988,0,Unknown,auto
all,sgc,GNN,adult,R2,tabular,1,6.156932,0.0,6.156932,6.156932,0,Unknown,auto
all,sgc,GNN,breast_cancer,R2,tabular,1,2.7198726,0.0,2.7198726,2.7198726,0,Unknown,auto
all,sgc,GNN,iris,R2,tabular,1,0.943407,0.0,0.943407,0.943407,0,Unknown,auto
all,adamatch,Hybrid,adult,R2,tabular,1,40.3089886,0.0,40.3089886,40.3089886,0,NVIDIA A100-SXM4-80GB,auto
all,adamatch,Hybrid,breast_cancer,R2,tabular,1,1.9344466,0.0,1.9344466,1.9344466,0,Tesla V100-SXM2-32GB,auto
all,adamatch,Hybrid,iris,R2,tabular,1,1.6593972000000001,0.0,1.6593972000000001,1.6593972000000001,0,NVIDIA A100-SXM4-80GB,auto
all,comatch,Hybrid,adult,R2,tabular,1,68.21880639999999,0.0,68.21880639999999,68.21880639999999,0,NVIDIA A100-SXM4-80GB,auto
all,comatch,Hybrid,breast_cancer,R2,tabular,1,2.5085844,0.0,2.5085844,2.5085844,0,Tesla V100-SXM2-32GB,auto
all,comatch,Hybrid,iris,R2,tabular,1,1.326385,0.0,1.326385,1.326385,0,NVIDIA A100-SXM4-80GB,auto
all,daso,Hybrid,adult,R2,tabular,1,56.195511599999996,0.0,56.195511599999996,56.195511599999996,0,NVIDIA A100-SXM4-80GB,auto
all,daso,Hybrid,breast_cancer,R2,tabular,1,2.1714729999999998,0.0,2.1714729999999998,2.1714729999999998,0,Tesla V100-SXM2-32GB,auto
all,daso,Hybrid,iris,R2,tabular,1,1.1427054,0.0,1.1427054,1.1427054,0,NVIDIA A100-SXM4-80GB,auto
all,defixmatch,Hybrid,adult,R2,tabular,1,48.4443884,0.0,48.4443884,48.4443884,0,NVIDIA A100-SXM4-80GB,auto
all,defixmatch,Hybrid,breast_cancer,R2,tabular,1,2.0766988,0.0,2.0766988,2.0766988,0,Tesla V100-SXM2-32GB,auto
all,defixmatch,Hybrid,iris,R2,tabular,1,1.0160508,0.0,1.0160508,1.0160508,0,NVIDIA A100-SXM4-80GB,auto
all,fixmatch,Hybrid,adult,R2,tabular,1,37.6967754,0.0,37.6967754,37.6967754,0,NVIDIA A100-SXM4-80GB,auto
all,fixmatch,Hybrid,breast_cancer,R2,tabular,1,1.8260801999999998,0.0,1.8260801999999998,1.8260801999999998,0,Tesla V100-SXM2-32GB,auto
all,fixmatch,Hybrid,iris,R2,tabular,1,1.0187554,0.0,1.0187554,1.0187554,0,NVIDIA A100-SXM4-80GB,auto
all,flexmatch,Hybrid,adult,R2,tabular,1,50.361528,0.0,50.361528,50.361528,0,NVIDIA A100-SXM4-80GB,auto
all,flexmatch,Hybrid,breast_cancer,R2,tabular,1,1.9447382000000002,0.0,1.9447382000000002,1.9447382000000002,0,Tesla V100-SXM2-32GB,auto
all,flexmatch,Hybrid,iris,R2,tabular,1,1.0268226,0.0,1.0268226,1.0268226,0,NVIDIA A100-SXM4-80GB,auto
all,free_match,Hybrid,adult,R2,tabular,1,55.7670562,0.0,55.7670562,55.7670562,0,NVIDIA A100-SXM4-80GB,auto
all,free_match,Hybrid,breast_cancer,R2,tabular,1,2.282333,0.0,2.282333,2.282333,0,Tesla V100-SXM2-32GB,auto
all,free_match,Hybrid,iris,R2,tabular,1,1.1519094,0.0,1.1519094,1.1519094,0,NVIDIA A100-SXM4-80GB,auto
all,meta_pseudo_labels,Hybrid,adult,R2,tabular,1,60.270153199999996,0.0,60.270153199999996,60.270153199999996,0,NVIDIA A100-SXM4-80GB,auto
all,meta_pseudo_labels,Hybrid,breast_cancer,R2,tabular,1,2.4221032,0.0,2.4221032,2.4221032,0,Tesla V100-SXM2-32GB,auto
all,meta_pseudo_labels,Hybrid,iris,R2,tabular,1,1.1695372000000002,0.0,1.1695372000000002,1.1695372000000002,0,NVIDIA A100-SXM4-80GB,auto
all,mixmatch,Hybrid,adult,R2,tabular,1,42.3651818,0.0,42.3651818,42.3651818,0,NVIDIA A100-SXM4-80GB,auto
all,mixmatch,Hybrid,breast_cancer,R2,tabular,1,2.0043396,0.0,2.0043396,2.0043396,0,Tesla V100-SXM2-32GB,auto
all,mixmatch,Hybrid,iris,R2,tabular,1,1.0215556,0.0,1.0215556,1.0215556,0,NVIDIA A100-SXM4-80GB,auto
all,noisy_student,Hybrid,adult,R2,tabular,1,37.3793108,0.0,37.3793108,37.3793108,0,NVIDIA A100-SXM4-80GB,auto
all,noisy_student,Hybrid,breast_cancer,R2,tabular,1,1.8738918000000002,0.0,1.8738918000000002,1.8738918000000002,0,Tesla V100-SXM2-32GB,auto
all,noisy_student,Hybrid,iris,R2,tabular,1,0.979023,0.0,0.979023,0.979023,0,NVIDIA A100-SXM4-80GB,auto
all,simclr_v2,Hybrid,adult,R2,tabular,1,20.985968,0.0,20.985968,20.985968,0,NVIDIA A100-SXM4-80GB,auto
all,simclr_v2,Hybrid,breast_cancer,R2,tabular,1,1.6099896,0.0,1.6099896,1.6099896,0,Tesla V100-SXM2-32GB,auto
all,simclr_v2,Hybrid,iris,R2,tabular,1,1.099704,0.0,1.099704,1.099704,0,NVIDIA A100-SXM4-80GB,auto
all,softmatch,Hybrid,adult,R2,tabular,1,40.1167486,0.0,40.1167486,40.1167486,0,NVIDIA A100-SXM4-80GB,auto
all,softmatch,Hybrid,breast_cancer,R2,tabular,1,1.879216,0.0,1.879216,1.879216,0,Tesla V100-SXM2-32GB,auto
all,softmatch,Hybrid,iris,R2,tabular,1,1.081744,0.0,1.081744,1.081744,0,NVIDIA A100-SXM4-80GB,auto
all,uda,Hybrid,adult,R2,tabular,1,41.8756082,0.0,41.8756082,41.8756082,0,NVIDIA A100-SXM4-80GB,auto
all,uda,Hybrid,breast_cancer,R2,tabular,1,1.9123953999999999,0.0,1.9123953999999999,1.9123953999999999,0,Tesla V100-SXM2-32GB,auto
all,uda,Hybrid,iris,R2,tabular,1,1.0076112,0.0,1.0076112,1.0076112,0,NVIDIA A100-SXM4-80GB,auto
all,adsh,Margin-based inductive,adult,R2,tabular,1,39.7108458,0.0,39.7108458,39.7108458,0,NVIDIA A100-SXM4-80GB,auto
all,adsh,Margin-based inductive,breast_cancer,R2,tabular,1,2.0129842,0.0,2.0129842,2.0129842,0,Tesla V100-SXM2-32GB,auto
all,adsh,Margin-based inductive,iris,R2,tabular,1,1.5653934,0.0,1.5653934,1.5653934,0,NVIDIA A100-SXM4-80GB,auto
all,s4vm,Margin-based inductive,adult,R2,tabular,1,38.042287,0.0,38.042287,38.042287,0,NVIDIA A100-SXM4-80GB,auto
all,s4vm,Margin-based inductive,breast_cancer,R2,tabular,1,2.7613294,0.0,2.7613294,2.7613294,0,Tesla V100-SXM2-32GB,auto
all,tsvm,Margin-based inductive,adult,R2,tabular,1,0.9335789999999999,0.0,0.9335789999999999,0.9335789999999999,0,CPU,auto
all,tsvm,Margin-based inductive,breast_cancer,R2,tabular,1,1.497584,0.0,1.497584,1.497584,0,CPU,auto
all,laplace_learning,PDE/Variational,adult,R2,tabular,1,5.4304442,0.0,5.4304442,5.4304442,0,Unknown,auto
all,laplace_learning,PDE/Variational,breast_cancer,R2,tabular,1,0.6449438,0.0,0.6449438,0.6449438,0,Unknown,auto
all,laplace_learning,PDE/Variational,iris,R2,tabular,1,1.0346262000000002,0.0,1.0346262000000002,1.0346262000000002,0,Unknown,auto
all,p_laplace_learning,PDE/Variational,adult,R2,tabular,1,9585.5128118,0.0,9585.5128118,9585.5128118,0,CPU,auto
all,p_laplace_learning,PDE/Variational,breast_cancer,R2,tabular,1,48.3029628,0.0,48.3029628,48.3029628,0,CPU,auto
all,p_laplace_learning,PDE/Variational,iris,R2,tabular,1,0.8071962000000001,0.0,0.8071962000000001,0.8071962000000001,0,CPU,auto
all,poisson_learning,PDE/Variational,adult,R2,tabular,1,17.8945806,0.0,17.8945806,17.8945806,0,Unknown,auto
all,poisson_learning,PDE/Variational,breast_cancer,R2,tabular,1,1.8154343999999998,0.0,1.8154343999999998,1.8154343999999998,0,Unknown,auto
all,poisson_learning,PDE/Variational,iris,R2,tabular,1,0.5943432,0.0,0.5943432,0.5943432,0,Unknown,auto
all,poisson_mbo,PDE/Variational,adult,R2,tabular,1,56.3851086,0.0,56.3851086,56.3851086,0,CPU,auto
all,poisson_mbo,PDE/Variational,breast_cancer,R2,tabular,1,2.8332534,0.0,2.8332534,2.8332534,0,CPU,auto
all,poisson_mbo,PDE/Variational,iris,R2,tabular,1,0.6975127999999999,0.0,0.6975127999999999,0.6975127999999999,0,CPU,auto
all,co_training,Wrappers,adult,R2,tabular,1,3.3142032,0.0,3.3142032,3.3142032,0,NVIDIA A100-SXM4-80GB,auto
all,co_training,Wrappers,breast_cancer,R2,tabular,1,4.0193364,0.0,4.0193364,4.0193364,0,Tesla V100-SXM2-32GB,auto
all,co_training,Wrappers,iris,R2,tabular,1,3.0443824,0.0,3.0443824,3.0443824,0,NVIDIA A100-SXM4-80GB,auto
all,deep_co_training,Wrappers,adult,R2,tabular,1,82.87456460000001,0.0,82.87456460000001,82.87456460000001,0,NVIDIA A100-SXM4-80GB,auto
all,deep_co_training,Wrappers,breast_cancer,R2,tabular,1,2.8864568,0.0,2.8864568,2.8864568,0,Tesla V100-SXM2-32GB,auto
all,deep_co_training,Wrappers,iris,R2,tabular,1,1.1761726,0.0,1.1761726,1.1761726,0,NVIDIA A100-SXM4-80GB,auto
all,democratic_co_learning,Wrappers,adult,R2,tabular,1,194.9929476,0.0,194.9929476,194.9929476,0,NVIDIA A100-SXM4-80GB,auto
all,democratic_co_learning,Wrappers,breast_cancer,R2,tabular,1,3.1128898,0.0,3.1128898,3.1128898,0,Tesla V100-SXM2-32GB,auto
all,democratic_co_learning,Wrappers,iris,R2,tabular,1,1.9471745999999999,0.0,1.9471745999999999,1.9471745999999999,0,NVIDIA A100-SXM4-80GB,auto
all,pseudo_label,Wrappers,adult,R2,tabular,1,60.4881164,0.0,60.4881164,60.4881164,0,NVIDIA A100-SXM4-80GB,auto
all,pseudo_label,Wrappers,breast_cancer,R2,tabular,1,2.700831,0.0,2.700831,2.700831,0,Tesla V100-SXM2-32GB,auto
all,pseudo_label,Wrappers,iris,R2,tabular,1,1.1018394,0.0,1.1018394,1.1018394,0,NVIDIA A100-SXM4-80GB,auto
all,self_training,Wrappers,adult,R2,tabular,1,60.510061199999996,0.0,60.510061199999996,60.510061199999996,0,NVIDIA A100-SXM4-80GB,auto
all,self_training,Wrappers,breast_cancer,R2,tabular,1,2.7235088000000003,0.0,2.7235088000000003,2.7235088000000003,0,Tesla V100-SXM2-32GB,auto
all,self_training,Wrappers,iris,R2,tabular,1,1.1388205999999998,0.0,1.1388205999999998,1.1388205999999998,0,NVIDIA A100-SXM4-80GB,auto
all,setred,Wrappers,adult,R2,tabular,1,2.0481936000000003,0.0,2.0481936000000003,2.0481936000000003,0,NVIDIA A100-SXM4-80GB,auto
all,setred,Wrappers,breast_cancer,R2,tabular,1,3.2644198,0.0,3.2644198,3.2644198,0,Tesla V100-SXM2-32GB,auto
all,setred,Wrappers,iris,R2,tabular,1,1.1662336,0.0,1.1662336,1.1662336,0,NVIDIA A100-SXM4-80GB,auto
all,tri_training,Wrappers,adult,R2,tabular,1,320.66191519999995,0.0,320.66191519999995,320.66191519999995,0,NVIDIA A100-SXM4-80GB,auto
all,tri_training,Wrappers,breast_cancer,R2,tabular,1,5.237076999999999,0.0,5.237076999999999,5.237076999999999,0,Tesla V100-SXM2-32GB,auto
all,tri_training,Wrappers,iris,R2,tabular,1,1.6988367999999998,0.0,1.6988367999999998,1.6988367999999998,0,NVIDIA A100-SXM4-80GB,auto
all,trinet,Wrappers,adult,R2,tabular,1,626.9585451999999,0.0,626.9585451999999,626.9585451999999,0,NVIDIA A100-SXM4-80GB,auto
all,trinet,Wrappers,breast_cancer,R2,tabular,1,15.449457999999998,0.0,15.449457999999998,15.449457999999998,0,Tesla V100-SXM2-32GB,auto
all,trinet,Wrappers,iris,R2,tabular,1,2.8733665999999998,0.0,2.8733665999999998,2.8733665999999998,0,NVIDIA A100-SXM4-80GB,auto
all,supervised,Baseline,ag_news,R2,text,1,40.148267,0.0,40.148267,40.148267,0,NVIDIA A100-SXM4-80GB,auto
all,supervised,Baseline,imdb,R2,text,1,2.0393382,0.0,2.0393382,2.0393382,0,NVIDIA A100-SXM4-80GB,auto
all,dynamic_label_propagation,Classical transductive,imdb,R2,text,1,820.0066106,0.0,820.0066106,820.0066106,0,Unknown,auto
all,graph_mincuts,Classical transductive,imdb,R2,text,1,54.539266999999995,0.0,54.539266999999995,54.539266999999995,0,CPU,auto
all,graphhop,Classical transductive,ag_news,R2,text,1,20.959236,0.0,20.959236,20.959236,0,Unknown,auto
all,graphhop,Classical transductive,imdb,R2,text,1,14.825593000000001,0.0,14.825593000000001,14.825593000000001,0,Unknown,auto
all,label_propagation,Classical transductive,ag_news,R2,text,1,1.897402,0.0,1.897402,1.897402,0,Unknown,auto
all,label_propagation,Classical transductive,imdb,R2,text,1,1.0497302,0.0,1.0497302,1.0497302,0,Unknown,auto
all,label_spreading,Classical transductive,ag_news,R2,text,1,1.710515,0.0,1.710515,1.710515,0,Unknown,auto
all,label_spreading,Classical transductive,imdb,R2,text,1,0.8937250000000001,0.0,0.8937250000000001,0.8937250000000001,0,Unknown,auto
all,lazy_random_walk,Classical transductive,imdb,R2,text,1,20.0683068,0.0,20.0683068,20.0683068,0,Unknown,auto
all,mean_teacher,Consistency,ag_news,R2,text,1,592.9806186,0.0,592.9806186,592.9806186,0,NVIDIA A100-SXM4-80GB,auto
all,mean_teacher,Consistency,imdb,R2,text,1,123.020253,0.0,123.020253,123.020253,0,NVIDIA A100-SXM4-80GB,auto
all,pi_model,Consistency,ag_news,R2,text,1,589.1638294,0.0,589.1638294,589.1638294,0,NVIDIA A100-SXM4-80GB,auto
all,pi_model,Consistency,imdb,R2,text,1,122.246695,0.0,122.246695,122.246695,0,NVIDIA A100-SXM4-80GB,auto
all,temporal_ensembling,Consistency,ag_news,R2,text,1,756.2380026,0.0,756.2380026,756.2380026,0,NVIDIA A100-SXM4-80GB,auto
all,temporal_ensembling,Consistency,imdb,R2,text,1,152.4711236,0.0,152.4711236,152.4711236,0,NVIDIA A100-SXM4-80GB,auto
all,vat,Consistency,ag_news,R2,text,1,817.586586,0.0,817.586586,817.586586,0,NVIDIA A100-SXM4-80GB,auto
all,vat,Consistency,imdb,R2,text,1,168.6813764,0.0,168.6813764,168.6813764,0,NVIDIA A100-SXM4-80GB,auto
all,appnp,GNN,ag_news,R2,text,1,81.077869,0.0,81.077869,81.077869,0,Unknown,auto
all,appnp,GNN,imdb,R2,text,1,15.883289999999999,0.0,15.883289999999999,15.883289999999999,0,Unknown,auto
all,chebnet,GNN,ag_news,R2,text,1,87.651194,0.0,87.651194,87.651194,0,Unknown,auto
all,chebnet,GNN,imdb,R2,text,1,1.626492,0.0,1.626492,1.626492,0,Unknown,auto
all,gat,GNN,ag_news,R2,text,1,90.521552,0.0,90.521552,90.521552,0,Unknown,auto
all,gat,GNN,imdb,R2,text,1,3.3509988,0.0,3.3509988,3.3509988,0,Unknown,auto
all,gcn,GNN,ag_news,R2,text,1,4.186059,0.0,4.186059,4.186059,0,Unknown,auto
all,gcn,GNN,imdb,R2,text,1,1.525109,0.0,1.525109,1.525109,0,Unknown,auto
all,gcnii,GNN,ag_news,R2,text,1,38.345927,0.0,38.345927,38.345927,0,Unknown,auto
all,gcnii,GNN,imdb,R2,text,1,6.166137600000001,0.0,6.166137600000001,6.166137600000001,0,Unknown,auto
all,grafn,GNN,ag_news,R2,text,1,12.412497,0.0,12.412497,12.412497,0,Unknown,auto
all,grafn,GNN,imdb,R2,text,1,4.656355400000001,0.0,4.656355400000001,4.656355400000001,0,Unknown,auto
all,grand,GNN,ag_news,R2,text,1,11.853122,0.0,11.853122,11.853122,0,Unknown,auto
all,grand,GNN,imdb,R2,text,1,1.8869091999999998,0.0,1.8869091999999998,1.8869091999999998,0,Unknown,auto
all,graphsage,GNN,ag_news,R2,text,1,6.835728,0.0,6.835728,6.835728,0,Unknown,auto
all,graphsage,GNN,imdb,R2,text,1,1.4391024,0.0,1.4391024,1.4391024,0,Unknown,auto
all,h_gcn,GNN,imdb,R2,text,1,263.61001139999996,0.0,263.61001139999996,263.61001139999996,0,Unknown,auto
all,n_gcn,GNN,imdb,R2,text,1,177.0092222,0.0,177.0092222,177.0092222,0,Unknown,auto
all,planetoid,GNN,ag_news,R2,text,1,4327.104754,0.0,4327.104754,4327.104754,0,Unknown,auto
all,planetoid,GNN,imdb,R2,text,1,986.5212520000001,0.0,986.5212520000001,986.5212520000001,0,Unknown,auto
all,sgc,GNN,ag_news,R2,text,1,2.893515,0.0,2.893515,2.893515,0,Unknown,auto
all,sgc,GNN,imdb,R2,text,1,2.0126994,0.0,2.0126994,2.0126994,0,Unknown,auto
all,adamatch,Hybrid,ag_news,R2,text,1,604.7458773999999,0.0,604.7458773999999,604.7458773999999,0,NVIDIA A100-SXM4-80GB,auto
all,adamatch,Hybrid,imdb,R2,text,1,127.1949494,0.0,127.1949494,127.1949494,0,NVIDIA A100-SXM4-80GB,auto
all,comatch,Hybrid,ag_news,R2,text,1,936.1458948,0.0,936.1458948,936.1458948,0,NVIDIA A100-SXM4-80GB,auto
all,comatch,Hybrid,imdb,R2,text,1,194.5603194,0.0,194.5603194,194.5603194,0,NVIDIA A100-SXM4-80GB,auto
all,daso,Hybrid,ag_news,R2,text,1,730.7535626,0.0,730.7535626,730.7535626,0,NVIDIA A100-SXM4-80GB,auto
all,daso,Hybrid,imdb,R2,text,1,146.9121644,0.0,146.9121644,146.9121644,0,NVIDIA A100-SXM4-80GB,auto
all,defixmatch,Hybrid,ag_news,R2,text,1,730.2604104,0.0,730.2604104,730.2604104,0,NVIDIA A100-SXM4-80GB,auto
all,defixmatch,Hybrid,imdb,R2,text,1,149.2116428,0.0,149.2116428,149.2116428,0,NVIDIA A100-SXM4-80GB,auto
all,fixmatch,Hybrid,ag_news,R2,text,1,592.9497222,0.0,592.9497222,592.9497222,0,NVIDIA A100-SXM4-80GB,auto
all,fixmatch,Hybrid,imdb,R2,text,1,122.3757838,0.0,122.3757838,122.3757838,0,NVIDIA A100-SXM4-80GB,auto
all,flexmatch,Hybrid,ag_news,R2,text,1,634.8758574,0.0,634.8758574,634.8758574,0,NVIDIA A100-SXM4-80GB,auto
all,flexmatch,Hybrid,imdb,R2,text,1,127.0309416,0.0,127.0309416,127.0309416,0,NVIDIA A100-SXM4-80GB,auto
all,free_match,Hybrid,ag_news,R2,text,1,648.7699204,0.0,648.7699204,648.7699204,0,NVIDIA A100-SXM4-80GB,auto
all,free_match,Hybrid,imdb,R2,text,1,135.1222214,0.0,135.1222214,135.1222214,0,NVIDIA A100-SXM4-80GB,auto
all,meta_pseudo_labels,Hybrid,ag_news,R2,text,1,1545.9782862,0.0,1545.9782862,1545.9782862,0,NVIDIA A100-SXM4-80GB,auto
all,meta_pseudo_labels,Hybrid,imdb,R2,text,1,205.0489098,0.0,205.0489098,205.0489098,0,NVIDIA A100-SXM4-80GB,auto
all,mixmatch,Hybrid,ag_news,R2,text,1,989.5920264,0.0,989.5920264,989.5920264,0,NVIDIA A100-SXM4-80GB,auto
all,mixmatch,Hybrid,imdb,R2,text,1,204.5754018,0.0,204.5754018,204.5754018,0,NVIDIA A100-SXM4-80GB,auto
all,noisy_student,Hybrid,ag_news,R2,text,1,608.7531892,0.0,608.7531892,608.7531892,0,NVIDIA A100-SXM4-80GB,auto
all,noisy_student,Hybrid,imdb,R2,text,1,126.59793859999999,0.0,126.59793859999999,126.59793859999999,0,NVIDIA A100-SXM4-80GB,auto
all,simclr_v2,Hybrid,ag_news,R2,text,1,364.5336788,0.0,364.5336788,364.5336788,0,NVIDIA A100-SXM4-80GB,auto
all,simclr_v2,Hybrid,imdb,R2,text,1,56.4533308,0.0,56.4533308,56.4533308,0,NVIDIA A100-SXM4-80GB,auto
all,softmatch,Hybrid,ag_news,R2,text,1,618.8495667999999,0.0,618.8495667999999,618.8495667999999,0,NVIDIA A100-SXM4-80GB,auto
all,softmatch,Hybrid,imdb,R2,text,1,124.76656739999999,0.0,124.76656739999999,124.76656739999999,0,NVIDIA A100-SXM4-80GB,auto
all,uda,Hybrid,ag_news,R2,text,1,606.280588,0.0,606.280588,606.280588,0,NVIDIA A100-SXM4-80GB,auto
all,uda,Hybrid,imdb,R2,text,1,123.67586779999999,0.0,123.67586779999999,123.67586779999999,0,NVIDIA A100-SXM4-80GB,auto
all,adsh,Margin-based inductive,ag_news,R2,text,1,715.1630494,0.0,715.1630494,715.1630494,0,NVIDIA A100-SXM4-80GB,auto
all,adsh,Margin-based inductive,imdb,R2,text,1,149.01338660000002,0.0,149.01338660000002,149.01338660000002,0,NVIDIA A100-SXM4-80GB,auto
all,tsvm,Margin-based inductive,imdb,R2,text,1,1.1137418000000001,0.0,1.1137418000000001,1.1137418000000001,0,CPU,auto
all,laplace_learning,PDE/Variational,imdb,R2,text,1,6.3748648,0.0,6.3748648,6.3748648,0,Unknown,auto
all,p_laplace_learning,PDE/Variational,ag_news,R2,text,1,38842.250028,0.0,38842.250028,38842.250028,0,CPU,auto
all,p_laplace_learning,PDE/Variational,imdb,R2,text,1,2091.2271948000002,0.0,2091.2271948000002,2091.2271948000002,0,CPU,auto
all,poisson_learning,PDE/Variational,ag_news,R2,text,1,52.356129,0.0,52.356129,52.356129,0,Unknown,auto
all,poisson_learning,PDE/Variational,imdb,R2,text,1,43.353909,0.0,43.353909,43.353909,0,Unknown,auto
all,poisson_mbo,PDE/Variational,ag_news,R2,text,1,177.795558,0.0,177.795558,177.795558,0,CPU,auto
all,poisson_mbo,PDE/Variational,imdb,R2,text,1,64.646347,0.0,64.646347,64.646347,0,CPU,auto
all,co_training,Wrappers,ag_news,R2,text,1,3.2065533999999998,0.0,3.2065533999999998,3.2065533999999998,0,Unknown,auto
all,co_training,Wrappers,imdb,R2,text,1,33.536304200000004,0.0,33.536304200000004,33.536304200000004,0,Unknown,auto
all,deep_co_training,Wrappers,ag_news,R2,text,1,1370.6139648,0.0,1370.6139648,1370.6139648,0,NVIDIA A100-SXM4-80GB,auto
all,deep_co_training,Wrappers,imdb,R2,text,1,281.8312792,0.0,281.8312792,281.8312792,0,NVIDIA A100-SXM4-80GB,auto
all,setred,Wrappers,ag_news,R2,text,1,5.0314570000000005,0.0,5.0314570000000005,5.0314570000000005,0,Unknown,auto
all,setred,Wrappers,imdb,R2,text,1,1.7388814,0.0,1.7388814,1.7388814,0,Unknown,auto
all,supervised,Baseline,cifar10,R2,vision,1,2.2979592,0.0,2.2979592,2.2979592,0,NVIDIA A100-SXM4-80GB,auto
all,supervised,Baseline,cifar100,R2,vision,1,3.1767376,0.0,3.1767376,3.1767376,0,NVIDIA A100-SXM4-80GB,auto
all,supervised,Baseline,mnist,R2,vision,1,1.7178682000000003,0.0,1.7178682000000003,1.7178682000000003,0,NVIDIA A100-SXM4-80GB,auto
all,graph_mincuts,Classical transductive,cifar10,R2,vision,1,3.8511458000000003,0.0,3.8511458000000003,3.8511458000000003,0,CPU,auto
all,graph_mincuts,Classical transductive,cifar100,R2,vision,1,0.42309080000000004,0.0,0.42309080000000004,0.42309080000000004,0,CPU,auto
all,graph_mincuts,Classical transductive,mnist,R2,vision,1,0.5057068,0.0,0.5057068,0.5057068,0,CPU,auto
all,graphhop,Classical transductive,cifar10,R2,vision,1,14.0643744,0.0,14.0643744,14.0643744,0,Unknown,auto
all,graphhop,Classical transductive,cifar100,R2,vision,1,30.0330828,0.0,30.0330828,30.0330828,0,Unknown,auto
all,graphhop,Classical transductive,mnist,R2,vision,1,14.5261158,0.0,14.5261158,14.5261158,0,Unknown,auto
all,label_propagation,Classical transductive,cifar10,R2,vision,1,1.622249,0.0,1.622249,1.622249,0,Unknown,auto
all,label_propagation,Classical transductive,cifar100,R2,vision,1,1.1586804000000002,0.0,1.1586804000000002,1.1586804000000002,0,Unknown,auto
all,label_propagation,Classical transductive,mnist,R2,vision,1,0.844343,0.0,0.844343,0.844343,0,Unknown,auto
all,label_spreading,Classical transductive,cifar10,R2,vision,1,1.004399,0.0,1.004399,1.004399,0,Unknown,auto
all,label_spreading,Classical transductive,cifar100,R2,vision,1,0.6512436,0.0,0.6512436,0.6512436,0,Unknown,auto
all,label_spreading,Classical transductive,mnist,R2,vision,1,0.3887492,0.0,0.3887492,0.3887492,0,Unknown,auto
all,lazy_random_walk,Classical transductive,cifar100,R2,vision,1,0.7365612,0.0,0.7365612,0.7365612,0,Unknown,auto
all,lazy_random_walk,Classical transductive,mnist,R2,vision,1,0.6159785999999999,0.0,0.6159785999999999,0.6159785999999999,0,Unknown,auto
all,mean_teacher,Consistency,cifar10,R2,vision,1,260.167241,0.0,260.167241,260.167241,0,NVIDIA A100-SXM4-80GB,auto
all,mean_teacher,Consistency,cifar100,R2,vision,1,269.1443054,0.0,269.1443054,269.1443054,0,NVIDIA A100-SXM4-80GB,auto
all,mean_teacher,Consistency,mnist,R2,vision,1,310.2421356,0.0,310.2421356,310.2421356,0,NVIDIA A100-SXM4-80GB,auto
all,pi_model,Consistency,cifar10,R2,vision,1,284.0770596,0.0,284.0770596,284.0770596,0,NVIDIA A100-SXM4-80GB,auto
all,pi_model,Consistency,cifar100,R2,vision,1,278.931198,0.0,278.931198,278.931198,0,NVIDIA A100-SXM4-80GB,auto
all,pi_model,Consistency,mnist,R2,vision,1,333.6574536,0.0,333.6574536,333.6574536,0,NVIDIA A100-SXM4-80GB,auto
all,temporal_ensembling,Consistency,cifar10,R2,vision,1,292.6484118,0.0,292.6484118,292.6484118,0,NVIDIA A100-SXM4-80GB,auto
all,temporal_ensembling,Consistency,cifar100,R2,vision,1,300.4330864,0.0,300.4330864,300.4330864,0,NVIDIA A100-SXM4-80GB,auto
all,temporal_ensembling,Consistency,mnist,R2,vision,1,359.8244924,0.0,359.8244924,359.8244924,0,NVIDIA A100-SXM4-80GB,auto
all,vat,Consistency,cifar10,R2,vision,1,387.842206,0.0,387.842206,387.842206,0,NVIDIA A100-SXM4-80GB,auto
all,vat,Consistency,cifar100,R2,vision,1,357.3597924,0.0,357.3597924,357.3597924,0,NVIDIA A100-SXM4-80GB,auto
all,vat,Consistency,mnist,R2,vision,1,438.05552079999995,0.0,438.05552079999995,438.05552079999995,0,NVIDIA A100-SXM4-80GB,auto
all,appnp,GNN,cifar10,R2,vision,1,28.543131199999998,0.0,28.543131199999998,28.543131199999998,0,Unknown,auto
all,appnp,GNN,cifar100,R2,vision,1,27.704334,0.0,27.704334,27.704334,0,Unknown,auto
all,appnp,GNN,mnist,R2,vision,1,2.1676292,0.0,2.1676292,2.1676292,0,Unknown,auto
all,chebnet,GNN,cifar10,R2,vision,1,2.4159102,0.0,2.4159102,2.4159102,0,Unknown,auto
all,chebnet,GNN,cifar100,R2,vision,1,2.8521504,0.0,2.8521504,2.8521504,0,Unknown,auto
all,chebnet,GNN,mnist,R2,vision,1,3.4258582000000004,0.0,3.4258582000000004,3.4258582000000004,0,Unknown,auto
all,gat,GNN,cifar10,R2,vision,1,2.722153,0.0,2.722153,2.722153,0,Unknown,auto
all,gat,GNN,cifar100,R2,vision,1,3.8538254000000003,0.0,3.8538254000000003,3.8538254000000003,0,Unknown,auto
all,gat,GNN,mnist,R2,vision,1,3.8202178000000004,0.0,3.8202178000000004,3.8202178000000004,0,Unknown,auto
all,gcn,GNN,cifar10,R2,vision,1,0.8855845999999999,0.0,0.8855845999999999,0.8855845999999999,0,Unknown,auto
all,gcn,GNN,cifar100,R2,vision,1,1.2259103999999998,0.0,1.2259103999999998,1.2259103999999998,0,Unknown,auto
all,gcn,GNN,mnist,R2,vision,1,1.0593594,0.0,1.0593594,1.0593594,0,Unknown,auto
all,gcnii,GNN,cifar10,R2,vision,1,4.1917637999999995,0.0,4.1917637999999995,4.1917637999999995,0,Unknown,auto
all,gcnii,GNN,cifar100,R2,vision,1,5.4341726,0.0,5.4341726,5.4341726,0,Unknown,auto
all,gcnii,GNN,mnist,R2,vision,1,6.849546999999999,0.0,6.849546999999999,6.849546999999999,0,Unknown,auto
all,grafn,GNN,cifar10,R2,vision,1,3.6530169999999997,0.0,3.6530169999999997,3.6530169999999997,0,Unknown,auto
all,grafn,GNN,cifar100,R2,vision,1,3.7256712,0.0,3.7256712,3.7256712,0,Unknown,auto
all,grafn,GNN,mnist,R2,vision,1,4.875471,0.0,4.875471,4.875471,0,Unknown,auto
all,grand,GNN,cifar10,R2,vision,1,12.2639674,0.0,12.2639674,12.2639674,0,Unknown,auto
all,grand,GNN,cifar100,R2,vision,1,16.1986178,0.0,16.1986178,16.1986178,0,Unknown,auto
all,grand,GNN,mnist,R2,vision,1,21.382685799999997,0.0,21.382685799999997,21.382685799999997,0,Unknown,auto
all,graphsage,GNN,cifar10,R2,vision,1,1.7459578,0.0,1.7459578,1.7459578,0,Unknown,auto
all,graphsage,GNN,cifar100,R2,vision,1,1.673716,0.0,1.673716,1.673716,0,Unknown,auto
all,graphsage,GNN,mnist,R2,vision,1,1.9048836000000002,0.0,1.9048836000000002,1.9048836000000002,0,Unknown,auto
all,h_gcn,GNN,cifar100,R2,vision,1,493.14103439999997,0.0,493.14103439999997,493.14103439999997,0,Unknown,auto
all,planetoid,GNN,cifar10,R2,vision,1,1272.343949,0.0,1272.343949,1272.343949,0,Unknown,auto
all,planetoid,GNN,cifar100,R2,vision,1,1295.196583,0.0,1295.196583,1295.196583,0,Unknown,auto
all,planetoid,GNN,mnist,R2,vision,1,1629.802966,0.0,1629.802966,1629.802966,0,Unknown,auto
all,sgc,GNN,cifar10,R2,vision,1,5.616163,0.0,5.616163,5.616163,0,Unknown,auto
all,sgc,GNN,cifar100,R2,vision,1,2.589816,0.0,2.589816,2.589816,0,Unknown,auto
all,sgc,GNN,mnist,R2,vision,1,0.7907114,0.0,0.7907114,0.7907114,0,Unknown,auto
all,adamatch,Hybrid,cifar10,R2,vision,1,273.736273,0.0,273.736273,273.736273,0,NVIDIA A100-SXM4-80GB,auto
all,adamatch,Hybrid,cifar100,R2,vision,1,282.375273,0.0,282.375273,282.375273,0,NVIDIA A100-SXM4-80GB,auto
all,adamatch,Hybrid,mnist,R2,vision,1,324.4860706,0.0,324.4860706,324.4860706,0,NVIDIA A100-SXM4-80GB,auto
all,comatch,Hybrid,cifar10,R2,vision,1,391.188578,0.0,391.188578,391.188578,0,NVIDIA A100-SXM4-80GB,auto
all,comatch,Hybrid,cifar100,R2,vision,1,394.68675,0.0,394.68675,394.68675,0,NVIDIA A100-SXM4-80GB,auto
all,comatch,Hybrid,mnist,R2,vision,1,470.9038022,0.0,470.9038022,470.9038022,0,NVIDIA A100-SXM4-80GB,auto
all,daso,Hybrid,cifar10,R2,vision,1,355.501324,0.0,355.501324,355.501324,0,NVIDIA A100-SXM4-80GB,auto
all,daso,Hybrid,cifar100,R2,vision,1,502.53442,0.0,502.53442,502.53442,0,NVIDIA A100-SXM4-80GB,auto
all,daso,Hybrid,mnist,R2,vision,1,426.4160458,0.0,426.4160458,426.4160458,0,NVIDIA A100-SXM4-80GB,auto
all,defixmatch,Hybrid,cifar10,R2,vision,1,365.038239,0.0,365.038239,365.038239,0,NVIDIA A100-SXM4-80GB,auto
all,defixmatch,Hybrid,cifar100,R2,vision,1,382.3842448,0.0,382.3842448,382.3842448,0,NVIDIA A100-SXM4-80GB,auto
all,defixmatch,Hybrid,mnist,R2,vision,1,440.7881532,0.0,440.7881532,440.7881532,0,NVIDIA A100-SXM4-80GB,auto
all,fixmatch,Hybrid,cifar10,R2,vision,1,271.206863,0.0,271.206863,271.206863,0,NVIDIA A100-SXM4-80GB,auto
all,fixmatch,Hybrid,cifar100,R2,vision,1,277.0729238,0.0,277.0729238,277.0729238,0,NVIDIA A100-SXM4-80GB,auto
all,fixmatch,Hybrid,mnist,R2,vision,1,320.1873112,0.0,320.1873112,320.1873112,0,NVIDIA A100-SXM4-80GB,auto
all,flexmatch,Hybrid,cifar10,R2,vision,1,321.622503,0.0,321.622503,321.622503,0,NVIDIA A100-SXM4-80GB,auto
all,flexmatch,Hybrid,cifar100,R2,vision,1,345.18099540000003,0.0,345.18099540000003,345.18099540000003,0,NVIDIA A100-SXM4-80GB,auto
all,flexmatch,Hybrid,mnist,R2,vision,1,415.4507814,0.0,415.4507814,415.4507814,0,NVIDIA A100-SXM4-80GB,auto
all,free_match,Hybrid,cifar10,R2,vision,1,299.267393,0.0,299.267393,299.267393,0,NVIDIA A100-SXM4-80GB,auto
all,free_match,Hybrid,cifar100,R2,vision,1,297.5278808,0.0,297.5278808,297.5278808,0,NVIDIA A100-SXM4-80GB,auto
all,free_match,Hybrid,mnist,R2,vision,1,345.8789328,0.0,345.8789328,345.8789328,0,NVIDIA A100-SXM4-80GB,auto
all,meta_pseudo_labels,Hybrid,cifar10,R2,vision,1,484.04075819999997,0.0,484.04075819999997,484.04075819999997,0,NVIDIA A100-SXM4-80GB,auto
all,meta_pseudo_labels,Hybrid,cifar100,R2,vision,1,493.39375559999996,0.0,493.39375559999996,493.39375559999996,0,NVIDIA A100-SXM4-80GB,auto
all,meta_pseudo_labels,Hybrid,mnist,R2,vision,1,598.2946651999999,0.0,598.2946651999999,598.2946651999999,0,NVIDIA A100-SXM4-80GB,auto
all,mixmatch,Hybrid,cifar10,R2,vision,1,244.603822,0.0,244.603822,244.603822,0,NVIDIA A100-SXM4-80GB,auto
all,mixmatch,Hybrid,cifar100,R2,vision,1,235.9974588,0.0,235.9974588,235.9974588,0,NVIDIA A100-SXM4-80GB,auto
all,mixmatch,Hybrid,mnist,R2,vision,1,281.334946,0.0,281.334946,281.334946,0,NVIDIA A100-SXM4-80GB,auto
all,noisy_student,Hybrid,cifar10,R2,vision,1,250.30609599999997,0.0,250.30609599999997,250.30609599999997,0,NVIDIA A100-SXM4-80GB,auto
all,noisy_student,Hybrid,cifar100,R2,vision,1,254.454616,0.0,254.454616,254.454616,0,NVIDIA A100-SXM4-80GB,auto
all,noisy_student,Hybrid,mnist,R2,vision,1,294.1844072,0.0,294.1844072,294.1844072,0,NVIDIA A100-SXM4-80GB,auto
all,simclr_v2,Hybrid,cifar10,R2,vision,1,110.3616388,0.0,110.3616388,110.3616388,0,NVIDIA A100-SXM4-80GB,auto
all,simclr_v2,Hybrid,cifar100,R2,vision,1,111.2346878,0.0,111.2346878,111.2346878,0,NVIDIA A100-SXM4-80GB,auto
all,simclr_v2,Hybrid,mnist,R2,vision,1,129.1420678,0.0,129.1420678,129.1420678,0,NVIDIA A100-SXM4-80GB,auto
all,softmatch,Hybrid,cifar10,R2,vision,1,282.83645939999997,0.0,282.83645939999997,282.83645939999997,0,NVIDIA A100-SXM4-80GB,auto
all,softmatch,Hybrid,cifar100,R2,vision,1,276.9964676,0.0,276.9964676,276.9964676,0,NVIDIA A100-SXM4-80GB,auto
all,softmatch,Hybrid,mnist,R2,vision,1,327.536841,0.0,327.536841,327.536841,0,NVIDIA A100-SXM4-80GB,auto
all,uda,Hybrid,cifar10,R2,vision,1,279.4803742,0.0,279.4803742,279.4803742,0,NVIDIA A100-SXM4-80GB,auto
all,uda,Hybrid,cifar100,R2,vision,1,270.35422520000003,0.0,270.35422520000003,270.35422520000003,0,NVIDIA A100-SXM4-80GB,auto
all,uda,Hybrid,mnist,R2,vision,1,324.1274056,0.0,324.1274056,324.1274056,0,NVIDIA A100-SXM4-80GB,auto
all,adsh,Margin-based inductive,cifar10,R2,vision,1,320.529086,0.0,320.529086,320.529086,0,NVIDIA A100-SXM4-80GB,auto
all,adsh,Margin-based inductive,cifar100,R2,vision,1,365.891546,0.0,365.891546,365.891546,0,NVIDIA A100-SXM4-80GB,auto
all,adsh,Margin-based inductive,mnist,R2,vision,1,369.7674768,0.0,369.7674768,369.7674768,0,NVIDIA A100-SXM4-80GB,auto
all,laplace_learning,PDE/Variational,cifar100,R2,vision,1,28.648446999999997,0.0,28.648446999999997,28.648446999999997,0,Unknown,auto
all,laplace_learning,PDE/Variational,mnist,R2,vision,1,13.6748132,0.0,13.6748132,13.6748132,0,Unknown,auto
all,poisson_learning,PDE/Variational,cifar10,R2,vision,1,44.274254,0.0,44.274254,44.274254,0,Unknown,auto
all,poisson_learning,PDE/Variational,cifar100,R2,vision,1,445.677751,0.0,445.677751,445.677751,0,Unknown,auto
all,poisson_learning,PDE/Variational,mnist,R2,vision,1,55.695292800000004,0.0,55.695292800000004,55.695292800000004,0,Unknown,auto
all,poisson_mbo,PDE/Variational,cifar10,R2,vision,1,123.052244,0.0,123.052244,123.052244,0,CPU,auto
all,poisson_mbo,PDE/Variational,cifar100,R2,vision,1,928.894767,0.0,928.894767,928.894767,0,CPU,auto
all,poisson_mbo,PDE/Variational,mnist,R2,vision,1,159.979716,0.0,159.979716,159.979716,0,CPU,auto
all,co_training,Wrappers,cifar10,R2,vision,1,9.100124,0.0,9.100124,9.100124,0,Unknown,auto
all,co_training,Wrappers,cifar100,R2,vision,1,1821.682261,0.0,1821.682261,1821.682261,0,Unknown,auto
all,co_training,Wrappers,mnist,R2,vision,1,6.8958922000000005,0.0,6.8958922000000005,6.8958922000000005,0,Unknown,auto
all,deep_co_training,Wrappers,cifar10,R2,vision,1,655.1090264000001,0.0,655.1090264000001,655.1090264000001,0,NVIDIA A100-SXM4-80GB,auto
all,deep_co_training,Wrappers,cifar100,R2,vision,1,630.7262032000001,0.0,630.7262032000001,630.7262032000001,0,NVIDIA A100-SXM4-80GB,auto
all,deep_co_training,Wrappers,mnist,R2,vision,1,733.876914,0.0,733.876914,733.876914,0,NVIDIA A100-SXM4-80GB,auto
all,democratic_co_learning,Wrappers,cifar10,R2,vision,1,162.68162,0.0,162.68162,162.68162,0,NVIDIA A100-SXM4-80GB,auto
all,democratic_co_learning,Wrappers,cifar100,R2,vision,1,1834.7862418,0.0,1834.7862418,1834.7862418,0,NVIDIA A100-SXM4-80GB,auto
all,democratic_co_learning,Wrappers,mnist,R2,vision,1,617.4529594,0.0,617.4529594,617.4529594,0,NVIDIA A100-SXM4-80GB,auto
all,pseudo_label,Wrappers,cifar10,R2,vision,1,2.396649,0.0,2.396649,2.396649,0,NVIDIA A100-SXM4-80GB,auto
all,pseudo_label,Wrappers,cifar100,R2,vision,1,3.3149068,0.0,3.3149068,3.3149068,0,NVIDIA A100-SXM4-80GB,auto
all,pseudo_label,Wrappers,mnist,R2,vision,1,2.1481414,0.0,2.1481414,2.1481414,0,NVIDIA A100-SXM4-80GB,auto
all,self_training,Wrappers,cifar10,R2,vision,1,1.9364546,0.0,1.9364546,1.9364546,0,NVIDIA A100-SXM4-80GB,auto
all,self_training,Wrappers,cifar100,R2,vision,1,2.4425024,0.0,2.4425024,2.4425024,0,NVIDIA A100-SXM4-80GB,auto
all,self_training,Wrappers,mnist,R2,vision,1,1.9186716000000001,0.0,1.9186716000000001,1.9186716000000001,0,NVIDIA A100-SXM4-80GB,auto
all,setred,Wrappers,cifar10,R2,vision,1,3.7090170000000002,0.0,3.7090170000000002,3.7090170000000002,0,Unknown,auto
all,setred,Wrappers,cifar100,R2,vision,1,243.8395152,0.0,243.8395152,243.8395152,0,Unknown,auto
all,setred,Wrappers,mnist,R2,vision,1,3.7670394000000003,0.0,3.7670394000000003,3.7670394000000003,0,Unknown,auto
all,tri_training,Wrappers,cifar10,R2,vision,1,2284.3385728000003,0.0,2284.3385728000003,2284.3385728000003,0,NVIDIA A100-SXM4-80GB,auto
all,tri_training,Wrappers,cifar100,R2,vision,1,1577.1993132,0.0,1577.1993132,1577.1993132,0,NVIDIA A100-SXM4-80GB,auto
all,tri_training,Wrappers,mnist,R2,vision,1,2711.521644,0.0,2711.521644,2711.521644,0,NVIDIA A100-SXM4-80GB,auto
all,supervised,Baseline,citeseer,R3,graph,1,1.5421872,0.0,1.5421872,1.5421872,0,NVIDIA A100-SXM4-80GB,auto
all,supervised,Baseline,cora,R3,graph,1,1.5553498000000001,0.0,1.5553498000000001,1.5553498000000001,0,Tesla V100-SXM2-32GB,auto
all,supervised,Baseline,pubmed,R3,graph,1,1.3007802,0.0,1.3007802,1.3007802,0,NVIDIA A100-SXM4-80GB,auto
all,dynamic_label_propagation,Classical transductive,citeseer,R3,graph,1,0.7207664,0.0,0.7207664,0.7207664,0,Unknown,auto
all,dynamic_label_propagation,Classical transductive,cora,R3,graph,1,0.8720556,0.0,0.8720556,0.8720556,0,Unknown,auto
all,dynamic_label_propagation,Classical transductive,pubmed,R3,graph,1,54.055711800000005,0.0,54.055711800000005,54.055711800000005,0,Unknown,auto
all,graph_mincuts,Classical transductive,citeseer,R3,graph,1,0.12225359999999999,0.0,0.12225359999999999,0.12225359999999999,0,CPU,auto
all,graph_mincuts,Classical transductive,cora,R3,graph,1,0.228871,0.0,0.228871,0.228871,0,CPU,auto
all,graph_mincuts,Classical transductive,pubmed,R3,graph,1,0.2466402,0.0,0.2466402,0.2466402,0,CPU,auto
all,graphhop,Classical transductive,citeseer,R3,graph,1,11.1067754,0.0,11.1067754,11.1067754,0,Unknown,auto
all,graphhop,Classical transductive,cora,R3,graph,1,17.3583408,0.0,17.3583408,17.3583408,0,Unknown,auto
all,graphhop,Classical transductive,pubmed,R3,graph,1,14.371309200000002,0.0,14.371309200000002,14.371309200000002,0,Unknown,auto
all,label_propagation,Classical transductive,citeseer,R3,graph,1,0.206625,0.0,0.206625,0.206625,0,Unknown,auto
all,label_propagation,Classical transductive,cora,R3,graph,1,0.21469480000000002,0.0,0.21469480000000002,0.21469480000000002,0,Unknown,auto
all,label_propagation,Classical transductive,pubmed,R3,graph,1,0.3312116,0.0,0.3312116,0.3312116,0,Unknown,auto
all,label_spreading,Classical transductive,citeseer,R3,graph,1,0.22305380000000002,0.0,0.22305380000000002,0.22305380000000002,0,Unknown,auto
all,label_spreading,Classical transductive,cora,R3,graph,1,0.2011876,0.0,0.2011876,0.2011876,0,Unknown,auto
all,label_spreading,Classical transductive,pubmed,R3,graph,1,0.17793520000000002,0.0,0.17793520000000002,0.17793520000000002,0,Unknown,auto
all,lazy_random_walk,Classical transductive,citeseer,R3,graph,1,0.22775479999999998,0.0,0.22775479999999998,0.22775479999999998,0,Unknown,auto
all,lazy_random_walk,Classical transductive,cora,R3,graph,1,0.235852,0.0,0.235852,0.235852,0,Unknown,auto
all,lazy_random_walk,Classical transductive,pubmed,R3,graph,1,1.7086686,0.0,1.7086686,1.7086686,0,Unknown,auto
all,mean_teacher,Consistency,citeseer,R3,graph,1,1.6596208000000001,0.0,1.6596208000000001,1.6596208000000001,0,NVIDIA A100-SXM4-80GB,auto
all,mean_teacher,Consistency,cora,R3,graph,1,1.7409442,0.0,1.7409442,1.7409442,0,Tesla V100-SXM2-32GB,auto
all,mean_teacher,Consistency,pubmed,R3,graph,1,1.4065474,0.0,1.4065474,1.4065474,0,NVIDIA A100-SXM4-80GB,auto
all,pi_model,Consistency,citeseer,R3,graph,1,1.6425018000000002,0.0,1.6425018000000002,1.6425018000000002,0,NVIDIA A100-SXM4-80GB,auto
all,pi_model,Consistency,cora,R3,graph,1,1.7370501999999999,0.0,1.7370501999999999,1.7370501999999999,0,Tesla V100-SXM2-32GB,auto
all,pi_model,Consistency,pubmed,R3,graph,1,1.397957,0.0,1.397957,1.397957,0,NVIDIA A100-SXM4-80GB,auto
all,temporal_ensembling,Consistency,citeseer,R3,graph,1,1.6661207999999998,0.0,1.6661207999999998,1.6661207999999998,0,NVIDIA A100-SXM4-80GB,auto
all,temporal_ensembling,Consistency,cora,R3,graph,1,1.7520564,0.0,1.7520564,1.7520564,0,Tesla V100-SXM2-32GB,auto
all,temporal_ensembling,Consistency,pubmed,R3,graph,1,4.425773,0.0,4.425773,4.425773,0,NVIDIA A100-SXM4-80GB,auto
all,vat,Consistency,citeseer,R3,graph,1,1.7471014,0.0,1.7471014,1.7471014,0,NVIDIA A100-SXM4-80GB,auto
all,vat,Consistency,cora,R3,graph,1,1.7728127999999999,0.0,1.7728127999999999,1.7728127999999999,0,Tesla V100-SXM2-32GB,auto
all,vat,Consistency,pubmed,R3,graph,1,1.4516854000000001,0.0,1.4516854000000001,1.4516854000000001,0,NVIDIA A100-SXM4-80GB,auto
all,appnp,GNN,citeseer,R3,graph,1,0.9316606000000001,0.0,0.9316606000000001,0.9316606000000001,0,Unknown,auto
all,appnp,GNN,cora,R3,graph,1,1.032812,0.0,1.032812,1.032812,0,Unknown,auto
all,appnp,GNN,pubmed,R3,graph,1,1.2009064,0.0,1.2009064,1.2009064,0,Unknown,auto
all,chebnet,GNN,citeseer,R3,graph,1,1.031321,0.0,1.031321,1.031321,0,Unknown,auto
all,chebnet,GNN,cora,R3,graph,1,1.3725112,0.0,1.3725112,1.3725112,0,Unknown,auto
all,chebnet,GNN,pubmed,R3,graph,1,1.6155072000000001,0.0,1.6155072000000001,1.6155072000000001,0,Unknown,auto
all,gat,GNN,citeseer,R3,graph,1,1.4095602,0.0,1.4095602,1.4095602,0,Unknown,auto
all,gat,GNN,cora,R3,graph,1,1.9962966000000002,0.0,1.9962966000000002,1.9962966000000002,0,Unknown,auto
all,gat,GNN,pubmed,R3,graph,1,2.2780180000000003,0.0,2.2780180000000003,2.2780180000000003,0,Unknown,auto
all,gcn,GNN,citeseer,R3,graph,1,0.8251852,0.0,0.8251852,0.8251852,0,Unknown,auto
all,gcn,GNN,cora,R3,graph,1,0.9605108,0.0,0.9605108,0.9605108,0,Unknown,auto
all,gcn,GNN,pubmed,R3,graph,1,0.8240833999999999,0.0,0.8240833999999999,0.8240833999999999,0,Unknown,auto
all,gcnii,GNN,citeseer,R3,graph,1,1.534488,0.0,1.534488,1.534488,0,Unknown,auto
all,gcnii,GNN,cora,R3,graph,1,2.1943104,0.0,2.1943104,2.1943104,0,Unknown,auto
all,gcnii,GNN,pubmed,R3,graph,1,2.936257,0.0,2.936257,2.936257,0,Unknown,auto
all,grafn,GNN,citeseer,R3,graph,1,1.431108,0.0,1.431108,1.431108,0,Unknown,auto
all,grafn,GNN,cora,R3,graph,1,2.0357994,0.0,2.0357994,2.0357994,0,Unknown,auto
all,grafn,GNN,pubmed,R3,graph,1,1.888849,0.0,1.888849,1.888849,0,Unknown,auto
all,grand,GNN,citeseer,R3,graph,1,3.7287356000000003,0.0,3.7287356000000003,3.7287356000000003,0,Unknown,auto
all,grand,GNN,cora,R3,graph,1,3.1531835999999998,0.0,3.1531835999999998,3.1531835999999998,0,Unknown,auto
all,grand,GNN,pubmed,R3,graph,1,6.5501667999999995,0.0,6.5501667999999995,6.5501667999999995,0,Unknown,auto
all,graphsage,GNN,citeseer,R3,graph,1,0.8762954000000001,0.0,0.8762954000000001,0.8762954000000001,0,Unknown,auto
all,graphsage,GNN,cora,R3,graph,1,1.2012437999999999,0.0,1.2012437999999999,1.2012437999999999,0,Unknown,auto
all,graphsage,GNN,pubmed,R3,graph,1,0.9052642000000001,0.0,0.9052642000000001,0.9052642000000001,0,Unknown,auto
all,h_gcn,GNN,citeseer,R3,graph,1,2.7543884,0.0,2.7543884,2.7543884,0,Unknown,auto
all,h_gcn,GNN,cora,R3,graph,1,3.1705604000000003,0.0,3.1705604000000003,3.1705604000000003,0,Unknown,auto
all,h_gcn,GNN,pubmed,R3,graph,1,33.3641904,0.0,33.3641904,33.3641904,0,Unknown,auto
all,n_gcn,GNN,citeseer,R3,graph,1,13.2397162,0.0,13.2397162,13.2397162,0,Unknown,auto
all,n_gcn,GNN,cora,R3,graph,1,6.131978800000001,0.0,6.131978800000001,6.131978800000001,0,Unknown,auto
all,n_gcn,GNN,pubmed,R3,graph,1,91.845069,0.0,91.845069,91.845069,0,Unknown,auto
all,planetoid,GNN,citeseer,R3,graph,1,39.981275,0.0,39.981275,39.981275,0,Unknown,auto
all,planetoid,GNN,cora,R3,graph,1,161.68845900000002,0.0,161.68845900000002,161.68845900000002,0,Unknown,auto
all,planetoid,GNN,pubmed,R3,graph,1,311.6487878,0.0,311.6487878,311.6487878,0,Unknown,auto
all,sgc,GNN,citeseer,R3,graph,1,0.5643384,0.0,0.5643384,0.5643384,0,Unknown,auto
all,sgc,GNN,cora,R3,graph,1,0.6973806,0.0,0.6973806,0.6973806,0,Unknown,auto
all,sgc,GNN,pubmed,R3,graph,1,1.12169,0.0,1.12169,1.12169,0,Unknown,auto
all,adamatch,Hybrid,citeseer,R3,graph,1,35.8086378,0.0,35.8086378,35.8086378,0,NVIDIA A100-SXM4-80GB,auto
all,adamatch,Hybrid,cora,R3,graph,1,4.0894616,0.0,4.0894616,4.0894616,0,Tesla V100-SXM2-32GB,auto
all,adamatch,Hybrid,pubmed,R3,graph,1,4.7784768,0.0,4.7784768,4.7784768,0,NVIDIA A100-SXM4-80GB,auto
all,comatch,Hybrid,citeseer,R3,graph,1,1.9266378,0.0,1.9266378,1.9266378,0,NVIDIA A100-SXM4-80GB,auto
all,comatch,Hybrid,cora,R3,graph,1,1.9168188000000002,0.0,1.9168188000000002,1.9168188000000002,0,Tesla V100-SXM2-32GB,auto
all,comatch,Hybrid,pubmed,R3,graph,1,1.5324345999999998,0.0,1.5324345999999998,1.5324345999999998,0,NVIDIA A100-SXM4-80GB,auto
all,daso,Hybrid,citeseer,R3,graph,1,1.9487074,0.0,1.9487074,1.9487074,0,NVIDIA A100-SXM4-80GB,auto
all,daso,Hybrid,cora,R3,graph,1,1.8364524,0.0,1.8364524,1.8364524,0,Tesla V100-SXM2-32GB,auto
all,daso,Hybrid,pubmed,R3,graph,1,1.4902330000000001,0.0,1.4902330000000001,1.4902330000000001,0,NVIDIA A100-SXM4-80GB,auto
all,defixmatch,Hybrid,citeseer,R3,graph,1,1.735102,0.0,1.735102,1.735102,0,NVIDIA A100-SXM4-80GB,auto
all,defixmatch,Hybrid,cora,R3,graph,1,1.8620273999999999,0.0,1.8620273999999999,1.8620273999999999,0,Tesla V100-SXM2-32GB,auto
all,defixmatch,Hybrid,pubmed,R3,graph,1,1.494125,0.0,1.494125,1.494125,0,NVIDIA A100-SXM4-80GB,auto
all,fixmatch,Hybrid,citeseer,R3,graph,1,1.6636046,0.0,1.6636046,1.6636046,0,NVIDIA A100-SXM4-80GB,auto
all,fixmatch,Hybrid,cora,R3,graph,1,1.7334786000000002,0.0,1.7334786000000002,1.7334786000000002,0,Tesla V100-SXM2-32GB,auto
all,fixmatch,Hybrid,pubmed,R3,graph,1,5.3477163999999995,0.0,5.3477163999999995,5.3477163999999995,0,NVIDIA A100-SXM4-80GB,auto
all,flexmatch,Hybrid,citeseer,R3,graph,1,1.6533994,0.0,1.6533994,1.6533994,0,NVIDIA A100-SXM4-80GB,auto
all,flexmatch,Hybrid,cora,R3,graph,1,1.7973881999999999,0.0,1.7973881999999999,1.7973881999999999,0,Tesla V100-SXM2-32GB,auto
all,flexmatch,Hybrid,pubmed,R3,graph,1,3.3003624,0.0,3.3003624,3.3003624,0,NVIDIA A100-SXM4-80GB,auto
all,free_match,Hybrid,citeseer,R3,graph,1,1.7594276,0.0,1.7594276,1.7594276,0,NVIDIA A100-SXM4-80GB,auto
all,free_match,Hybrid,cora,R3,graph,1,1.8718732,0.0,1.8718732,1.8718732,0,Tesla V100-SXM2-32GB,auto
all,free_match,Hybrid,pubmed,R3,graph,1,1.608651,0.0,1.608651,1.608651,0,NVIDIA A100-SXM4-80GB,auto
all,meta_pseudo_labels,Hybrid,citeseer,R3,graph,1,1.8225066,0.0,1.8225066,1.8225066,0,NVIDIA A100-SXM4-80GB,auto
all,meta_pseudo_labels,Hybrid,cora,R3,graph,1,1.9612626,0.0,1.9612626,1.9612626,0,Tesla V100-SXM2-32GB,auto
all,meta_pseudo_labels,Hybrid,pubmed,R3,graph,1,1.5566338000000002,0.0,1.5566338000000002,1.5566338000000002,0,NVIDIA A100-SXM4-80GB,auto
all,mixmatch,Hybrid,citeseer,R3,graph,1,1.6697492,0.0,1.6697492,1.6697492,0,NVIDIA A100-SXM4-80GB,auto
all,mixmatch,Hybrid,cora,R3,graph,1,1.7179524000000002,0.0,1.7179524000000002,1.7179524000000002,0,Tesla V100-SXM2-32GB,auto
all,mixmatch,Hybrid,pubmed,R3,graph,1,1.4187654,0.0,1.4187654,1.4187654,0,NVIDIA A100-SXM4-80GB,auto
all,noisy_student,Hybrid,citeseer,R3,graph,1,1.636308,0.0,1.636308,1.636308,0,NVIDIA A100-SXM4-80GB,auto
all,noisy_student,Hybrid,cora,R3,graph,1,1.7012984,0.0,1.7012984,1.7012984,0,Tesla V100-SXM2-32GB,auto
all,noisy_student,Hybrid,pubmed,R3,graph,1,1.4236978,0.0,1.4236978,1.4236978,0,NVIDIA A100-SXM4-80GB,auto
all,simclr_v2,Hybrid,citeseer,R3,graph,1,1.6194768,0.0,1.6194768,1.6194768,0,NVIDIA A100-SXM4-80GB,auto
all,simclr_v2,Hybrid,cora,R3,graph,1,1.6778711999999998,0.0,1.6778711999999998,1.6778711999999998,0,Tesla V100-SXM2-32GB,auto
all,simclr_v2,Hybrid,pubmed,R3,graph,1,1.3956507999999999,0.0,1.3956507999999999,1.3956507999999999,0,NVIDIA A100-SXM4-80GB,auto
all,softmatch,Hybrid,citeseer,R3,graph,1,1.6600546,0.0,1.6600546,1.6600546,0,NVIDIA A100-SXM4-80GB,auto
all,softmatch,Hybrid,cora,R3,graph,1,1.7200986,0.0,1.7200986,1.7200986,0,Tesla V100-SXM2-32GB,auto
all,softmatch,Hybrid,pubmed,R3,graph,1,1.438403,0.0,1.438403,1.438403,0,NVIDIA A100-SXM4-80GB,auto
all,uda,Hybrid,citeseer,R3,graph,1,1.6833822,0.0,1.6833822,1.6833822,0,NVIDIA A100-SXM4-80GB,auto
all,uda,Hybrid,cora,R3,graph,1,1.668973,0.0,1.668973,1.668973,0,Tesla V100-SXM2-32GB,auto
all,uda,Hybrid,pubmed,R3,graph,1,1.408803,0.0,1.408803,1.408803,0,NVIDIA A100-SXM4-80GB,auto
all,adsh,Margin-based inductive,citeseer,R3,graph,1,2.0863092,0.0,2.0863092,2.0863092,0,NVIDIA A100-SXM4-80GB,auto
all,adsh,Margin-based inductive,cora,R3,graph,1,1.8883472000000001,0.0,1.8883472000000001,1.8883472000000001,0,Tesla V100-SXM2-32GB,auto
all,adsh,Margin-based inductive,pubmed,R3,graph,1,1.4759086,0.0,1.4759086,1.4759086,0,NVIDIA A100-SXM4-80GB,auto
all,laplace_learning,PDE/Variational,citeseer,R3,graph,1,0.2454914,0.0,0.2454914,0.2454914,0,Unknown,auto
all,laplace_learning,PDE/Variational,cora,R3,graph,1,0.22057739999999998,0.0,0.22057739999999998,0.22057739999999998,0,Unknown,auto
all,laplace_learning,PDE/Variational,pubmed,R3,graph,1,0.6863184,0.0,0.6863184,0.6863184,0,Unknown,auto
all,p_laplace_learning,PDE/Variational,citeseer,R3,graph,1,453.43710780000004,0.0,453.43710780000004,453.43710780000004,0,CPU,auto
all,p_laplace_learning,PDE/Variational,cora,R3,graph,1,916.1643178,0.0,916.1643178,916.1643178,0,CPU,auto
all,p_laplace_learning,PDE/Variational,pubmed,R3,graph,1,3160.4387358,0.0,3160.4387358,3160.4387358,0,CPU,auto
all,poisson_learning,PDE/Variational,citeseer,R3,graph,1,0.3225648,0.0,0.3225648,0.3225648,0,Unknown,auto
all,poisson_learning,PDE/Variational,cora,R3,graph,1,0.3745026,0.0,0.3745026,0.3745026,0,Unknown,auto
all,poisson_learning,PDE/Variational,pubmed,R3,graph,1,0.31002359999999995,0.0,0.31002359999999995,0.31002359999999995,0,Unknown,auto
all,poisson_mbo,PDE/Variational,citeseer,R3,graph,1,2.1054120000000003,0.0,2.1054120000000003,2.1054120000000003,0,CPU,auto
all,poisson_mbo,PDE/Variational,cora,R3,graph,1,4.5568794,0.0,4.5568794,4.5568794,0,CPU,auto
all,poisson_mbo,PDE/Variational,pubmed,R3,graph,1,12.5303898,0.0,12.5303898,12.5303898,0,CPU,auto
all,co_training,Wrappers,citeseer,R3,graph,1,4.6125853999999995,0.0,4.6125853999999995,4.6125853999999995,0,NVIDIA A100-SXM4-80GB,auto
all,co_training,Wrappers,cora,R3,graph,1,6.559009999999999,0.0,6.559009999999999,6.559009999999999,0,Tesla V100-SXM2-32GB,auto
all,co_training,Wrappers,pubmed,R3,graph,1,3.3325986,0.0,3.3325986,3.3325986,0,NVIDIA A100-SXM4-80GB,auto
all,deep_co_training,Wrappers,citeseer,R3,graph,1,2.441233,0.0,2.441233,2.441233,0,NVIDIA A100-SXM4-80GB,auto
all,deep_co_training,Wrappers,cora,R3,graph,1,2.9154342,0.0,2.9154342,2.9154342,0,Tesla V100-SXM2-32GB,auto
all,deep_co_training,Wrappers,pubmed,R3,graph,1,1.7572936,0.0,1.7572936,1.7572936,0,NVIDIA A100-SXM4-80GB,auto
all,democratic_co_learning,Wrappers,citeseer,R3,graph,1,5.6438212,0.0,5.6438212,5.6438212,0,NVIDIA A100-SXM4-80GB,auto
all,democratic_co_learning,Wrappers,cora,R3,graph,1,7.878890800000001,0.0,7.878890800000001,7.878890800000001,0,Tesla V100-SXM2-32GB,auto
all,democratic_co_learning,Wrappers,pubmed,R3,graph,1,3.5820708000000003,0.0,3.5820708000000003,3.5820708000000003,0,NVIDIA A100-SXM4-80GB,auto
all,pseudo_label,Wrappers,citeseer,R3,graph,1,1.6939275999999999,0.0,1.6939275999999999,1.6939275999999999,0,NVIDIA A100-SXM4-80GB,auto
all,pseudo_label,Wrappers,cora,R3,graph,1,2.570807,0.0,2.570807,2.570807,0,Tesla V100-SXM2-32GB,auto
all,pseudo_label,Wrappers,pubmed,R3,graph,1,1.3723838000000002,0.0,1.3723838000000002,1.3723838000000002,0,NVIDIA A100-SXM4-80GB,auto
all,self_training,Wrappers,citeseer,R3,graph,1,1.6777432,0.0,1.6777432,1.6777432,0,NVIDIA A100-SXM4-80GB,auto
all,self_training,Wrappers,cora,R3,graph,1,1.7629937999999998,0.0,1.7629937999999998,1.7629937999999998,0,Tesla V100-SXM2-32GB,auto
all,self_training,Wrappers,pubmed,R3,graph,1,1.3724762,0.0,1.3724762,1.3724762,0,NVIDIA A100-SXM4-80GB,auto
all,setred,Wrappers,citeseer,R3,graph,1,1.6903832,0.0,1.6903832,1.6903832,0,NVIDIA A100-SXM4-80GB,auto
all,setred,Wrappers,cora,R3,graph,1,1.7607427999999998,0.0,1.7607427999999998,1.7607427999999998,0,Tesla V100-SXM2-32GB,auto
all,setred,Wrappers,pubmed,R3,graph,1,1.3870752000000002,0.0,1.3870752000000002,1.3870752000000002,0,NVIDIA A100-SXM4-80GB,auto
all,tri_training,Wrappers,citeseer,R3,graph,1,4.489842,0.0,4.489842,4.489842,0,NVIDIA A100-SXM4-80GB,auto
all,tri_training,Wrappers,cora,R3,graph,1,5.8301964,0.0,5.8301964,5.8301964,0,Tesla V100-SXM2-32GB,auto
all,tri_training,Wrappers,pubmed,R3,graph,1,3.4139704,0.0,3.4139704,3.4139704,0,NVIDIA A100-SXM4-80GB,auto
all,trinet,Wrappers,citeseer,R3,graph,1,2.375593,0.0,2.375593,2.375593,0,NVIDIA A100-SXM4-80GB,auto
all,trinet,Wrappers,cora,R3,graph,1,2.9668514,0.0,2.9668514,2.9668514,0,Tesla V100-SXM2-32GB,auto
all,trinet,Wrappers,pubmed,R3,graph,1,1.6596712,0.0,1.6596712,1.6596712,0,NVIDIA A100-SXM4-80GB,auto
all,supervised,Baseline,adult,R3,tabular,1,1.0603038,0.0,1.0603038,1.0603038,0,NVIDIA A100-SXM4-80GB,auto
all,supervised,Baseline,breast_cancer,R3,tabular,1,2.6286496,0.0,2.6286496,2.6286496,0,Tesla V100-SXM2-32GB,auto
all,supervised,Baseline,iris,R3,tabular,1,0.9020043999999998,0.0,0.9020043999999998,0.9020043999999998,0,NVIDIA A100-SXM4-80GB,auto
all,dynamic_label_propagation,Classical transductive,adult,R3,tabular,1,765.170287,0.0,765.170287,765.170287,0,Unknown,auto
all,dynamic_label_propagation,Classical transductive,breast_cancer,R3,tabular,1,2.448267,0.0,2.448267,2.448267,0,Unknown,auto
all,dynamic_label_propagation,Classical transductive,iris,R3,tabular,1,0.530553,0.0,0.530553,0.530553,0,Unknown,auto
all,graph_mincuts,Classical transductive,adult,R3,tabular,1,0.8872405999999999,0.0,0.8872405999999999,0.8872405999999999,0,CPU,auto
all,graph_mincuts,Classical transductive,breast_cancer,R3,tabular,1,1.579404,0.0,1.579404,1.579404,0,CPU,auto
all,graphhop,Classical transductive,adult,R3,tabular,1,14.6983748,0.0,14.6983748,14.6983748,0,Unknown,auto
all,graphhop,Classical transductive,breast_cancer,R3,tabular,1,18.7558908,0.0,18.7558908,18.7558908,0,Unknown,auto
all,graphhop,Classical transductive,iris,R3,tabular,1,10.9397278,0.0,10.9397278,10.9397278,0,Unknown,auto
all,label_propagation,Classical transductive,adult,R3,tabular,1,0.8170996,0.0,0.8170996,0.8170996,0,Unknown,auto
all,label_propagation,Classical transductive,breast_cancer,R3,tabular,1,2.0765762000000003,0.0,2.0765762000000003,2.0765762000000003,0,Unknown,auto
all,label_propagation,Classical transductive,iris,R3,tabular,1,0.533867,0.0,0.533867,0.533867,0,Unknown,auto
all,label_spreading,Classical transductive,adult,R3,tabular,1,0.736395,0.0,0.736395,0.736395,0,Unknown,auto
all,label_spreading,Classical transductive,breast_cancer,R3,tabular,1,1.888449,0.0,1.888449,1.888449,0,Unknown,auto
all,label_spreading,Classical transductive,iris,R3,tabular,1,0.5133835999999999,0.0,0.5133835999999999,0.5133835999999999,0,Unknown,auto
all,lazy_random_walk,Classical transductive,adult,R3,tabular,1,5.4193548,0.0,5.4193548,5.4193548,0,Unknown,auto
all,lazy_random_walk,Classical transductive,breast_cancer,R3,tabular,1,1.9565668000000003,0.0,1.9565668000000003,1.9565668000000003,0,Unknown,auto
all,mean_teacher,Consistency,adult,R3,tabular,1,38.390722600000004,0.0,38.390722600000004,38.390722600000004,0,NVIDIA A100-SXM4-80GB,auto
all,mean_teacher,Consistency,breast_cancer,R3,tabular,1,3.6697434,0.0,3.6697434,3.6697434,0,Tesla V100-SXM2-32GB,auto
all,mean_teacher,Consistency,iris,R3,tabular,1,0.9871268000000001,0.0,0.9871268000000001,0.9871268000000001,0,NVIDIA A100-SXM4-80GB,auto
all,pi_model,Consistency,adult,R3,tabular,1,36.276532200000005,0.0,36.276532200000005,36.276532200000005,0,NVIDIA A100-SXM4-80GB,auto
all,pi_model,Consistency,breast_cancer,R3,tabular,1,3.8518728,0.0,3.8518728,3.8518728,0,Tesla V100-SXM2-32GB,auto
all,pi_model,Consistency,iris,R3,tabular,1,0.9757884000000001,0.0,0.9757884000000001,0.9757884000000001,0,NVIDIA A100-SXM4-80GB,auto
all,temporal_ensembling,Consistency,adult,R3,tabular,1,41.3906522,0.0,41.3906522,41.3906522,0,NVIDIA A100-SXM4-80GB,auto
all,temporal_ensembling,Consistency,breast_cancer,R3,tabular,1,3.8689396,0.0,3.8689396,3.8689396,0,Tesla V100-SXM2-32GB,auto
all,temporal_ensembling,Consistency,iris,R3,tabular,1,1.0033113999999999,0.0,1.0033113999999999,1.0033113999999999,0,NVIDIA A100-SXM4-80GB,auto
all,vat,Consistency,adult,R3,tabular,1,48.9527758,0.0,48.9527758,48.9527758,0,NVIDIA A100-SXM4-80GB,auto
all,vat,Consistency,breast_cancer,R3,tabular,1,4.1514438,0.0,4.1514438,4.1514438,0,Tesla V100-SXM2-32GB,auto
all,vat,Consistency,iris,R3,tabular,1,1.0504584,0.0,1.0504584,1.0504584,0,NVIDIA A100-SXM4-80GB,auto
all,appnp,GNN,adult,R3,tabular,1,14.8872658,0.0,14.8872658,14.8872658,0,Unknown,auto
all,appnp,GNN,breast_cancer,R3,tabular,1,4.1446556,0.0,4.1446556,4.1446556,0,Unknown,auto
all,appnp,GNN,iris,R3,tabular,1,1.456287,0.0,1.456287,1.456287,0,Unknown,auto
all,chebnet,GNN,adult,R3,tabular,1,1.4275668,0.0,1.4275668,1.4275668,0,Unknown,auto
all,chebnet,GNN,breast_cancer,R3,tabular,1,3.1653005999999997,0.0,3.1653005999999997,3.1653005999999997,0,Unknown,auto
all,chebnet,GNN,iris,R3,tabular,1,1.2433618,0.0,1.2433618,1.2433618,0,Unknown,auto
all,gat,GNN,adult,R3,tabular,1,3.176967,0.0,3.176967,3.176967,0,Unknown,auto
all,gat,GNN,breast_cancer,R3,tabular,1,4.1789572,0.0,4.1789572,4.1789572,0,Unknown,auto
all,gat,GNN,iris,R3,tabular,1,1.6879058,0.0,1.6879058,1.6879058,0,Unknown,auto
all,gcn,GNN,adult,R3,tabular,1,1.2820202,0.0,1.2820202,1.2820202,0,Unknown,auto
all,gcn,GNN,breast_cancer,R3,tabular,1,2.9666330000000003,0.0,2.9666330000000003,2.9666330000000003,0,Unknown,auto
all,gcn,GNN,iris,R3,tabular,1,1.1099697999999998,0.0,1.1099697999999998,1.1099697999999998,0,Unknown,auto
all,gcnii,GNN,adult,R3,tabular,1,4.5648598,0.0,4.5648598,4.5648598,0,Unknown,auto
all,gcnii,GNN,breast_cancer,R3,tabular,1,4.4862428,0.0,4.4862428,4.4862428,0,Unknown,auto
all,gcnii,GNN,iris,R3,tabular,1,2.718178,0.0,2.718178,2.718178,0,Unknown,auto
all,grafn,GNN,adult,R3,tabular,1,4.086596800000001,0.0,4.086596800000001,4.086596800000001,0,Unknown,auto
all,grafn,GNN,breast_cancer,R3,tabular,1,3.6904808000000004,0.0,3.6904808000000004,3.6904808000000004,0,Unknown,auto
all,grafn,GNN,iris,R3,tabular,1,1.426955,0.0,1.426955,1.426955,0,Unknown,auto
all,grand,GNN,adult,R3,tabular,1,1.9114416000000003,0.0,1.9114416000000003,1.9114416000000003,0,Unknown,auto
all,grand,GNN,breast_cancer,R3,tabular,1,3.4628766,0.0,3.4628766,3.4628766,0,Unknown,auto
all,grand,GNN,iris,R3,tabular,1,1.6889220000000003,0.0,1.6889220000000003,1.6889220000000003,0,Unknown,auto
all,graphsage,GNN,adult,R3,tabular,1,1.2680938000000002,0.0,1.2680938000000002,1.2680938000000002,0,Unknown,auto
all,graphsage,GNN,breast_cancer,R3,tabular,1,3.1151166,0.0,3.1151166,3.1151166,0,Unknown,auto
all,graphsage,GNN,iris,R3,tabular,1,1.0741588,0.0,1.0741588,1.0741588,0,Unknown,auto
all,h_gcn,GNN,adult,R3,tabular,1,252.5432444,0.0,252.5432444,252.5432444,0,Unknown,auto
all,h_gcn,GNN,breast_cancer,R3,tabular,1,4.4135674,0.0,4.4135674,4.4135674,0,Unknown,auto
all,h_gcn,GNN,iris,R3,tabular,1,2.0125906000000002,0.0,2.0125906000000002,2.0125906000000002,0,Unknown,auto
all,n_gcn,GNN,adult,R3,tabular,1,161.68107700000002,0.0,161.68107700000002,161.68107700000002,0,Unknown,auto
all,n_gcn,GNN,breast_cancer,R3,tabular,1,4.487809400000001,0.0,4.487809400000001,4.487809400000001,0,Unknown,auto
all,n_gcn,GNN,iris,R3,tabular,1,2.3385696,0.0,2.3385696,2.3385696,0,Unknown,auto
all,planetoid,GNN,adult,R3,tabular,1,949.28178,0.0,949.28178,949.28178,0,Unknown,auto
all,planetoid,GNN,breast_cancer,R3,tabular,1,43.9585408,0.0,43.9585408,43.9585408,0,Unknown,auto
all,planetoid,GNN,iris,R3,tabular,1,2.5670906,0.0,2.5670906,2.5670906,0,Unknown,auto
all,sgc,GNN,adult,R3,tabular,1,1.6440604,0.0,1.6440604,1.6440604,0,Unknown,auto
all,sgc,GNN,breast_cancer,R3,tabular,1,2.758901,0.0,2.758901,2.758901,0,Unknown,auto
all,sgc,GNN,iris,R3,tabular,1,0.980253,0.0,0.980253,0.980253,0,Unknown,auto
all,adamatch,Hybrid,adult,R3,tabular,1,40.634946400000004,0.0,40.634946400000004,40.634946400000004,0,NVIDIA A100-SXM4-80GB,auto
all,adamatch,Hybrid,breast_cancer,R3,tabular,1,3.968759,0.0,3.968759,3.968759,0,Tesla V100-SXM2-32GB,auto
all,adamatch,Hybrid,iris,R3,tabular,1,2.4056866,0.0,2.4056866,2.4056866,0,NVIDIA A100-SXM4-80GB,auto
all,comatch,Hybrid,adult,R3,tabular,1,68.7527794,0.0,68.7527794,68.7527794,0,NVIDIA A100-SXM4-80GB,auto
all,comatch,Hybrid,breast_cancer,R3,tabular,1,4.411161,0.0,4.411161,4.411161,0,Tesla V100-SXM2-32GB,auto
all,comatch,Hybrid,iris,R3,tabular,1,1.1611922,0.0,1.1611922,1.1611922,0,NVIDIA A100-SXM4-80GB,auto
all,daso,Hybrid,adult,R3,tabular,1,55.3466188,0.0,55.3466188,55.3466188,0,NVIDIA A100-SXM4-80GB,auto
all,daso,Hybrid,breast_cancer,R3,tabular,1,3.9886734000000006,0.0,3.9886734000000006,3.9886734000000006,0,Tesla V100-SXM2-32GB,auto
all,daso,Hybrid,iris,R3,tabular,1,1.0482694,0.0,1.0482694,1.0482694,0,NVIDIA A100-SXM4-80GB,auto
all,defixmatch,Hybrid,adult,R3,tabular,1,48.454813200000004,0.0,48.454813200000004,48.454813200000004,0,NVIDIA A100-SXM4-80GB,auto
all,defixmatch,Hybrid,breast_cancer,R3,tabular,1,3.7915754,0.0,3.7915754,3.7915754,0,Tesla V100-SXM2-32GB,auto
all,defixmatch,Hybrid,iris,R3,tabular,1,1.0405104,0.0,1.0405104,1.0405104,0,NVIDIA A100-SXM4-80GB,auto
all,fixmatch,Hybrid,adult,R3,tabular,1,37.213631,0.0,37.213631,37.213631,0,NVIDIA A100-SXM4-80GB,auto
all,fixmatch,Hybrid,breast_cancer,R3,tabular,1,3.9094898000000002,0.0,3.9094898000000002,3.9094898000000002,0,Tesla V100-SXM2-32GB,auto
all,fixmatch,Hybrid,iris,R3,tabular,1,0.9847762,0.0,0.9847762,0.9847762,0,NVIDIA A100-SXM4-80GB,auto
all,flexmatch,Hybrid,adult,R3,tabular,1,49.7769842,0.0,49.7769842,49.7769842,0,NVIDIA A100-SXM4-80GB,auto
all,flexmatch,Hybrid,breast_cancer,R3,tabular,1,3.7781792000000003,0.0,3.7781792000000003,3.7781792000000003,0,Tesla V100-SXM2-32GB,auto
all,flexmatch,Hybrid,iris,R3,tabular,1,1.0120246,0.0,1.0120246,1.0120246,0,NVIDIA A100-SXM4-80GB,auto
all,free_match,Hybrid,adult,R3,tabular,1,56.083874800000004,0.0,56.083874800000004,56.083874800000004,0,NVIDIA A100-SXM4-80GB,auto
all,free_match,Hybrid,breast_cancer,R3,tabular,1,4.484827600000001,0.0,4.484827600000001,4.484827600000001,0,Tesla V100-SXM2-32GB,auto
all,free_match,Hybrid,iris,R3,tabular,1,1.092892,0.0,1.092892,1.092892,0,NVIDIA A100-SXM4-80GB,auto
all,meta_pseudo_labels,Hybrid,adult,R3,tabular,1,61.2653818,0.0,61.2653818,61.2653818,0,NVIDIA A100-SXM4-80GB,auto
all,meta_pseudo_labels,Hybrid,breast_cancer,R3,tabular,1,4.0403398,0.0,4.0403398,4.0403398,0,Tesla V100-SXM2-32GB,auto
all,meta_pseudo_labels,Hybrid,iris,R3,tabular,1,1.086186,0.0,1.086186,1.086186,0,NVIDIA A100-SXM4-80GB,auto
all,mixmatch,Hybrid,adult,R3,tabular,1,42.6070974,0.0,42.6070974,42.6070974,0,NVIDIA A100-SXM4-80GB,auto
all,mixmatch,Hybrid,breast_cancer,R3,tabular,1,4.0707698,0.0,4.0707698,4.0707698,0,Tesla V100-SXM2-32GB,auto
all,mixmatch,Hybrid,iris,R3,tabular,1,1.0113952,0.0,1.0113952,1.0113952,0,NVIDIA A100-SXM4-80GB,auto
all,noisy_student,Hybrid,adult,R3,tabular,1,37.731487,0.0,37.731487,37.731487,0,NVIDIA A100-SXM4-80GB,auto
all,noisy_student,Hybrid,breast_cancer,R3,tabular,1,4.003991600000001,0.0,4.003991600000001,4.003991600000001,0,Tesla V100-SXM2-32GB,auto
all,noisy_student,Hybrid,iris,R3,tabular,1,0.9877955999999999,0.0,0.9877955999999999,0.9877955999999999,0,NVIDIA A100-SXM4-80GB,auto
all,simclr_v2,Hybrid,adult,R3,tabular,1,21.025141,0.0,21.025141,21.025141,0,NVIDIA A100-SXM4-80GB,auto
all,simclr_v2,Hybrid,breast_cancer,R3,tabular,1,3.6888886,0.0,3.6888886,3.6888886,0,Tesla V100-SXM2-32GB,auto
all,simclr_v2,Hybrid,iris,R3,tabular,1,1.0023806,0.0,1.0023806,1.0023806,0,NVIDIA A100-SXM4-80GB,auto
all,softmatch,Hybrid,adult,R3,tabular,1,39.9834514,0.0,39.9834514,39.9834514,0,NVIDIA A100-SXM4-80GB,auto
all,softmatch,Hybrid,breast_cancer,R3,tabular,1,3.6415098,0.0,3.6415098,3.6415098,0,Tesla V100-SXM2-32GB,auto
all,softmatch,Hybrid,iris,R3,tabular,1,1.0108460000000001,0.0,1.0108460000000001,1.0108460000000001,0,NVIDIA A100-SXM4-80GB,auto
all,uda,Hybrid,adult,R3,tabular,1,37.9106702,0.0,37.9106702,37.9106702,0,NVIDIA A100-SXM4-80GB,auto
all,uda,Hybrid,breast_cancer,R3,tabular,1,3.8394883999999996,0.0,3.8394883999999996,3.8394883999999996,0,Tesla V100-SXM2-32GB,auto
all,uda,Hybrid,iris,R3,tabular,1,1.0149384,0.0,1.0149384,1.0149384,0,NVIDIA A100-SXM4-80GB,auto
all,adsh,Margin-based inductive,adult,R3,tabular,1,40.429137600000004,0.0,40.429137600000004,40.429137600000004,0,NVIDIA A100-SXM4-80GB,auto
all,adsh,Margin-based inductive,breast_cancer,R3,tabular,1,3.887792,0.0,3.887792,3.887792,0,Tesla V100-SXM2-32GB,auto
all,adsh,Margin-based inductive,iris,R3,tabular,1,1.0619704,0.0,1.0619704,1.0619704,0,NVIDIA A100-SXM4-80GB,auto
all,s4vm,Margin-based inductive,adult,R3,tabular,1,38.7716484,0.0,38.7716484,38.7716484,0,NVIDIA A100-SXM4-80GB,auto
all,s4vm,Margin-based inductive,breast_cancer,R3,tabular,1,4.8425214,0.0,4.8425214,4.8425214,0,Tesla V100-SXM2-32GB,auto
all,tsvm,Margin-based inductive,adult,R3,tabular,1,0.8360004,0.0,0.8360004,0.8360004,0,CPU,auto
all,tsvm,Margin-based inductive,breast_cancer,R3,tabular,1,1.683814,0.0,1.683814,1.683814,0,CPU,auto
all,laplace_learning,PDE/Variational,adult,R3,tabular,1,5.403233,0.0,5.403233,5.403233,0,Unknown,auto
all,laplace_learning,PDE/Variational,breast_cancer,R3,tabular,1,1.9034217999999998,0.0,1.9034217999999998,1.9034217999999998,0,Unknown,auto
all,laplace_learning,PDE/Variational,iris,R3,tabular,1,0.5412464,0.0,0.5412464,0.5412464,0,Unknown,auto
all,p_laplace_learning,PDE/Variational,adult,R3,tabular,1,10987.305530399999,0.0,10987.305530399999,10987.305530399999,0,CPU,auto
all,p_laplace_learning,PDE/Variational,breast_cancer,R3,tabular,1,32.743964399999996,0.0,32.743964399999996,32.743964399999996,0,CPU,auto
all,p_laplace_learning,PDE/Variational,iris,R3,tabular,1,0.5691227999999999,0.0,0.5691227999999999,0.5691227999999999,0,CPU,auto
all,poisson_learning,PDE/Variational,adult,R3,tabular,1,10.508823,0.0,10.508823,10.508823,0,Unknown,auto
all,poisson_learning,PDE/Variational,breast_cancer,R3,tabular,1,2.1403554,0.0,2.1403554,2.1403554,0,Unknown,auto
all,poisson_learning,PDE/Variational,iris,R3,tabular,1,0.6181016,0.0,0.6181016,0.6181016,0,Unknown,auto
all,poisson_mbo,PDE/Variational,adult,R3,tabular,1,55.9265784,0.0,55.9265784,55.9265784,0,CPU,auto
all,poisson_mbo,PDE/Variational,breast_cancer,R3,tabular,1,2.7774566,0.0,2.7774566,2.7774566,0,CPU,auto
all,poisson_mbo,PDE/Variational,iris,R3,tabular,1,0.7391824,0.0,0.7391824,0.7391824,0,CPU,auto
all,co_training,Wrappers,adult,R3,tabular,1,3.2096092,0.0,3.2096092,3.2096092,0,NVIDIA A100-SXM4-80GB,auto
all,co_training,Wrappers,breast_cancer,R3,tabular,1,5.9807182,0.0,5.9807182,5.9807182,0,Tesla V100-SXM2-32GB,auto
all,co_training,Wrappers,iris,R3,tabular,1,2.8762385999999998,0.0,2.8762385999999998,2.8762385999999998,0,NVIDIA A100-SXM4-80GB,auto
all,deep_co_training,Wrappers,adult,R3,tabular,1,84.475294,0.0,84.475294,84.475294,0,NVIDIA A100-SXM4-80GB,auto
all,deep_co_training,Wrappers,breast_cancer,R3,tabular,1,5.0210756,0.0,5.0210756,5.0210756,0,Tesla V100-SXM2-32GB,auto
all,deep_co_training,Wrappers,iris,R3,tabular,1,1.1515786000000001,0.0,1.1515786000000001,1.1515786000000001,0,NVIDIA A100-SXM4-80GB,auto
all,democratic_co_learning,Wrappers,adult,R3,tabular,1,161.7191872,0.0,161.7191872,161.7191872,0,NVIDIA A100-SXM4-80GB,auto
all,democratic_co_learning,Wrappers,breast_cancer,R3,tabular,1,4.5783830000000005,0.0,4.5783830000000005,4.5783830000000005,0,Tesla V100-SXM2-32GB,auto
all,democratic_co_learning,Wrappers,iris,R3,tabular,1,1.5685837999999999,0.0,1.5685837999999999,1.5685837999999999,0,NVIDIA A100-SXM4-80GB,auto
all,pseudo_label,Wrappers,adult,R3,tabular,1,62.2523506,0.0,62.2523506,62.2523506,0,NVIDIA A100-SXM4-80GB,auto
all,pseudo_label,Wrappers,breast_cancer,R3,tabular,1,4.6957436,0.0,4.6957436,4.6957436,0,Tesla V100-SXM2-32GB,auto
all,pseudo_label,Wrappers,iris,R3,tabular,1,1.0519112000000002,0.0,1.0519112000000002,1.0519112000000002,0,NVIDIA A100-SXM4-80GB,auto
all,self_training,Wrappers,adult,R3,tabular,1,62.571918200000006,0.0,62.571918200000006,62.571918200000006,0,NVIDIA A100-SXM4-80GB,auto
all,self_training,Wrappers,breast_cancer,R3,tabular,1,4.3426054,0.0,4.3426054,4.3426054,0,Tesla V100-SXM2-32GB,auto
all,self_training,Wrappers,iris,R3,tabular,1,1.064486,0.0,1.064486,1.064486,0,NVIDIA A100-SXM4-80GB,auto
all,setred,Wrappers,adult,R3,tabular,1,2.0495446,0.0,2.0495446,2.0495446,0,NVIDIA A100-SXM4-80GB,auto
all,setred,Wrappers,breast_cancer,R3,tabular,1,5.3425272,0.0,5.3425272,5.3425272,0,Tesla V100-SXM2-32GB,auto
all,setred,Wrappers,iris,R3,tabular,1,1.1463804,0.0,1.1463804,1.1463804,0,NVIDIA A100-SXM4-80GB,auto
all,tri_training,Wrappers,adult,R3,tabular,1,326.3281004,0.0,326.3281004,326.3281004,0,NVIDIA A100-SXM4-80GB,auto
all,tri_training,Wrappers,breast_cancer,R3,tabular,1,7.0754544,0.0,7.0754544,7.0754544,0,Tesla V100-SXM2-32GB,auto
all,tri_training,Wrappers,iris,R3,tabular,1,1.8788538,0.0,1.8788538,1.8788538,0,NVIDIA A100-SXM4-80GB,auto
all,trinet,Wrappers,adult,R3,tabular,1,668.7274744,0.0,668.7274744,668.7274744,0,NVIDIA A100-SXM4-80GB,auto
all,trinet,Wrappers,breast_cancer,R3,tabular,1,17.632516799999998,0.0,17.632516799999998,17.632516799999998,0,Tesla V100-SXM2-32GB,auto
all,trinet,Wrappers,iris,R3,tabular,1,3.0838054,0.0,3.0838054,3.0838054,0,NVIDIA A100-SXM4-80GB,auto
all,supervised,Baseline,ag_news,R3,text,1,5.1710768,0.0,5.1710768,5.1710768,0,NVIDIA A100-SXM4-80GB,auto
all,supervised,Baseline,imdb,R3,text,1,2.1020738000000003,0.0,2.1020738000000003,2.1020738000000003,0,NVIDIA A100-SXM4-80GB,auto
all,dynamic_label_propagation,Classical transductive,imdb,R3,text,1,826.2081718,0.0,826.2081718,826.2081718,0,Unknown,auto
all,graph_mincuts,Classical transductive,imdb,R3,text,1,15.354453799999998,0.0,15.354453799999998,15.354453799999998,0,CPU,auto
all,graphhop,Classical transductive,ag_news,R3,text,1,20.154991,0.0,20.154991,20.154991,0,Unknown,auto
all,graphhop,Classical transductive,imdb,R3,text,1,24.2114212,0.0,24.2114212,24.2114212,0,Unknown,auto
all,label_propagation,Classical transductive,ag_news,R3,text,1,1.474731,0.0,1.474731,1.474731,0,Unknown,auto
all,label_propagation,Classical transductive,imdb,R3,text,1,1.0123492,0.0,1.0123492,1.0123492,0,Unknown,auto
all,label_spreading,Classical transductive,ag_news,R3,text,1,1.381705,0.0,1.381705,1.381705,0,Unknown,auto
all,label_spreading,Classical transductive,imdb,R3,text,1,0.8955578,0.0,0.8955578,0.8955578,0,Unknown,auto
all,lazy_random_walk,Classical transductive,imdb,R3,text,1,20.2797614,0.0,20.2797614,20.2797614,0,Unknown,auto
all,mean_teacher,Consistency,ag_news,R3,text,1,600.227463,0.0,600.227463,600.227463,0,NVIDIA A100-SXM4-80GB,auto
all,mean_teacher,Consistency,imdb,R3,text,1,123.46426360000001,0.0,123.46426360000001,123.46426360000001,0,NVIDIA A100-SXM4-80GB,auto
all,pi_model,Consistency,ag_news,R3,text,1,596.7807576,0.0,596.7807576,596.7807576,0,NVIDIA A100-SXM4-80GB,auto
all,pi_model,Consistency,imdb,R3,text,1,122.63052239999999,0.0,122.63052239999999,122.63052239999999,0,NVIDIA A100-SXM4-80GB,auto
all,temporal_ensembling,Consistency,ag_news,R3,text,1,750.4371553999999,0.0,750.4371553999999,750.4371553999999,0,NVIDIA A100-SXM4-80GB,auto
all,temporal_ensembling,Consistency,imdb,R3,text,1,152.98752359999997,0.0,152.98752359999997,152.98752359999997,0,NVIDIA A100-SXM4-80GB,auto
all,vat,Consistency,ag_news,R3,text,1,827.332606,0.0,827.332606,827.332606,0,NVIDIA A100-SXM4-80GB,auto
all,vat,Consistency,imdb,R3,text,1,169.91830399999998,0.0,169.91830399999998,169.91830399999998,0,NVIDIA A100-SXM4-80GB,auto
all,appnp,GNN,ag_news,R3,text,1,79.336539,0.0,79.336539,79.336539,0,Unknown,auto
all,appnp,GNN,imdb,R3,text,1,15.9347038,0.0,15.9347038,15.9347038,0,Unknown,auto
all,chebnet,GNN,ag_news,R3,text,1,82.690849,0.0,82.690849,82.690849,0,Unknown,auto
all,chebnet,GNN,imdb,R3,text,1,1.6261942,0.0,1.6261942,1.6261942,0,Unknown,auto
all,gat,GNN,ag_news,R3,text,1,21.235568,0.0,21.235568,21.235568,0,Unknown,auto
all,gat,GNN,imdb,R3,text,1,3.0088104,0.0,3.0088104,3.0088104,0,Unknown,auto
all,gcn,GNN,ag_news,R3,text,1,16.221908,0.0,16.221908,16.221908,0,Unknown,auto
all,gcn,GNN,imdb,R3,text,1,1.500778,0.0,1.500778,1.500778,0,Unknown,auto
all,gcnii,GNN,ag_news,R3,text,1,33.578536,0.0,33.578536,33.578536,0,Unknown,auto
all,gcnii,GNN,imdb,R3,text,1,5.844393,0.0,5.844393,5.844393,0,Unknown,auto
all,grafn,GNN,ag_news,R3,text,1,28.116752,0.0,28.116752,28.116752,0,Unknown,auto
all,grafn,GNN,imdb,R3,text,1,3.2434004,0.0,3.2434004,3.2434004,0,Unknown,auto
all,grand,GNN,ag_news,R3,text,1,8.273104,0.0,8.273104,8.273104,0,Unknown,auto
all,grand,GNN,imdb,R3,text,1,2.1120266,0.0,2.1120266,2.1120266,0,Unknown,auto
all,graphsage,GNN,ag_news,R3,text,1,3.328236,0.0,3.328236,3.328236,0,Unknown,auto
all,graphsage,GNN,imdb,R3,text,1,1.4404794,0.0,1.4404794,1.4404794,0,Unknown,auto
all,h_gcn,GNN,imdb,R3,text,1,256.27543219999995,0.0,256.27543219999995,256.27543219999995,0,Unknown,auto
all,n_gcn,GNN,imdb,R3,text,1,177.87978379999998,0.0,177.87978379999998,177.87978379999998,0,Unknown,auto
all,planetoid,GNN,ag_news,R3,text,1,4233.365791,0.0,4233.365791,4233.365791,0,Unknown,auto
all,planetoid,GNN,imdb,R3,text,1,995.1048871999999,0.0,995.1048871999999,995.1048871999999,0,Unknown,auto
all,sgc,GNN,ag_news,R3,text,1,2.679291,0.0,2.679291,2.679291,0,Unknown,auto
all,sgc,GNN,imdb,R3,text,1,2.6800138000000002,0.0,2.6800138000000002,2.6800138000000002,0,Unknown,auto
all,adamatch,Hybrid,ag_news,R3,text,1,612.7567455999999,0.0,612.7567455999999,612.7567455999999,0,NVIDIA A100-SXM4-80GB,auto
all,adamatch,Hybrid,imdb,R3,text,1,130.1132508,0.0,130.1132508,130.1132508,0,NVIDIA A100-SXM4-80GB,auto
all,comatch,Hybrid,ag_news,R3,text,1,945.1144058,0.0,945.1144058,945.1144058,0,NVIDIA A100-SXM4-80GB,auto
all,comatch,Hybrid,imdb,R3,text,1,193.7053118,0.0,193.7053118,193.7053118,0,NVIDIA A100-SXM4-80GB,auto
all,daso,Hybrid,ag_news,R3,text,1,744.2467874,0.0,744.2467874,744.2467874,0,NVIDIA A100-SXM4-80GB,auto
all,daso,Hybrid,imdb,R3,text,1,146.6763558,0.0,146.6763558,146.6763558,0,NVIDIA A100-SXM4-80GB,auto
all,defixmatch,Hybrid,ag_news,R3,text,1,747.855426,0.0,747.855426,747.855426,0,NVIDIA A100-SXM4-80GB,auto
all,defixmatch,Hybrid,imdb,R3,text,1,151.2506252,0.0,151.2506252,151.2506252,0,NVIDIA A100-SXM4-80GB,auto
all,fixmatch,Hybrid,ag_news,R3,text,1,601.6267518000001,0.0,601.6267518000001,601.6267518000001,0,NVIDIA A100-SXM4-80GB,auto
all,fixmatch,Hybrid,imdb,R3,text,1,122.93673960000001,0.0,122.93673960000001,122.93673960000001,0,NVIDIA A100-SXM4-80GB,auto
all,flexmatch,Hybrid,ag_news,R3,text,1,638.7352758,0.0,638.7352758,638.7352758,0,NVIDIA A100-SXM4-80GB,auto
all,flexmatch,Hybrid,imdb,R3,text,1,127.00150699999999,0.0,127.00150699999999,127.00150699999999,0,NVIDIA A100-SXM4-80GB,auto
all,free_match,Hybrid,ag_news,R3,text,1,658.598075,0.0,658.598075,658.598075,0,NVIDIA A100-SXM4-80GB,auto
all,free_match,Hybrid,imdb,R3,text,1,136.2526554,0.0,136.2526554,136.2526554,0,NVIDIA A100-SXM4-80GB,auto
all,meta_pseudo_labels,Hybrid,ag_news,R3,text,1,1581.4017675999999,0.0,1581.4017675999999,1581.4017675999999,0,NVIDIA A100-SXM4-80GB,auto
all,meta_pseudo_labels,Hybrid,imdb,R3,text,1,206.6142044,0.0,206.6142044,206.6142044,0,NVIDIA A100-SXM4-80GB,auto
all,mixmatch,Hybrid,ag_news,R3,text,1,999.3457775999999,0.0,999.3457775999999,999.3457775999999,0,NVIDIA A100-SXM4-80GB,auto
all,mixmatch,Hybrid,imdb,R3,text,1,205.4039272,0.0,205.4039272,205.4039272,0,NVIDIA A100-SXM4-80GB,auto
all,noisy_student,Hybrid,ag_news,R3,text,1,615.2271496,0.0,615.2271496,615.2271496,0,NVIDIA A100-SXM4-80GB,auto
all,noisy_student,Hybrid,imdb,R3,text,1,126.60677419999999,0.0,126.60677419999999,126.60677419999999,0,NVIDIA A100-SXM4-80GB,auto
all,simclr_v2,Hybrid,ag_news,R3,text,1,385.41588540000004,0.0,385.41588540000004,385.41588540000004,0,NVIDIA A100-SXM4-80GB,auto
all,simclr_v2,Hybrid,imdb,R3,text,1,56.521848399999996,0.0,56.521848399999996,56.521848399999996,0,NVIDIA A100-SXM4-80GB,auto
all,softmatch,Hybrid,ag_news,R3,text,1,609.6293880000001,0.0,609.6293880000001,609.6293880000001,0,NVIDIA A100-SXM4-80GB,auto
all,softmatch,Hybrid,imdb,R3,text,1,124.9370446,0.0,124.9370446,124.9370446,0,NVIDIA A100-SXM4-80GB,auto
all,uda,Hybrid,ag_news,R3,text,1,613.273859,0.0,613.273859,613.273859,0,NVIDIA A100-SXM4-80GB,auto
all,uda,Hybrid,imdb,R3,text,1,123.554696,0.0,123.554696,123.554696,0,NVIDIA A100-SXM4-80GB,auto
all,adsh,Margin-based inductive,ag_news,R3,text,1,724.457882,0.0,724.457882,724.457882,0,NVIDIA A100-SXM4-80GB,auto
all,adsh,Margin-based inductive,imdb,R3,text,1,148.794512,0.0,148.794512,148.794512,0,NVIDIA A100-SXM4-80GB,auto
all,tsvm,Margin-based inductive,imdb,R3,text,1,1.124603,0.0,1.124603,1.124603,0,CPU,auto
all,laplace_learning,PDE/Variational,imdb,R3,text,1,5.8974916,0.0,5.8974916,5.8974916,0,Unknown,auto
all,p_laplace_learning,PDE/Variational,ag_news,R3,text,1,38165.030654,0.0,38165.030654,38165.030654,0,CPU,auto
all,p_laplace_learning,PDE/Variational,imdb,R3,text,1,3443.2147288,0.0,3443.2147288,3443.2147288,0,CPU,auto
all,poisson_learning,PDE/Variational,ag_news,R3,text,1,42.40517,0.0,42.40517,42.40517,0,Unknown,auto
all,poisson_learning,PDE/Variational,imdb,R3,text,1,1.5317316,0.0,1.5317316,1.5317316,0,Unknown,auto
all,poisson_mbo,PDE/Variational,ag_news,R3,text,1,156.218155,0.0,156.218155,156.218155,0,CPU,auto
all,poisson_mbo,PDE/Variational,imdb,R3,text,1,61.1408672,0.0,61.1408672,61.1408672,0,CPU,auto
all,co_training,Wrappers,ag_news,R3,text,1,3.4370624,0.0,3.4370624,3.4370624,0,Unknown,auto
all,co_training,Wrappers,imdb,R3,text,1,29.4769382,0.0,29.4769382,29.4769382,0,Unknown,auto
all,deep_co_training,Wrappers,ag_news,R3,text,1,1380.700227,0.0,1380.700227,1380.700227,0,NVIDIA A100-SXM4-80GB,auto
all,deep_co_training,Wrappers,imdb,R3,text,1,281.7387056,0.0,281.7387056,281.7387056,0,NVIDIA A100-SXM4-80GB,auto
all,setred,Wrappers,ag_news,R3,text,1,1.0111272,0.0,1.0111272,1.0111272,0,Unknown,auto
all,setred,Wrappers,imdb,R3,text,1,1.7756671999999998,0.0,1.7756671999999998,1.7756671999999998,0,Unknown,auto
all,supervised,Baseline,cifar10,R3,vision,1,2.3895206,0.0,2.3895206,2.3895206,0,NVIDIA A100-SXM4-80GB,auto
all,supervised,Baseline,cifar100,R3,vision,1,2.1971982,0.0,2.1971982,2.1971982,0,NVIDIA A100-SXM4-80GB,auto
all,supervised,Baseline,mnist,R3,vision,1,2.5977536,0.0,2.5977536,2.5977536,0,NVIDIA A100-SXM4-80GB,auto
all,graph_mincuts,Classical transductive,cifar100,R3,vision,1,0.4094042,0.0,0.4094042,0.4094042,0,CPU,auto
all,graph_mincuts,Classical transductive,mnist,R3,vision,1,0.42375100000000004,0.0,0.42375100000000004,0.42375100000000004,0,CPU,auto
all,graphhop,Classical transductive,cifar10,R3,vision,1,16.545007,0.0,16.545007,16.545007,0,Unknown,auto
all,graphhop,Classical transductive,cifar100,R3,vision,1,30.882245,0.0,30.882245,30.882245,0,Unknown,auto
all,graphhop,Classical transductive,mnist,R3,vision,1,16.9699468,0.0,16.9699468,16.9699468,0,Unknown,auto
all,label_propagation,Classical transductive,cifar10,R3,vision,1,0.794416,0.0,0.794416,0.794416,0,Unknown,auto
all,label_propagation,Classical transductive,cifar100,R3,vision,1,1.0028312,0.0,1.0028312,1.0028312,0,Unknown,auto
all,label_propagation,Classical transductive,mnist,R3,vision,1,0.9727332000000001,0.0,0.9727332000000001,0.9727332000000001,0,Unknown,auto
all,label_spreading,Classical transductive,cifar10,R3,vision,1,0.679316,0.0,0.679316,0.679316,0,Unknown,auto
all,label_spreading,Classical transductive,cifar100,R3,vision,1,0.6879137999999999,0.0,0.6879137999999999,0.6879137999999999,0,Unknown,auto
all,label_spreading,Classical transductive,mnist,R3,vision,1,0.5149438,0.0,0.5149438,0.5149438,0,Unknown,auto
all,lazy_random_walk,Classical transductive,cifar100,R3,vision,1,0.39479319999999996,0.0,0.39479319999999996,0.39479319999999996,0,Unknown,auto
all,lazy_random_walk,Classical transductive,mnist,R3,vision,1,0.657513,0.0,0.657513,0.657513,0,Unknown,auto
all,mean_teacher,Consistency,cifar10,R3,vision,1,266.953367,0.0,266.953367,266.953367,0,NVIDIA A100-SXM4-80GB,auto
all,mean_teacher,Consistency,cifar100,R3,vision,1,254.946748,0.0,254.946748,254.946748,0,NVIDIA A100-SXM4-80GB,auto
all,mean_teacher,Consistency,mnist,R3,vision,1,309.8181994,0.0,309.8181994,309.8181994,0,NVIDIA A100-SXM4-80GB,auto
all,pi_model,Consistency,cifar10,R3,vision,1,282.8607618,0.0,282.8607618,282.8607618,0,NVIDIA A100-SXM4-80GB,auto
all,pi_model,Consistency,cifar100,R3,vision,1,261.492908,0.0,261.492908,261.492908,0,NVIDIA A100-SXM4-80GB,auto
all,pi_model,Consistency,mnist,R3,vision,1,347.63737860000003,0.0,347.63737860000003,347.63737860000003,0,NVIDIA A100-SXM4-80GB,auto
all,temporal_ensembling,Consistency,cifar10,R3,vision,1,299.2455786,0.0,299.2455786,299.2455786,0,NVIDIA A100-SXM4-80GB,auto
all,temporal_ensembling,Consistency,cifar100,R3,vision,1,289.1740638,0.0,289.1740638,289.1740638,0,NVIDIA A100-SXM4-80GB,auto
all,temporal_ensembling,Consistency,mnist,R3,vision,1,370.0877,0.0,370.0877,370.0877,0,NVIDIA A100-SXM4-80GB,auto
all,vat,Consistency,cifar10,R3,vision,1,377.0753472,0.0,377.0753472,377.0753472,0,NVIDIA A100-SXM4-80GB,auto
all,vat,Consistency,cifar100,R3,vision,1,358.915369,0.0,358.915369,358.915369,0,NVIDIA A100-SXM4-80GB,auto
all,vat,Consistency,mnist,R3,vision,1,439.80538479999996,0.0,439.80538479999996,439.80538479999996,0,NVIDIA A100-SXM4-80GB,auto
all,appnp,GNN,cifar10,R3,vision,1,26.3574,0.0,26.3574,26.3574,0,Unknown,auto
all,appnp,GNN,cifar100,R3,vision,1,27.182070799999998,0.0,27.182070799999998,27.182070799999998,0,Unknown,auto
all,appnp,GNN,mnist,R3,vision,1,1.6489996000000002,0.0,1.6489996000000002,1.6489996000000002,0,Unknown,auto
all,chebnet,GNN,cifar10,R3,vision,1,3.839889,0.0,3.839889,3.839889,0,Unknown,auto
all,chebnet,GNN,cifar100,R3,vision,1,3.2362242,0.0,3.2362242,3.2362242,0,Unknown,auto
all,chebnet,GNN,mnist,R3,vision,1,3.4408782,0.0,3.4408782,3.4408782,0,Unknown,auto
all,gat,GNN,cifar10,R3,vision,1,4.296054,0.0,4.296054,4.296054,0,Unknown,auto
all,gat,GNN,cifar100,R3,vision,1,4.0396842,0.0,4.0396842,4.0396842,0,Unknown,auto
all,gat,GNN,mnist,R3,vision,1,3.9776283999999995,0.0,3.9776283999999995,3.9776283999999995,0,Unknown,auto
all,gcn,GNN,cifar10,R3,vision,1,2.42952,0.0,2.42952,2.42952,0,Unknown,auto
all,gcn,GNN,cifar100,R3,vision,1,1.3378828,0.0,1.3378828,1.3378828,0,Unknown,auto
all,gcn,GNN,mnist,R3,vision,1,1.1153784,0.0,1.1153784,1.1153784,0,Unknown,auto
all,gcnii,GNN,cifar10,R3,vision,1,9.276538,0.0,9.276538,9.276538,0,Unknown,auto
all,gcnii,GNN,cifar100,R3,vision,1,6.0925644,0.0,6.0925644,6.0925644,0,Unknown,auto
all,gcnii,GNN,mnist,R3,vision,1,8.3796944,0.0,8.3796944,8.3796944,0,Unknown,auto
all,grafn,GNN,cifar10,R3,vision,1,5.097146,0.0,5.097146,5.097146,0,Unknown,auto
all,grafn,GNN,cifar100,R3,vision,1,4.0073282,0.0,4.0073282,4.0073282,0,Unknown,auto
all,grafn,GNN,mnist,R3,vision,1,6.646313999999999,0.0,6.646313999999999,6.646313999999999,0,Unknown,auto
all,grand,GNN,cifar10,R3,vision,1,14.077974,0.0,14.077974,14.077974,0,Unknown,auto
all,grand,GNN,cifar100,R3,vision,1,18.974795800000003,0.0,18.974795800000003,18.974795800000003,0,Unknown,auto
all,grand,GNN,mnist,R3,vision,1,31.662753400000003,0.0,31.662753400000003,31.662753400000003,0,Unknown,auto
all,graphsage,GNN,cifar10,R3,vision,1,6.585875,0.0,6.585875,6.585875,0,Unknown,auto
all,graphsage,GNN,cifar100,R3,vision,1,1.957225,0.0,1.957225,1.957225,0,Unknown,auto
all,graphsage,GNN,mnist,R3,vision,1,2.1913588,0.0,2.1913588,2.1913588,0,Unknown,auto
all,h_gcn,GNN,cifar100,R3,vision,1,518.0962907999999,0.0,518.0962907999999,518.0962907999999,0,Unknown,auto
all,planetoid,GNN,cifar10,R3,vision,1,1288.227765,0.0,1288.227765,1288.227765,0,Unknown,auto
all,planetoid,GNN,cifar100,R3,vision,1,1305.177611,0.0,1305.177611,1305.177611,0,Unknown,auto
all,planetoid,GNN,mnist,R3,vision,1,1592.7631832000002,0.0,1592.7631832000002,1592.7631832000002,0,Unknown,auto
all,sgc,GNN,cifar10,R3,vision,1,2.246212,0.0,2.246212,2.246212,0,Unknown,auto
all,sgc,GNN,cifar100,R3,vision,1,5.834072,0.0,5.834072,5.834072,0,Unknown,auto
all,sgc,GNN,mnist,R3,vision,1,0.7904846,0.0,0.7904846,0.7904846,0,Unknown,auto
all,adamatch,Hybrid,cifar10,R3,vision,1,282.416376,0.0,282.416376,282.416376,0,NVIDIA A100-SXM4-80GB,auto
all,adamatch,Hybrid,cifar100,R3,vision,1,272.560033,0.0,272.560033,272.560033,0,NVIDIA A100-SXM4-80GB,auto
all,adamatch,Hybrid,mnist,R3,vision,1,335.0277346,0.0,335.0277346,335.0277346,0,NVIDIA A100-SXM4-80GB,auto
all,comatch,Hybrid,cifar10,R3,vision,1,391.961756,0.0,391.961756,391.961756,0,NVIDIA A100-SXM4-80GB,auto
all,comatch,Hybrid,cifar100,R3,vision,1,384.680078,0.0,384.680078,384.680078,0,NVIDIA A100-SXM4-80GB,auto
all,comatch,Hybrid,mnist,R3,vision,1,495.8944778,0.0,495.8944778,495.8944778,0,NVIDIA A100-SXM4-80GB,auto
all,daso,Hybrid,cifar10,R3,vision,1,355.577912,0.0,355.577912,355.577912,0,NVIDIA A100-SXM4-80GB,auto
all,daso,Hybrid,cifar100,R3,vision,1,512.833004,0.0,512.833004,512.833004,0,NVIDIA A100-SXM4-80GB,auto
all,daso,Hybrid,mnist,R3,vision,1,445.73317660000004,0.0,445.73317660000004,445.73317660000004,0,NVIDIA A100-SXM4-80GB,auto
all,defixmatch,Hybrid,cifar10,R3,vision,1,369.684361,0.0,369.684361,369.684361,0,NVIDIA A100-SXM4-80GB,auto
all,defixmatch,Hybrid,cifar100,R3,vision,1,357.0890224,0.0,357.0890224,357.0890224,0,NVIDIA A100-SXM4-80GB,auto
all,defixmatch,Hybrid,mnist,R3,vision,1,458.9533404,0.0,458.9533404,458.9533404,0,NVIDIA A100-SXM4-80GB,auto
all,fixmatch,Hybrid,cifar10,R3,vision,1,271.637851,0.0,271.637851,271.637851,0,NVIDIA A100-SXM4-80GB,auto
all,fixmatch,Hybrid,cifar100,R3,vision,1,259.9499812,0.0,259.9499812,259.9499812,0,NVIDIA A100-SXM4-80GB,auto
all,fixmatch,Hybrid,mnist,R3,vision,1,332.8947194,0.0,332.8947194,332.8947194,0,NVIDIA A100-SXM4-80GB,auto
all,flexmatch,Hybrid,cifar10,R3,vision,1,342.66342,0.0,342.66342,342.66342,0,NVIDIA A100-SXM4-80GB,auto
all,flexmatch,Hybrid,cifar100,R3,vision,1,332.13505100000003,0.0,332.13505100000003,332.13505100000003,0,NVIDIA A100-SXM4-80GB,auto
all,flexmatch,Hybrid,mnist,R3,vision,1,370.481666,0.0,370.481666,370.481666,0,NVIDIA A100-SXM4-80GB,auto
all,free_match,Hybrid,cifar10,R3,vision,1,305.467318,0.0,305.467318,305.467318,0,NVIDIA A100-SXM4-80GB,auto
all,free_match,Hybrid,cifar100,R3,vision,1,284.7252714,0.0,284.7252714,284.7252714,0,NVIDIA A100-SXM4-80GB,auto
all,free_match,Hybrid,mnist,R3,vision,1,345.9438884,0.0,345.9438884,345.9438884,0,NVIDIA A100-SXM4-80GB,auto
all,meta_pseudo_labels,Hybrid,cifar10,R3,vision,1,494.2177894,0.0,494.2177894,494.2177894,0,NVIDIA A100-SXM4-80GB,auto
all,meta_pseudo_labels,Hybrid,cifar100,R3,vision,1,472.4357446,0.0,472.4357446,472.4357446,0,NVIDIA A100-SXM4-80GB,auto
all,meta_pseudo_labels,Hybrid,mnist,R3,vision,1,594.4125750000001,0.0,594.4125750000001,594.4125750000001,0,NVIDIA A100-SXM4-80GB,auto
all,mixmatch,Hybrid,cifar10,R3,vision,1,238.0107348,0.0,238.0107348,238.0107348,0,NVIDIA A100-SXM4-80GB,auto
all,mixmatch,Hybrid,cifar100,R3,vision,1,225.76500240000001,0.0,225.76500240000001,225.76500240000001,0,NVIDIA A100-SXM4-80GB,auto
all,mixmatch,Hybrid,mnist,R3,vision,1,289.4209672,0.0,289.4209672,289.4209672,0,NVIDIA A100-SXM4-80GB,auto
all,noisy_student,Hybrid,cifar10,R3,vision,1,256.4768556,0.0,256.4768556,256.4768556,0,NVIDIA A100-SXM4-80GB,auto
all,noisy_student,Hybrid,cifar100,R3,vision,1,237.821148,0.0,237.821148,237.821148,0,NVIDIA A100-SXM4-80GB,auto
all,noisy_student,Hybrid,mnist,R3,vision,1,301.69227620000004,0.0,301.69227620000004,301.69227620000004,0,NVIDIA A100-SXM4-80GB,auto
all,simclr_v2,Hybrid,cifar10,R3,vision,1,130.76655499999998,0.0,130.76655499999998,130.76655499999998,0,NVIDIA A100-SXM4-80GB,auto
all,simclr_v2,Hybrid,cifar100,R3,vision,1,107.58131699999998,0.0,107.58131699999998,107.58131699999998,0,NVIDIA A100-SXM4-80GB,auto
all,simclr_v2,Hybrid,mnist,R3,vision,1,131.2561172,0.0,131.2561172,131.2561172,0,NVIDIA A100-SXM4-80GB,auto
all,softmatch,Hybrid,cifar10,R3,vision,1,275.2731824,0.0,275.2731824,275.2731824,0,NVIDIA A100-SXM4-80GB,auto
all,softmatch,Hybrid,cifar100,R3,vision,1,261.70917199999997,0.0,261.70917199999997,261.70917199999997,0,NVIDIA A100-SXM4-80GB,auto
all,softmatch,Hybrid,mnist,R3,vision,1,344.18495,0.0,344.18495,344.18495,0,NVIDIA A100-SXM4-80GB,auto
all,uda,Hybrid,cifar10,R3,vision,1,272.0218342,0.0,272.0218342,272.0218342,0,NVIDIA A100-SXM4-80GB,auto
all,uda,Hybrid,cifar100,R3,vision,1,280.4382112,0.0,280.4382112,280.4382112,0,NVIDIA A100-SXM4-80GB,auto
all,uda,Hybrid,mnist,R3,vision,1,326.2251546,0.0,326.2251546,326.2251546,0,NVIDIA A100-SXM4-80GB,auto
all,adsh,Margin-based inductive,cifar10,R3,vision,1,304.907328,0.0,304.907328,304.907328,0,NVIDIA A100-SXM4-80GB,auto
all,adsh,Margin-based inductive,cifar100,R3,vision,1,356.614303,0.0,356.614303,356.614303,0,NVIDIA A100-SXM4-80GB,auto
all,adsh,Margin-based inductive,mnist,R3,vision,1,378.49401739999996,0.0,378.49401739999996,378.49401739999996,0,NVIDIA A100-SXM4-80GB,auto
all,laplace_learning,PDE/Variational,cifar100,R3,vision,1,78.8707424,0.0,78.8707424,78.8707424,0,Unknown,auto
all,laplace_learning,PDE/Variational,mnist,R3,vision,1,13.6729958,0.0,13.6729958,13.6729958,0,Unknown,auto
all,poisson_learning,PDE/Variational,cifar10,R3,vision,1,44.838155,0.0,44.838155,44.838155,0,Unknown,auto
all,poisson_learning,PDE/Variational,cifar100,R3,vision,1,443.183553,0.0,443.183553,443.183553,0,Unknown,auto
all,poisson_learning,PDE/Variational,mnist,R3,vision,1,56.203171399999995,0.0,56.203171399999995,56.203171399999995,0,Unknown,auto
all,poisson_mbo,PDE/Variational,cifar10,R3,vision,1,124.051754,0.0,124.051754,124.051754,0,CPU,auto
all,poisson_mbo,PDE/Variational,cifar100,R3,vision,1,947.475879,0.0,947.475879,947.475879,0,CPU,auto
all,poisson_mbo,PDE/Variational,mnist,R3,vision,1,162.03283140000002,0.0,162.03283140000002,162.03283140000002,0,CPU,auto
all,co_training,Wrappers,cifar10,R3,vision,1,9.474669,0.0,9.474669,9.474669,0,Unknown,auto
all,co_training,Wrappers,cifar100,R3,vision,1,2991.817496,0.0,2991.817496,2991.817496,0,Unknown,auto
all,co_training,Wrappers,mnist,R3,vision,1,7.633221399999999,0.0,7.633221399999999,7.633221399999999,0,Unknown,auto
all,deep_co_training,Wrappers,cifar10,R3,vision,1,689.7583988,0.0,689.7583988,689.7583988,0,NVIDIA A100-SXM4-80GB,auto
all,deep_co_training,Wrappers,cifar100,R3,vision,1,609.0174801999999,0.0,609.0174801999999,609.0174801999999,0,NVIDIA A100-SXM4-80GB,auto
all,deep_co_training,Wrappers,mnist,R3,vision,1,768.5246030000001,0.0,768.5246030000001,768.5246030000001,0,NVIDIA A100-SXM4-80GB,auto
all,democratic_co_learning,Wrappers,cifar10,R3,vision,1,2087.309075,0.0,2087.309075,2087.309075,0,NVIDIA A100-SXM4-80GB,auto
all,democratic_co_learning,Wrappers,cifar100,R3,vision,1,1065.3594644,0.0,1065.3594644,1065.3594644,0,NVIDIA A100-SXM4-80GB,auto
all,democratic_co_learning,Wrappers,mnist,R3,vision,1,1464.7185158,0.0,1464.7185158,1464.7185158,0,NVIDIA A100-SXM4-80GB,auto
all,pseudo_label,Wrappers,cifar10,R3,vision,1,2.7968629999999997,0.0,2.7968629999999997,2.7968629999999997,0,NVIDIA A100-SXM4-80GB,auto
all,pseudo_label,Wrappers,cifar100,R3,vision,1,3.122433,0.0,3.122433,3.122433,0,NVIDIA A100-SXM4-80GB,auto
all,pseudo_label,Wrappers,mnist,R3,vision,1,3.2502964,0.0,3.2502964,3.2502964,0,NVIDIA A100-SXM4-80GB,auto
all,self_training,Wrappers,cifar10,R3,vision,1,2.029709,0.0,2.029709,2.029709,0,NVIDIA A100-SXM4-80GB,auto
all,self_training,Wrappers,cifar100,R3,vision,1,2.8724628,0.0,2.8724628,2.8724628,0,NVIDIA A100-SXM4-80GB,auto
all,self_training,Wrappers,mnist,R3,vision,1,1.9327168000000001,0.0,1.9327168000000001,1.9327168000000001,0,NVIDIA A100-SXM4-80GB,auto
all,setred,Wrappers,cifar10,R3,vision,1,4.5985324,0.0,4.5985324,4.5985324,0,Unknown,auto
all,setred,Wrappers,cifar100,R3,vision,1,305.0192672,0.0,305.0192672,305.0192672,0,Unknown,auto
all,setred,Wrappers,mnist,R3,vision,1,4.5358545999999995,0.0,4.5358545999999995,4.5358545999999995,0,Unknown,auto
all,tri_training,Wrappers,cifar10,R3,vision,1,2461.4352268,0.0,2461.4352268,2461.4352268,0,NVIDIA A100-SXM4-80GB,auto
all,tri_training,Wrappers,cifar100,R3,vision,1,2373.797767,0.0,2373.797767,2373.797767,0,NVIDIA A100-SXM4-80GB,auto
all,tri_training,Wrappers,mnist,R3,vision,1,2937.299156,0.0,2937.299156,2937.299156,0,NVIDIA A100-SXM4-80GB,auto
all,supervised,Baseline,citeseer,R4,graph,1,1.3408158000000001,0.0,1.3408158000000001,1.3408158000000001,0,NVIDIA A100-SXM4-80GB,auto
all,supervised,Baseline,cora,R4,graph,1,1.6838153999999999,0.0,1.6838153999999999,1.6838153999999999,0,Tesla V100-SXM2-32GB,auto
all,supervised,Baseline,pubmed,R4,graph,1,1.3053644,0.0,1.3053644,1.3053644,0,NVIDIA A100-SXM4-80GB,auto
all,dynamic_label_propagation,Classical transductive,citeseer,R4,graph,1,0.4618372,0.0,0.4618372,0.4618372,0,Unknown,auto
all,dynamic_label_propagation,Classical transductive,cora,R4,graph,1,0.6296132,0.0,0.6296132,0.6296132,0,Unknown,auto
all,dynamic_label_propagation,Classical transductive,pubmed,R4,graph,1,52.737332,0.0,52.737332,52.737332,0,Unknown,auto
all,graph_mincuts,Classical transductive,citeseer,R4,graph,1,0.20828059999999998,0.0,0.20828059999999998,0.20828059999999998,0,CPU,auto
all,graph_mincuts,Classical transductive,cora,R4,graph,1,0.21374520000000002,0.0,0.21374520000000002,0.21374520000000002,0,CPU,auto
all,graph_mincuts,Classical transductive,pubmed,R4,graph,1,0.1748584,0.0,0.1748584,0.1748584,0,CPU,auto
all,graphhop,Classical transductive,citeseer,R4,graph,1,11.828216399999999,0.0,11.828216399999999,11.828216399999999,0,Unknown,auto
all,graphhop,Classical transductive,cora,R4,graph,1,16.0597426,0.0,16.0597426,16.0597426,0,Unknown,auto
all,graphhop,Classical transductive,pubmed,R4,graph,1,15.0295286,0.0,15.0295286,15.0295286,0,Unknown,auto
all,label_propagation,Classical transductive,citeseer,R4,graph,1,0.2066926,0.0,0.2066926,0.2066926,0,Unknown,auto
all,label_propagation,Classical transductive,cora,R4,graph,1,0.220891,0.0,0.220891,0.220891,0,Unknown,auto
all,label_propagation,Classical transductive,pubmed,R4,graph,1,0.1944504,0.0,0.1944504,0.1944504,0,Unknown,auto
all,label_spreading,Classical transductive,citeseer,R4,graph,1,0.1874594,0.0,0.1874594,0.1874594,0,Unknown,auto
all,label_spreading,Classical transductive,cora,R4,graph,1,0.2093842,0.0,0.2093842,0.2093842,0,Unknown,auto
all,label_spreading,Classical transductive,pubmed,R4,graph,1,0.187263,0.0,0.187263,0.187263,0,Unknown,auto
all,lazy_random_walk,Classical transductive,citeseer,R4,graph,1,0.16257419999999997,0.0,0.16257419999999997,0.16257419999999997,0,Unknown,auto
all,lazy_random_walk,Classical transductive,cora,R4,graph,1,0.2407188,0.0,0.2407188,0.2407188,0,Unknown,auto
all,lazy_random_walk,Classical transductive,pubmed,R4,graph,1,1.7200389999999999,0.0,1.7200389999999999,1.7200389999999999,0,Unknown,auto
all,mean_teacher,Consistency,citeseer,R4,graph,1,1.4321568,0.0,1.4321568,1.4321568,0,NVIDIA A100-SXM4-80GB,auto
all,mean_teacher,Consistency,cora,R4,graph,1,1.83945,0.0,1.83945,1.83945,0,Tesla V100-SXM2-32GB,auto
all,mean_teacher,Consistency,pubmed,R4,graph,1,1.4445036,0.0,1.4445036,1.4445036,0,NVIDIA A100-SXM4-80GB,auto
all,pi_model,Consistency,citeseer,R4,graph,1,1.3839158,0.0,1.3839158,1.3839158,0,NVIDIA A100-SXM4-80GB,auto
all,pi_model,Consistency,cora,R4,graph,1,1.753796,0.0,1.753796,1.753796,0,Tesla V100-SXM2-32GB,auto
all,pi_model,Consistency,pubmed,R4,graph,1,1.4345034,0.0,1.4345034,1.4345034,0,NVIDIA A100-SXM4-80GB,auto
all,temporal_ensembling,Consistency,citeseer,R4,graph,1,1.4564362000000002,0.0,1.4564362000000002,1.4564362000000002,0,NVIDIA A100-SXM4-80GB,auto
all,temporal_ensembling,Consistency,cora,R4,graph,1,1.825591,0.0,1.825591,1.825591,0,Tesla V100-SXM2-32GB,auto
all,temporal_ensembling,Consistency,pubmed,R4,graph,1,1.4427964,0.0,1.4427964,1.4427964,0,NVIDIA A100-SXM4-80GB,auto
all,vat,Consistency,citeseer,R4,graph,1,1.568978,0.0,1.568978,1.568978,0,NVIDIA A100-SXM4-80GB,auto
all,vat,Consistency,cora,R4,graph,1,1.8647618000000001,0.0,1.8647618000000001,1.8647618000000001,0,Tesla V100-SXM2-32GB,auto
all,vat,Consistency,pubmed,R4,graph,1,1.4918002000000001,0.0,1.4918002000000001,1.4918002000000001,0,NVIDIA A100-SXM4-80GB,auto
all,appnp,GNN,citeseer,R4,graph,1,0.936224,0.0,0.936224,0.936224,0,Unknown,auto
all,appnp,GNN,cora,R4,graph,1,1.0690632,0.0,1.0690632,1.0690632,0,Unknown,auto
all,appnp,GNN,pubmed,R4,graph,1,1.1082433999999999,0.0,1.1082433999999999,1.1082433999999999,0,Unknown,auto
all,chebnet,GNN,citeseer,R4,graph,1,0.9905531999999999,0.0,0.9905531999999999,0.9905531999999999,0,Unknown,auto
all,chebnet,GNN,cora,R4,graph,1,1.298772,0.0,1.298772,1.298772,0,Unknown,auto
all,chebnet,GNN,pubmed,R4,graph,1,1.6325612,0.0,1.6325612,1.6325612,0,Unknown,auto
all,gat,GNN,citeseer,R4,graph,1,1.4063318,0.0,1.4063318,1.4063318,0,Unknown,auto
all,gat,GNN,cora,R4,graph,1,1.9540511999999999,0.0,1.9540511999999999,1.9540511999999999,0,Unknown,auto
all,gat,GNN,pubmed,R4,graph,1,1.6673262000000002,0.0,1.6673262000000002,1.6673262000000002,0,Unknown,auto
all,gcn,GNN,citeseer,R4,graph,1,0.7003262,0.0,0.7003262,0.7003262,0,Unknown,auto
all,gcn,GNN,cora,R4,graph,1,0.9579286,0.0,0.9579286,0.9579286,0,Unknown,auto
all,gcn,GNN,pubmed,R4,graph,1,0.8534539999999999,0.0,0.8534539999999999,0.8534539999999999,0,Unknown,auto
all,gcnii,GNN,citeseer,R4,graph,1,1.6238295999999999,0.0,1.6238295999999999,1.6238295999999999,0,Unknown,auto
all,gcnii,GNN,cora,R4,graph,1,2.0472322,0.0,2.0472322,2.0472322,0,Unknown,auto
all,gcnii,GNN,pubmed,R4,graph,1,3.0813886,0.0,3.0813886,3.0813886,0,Unknown,auto
all,grafn,GNN,citeseer,R4,graph,1,1.4596282,0.0,1.4596282,1.4596282,0,Unknown,auto
all,grafn,GNN,cora,R4,graph,1,2.040903,0.0,2.040903,2.040903,0,Unknown,auto
all,grafn,GNN,pubmed,R4,graph,1,1.5809274,0.0,1.5809274,1.5809274,0,Unknown,auto
all,grand,GNN,citeseer,R4,graph,1,3.638913,0.0,3.638913,3.638913,0,Unknown,auto
all,grand,GNN,cora,R4,graph,1,3.055856,0.0,3.055856,3.055856,0,Unknown,auto
all,grand,GNN,pubmed,R4,graph,1,8.0141126,0.0,8.0141126,8.0141126,0,Unknown,auto
all,graphsage,GNN,citeseer,R4,graph,1,0.721971,0.0,0.721971,0.721971,0,Unknown,auto
all,graphsage,GNN,cora,R4,graph,1,1.2041692000000002,0.0,1.2041692000000002,1.2041692000000002,0,Unknown,auto
all,graphsage,GNN,pubmed,R4,graph,1,0.9818376000000001,0.0,0.9818376000000001,0.9818376000000001,0,Unknown,auto
all,h_gcn,GNN,citeseer,R4,graph,1,3.8866640000000006,0.0,3.8866640000000006,3.8866640000000006,0,Unknown,auto
all,h_gcn,GNN,cora,R4,graph,1,3.1660902,0.0,3.1660902,3.1660902,0,Unknown,auto
all,h_gcn,GNN,pubmed,R4,graph,1,33.4859324,0.0,33.4859324,33.4859324,0,Unknown,auto
all,n_gcn,GNN,citeseer,R4,graph,1,13.2924136,0.0,13.2924136,13.2924136,0,Unknown,auto
all,n_gcn,GNN,cora,R4,graph,1,6.3177544,0.0,6.3177544,6.3177544,0,Unknown,auto
all,n_gcn,GNN,pubmed,R4,graph,1,90.3924904,0.0,90.3924904,90.3924904,0,Unknown,auto
all,planetoid,GNN,citeseer,R4,graph,1,42.819094,0.0,42.819094,42.819094,0,Unknown,auto
all,planetoid,GNN,cora,R4,graph,1,174.165411,0.0,174.165411,174.165411,0,Unknown,auto
all,planetoid,GNN,pubmed,R4,graph,1,286.8460028,0.0,286.8460028,286.8460028,0,Unknown,auto
all,sgc,GNN,citeseer,R4,graph,1,0.6480954000000001,0.0,0.6480954000000001,0.6480954000000001,0,Unknown,auto
all,sgc,GNN,cora,R4,graph,1,0.6523098,0.0,0.6523098,0.6523098,0,Unknown,auto
all,sgc,GNN,pubmed,R4,graph,1,0.5651316000000001,0.0,0.5651316000000001,0.5651316000000001,0,Unknown,auto
all,adamatch,Hybrid,citeseer,R4,graph,1,21.850846,0.0,21.850846,21.850846,0,NVIDIA A100-SXM4-80GB,auto
all,adamatch,Hybrid,cora,R4,graph,1,5.3988078,0.0,5.3988078,5.3988078,0,Tesla V100-SXM2-32GB,auto
all,adamatch,Hybrid,pubmed,R4,graph,1,4.708689,0.0,4.708689,4.708689,0,NVIDIA A100-SXM4-80GB,auto
all,comatch,Hybrid,citeseer,R4,graph,1,1.5258312,0.0,1.5258312,1.5258312,0,NVIDIA A100-SXM4-80GB,auto
all,comatch,Hybrid,cora,R4,graph,1,1.9727228,0.0,1.9727228,1.9727228,0,Tesla V100-SXM2-32GB,auto
all,comatch,Hybrid,pubmed,R4,graph,1,1.5808366,0.0,1.5808366,1.5808366,0,NVIDIA A100-SXM4-80GB,auto
all,daso,Hybrid,citeseer,R4,graph,1,1.5066782,0.0,1.5066782,1.5066782,0,NVIDIA A100-SXM4-80GB,auto
all,daso,Hybrid,cora,R4,graph,1,1.8712624000000002,0.0,1.8712624000000002,1.8712624000000002,0,Tesla V100-SXM2-32GB,auto
all,daso,Hybrid,pubmed,R4,graph,1,1.5787034,0.0,1.5787034,1.5787034,0,NVIDIA A100-SXM4-80GB,auto
all,defixmatch,Hybrid,citeseer,R4,graph,1,1.5404916,0.0,1.5404916,1.5404916,0,NVIDIA A100-SXM4-80GB,auto
all,defixmatch,Hybrid,cora,R4,graph,1,2.725229,0.0,2.725229,2.725229,0,Tesla V100-SXM2-32GB,auto
all,defixmatch,Hybrid,pubmed,R4,graph,1,1.5054264,0.0,1.5054264,1.5054264,0,NVIDIA A100-SXM4-80GB,auto
all,fixmatch,Hybrid,citeseer,R4,graph,1,1.3963774,0.0,1.3963774,1.3963774,0,NVIDIA A100-SXM4-80GB,auto
all,fixmatch,Hybrid,cora,R4,graph,1,1.8338522000000002,0.0,1.8338522000000002,1.8338522000000002,0,Tesla V100-SXM2-32GB,auto
all,fixmatch,Hybrid,pubmed,R4,graph,1,1.4198971999999999,0.0,1.4198971999999999,1.4198971999999999,0,NVIDIA A100-SXM4-80GB,auto
all,flexmatch,Hybrid,citeseer,R4,graph,1,1.4020367999999999,0.0,1.4020367999999999,1.4020367999999999,0,NVIDIA A100-SXM4-80GB,auto
all,flexmatch,Hybrid,cora,R4,graph,1,1.8885349999999999,0.0,1.8885349999999999,1.8885349999999999,0,Tesla V100-SXM2-32GB,auto
all,flexmatch,Hybrid,pubmed,R4,graph,1,1.4444636000000002,0.0,1.4444636000000002,1.4444636000000002,0,NVIDIA A100-SXM4-80GB,auto
all,free_match,Hybrid,citeseer,R4,graph,1,1.4886362,0.0,1.4886362,1.4886362,0,NVIDIA A100-SXM4-80GB,auto
all,free_match,Hybrid,cora,R4,graph,1,1.9975036,0.0,1.9975036,1.9975036,0,Tesla V100-SXM2-32GB,auto
all,free_match,Hybrid,pubmed,R4,graph,1,1.542783,0.0,1.542783,1.542783,0,NVIDIA A100-SXM4-80GB,auto
all,meta_pseudo_labels,Hybrid,citeseer,R4,graph,1,1.6021132000000002,0.0,1.6021132000000002,1.6021132000000002,0,NVIDIA A100-SXM4-80GB,auto
all,meta_pseudo_labels,Hybrid,cora,R4,graph,1,2.067746,0.0,2.067746,2.067746,0,Tesla V100-SXM2-32GB,auto
all,meta_pseudo_labels,Hybrid,pubmed,R4,graph,1,1.5832022000000001,0.0,1.5832022000000001,1.5832022000000001,0,NVIDIA A100-SXM4-80GB,auto
all,mixmatch,Hybrid,citeseer,R4,graph,1,1.396572,0.0,1.396572,1.396572,0,NVIDIA A100-SXM4-80GB,auto
all,mixmatch,Hybrid,cora,R4,graph,1,1.7655102,0.0,1.7655102,1.7655102,0,Tesla V100-SXM2-32GB,auto
all,mixmatch,Hybrid,pubmed,R4,graph,1,1.5335618,0.0,1.5335618,1.5335618,0,NVIDIA A100-SXM4-80GB,auto
all,noisy_student,Hybrid,citeseer,R4,graph,1,1.3959412,0.0,1.3959412,1.3959412,0,NVIDIA A100-SXM4-80GB,auto
all,noisy_student,Hybrid,cora,R4,graph,1,1.742836,0.0,1.742836,1.742836,0,Tesla V100-SXM2-32GB,auto
all,noisy_student,Hybrid,pubmed,R4,graph,1,1.4541938,0.0,1.4541938,1.4541938,0,NVIDIA A100-SXM4-80GB,auto
all,simclr_v2,Hybrid,citeseer,R4,graph,1,1.3980169999999998,0.0,1.3980169999999998,1.3980169999999998,0,NVIDIA A100-SXM4-80GB,auto
all,simclr_v2,Hybrid,cora,R4,graph,1,1.74909,0.0,1.74909,1.74909,0,Tesla V100-SXM2-32GB,auto
all,simclr_v2,Hybrid,pubmed,R4,graph,1,1.4188426,0.0,1.4188426,1.4188426,0,NVIDIA A100-SXM4-80GB,auto
all,softmatch,Hybrid,citeseer,R4,graph,1,1.4171254000000002,0.0,1.4171254000000002,1.4171254000000002,0,NVIDIA A100-SXM4-80GB,auto
all,softmatch,Hybrid,cora,R4,graph,1,1.8497776000000001,0.0,1.8497776000000001,1.8497776000000001,0,Tesla V100-SXM2-32GB,auto
all,softmatch,Hybrid,pubmed,R4,graph,1,1.4430136,0.0,1.4430136,1.4430136,0,NVIDIA A100-SXM4-80GB,auto
all,uda,Hybrid,citeseer,R4,graph,1,1.5933796,0.0,1.5933796,1.5933796,0,NVIDIA A100-SXM4-80GB,auto
all,uda,Hybrid,cora,R4,graph,1,1.746325,0.0,1.746325,1.746325,0,Tesla V100-SXM2-32GB,auto
all,uda,Hybrid,pubmed,R4,graph,1,1.4281746,0.0,1.4281746,1.4281746,0,NVIDIA A100-SXM4-80GB,auto
all,adsh,Margin-based inductive,citeseer,R4,graph,1,1.5953864,0.0,1.5953864,1.5953864,0,NVIDIA A100-SXM4-80GB,auto
all,adsh,Margin-based inductive,cora,R4,graph,1,1.947654,0.0,1.947654,1.947654,0,Tesla V100-SXM2-32GB,auto
all,adsh,Margin-based inductive,pubmed,R4,graph,1,1.5015746,0.0,1.5015746,1.5015746,0,NVIDIA A100-SXM4-80GB,auto
all,laplace_learning,PDE/Variational,citeseer,R4,graph,1,0.2309808,0.0,0.2309808,0.2309808,0,Unknown,auto
all,laplace_learning,PDE/Variational,cora,R4,graph,1,0.2353498,0.0,0.2353498,0.2353498,0,Unknown,auto
all,laplace_learning,PDE/Variational,pubmed,R4,graph,1,0.5963736,0.0,0.5963736,0.5963736,0,Unknown,auto
all,p_laplace_learning,PDE/Variational,citeseer,R4,graph,1,353.299189,0.0,353.299189,353.299189,0,CPU,auto
all,p_laplace_learning,PDE/Variational,cora,R4,graph,1,890.2634854,0.0,890.2634854,890.2634854,0,CPU,auto
all,p_laplace_learning,PDE/Variational,pubmed,R4,graph,1,2977.4588524,0.0,2977.4588524,2977.4588524,0,CPU,auto
all,poisson_learning,PDE/Variational,citeseer,R4,graph,1,0.334056,0.0,0.334056,0.334056,0,Unknown,auto
all,poisson_learning,PDE/Variational,cora,R4,graph,1,0.35440879999999997,0.0,0.35440879999999997,0.35440879999999997,0,Unknown,auto
all,poisson_learning,PDE/Variational,pubmed,R4,graph,1,0.30087359999999996,0.0,0.30087359999999996,0.30087359999999996,0,Unknown,auto
all,poisson_mbo,PDE/Variational,citeseer,R4,graph,1,2.1488585999999996,0.0,2.1488585999999996,2.1488585999999996,0,CPU,auto
all,poisson_mbo,PDE/Variational,cora,R4,graph,1,4.5420169999999995,0.0,4.5420169999999995,4.5420169999999995,0,CPU,auto
all,poisson_mbo,PDE/Variational,pubmed,R4,graph,1,12.336865,0.0,12.336865,12.336865,0,CPU,auto
all,co_training,Wrappers,citeseer,R4,graph,1,3.6531208,0.0,3.6531208,3.6531208,0,NVIDIA A100-SXM4-80GB,auto
all,co_training,Wrappers,cora,R4,graph,1,5.231091,0.0,5.231091,5.231091,0,Tesla V100-SXM2-32GB,auto
all,co_training,Wrappers,pubmed,R4,graph,1,2.9136986,0.0,2.9136986,2.9136986,0,NVIDIA A100-SXM4-80GB,auto
all,deep_co_training,Wrappers,citeseer,R4,graph,1,1.7601790000000002,0.0,1.7601790000000002,1.7601790000000002,0,NVIDIA A100-SXM4-80GB,auto
all,deep_co_training,Wrappers,cora,R4,graph,1,2.4067132,0.0,2.4067132,2.4067132,0,Tesla V100-SXM2-32GB,auto
all,deep_co_training,Wrappers,pubmed,R4,graph,1,1.8015694,0.0,1.8015694,1.8015694,0,NVIDIA A100-SXM4-80GB,auto
all,democratic_co_learning,Wrappers,citeseer,R4,graph,1,5.0528874,0.0,5.0528874,5.0528874,0,NVIDIA A100-SXM4-80GB,auto
all,democratic_co_learning,Wrappers,cora,R4,graph,1,8.0060126,0.0,8.0060126,8.0060126,0,Tesla V100-SXM2-32GB,auto
all,democratic_co_learning,Wrappers,pubmed,R4,graph,1,3.1820466,0.0,3.1820466,3.1820466,0,NVIDIA A100-SXM4-80GB,auto
all,pseudo_label,Wrappers,citeseer,R4,graph,1,1.4888258,0.0,1.4888258,1.4888258,0,NVIDIA A100-SXM4-80GB,auto
all,pseudo_label,Wrappers,cora,R4,graph,1,1.8831742000000002,0.0,1.8831742000000002,1.8831742000000002,0,Tesla V100-SXM2-32GB,auto
all,pseudo_label,Wrappers,pubmed,R4,graph,1,1.464213,0.0,1.464213,1.464213,0,NVIDIA A100-SXM4-80GB,auto
all,self_training,Wrappers,citeseer,R4,graph,1,1.4565642,0.0,1.4565642,1.4565642,0,NVIDIA A100-SXM4-80GB,auto
all,self_training,Wrappers,cora,R4,graph,1,2.272735,0.0,2.272735,2.272735,0,Tesla V100-SXM2-32GB,auto
all,self_training,Wrappers,pubmed,R4,graph,1,1.4574992,0.0,1.4574992,1.4574992,0,NVIDIA A100-SXM4-80GB,auto
all,setred,Wrappers,citeseer,R4,graph,1,1.4356884,0.0,1.4356884,1.4356884,0,NVIDIA A100-SXM4-80GB,auto
all,setred,Wrappers,cora,R4,graph,1,1.8873799999999998,0.0,1.8873799999999998,1.8873799999999998,0,Tesla V100-SXM2-32GB,auto
all,setred,Wrappers,pubmed,R4,graph,1,1.4100190000000001,0.0,1.4100190000000001,1.4100190000000001,0,NVIDIA A100-SXM4-80GB,auto
all,tri_training,Wrappers,citeseer,R4,graph,1,3.8263678,0.0,3.8263678,3.8263678,0,NVIDIA A100-SXM4-80GB,auto
all,tri_training,Wrappers,cora,R4,graph,1,5.9518836,0.0,5.9518836,5.9518836,0,Tesla V100-SXM2-32GB,auto
all,tri_training,Wrappers,pubmed,R4,graph,1,2.8645471999999996,0.0,2.8645471999999996,2.8645471999999996,0,NVIDIA A100-SXM4-80GB,auto
all,trinet,Wrappers,citeseer,R4,graph,1,2.6198810000000003,0.0,2.6198810000000003,2.6198810000000003,0,NVIDIA A100-SXM4-80GB,auto
all,trinet,Wrappers,cora,R4,graph,1,3.518085,0.0,3.518085,3.518085,0,Tesla V100-SXM2-32GB,auto
all,trinet,Wrappers,pubmed,R4,graph,1,1.8044636,0.0,1.8044636,1.8044636,0,NVIDIA A100-SXM4-80GB,auto
all,supervised,Baseline,adult,R4,tabular,1,1.4213316,0.0,1.4213316,1.4213316,0,NVIDIA A100-SXM4-80GB,auto
all,supervised,Baseline,breast_cancer,R4,tabular,1,2.8890348,0.0,2.8890348,2.8890348,0,Tesla V100-SXM2-32GB,auto
all,supervised,Baseline,iris,R4,tabular,1,0.8661350000000001,0.0,0.8661350000000001,0.8661350000000001,0,NVIDIA A100-SXM4-80GB,auto
all,dynamic_label_propagation,Classical transductive,adult,R4,tabular,1,766.457484,0.0,766.457484,766.457484,0,Unknown,auto
all,dynamic_label_propagation,Classical transductive,breast_cancer,R4,tabular,1,2.2741478,0.0,2.2741478,2.2741478,0,Unknown,auto
all,dynamic_label_propagation,Classical transductive,iris,R4,tabular,1,0.5242006,0.0,0.5242006,0.5242006,0,Unknown,auto
all,graph_mincuts,Classical transductive,adult,R4,tabular,1,0.8566217999999999,0.0,0.8566217999999999,0.8566217999999999,0,CPU,auto
all,graph_mincuts,Classical transductive,breast_cancer,R4,tabular,1,1.5925962,0.0,1.5925962,1.5925962,0,CPU,auto
all,graphhop,Classical transductive,adult,R4,tabular,1,32.712255,0.0,32.712255,32.712255,0,Unknown,auto
all,graphhop,Classical transductive,breast_cancer,R4,tabular,1,20.8367222,0.0,20.8367222,20.8367222,0,Unknown,auto
all,graphhop,Classical transductive,iris,R4,tabular,1,10.8478326,0.0,10.8478326,10.8478326,0,Unknown,auto
all,label_propagation,Classical transductive,adult,R4,tabular,1,0.8258278000000001,0.0,0.8258278000000001,0.8258278000000001,0,Unknown,auto
all,label_propagation,Classical transductive,breast_cancer,R4,tabular,1,2.162493,0.0,2.162493,2.162493,0,Unknown,auto
all,label_propagation,Classical transductive,iris,R4,tabular,1,0.48978320000000003,0.0,0.48978320000000003,0.48978320000000003,0,Unknown,auto
all,label_spreading,Classical transductive,adult,R4,tabular,1,0.7313487999999999,0.0,0.7313487999999999,0.7313487999999999,0,Unknown,auto
all,label_spreading,Classical transductive,breast_cancer,R4,tabular,1,2.2669962000000003,0.0,2.2669962000000003,2.2669962000000003,0,Unknown,auto
all,label_spreading,Classical transductive,iris,R4,tabular,1,0.518804,0.0,0.518804,0.518804,0,Unknown,auto
all,lazy_random_walk,Classical transductive,adult,R4,tabular,1,5.4151448,0.0,5.4151448,5.4151448,0,Unknown,auto
all,lazy_random_walk,Classical transductive,breast_cancer,R4,tabular,1,1.9027104000000001,0.0,1.9027104000000001,1.9027104000000001,0,Unknown,auto
all,mean_teacher,Consistency,adult,R4,tabular,1,37.509185200000005,0.0,37.509185200000005,37.509185200000005,0,NVIDIA A100-SXM4-80GB,auto
all,mean_teacher,Consistency,breast_cancer,R4,tabular,1,3.7324424,0.0,3.7324424,3.7324424,0,Tesla V100-SXM2-32GB,auto
all,mean_teacher,Consistency,iris,R4,tabular,1,0.9756731999999999,0.0,0.9756731999999999,0.9756731999999999,0,NVIDIA A100-SXM4-80GB,auto
all,pi_model,Consistency,adult,R4,tabular,1,36.2951636,0.0,36.2951636,36.2951636,0,NVIDIA A100-SXM4-80GB,auto
all,pi_model,Consistency,breast_cancer,R4,tabular,1,3.8362556,0.0,3.8362556,3.8362556,0,Tesla V100-SXM2-32GB,auto
all,pi_model,Consistency,iris,R4,tabular,1,0.9756334000000001,0.0,0.9756334000000001,0.9756334000000001,0,NVIDIA A100-SXM4-80GB,auto
all,temporal_ensembling,Consistency,adult,R4,tabular,1,40.9793882,0.0,40.9793882,40.9793882,0,NVIDIA A100-SXM4-80GB,auto
all,temporal_ensembling,Consistency,breast_cancer,R4,tabular,1,3.4640177999999997,0.0,3.4640177999999997,3.4640177999999997,0,Tesla V100-SXM2-32GB,auto
all,temporal_ensembling,Consistency,iris,R4,tabular,1,0.9886075999999999,0.0,0.9886075999999999,0.9886075999999999,0,NVIDIA A100-SXM4-80GB,auto
all,vat,Consistency,adult,R4,tabular,1,48.4938394,0.0,48.4938394,48.4938394,0,NVIDIA A100-SXM4-80GB,auto
all,vat,Consistency,breast_cancer,R4,tabular,1,3.7715812,0.0,3.7715812,3.7715812,0,Tesla V100-SXM2-32GB,auto
all,vat,Consistency,iris,R4,tabular,1,1.0130876,0.0,1.0130876,1.0130876,0,NVIDIA A100-SXM4-80GB,auto
all,appnp,GNN,adult,R4,tabular,1,14.8806806,0.0,14.8806806,14.8806806,0,Unknown,auto
all,appnp,GNN,breast_cancer,R4,tabular,1,4.0205253999999995,0.0,4.0205253999999995,4.0205253999999995,0,Unknown,auto
all,appnp,GNN,iris,R4,tabular,1,1.5238349999999998,0.0,1.5238349999999998,1.5238349999999998,0,Unknown,auto
all,chebnet,GNN,adult,R4,tabular,1,1.5195804000000002,0.0,1.5195804000000002,1.5195804000000002,0,Unknown,auto
all,chebnet,GNN,breast_cancer,R4,tabular,1,3.3155396,0.0,3.3155396,3.3155396,0,Unknown,auto
all,chebnet,GNN,iris,R4,tabular,1,1.1671122,0.0,1.1671122,1.1671122,0,Unknown,auto
all,gat,GNN,adult,R4,tabular,1,3.0972342,0.0,3.0972342,3.0972342,0,Unknown,auto
all,gat,GNN,breast_cancer,R4,tabular,1,4.1071914,0.0,4.1071914,4.1071914,0,Unknown,auto
all,gat,GNN,iris,R4,tabular,1,1.7738426,0.0,1.7738426,1.7738426,0,Unknown,auto
all,gcn,GNN,adult,R4,tabular,1,1.278214,0.0,1.278214,1.278214,0,Unknown,auto
all,gcn,GNN,breast_cancer,R4,tabular,1,3.2646554,0.0,3.2646554,3.2646554,0,Unknown,auto
all,gcn,GNN,iris,R4,tabular,1,1.2076562,0.0,1.2076562,1.2076562,0,Unknown,auto
all,gcnii,GNN,adult,R4,tabular,1,4.4407308,0.0,4.4407308,4.4407308,0,Unknown,auto
all,gcnii,GNN,breast_cancer,R4,tabular,1,4.4736548,0.0,4.4736548,4.4736548,0,Unknown,auto
all,gcnii,GNN,iris,R4,tabular,1,2.4083984000000003,0.0,2.4083984000000003,2.4083984000000003,0,Unknown,auto
all,grafn,GNN,adult,R4,tabular,1,2.9996856000000003,0.0,2.9996856000000003,2.9996856000000003,0,Unknown,auto
all,grafn,GNN,breast_cancer,R4,tabular,1,3.8903620000000005,0.0,3.8903620000000005,3.8903620000000005,0,Unknown,auto
all,grafn,GNN,iris,R4,tabular,1,1.4538212,0.0,1.4538212,1.4538212,0,Unknown,auto
all,grand,GNN,adult,R4,tabular,1,2.3473174,0.0,2.3473174,2.3473174,0,Unknown,auto
all,grand,GNN,breast_cancer,R4,tabular,1,4.646384,0.0,4.646384,4.646384,0,Unknown,auto
all,grand,GNN,iris,R4,tabular,1,1.2771476,0.0,1.2771476,1.2771476,0,Unknown,auto
all,graphsage,GNN,adult,R4,tabular,1,1.5913720000000002,0.0,1.5913720000000002,1.5913720000000002,0,Unknown,auto
all,graphsage,GNN,breast_cancer,R4,tabular,1,3.4744588,0.0,3.4744588,3.4744588,0,Unknown,auto
all,graphsage,GNN,iris,R4,tabular,1,1.2018366,0.0,1.2018366,1.2018366,0,Unknown,auto
all,h_gcn,GNN,adult,R4,tabular,1,249.3128876,0.0,249.3128876,249.3128876,0,Unknown,auto
all,h_gcn,GNN,breast_cancer,R4,tabular,1,4.4241474,0.0,4.4241474,4.4241474,0,Unknown,auto
all,h_gcn,GNN,iris,R4,tabular,1,2.4232696000000002,0.0,2.4232696000000002,2.4232696000000002,0,Unknown,auto
all,n_gcn,GNN,adult,R4,tabular,1,159.72258440000002,0.0,159.72258440000002,159.72258440000002,0,Unknown,auto
all,n_gcn,GNN,breast_cancer,R4,tabular,1,4.534575800000001,0.0,4.534575800000001,4.534575800000001,0,Unknown,auto
all,n_gcn,GNN,iris,R4,tabular,1,2.6358042,0.0,2.6358042,2.6358042,0,Unknown,auto
all,planetoid,GNN,adult,R4,tabular,1,952.9397720000001,0.0,952.9397720000001,952.9397720000001,0,Unknown,auto
all,planetoid,GNN,breast_cancer,R4,tabular,1,46.7121104,0.0,46.7121104,46.7121104,0,Unknown,auto
all,planetoid,GNN,iris,R4,tabular,1,2.5063932,0.0,2.5063932,2.5063932,0,Unknown,auto
all,sgc,GNN,adult,R4,tabular,1,1.5020852000000002,0.0,1.5020852000000002,1.5020852000000002,0,Unknown,auto
all,sgc,GNN,breast_cancer,R4,tabular,1,3.5492760000000003,0.0,3.5492760000000003,3.5492760000000003,0,Unknown,auto
all,sgc,GNN,iris,R4,tabular,1,1.042036,0.0,1.042036,1.042036,0,Unknown,auto
all,adamatch,Hybrid,adult,R4,tabular,1,41.1210784,0.0,41.1210784,41.1210784,0,NVIDIA A100-SXM4-80GB,auto
all,adamatch,Hybrid,breast_cancer,R4,tabular,1,3.6523809999999997,0.0,3.6523809999999997,3.6523809999999997,0,Tesla V100-SXM2-32GB,auto
all,adamatch,Hybrid,iris,R4,tabular,1,2.349527,0.0,2.349527,2.349527,0,NVIDIA A100-SXM4-80GB,auto
all,comatch,Hybrid,adult,R4,tabular,1,68.4987426,0.0,68.4987426,68.4987426,0,NVIDIA A100-SXM4-80GB,auto
all,comatch,Hybrid,breast_cancer,R4,tabular,1,4.1386368000000004,0.0,4.1386368000000004,4.1386368000000004,0,Tesla V100-SXM2-32GB,auto
all,comatch,Hybrid,iris,R4,tabular,1,1.1193716,0.0,1.1193716,1.1193716,0,NVIDIA A100-SXM4-80GB,auto
all,daso,Hybrid,adult,R4,tabular,1,54.096203,0.0,54.096203,54.096203,0,NVIDIA A100-SXM4-80GB,auto
all,daso,Hybrid,breast_cancer,R4,tabular,1,3.8565888,0.0,3.8565888,3.8565888,0,Tesla V100-SXM2-32GB,auto
all,daso,Hybrid,iris,R4,tabular,1,1.0378264000000001,0.0,1.0378264000000001,1.0378264000000001,0,NVIDIA A100-SXM4-80GB,auto
all,defixmatch,Hybrid,adult,R4,tabular,1,48.7115378,0.0,48.7115378,48.7115378,0,NVIDIA A100-SXM4-80GB,auto
all,defixmatch,Hybrid,breast_cancer,R4,tabular,1,3.9844619999999997,0.0,3.9844619999999997,3.9844619999999997,0,Tesla V100-SXM2-32GB,auto
all,defixmatch,Hybrid,iris,R4,tabular,1,1.0302373999999999,0.0,1.0302373999999999,1.0302373999999999,0,NVIDIA A100-SXM4-80GB,auto
all,fixmatch,Hybrid,adult,R4,tabular,1,37.155198,0.0,37.155198,37.155198,0,NVIDIA A100-SXM4-80GB,auto
all,fixmatch,Hybrid,breast_cancer,R4,tabular,1,3.9843537999999996,0.0,3.9843537999999996,3.9843537999999996,0,Tesla V100-SXM2-32GB,auto
all,fixmatch,Hybrid,iris,R4,tabular,1,0.9812498,0.0,0.9812498,0.9812498,0,NVIDIA A100-SXM4-80GB,auto
all,flexmatch,Hybrid,adult,R4,tabular,1,51.985964,0.0,51.985964,51.985964,0,NVIDIA A100-SXM4-80GB,auto
all,flexmatch,Hybrid,breast_cancer,R4,tabular,1,3.9146236,0.0,3.9146236,3.9146236,0,Tesla V100-SXM2-32GB,auto
all,flexmatch,Hybrid,iris,R4,tabular,1,1.0209784000000002,0.0,1.0209784000000002,1.0209784000000002,0,NVIDIA A100-SXM4-80GB,auto
all,free_match,Hybrid,adult,R4,tabular,1,56.3150934,0.0,56.3150934,56.3150934,0,NVIDIA A100-SXM4-80GB,auto
all,free_match,Hybrid,breast_cancer,R4,tabular,1,4.5544747999999995,0.0,4.5544747999999995,4.5544747999999995,0,Tesla V100-SXM2-32GB,auto
all,free_match,Hybrid,iris,R4,tabular,1,1.0980316,0.0,1.0980316,1.0980316,0,NVIDIA A100-SXM4-80GB,auto
all,meta_pseudo_labels,Hybrid,adult,R4,tabular,1,61.1943338,0.0,61.1943338,61.1943338,0,NVIDIA A100-SXM4-80GB,auto
all,meta_pseudo_labels,Hybrid,breast_cancer,R4,tabular,1,4.391491,0.0,4.391491,4.391491,0,Tesla V100-SXM2-32GB,auto
all,meta_pseudo_labels,Hybrid,iris,R4,tabular,1,1.0690542,0.0,1.0690542,1.0690542,0,NVIDIA A100-SXM4-80GB,auto
all,mixmatch,Hybrid,adult,R4,tabular,1,42.24338,0.0,42.24338,42.24338,0,NVIDIA A100-SXM4-80GB,auto
all,mixmatch,Hybrid,breast_cancer,R4,tabular,1,3.9920356,0.0,3.9920356,3.9920356,0,Tesla V100-SXM2-32GB,auto
all,mixmatch,Hybrid,iris,R4,tabular,1,0.9959534000000001,0.0,0.9959534000000001,0.9959534000000001,0,NVIDIA A100-SXM4-80GB,auto
all,noisy_student,Hybrid,adult,R4,tabular,1,37.348350599999996,0.0,37.348350599999996,37.348350599999996,0,NVIDIA A100-SXM4-80GB,auto
all,noisy_student,Hybrid,breast_cancer,R4,tabular,1,3.6895158,0.0,3.6895158,3.6895158,0,Tesla V100-SXM2-32GB,auto
all,noisy_student,Hybrid,iris,R4,tabular,1,0.9789527999999998,0.0,0.9789527999999998,0.9789527999999998,0,NVIDIA A100-SXM4-80GB,auto
all,simclr_v2,Hybrid,adult,R4,tabular,1,21.1897408,0.0,21.1897408,21.1897408,0,NVIDIA A100-SXM4-80GB,auto
all,simclr_v2,Hybrid,breast_cancer,R4,tabular,1,3.1463958,0.0,3.1463958,3.1463958,0,Tesla V100-SXM2-32GB,auto
all,simclr_v2,Hybrid,iris,R4,tabular,1,0.9959476,0.0,0.9959476,0.9959476,0,NVIDIA A100-SXM4-80GB,auto
all,softmatch,Hybrid,adult,R4,tabular,1,40.732205799999996,0.0,40.732205799999996,40.732205799999996,0,NVIDIA A100-SXM4-80GB,auto
all,softmatch,Hybrid,breast_cancer,R4,tabular,1,3.620521,0.0,3.620521,3.620521,0,Tesla V100-SXM2-32GB,auto
all,softmatch,Hybrid,iris,R4,tabular,1,1.0038348000000001,0.0,1.0038348000000001,1.0038348000000001,0,NVIDIA A100-SXM4-80GB,auto
all,uda,Hybrid,adult,R4,tabular,1,37.7549178,0.0,37.7549178,37.7549178,0,NVIDIA A100-SXM4-80GB,auto
all,uda,Hybrid,breast_cancer,R4,tabular,1,3.4186852,0.0,3.4186852,3.4186852,0,Tesla V100-SXM2-32GB,auto
all,uda,Hybrid,iris,R4,tabular,1,0.9793004,0.0,0.9793004,0.9793004,0,NVIDIA A100-SXM4-80GB,auto
all,adsh,Margin-based inductive,adult,R4,tabular,1,39.413791,0.0,39.413791,39.413791,0,NVIDIA A100-SXM4-80GB,auto
all,adsh,Margin-based inductive,breast_cancer,R4,tabular,1,3.5967100000000003,0.0,3.5967100000000003,3.5967100000000003,0,Tesla V100-SXM2-32GB,auto
all,adsh,Margin-based inductive,iris,R4,tabular,1,1.0506688,0.0,1.0506688,1.0506688,0,NVIDIA A100-SXM4-80GB,auto
all,s4vm,Margin-based inductive,adult,R4,tabular,1,38.229574400000004,0.0,38.229574400000004,38.229574400000004,0,NVIDIA A100-SXM4-80GB,auto
all,s4vm,Margin-based inductive,breast_cancer,R4,tabular,1,4.2642202,0.0,4.2642202,4.2642202,0,Tesla V100-SXM2-32GB,auto
all,tsvm,Margin-based inductive,adult,R4,tabular,1,1.0686084,0.0,1.0686084,1.0686084,0,CPU,auto
all,tsvm,Margin-based inductive,breast_cancer,R4,tabular,1,2.1501178,0.0,2.1501178,2.1501178,0,CPU,auto
all,laplace_learning,PDE/Variational,adult,R4,tabular,1,5.4325263999999995,0.0,5.4325263999999995,5.4325263999999995,0,Unknown,auto
all,laplace_learning,PDE/Variational,breast_cancer,R4,tabular,1,2.6297870000000003,0.0,2.6297870000000003,2.6297870000000003,0,Unknown,auto
all,laplace_learning,PDE/Variational,iris,R4,tabular,1,0.5404666,0.0,0.5404666,0.5404666,0,Unknown,auto
all,p_laplace_learning,PDE/Variational,adult,R4,tabular,1,11217.65034,0.0,11217.65034,11217.65034,0,CPU,auto
all,p_laplace_learning,PDE/Variational,breast_cancer,R4,tabular,1,43.8639692,0.0,43.8639692,43.8639692,0,CPU,auto
all,p_laplace_learning,PDE/Variational,iris,R4,tabular,1,0.5412406,0.0,0.5412406,0.5412406,0,CPU,auto
all,poisson_learning,PDE/Variational,adult,R4,tabular,1,10.756761800000001,0.0,10.756761800000001,10.756761800000001,0,Unknown,auto
all,poisson_learning,PDE/Variational,breast_cancer,R4,tabular,1,2.5288418,0.0,2.5288418,2.5288418,0,Unknown,auto
all,poisson_learning,PDE/Variational,iris,R4,tabular,1,0.6119514,0.0,0.6119514,0.6119514,0,Unknown,auto
all,poisson_mbo,PDE/Variational,adult,R4,tabular,1,55.782989,0.0,55.782989,55.782989,0,CPU,auto
all,poisson_mbo,PDE/Variational,breast_cancer,R4,tabular,1,3.1080446,0.0,3.1080446,3.1080446,0,CPU,auto
all,poisson_mbo,PDE/Variational,iris,R4,tabular,1,0.6978316,0.0,0.6978316,0.6978316,0,CPU,auto
all,co_training,Wrappers,adult,R4,tabular,1,3.2149563999999997,0.0,3.2149563999999997,3.2149563999999997,0,NVIDIA A100-SXM4-80GB,auto
all,co_training,Wrappers,breast_cancer,R4,tabular,1,6.2316488,0.0,6.2316488,6.2316488,0,Tesla V100-SXM2-32GB,auto
all,co_training,Wrappers,iris,R4,tabular,1,2.5061298,0.0,2.5061298,2.5061298,0,NVIDIA A100-SXM4-80GB,auto
all,deep_co_training,Wrappers,adult,R4,tabular,1,84.29344139999999,0.0,84.29344139999999,84.29344139999999,0,NVIDIA A100-SXM4-80GB,auto
all,deep_co_training,Wrappers,breast_cancer,R4,tabular,1,4.7141622,0.0,4.7141622,4.7141622,0,Tesla V100-SXM2-32GB,auto
all,deep_co_training,Wrappers,iris,R4,tabular,1,1.124466,0.0,1.124466,1.124466,0,NVIDIA A100-SXM4-80GB,auto
all,democratic_co_learning,Wrappers,adult,R4,tabular,1,133.6202256,0.0,133.6202256,133.6202256,0,NVIDIA A100-SXM4-80GB,auto
all,democratic_co_learning,Wrappers,breast_cancer,R4,tabular,1,4.5876456,0.0,4.5876456,4.5876456,0,Tesla V100-SXM2-32GB,auto
all,democratic_co_learning,Wrappers,iris,R4,tabular,1,1.40884,0.0,1.40884,1.40884,0,NVIDIA A100-SXM4-80GB,auto
all,pseudo_label,Wrappers,adult,R4,tabular,1,60.5424004,0.0,60.5424004,60.5424004,0,NVIDIA A100-SXM4-80GB,auto
all,pseudo_label,Wrappers,breast_cancer,R4,tabular,1,4.543172,0.0,4.543172,4.543172,0,Tesla V100-SXM2-32GB,auto
all,pseudo_label,Wrappers,iris,R4,tabular,1,1.0482479999999998,0.0,1.0482479999999998,1.0482479999999998,0,NVIDIA A100-SXM4-80GB,auto
all,self_training,Wrappers,adult,R4,tabular,1,61.29909,0.0,61.29909,61.29909,0,NVIDIA A100-SXM4-80GB,auto
all,self_training,Wrappers,breast_cancer,R4,tabular,1,4.373648,0.0,4.373648,4.373648,0,Tesla V100-SXM2-32GB,auto
all,self_training,Wrappers,iris,R4,tabular,1,1.044698,0.0,1.044698,1.044698,0,NVIDIA A100-SXM4-80GB,auto
all,setred,Wrappers,adult,R4,tabular,1,2.1439766,0.0,2.1439766,2.1439766,0,NVIDIA A100-SXM4-80GB,auto
all,setred,Wrappers,breast_cancer,R4,tabular,1,5.1803908,0.0,5.1803908,5.1803908,0,Tesla V100-SXM2-32GB,auto
all,setred,Wrappers,iris,R4,tabular,1,1.058901,0.0,1.058901,1.058901,0,NVIDIA A100-SXM4-80GB,auto
all,tri_training,Wrappers,adult,R4,tabular,1,343.7731662,0.0,343.7731662,343.7731662,0,NVIDIA A100-SXM4-80GB,auto
all,tri_training,Wrappers,breast_cancer,R4,tabular,1,7.736251800000001,0.0,7.736251800000001,7.736251800000001,0,Tesla V100-SXM2-32GB,auto
all,tri_training,Wrappers,iris,R4,tabular,1,1.6588148,0.0,1.6588148,1.6588148,0,NVIDIA A100-SXM4-80GB,auto
all,trinet,Wrappers,adult,R4,tabular,1,661.747349,0.0,661.747349,661.747349,0,NVIDIA A100-SXM4-80GB,auto
all,trinet,Wrappers,breast_cancer,R4,tabular,1,18.252173199999998,0.0,18.252173199999998,18.252173199999998,0,Tesla V100-SXM2-32GB,auto
all,trinet,Wrappers,iris,R4,tabular,1,2.7753396,0.0,2.7753396,2.7753396,0,NVIDIA A100-SXM4-80GB,auto
all,supervised,Baseline,ag_news,R4,text,1,1.9929759999999999,0.0,1.9929759999999999,1.9929759999999999,0,NVIDIA A100-SXM4-80GB,auto
all,supervised,Baseline,imdb,R4,text,1,2.5095814,0.0,2.5095814,2.5095814,0,NVIDIA A100-SXM4-80GB,auto
all,dynamic_label_propagation,Classical transductive,imdb,R4,text,1,824.9862676,0.0,824.9862676,824.9862676,0,Unknown,auto
all,graph_mincuts,Classical transductive,imdb,R4,text,1,17.635928200000002,0.0,17.635928200000002,17.635928200000002,0,CPU,auto
all,graphhop,Classical transductive,ag_news,R4,text,1,19.221532,0.0,19.221532,19.221532,0,Unknown,auto
all,graphhop,Classical transductive,imdb,R4,text,1,26.6227222,0.0,26.6227222,26.6227222,0,Unknown,auto
all,label_propagation,Classical transductive,ag_news,R4,text,1,2.026011,0.0,2.026011,2.026011,0,Unknown,auto
all,label_propagation,Classical transductive,imdb,R4,text,1,1.1229628,0.0,1.1229628,1.1229628,0,Unknown,auto
all,label_spreading,Classical transductive,ag_news,R4,text,1,1.471021,0.0,1.471021,1.471021,0,Unknown,auto
all,label_spreading,Classical transductive,imdb,R4,text,1,0.9072230000000001,0.0,0.9072230000000001,0.9072230000000001,0,Unknown,auto
all,lazy_random_walk,Classical transductive,imdb,R4,text,1,21.902767,0.0,21.902767,21.902767,0,Unknown,auto
all,mean_teacher,Consistency,ag_news,R4,text,1,618.9105069999999,0.0,618.9105069999999,618.9105069999999,0,NVIDIA A100-SXM4-80GB,auto
all,mean_teacher,Consistency,imdb,R4,text,1,129.388433,0.0,129.388433,129.388433,0,NVIDIA A100-SXM4-80GB,auto
all,pi_model,Consistency,ag_news,R4,text,1,615.2150162,0.0,615.2150162,615.2150162,0,NVIDIA A100-SXM4-80GB,auto
all,pi_model,Consistency,imdb,R4,text,1,128.6186496,0.0,128.6186496,128.6186496,0,NVIDIA A100-SXM4-80GB,auto
all,temporal_ensembling,Consistency,ag_news,R4,text,1,767.579751,0.0,767.579751,767.579751,0,NVIDIA A100-SXM4-80GB,auto
all,temporal_ensembling,Consistency,imdb,R4,text,1,158.3880876,0.0,158.3880876,158.3880876,0,NVIDIA A100-SXM4-80GB,auto
all,vat,Consistency,ag_news,R4,text,1,841.752261,0.0,841.752261,841.752261,0,NVIDIA A100-SXM4-80GB,auto
all,vat,Consistency,imdb,R4,text,1,175.8468928,0.0,175.8468928,175.8468928,0,NVIDIA A100-SXM4-80GB,auto
all,appnp,GNN,ag_news,R4,text,1,85.529267,0.0,85.529267,85.529267,0,Unknown,auto
all,appnp,GNN,imdb,R4,text,1,16.366318200000002,0.0,16.366318200000002,16.366318200000002,0,Unknown,auto
all,chebnet,GNN,ag_news,R4,text,1,83.134123,0.0,83.134123,83.134123,0,Unknown,auto
all,chebnet,GNN,imdb,R4,text,1,1.701379,0.0,1.701379,1.701379,0,Unknown,auto
all,gat,GNN,ag_news,R4,text,1,27.754579,0.0,27.754579,27.754579,0,Unknown,auto
all,gat,GNN,imdb,R4,text,1,3.5960222,0.0,3.5960222,3.5960222,0,Unknown,auto
all,gcn,GNN,ag_news,R4,text,1,17.373088,0.0,17.373088,17.373088,0,Unknown,auto
all,gcn,GNN,imdb,R4,text,1,1.4856266,0.0,1.4856266,1.4856266,0,Unknown,auto
all,gcnii,GNN,ag_news,R4,text,1,32.919876,0.0,32.919876,32.919876,0,Unknown,auto
all,gcnii,GNN,imdb,R4,text,1,5.5704356,0.0,5.5704356,5.5704356,0,Unknown,auto
all,grafn,GNN,ag_news,R4,text,1,27.506922,0.0,27.506922,27.506922,0,Unknown,auto
all,grafn,GNN,imdb,R4,text,1,3.2331043999999998,0.0,3.2331043999999998,3.2331043999999998,0,Unknown,auto
all,grand,GNN,ag_news,R4,text,1,15.565018,0.0,15.565018,15.565018,0,Unknown,auto
all,grand,GNN,imdb,R4,text,1,3.8515416,0.0,3.8515416,3.8515416,0,Unknown,auto
all,graphsage,GNN,ag_news,R4,text,1,3.966605,0.0,3.966605,3.966605,0,Unknown,auto
all,graphsage,GNN,imdb,R4,text,1,1.5026992,0.0,1.5026992,1.5026992,0,Unknown,auto
all,h_gcn,GNN,imdb,R4,text,1,258.5081804,0.0,258.5081804,258.5081804,0,Unknown,auto
all,n_gcn,GNN,imdb,R4,text,1,184.6795078,0.0,184.6795078,184.6795078,0,Unknown,auto
all,planetoid,GNN,ag_news,R4,text,1,4191.423129,0.0,4191.423129,4191.423129,0,Unknown,auto
all,planetoid,GNN,imdb,R4,text,1,1044.9919476,0.0,1044.9919476,1044.9919476,0,Unknown,auto
all,sgc,GNN,ag_news,R4,text,1,5.810014,0.0,5.810014,5.810014,0,Unknown,auto
all,sgc,GNN,imdb,R4,text,1,8.0261926,0.0,8.0261926,8.0261926,0,Unknown,auto
all,adamatch,Hybrid,ag_news,R4,text,1,630.6949996,0.0,630.6949996,630.6949996,0,NVIDIA A100-SXM4-80GB,auto
all,adamatch,Hybrid,imdb,R4,text,1,134.1586416,0.0,134.1586416,134.1586416,0,NVIDIA A100-SXM4-80GB,auto
all,comatch,Hybrid,ag_news,R4,text,1,960.4583508,0.0,960.4583508,960.4583508,0,NVIDIA A100-SXM4-80GB,auto
all,comatch,Hybrid,imdb,R4,text,1,200.0656088,0.0,200.0656088,200.0656088,0,NVIDIA A100-SXM4-80GB,auto
all,daso,Hybrid,ag_news,R4,text,1,766.6121857999999,0.0,766.6121857999999,766.6121857999999,0,NVIDIA A100-SXM4-80GB,auto
all,daso,Hybrid,imdb,R4,text,1,158.1586612,0.0,158.1586612,158.1586612,0,NVIDIA A100-SXM4-80GB,auto
all,defixmatch,Hybrid,ag_news,R4,text,1,784.9516004,0.0,784.9516004,784.9516004,0,NVIDIA A100-SXM4-80GB,auto
all,defixmatch,Hybrid,imdb,R4,text,1,161.15465360000002,0.0,161.15465360000002,161.15465360000002,0,NVIDIA A100-SXM4-80GB,auto
all,fixmatch,Hybrid,ag_news,R4,text,1,620.4177538,0.0,620.4177538,620.4177538,0,NVIDIA A100-SXM4-80GB,auto
all,fixmatch,Hybrid,imdb,R4,text,1,130.84034300000002,0.0,130.84034300000002,130.84034300000002,0,NVIDIA A100-SXM4-80GB,auto
all,flexmatch,Hybrid,ag_news,R4,text,1,661.3068332,0.0,661.3068332,661.3068332,0,NVIDIA A100-SXM4-80GB,auto
all,flexmatch,Hybrid,imdb,R4,text,1,135.502399,0.0,135.502399,135.502399,0,NVIDIA A100-SXM4-80GB,auto
all,free_match,Hybrid,ag_news,R4,text,1,675.8629912,0.0,675.8629912,675.8629912,0,NVIDIA A100-SXM4-80GB,auto
all,free_match,Hybrid,imdb,R4,text,1,140.6914078,0.0,140.6914078,140.6914078,0,NVIDIA A100-SXM4-80GB,auto
all,meta_pseudo_labels,Hybrid,ag_news,R4,text,1,1646.1066716,0.0,1646.1066716,1646.1066716,0,NVIDIA A100-SXM4-80GB,auto
all,meta_pseudo_labels,Hybrid,imdb,R4,text,1,217.20139920000003,0.0,217.20139920000003,217.20139920000003,0,NVIDIA A100-SXM4-80GB,auto
all,mixmatch,Hybrid,ag_news,R4,text,1,1019.5889686,0.0,1019.5889686,1019.5889686,0,NVIDIA A100-SXM4-80GB,auto
all,mixmatch,Hybrid,imdb,R4,text,1,212.174187,0.0,212.174187,212.174187,0,NVIDIA A100-SXM4-80GB,auto
all,noisy_student,Hybrid,ag_news,R4,text,1,633.673997,0.0,633.673997,633.673997,0,NVIDIA A100-SXM4-80GB,auto
all,noisy_student,Hybrid,imdb,R4,text,1,131.7732746,0.0,131.7732746,131.7732746,0,NVIDIA A100-SXM4-80GB,auto
all,simclr_v2,Hybrid,ag_news,R4,text,1,409.83089060000003,0.0,409.83089060000003,409.83089060000003,0,NVIDIA A100-SXM4-80GB,auto
all,simclr_v2,Hybrid,imdb,R4,text,1,57.7622564,0.0,57.7622564,57.7622564,0,NVIDIA A100-SXM4-80GB,auto
all,softmatch,Hybrid,ag_news,R4,text,1,629.6495246000001,0.0,629.6495246000001,629.6495246000001,0,NVIDIA A100-SXM4-80GB,auto
all,softmatch,Hybrid,imdb,R4,text,1,131.192691,0.0,131.192691,131.192691,0,NVIDIA A100-SXM4-80GB,auto
all,uda,Hybrid,ag_news,R4,text,1,621.612884,0.0,621.612884,621.612884,0,NVIDIA A100-SXM4-80GB,auto
all,uda,Hybrid,imdb,R4,text,1,129.1703818,0.0,129.1703818,129.1703818,0,NVIDIA A100-SXM4-80GB,auto
all,adsh,Margin-based inductive,ag_news,R4,text,1,745.4576518,0.0,745.4576518,745.4576518,0,NVIDIA A100-SXM4-80GB,auto
all,adsh,Margin-based inductive,imdb,R4,text,1,154.385636,0.0,154.385636,154.385636,0,NVIDIA A100-SXM4-80GB,auto
all,tsvm,Margin-based inductive,imdb,R4,text,1,1.1712764,0.0,1.1712764,1.1712764,0,CPU,auto
all,laplace_learning,PDE/Variational,imdb,R4,text,1,5.915408,0.0,5.915408,5.915408,0,Unknown,auto
all,p_laplace_learning,PDE/Variational,ag_news,R4,text,1,40437.213764,0.0,40437.213764,40437.213764,0,CPU,auto
all,p_laplace_learning,PDE/Variational,imdb,R4,text,1,7190.458912,0.0,7190.458912,7190.458912,0,CPU,auto
all,poisson_learning,PDE/Variational,ag_news,R4,text,1,46.946072,0.0,46.946072,46.946072,0,Unknown,auto
all,poisson_learning,PDE/Variational,imdb,R4,text,1,14.890533000000001,0.0,14.890533000000001,14.890533000000001,0,Unknown,auto
all,poisson_mbo,PDE/Variational,ag_news,R4,text,1,149.940736,0.0,149.940736,149.940736,0,CPU,auto
all,poisson_mbo,PDE/Variational,imdb,R4,text,1,45.3998598,0.0,45.3998598,45.3998598,0,CPU,auto
all,co_training,Wrappers,ag_news,R4,text,1,4.3986706,0.0,4.3986706,4.3986706,0,Unknown,auto
all,co_training,Wrappers,imdb,R4,text,1,1.8220444,0.0,1.8220444,1.8220444,0,Unknown,auto
all,deep_co_training,Wrappers,ag_news,R4,text,1,1430.809854,0.0,1430.809854,1430.809854,0,NVIDIA A100-SXM4-80GB,auto
all,deep_co_training,Wrappers,imdb,R4,text,1,297.5222422,0.0,297.5222422,297.5222422,0,NVIDIA A100-SXM4-80GB,auto
all,setred,Wrappers,ag_news,R4,text,1,6.2279592,0.0,6.2279592,6.2279592,0,Unknown,auto
all,setred,Wrappers,imdb,R4,text,1,1.8100678,0.0,1.8100678,1.8100678,0,Unknown,auto
all,supervised,Baseline,cifar10,R4,vision,1,2.0928854,0.0,2.0928854,2.0928854,0,NVIDIA A100-SXM4-80GB,auto
all,supervised,Baseline,cifar100,R4,vision,1,2.9025696,0.0,2.9025696,2.9025696,0,NVIDIA A100-SXM4-80GB,auto
all,supervised,Baseline,mnist,R4,vision,1,1.8982350000000001,0.0,1.8982350000000001,1.8982350000000001,0,NVIDIA A100-SXM4-80GB,auto
all,graph_mincuts,Classical transductive,cifar10,R4,vision,1,2.61969,0.0,2.61969,2.61969,0,CPU,auto
all,graph_mincuts,Classical transductive,cifar100,R4,vision,1,0.2835012,0.0,0.2835012,0.2835012,0,CPU,auto
all,graph_mincuts,Classical transductive,mnist,R4,vision,1,0.6307799999999999,0.0,0.6307799999999999,0.6307799999999999,0,CPU,auto
all,graphhop,Classical transductive,cifar10,R4,vision,1,14.193146200000001,0.0,14.193146200000001,14.193146200000001,0,Unknown,auto
all,graphhop,Classical transductive,cifar100,R4,vision,1,30.2518684,0.0,30.2518684,30.2518684,0,Unknown,auto
all,graphhop,Classical transductive,mnist,R4,vision,1,15.714927,0.0,15.714927,15.714927,0,Unknown,auto
all,label_propagation,Classical transductive,cifar10,R4,vision,1,0.9087555999999999,0.0,0.9087555999999999,0.9087555999999999,0,Unknown,auto
all,label_propagation,Classical transductive,cifar100,R4,vision,1,1.0351676,0.0,1.0351676,1.0351676,0,Unknown,auto
all,label_propagation,Classical transductive,mnist,R4,vision,1,0.8107458,0.0,0.8107458,0.8107458,0,Unknown,auto
all,label_spreading,Classical transductive,cifar10,R4,vision,1,0.42015060000000004,0.0,0.42015060000000004,0.42015060000000004,0,Unknown,auto
all,label_spreading,Classical transductive,cifar100,R4,vision,1,0.6360474,0.0,0.6360474,0.6360474,0,Unknown,auto
all,label_spreading,Classical transductive,mnist,R4,vision,1,0.4048438,0.0,0.4048438,0.4048438,0,Unknown,auto
all,lazy_random_walk,Classical transductive,cifar10,R4,vision,1,2.0277804,0.0,2.0277804,2.0277804,0,Unknown,auto
all,lazy_random_walk,Classical transductive,cifar100,R4,vision,1,0.34505339999999995,0.0,0.34505339999999995,0.34505339999999995,0,Unknown,auto
all,lazy_random_walk,Classical transductive,mnist,R4,vision,1,0.6333542,0.0,0.6333542,0.6333542,0,Unknown,auto
all,mean_teacher,Consistency,cifar10,R4,vision,1,261.717987,0.0,261.717987,261.717987,0,NVIDIA A100-SXM4-80GB,auto
all,mean_teacher,Consistency,cifar100,R4,vision,1,256.6712192,0.0,256.6712192,256.6712192,0,NVIDIA A100-SXM4-80GB,auto
all,mean_teacher,Consistency,mnist,R4,vision,1,322.67509600000005,0.0,322.67509600000005,322.67509600000005,0,NVIDIA A100-SXM4-80GB,auto
all,pi_model,Consistency,cifar10,R4,vision,1,274.2804962,0.0,274.2804962,274.2804962,0,NVIDIA A100-SXM4-80GB,auto
all,pi_model,Consistency,cifar100,R4,vision,1,267.80764220000003,0.0,267.80764220000003,267.80764220000003,0,NVIDIA A100-SXM4-80GB,auto
all,pi_model,Consistency,mnist,R4,vision,1,333.6165476,0.0,333.6165476,333.6165476,0,NVIDIA A100-SXM4-80GB,auto
all,temporal_ensembling,Consistency,cifar10,R4,vision,1,296.1875536,0.0,296.1875536,296.1875536,0,NVIDIA A100-SXM4-80GB,auto
all,temporal_ensembling,Consistency,cifar100,R4,vision,1,317.69377380000003,0.0,317.69377380000003,317.69377380000003,0,NVIDIA A100-SXM4-80GB,auto
all,temporal_ensembling,Consistency,mnist,R4,vision,1,361.5050192,0.0,361.5050192,361.5050192,0,NVIDIA A100-SXM4-80GB,auto
all,vat,Consistency,cifar10,R4,vision,1,360.265357,0.0,360.265357,360.265357,0,NVIDIA A100-SXM4-80GB,auto
all,vat,Consistency,cifar100,R4,vision,1,355.1434052,0.0,355.1434052,355.1434052,0,NVIDIA A100-SXM4-80GB,auto
all,vat,Consistency,mnist,R4,vision,1,446.29056419999995,0.0,446.29056419999995,446.29056419999995,0,NVIDIA A100-SXM4-80GB,auto
all,appnp,GNN,cifar10,R4,vision,1,25.479709200000002,0.0,25.479709200000002,25.479709200000002,0,Unknown,auto
all,appnp,GNN,cifar100,R4,vision,1,27.2172436,0.0,27.2172436,27.2172436,0,Unknown,auto
all,appnp,GNN,mnist,R4,vision,1,4.4237546,0.0,4.4237546,4.4237546,0,Unknown,auto
all,chebnet,GNN,cifar10,R4,vision,1,2.5444874,0.0,2.5444874,2.5444874,0,Unknown,auto
all,chebnet,GNN,cifar100,R4,vision,1,5.159622199999999,0.0,5.159622199999999,5.159622199999999,0,Unknown,auto
all,chebnet,GNN,mnist,R4,vision,1,5.4199798,0.0,5.4199798,5.4199798,0,Unknown,auto
all,gat,GNN,cifar10,R4,vision,1,3.0974078,0.0,3.0974078,3.0974078,0,Unknown,auto
all,gat,GNN,cifar100,R4,vision,1,4.2221608,0.0,4.2221608,4.2221608,0,Unknown,auto
all,gat,GNN,mnist,R4,vision,1,4.2036248,0.0,4.2036248,4.2036248,0,Unknown,auto
all,gcn,GNN,cifar10,R4,vision,1,0.943877,0.0,0.943877,0.943877,0,Unknown,auto
all,gcn,GNN,cifar100,R4,vision,1,1.6354323999999998,0.0,1.6354323999999998,1.6354323999999998,0,Unknown,auto
all,gcn,GNN,mnist,R4,vision,1,1.3294016,0.0,1.3294016,1.3294016,0,Unknown,auto
all,gcnii,GNN,cifar10,R4,vision,1,4.799232399999999,0.0,4.799232399999999,4.799232399999999,0,Unknown,auto
all,gcnii,GNN,cifar100,R4,vision,1,8.7034626,0.0,8.7034626,8.7034626,0,Unknown,auto
all,gcnii,GNN,mnist,R4,vision,1,13.3027652,0.0,13.3027652,13.3027652,0,Unknown,auto
all,grafn,GNN,cifar10,R4,vision,1,4.042851000000001,0.0,4.042851000000001,4.042851000000001,0,Unknown,auto
all,grafn,GNN,cifar100,R4,vision,1,3.9570342,0.0,3.9570342,3.9570342,0,Unknown,auto
all,grafn,GNN,mnist,R4,vision,1,6.7046546000000005,0.0,6.7046546000000005,6.7046546000000005,0,Unknown,auto
all,grand,GNN,cifar10,R4,vision,1,14.2554774,0.0,14.2554774,14.2554774,0,Unknown,auto
all,grand,GNN,cifar100,R4,vision,1,42.501773,0.0,42.501773,42.501773,0,Unknown,auto
all,grand,GNN,mnist,R4,vision,1,40.999151,0.0,40.999151,40.999151,0,Unknown,auto
all,graphsage,GNN,cifar10,R4,vision,1,1.5622046,0.0,1.5622046,1.5622046,0,Unknown,auto
all,graphsage,GNN,cifar100,R4,vision,1,1.9735568,0.0,1.9735568,1.9735568,0,Unknown,auto
all,graphsage,GNN,mnist,R4,vision,1,2.5536212,0.0,2.5536212,2.5536212,0,Unknown,auto
all,h_gcn,GNN,cifar10,R4,vision,1,494.69232380000005,0.0,494.69232380000005,494.69232380000005,0,Unknown,auto
all,h_gcn,GNN,cifar100,R4,vision,1,511.3294852,0.0,511.3294852,511.3294852,0,Unknown,auto
all,planetoid,GNN,cifar10,R4,vision,1,1268.351288,0.0,1268.351288,1268.351288,0,Unknown,auto
all,planetoid,GNN,cifar100,R4,vision,1,1296.641182,0.0,1296.641182,1296.641182,0,Unknown,auto
all,planetoid,GNN,mnist,R4,vision,1,1611.9521874,0.0,1611.9521874,1611.9521874,0,Unknown,auto
all,sgc,GNN,cifar10,R4,vision,1,2.261852,0.0,2.261852,2.261852,0,Unknown,auto
all,sgc,GNN,cifar100,R4,vision,1,2.856125,0.0,2.856125,2.856125,0,Unknown,auto
all,sgc,GNN,mnist,R4,vision,1,0.877285,0.0,0.877285,0.877285,0,Unknown,auto
all,adamatch,Hybrid,cifar10,R4,vision,1,270.39993,0.0,270.39993,270.39993,0,NVIDIA A100-SXM4-80GB,auto
all,adamatch,Hybrid,cifar100,R4,vision,1,270.0428482,0.0,270.0428482,270.0428482,0,NVIDIA A100-SXM4-80GB,auto
all,adamatch,Hybrid,mnist,R4,vision,1,334.357957,0.0,334.357957,334.357957,0,NVIDIA A100-SXM4-80GB,auto
all,comatch,Hybrid,cifar10,R4,vision,1,395.294545,0.0,395.294545,395.294545,0,NVIDIA A100-SXM4-80GB,auto
all,comatch,Hybrid,cifar100,R4,vision,1,385.90265439999996,0.0,385.90265439999996,385.90265439999996,0,NVIDIA A100-SXM4-80GB,auto
all,comatch,Hybrid,mnist,R4,vision,1,498.8664798,0.0,498.8664798,498.8664798,0,NVIDIA A100-SXM4-80GB,auto
all,daso,Hybrid,cifar10,R4,vision,1,351.34271,0.0,351.34271,351.34271,0,NVIDIA A100-SXM4-80GB,auto
all,daso,Hybrid,cifar100,R4,vision,1,508.0095826,0.0,508.0095826,508.0095826,0,NVIDIA A100-SXM4-80GB,auto
all,daso,Hybrid,mnist,R4,vision,1,427.7434008,0.0,427.7434008,427.7434008,0,NVIDIA A100-SXM4-80GB,auto
all,defixmatch,Hybrid,cifar10,R4,vision,1,372.230222,0.0,372.230222,372.230222,0,NVIDIA A100-SXM4-80GB,auto
all,defixmatch,Hybrid,cifar100,R4,vision,1,369.33319199999994,0.0,369.33319199999994,369.33319199999994,0,NVIDIA A100-SXM4-80GB,auto
all,defixmatch,Hybrid,mnist,R4,vision,1,441.6754324,0.0,441.6754324,441.6754324,0,NVIDIA A100-SXM4-80GB,auto
all,fixmatch,Hybrid,cifar10,R4,vision,1,272.87847,0.0,272.87847,272.87847,0,NVIDIA A100-SXM4-80GB,auto
all,fixmatch,Hybrid,cifar100,R4,vision,1,270.1823802,0.0,270.1823802,270.1823802,0,NVIDIA A100-SXM4-80GB,auto
all,fixmatch,Hybrid,mnist,R4,vision,1,319.2062466,0.0,319.2062466,319.2062466,0,NVIDIA A100-SXM4-80GB,auto
all,flexmatch,Hybrid,cifar10,R4,vision,1,360.682383,0.0,360.682383,360.682383,0,NVIDIA A100-SXM4-80GB,auto
all,flexmatch,Hybrid,cifar100,R4,vision,1,367.1558482,0.0,367.1558482,367.1558482,0,NVIDIA A100-SXM4-80GB,auto
all,flexmatch,Hybrid,mnist,R4,vision,1,403.0337512,0.0,403.0337512,403.0337512,0,NVIDIA A100-SXM4-80GB,auto
all,free_match,Hybrid,cifar10,R4,vision,1,292.704076,0.0,292.704076,292.704076,0,NVIDIA A100-SXM4-80GB,auto
all,free_match,Hybrid,cifar100,R4,vision,1,291.0441156,0.0,291.0441156,291.0441156,0,NVIDIA A100-SXM4-80GB,auto
all,free_match,Hybrid,mnist,R4,vision,1,355.2301676,0.0,355.2301676,355.2301676,0,NVIDIA A100-SXM4-80GB,auto
all,meta_pseudo_labels,Hybrid,cifar10,R4,vision,1,480.8943836,0.0,480.8943836,480.8943836,0,NVIDIA A100-SXM4-80GB,auto
all,meta_pseudo_labels,Hybrid,cifar100,R4,vision,1,473.36113800000004,0.0,473.36113800000004,473.36113800000004,0,NVIDIA A100-SXM4-80GB,auto
all,meta_pseudo_labels,Hybrid,mnist,R4,vision,1,578.1446118,0.0,578.1446118,578.1446118,0,NVIDIA A100-SXM4-80GB,auto
all,mixmatch,Hybrid,cifar10,R4,vision,1,257.037133,0.0,257.037133,257.037133,0,NVIDIA A100-SXM4-80GB,auto
all,mixmatch,Hybrid,cifar100,R4,vision,1,220.53846439999998,0.0,220.53846439999998,220.53846439999998,0,NVIDIA A100-SXM4-80GB,auto
all,mixmatch,Hybrid,mnist,R4,vision,1,289.1300234,0.0,289.1300234,289.1300234,0,NVIDIA A100-SXM4-80GB,auto
all,noisy_student,Hybrid,cifar10,R4,vision,1,248.84005900000002,0.0,248.84005900000002,248.84005900000002,0,NVIDIA A100-SXM4-80GB,auto
all,noisy_student,Hybrid,cifar100,R4,vision,1,241.1253296,0.0,241.1253296,241.1253296,0,NVIDIA A100-SXM4-80GB,auto
all,noisy_student,Hybrid,mnist,R4,vision,1,310.393551,0.0,310.393551,310.393551,0,NVIDIA A100-SXM4-80GB,auto
all,simclr_v2,Hybrid,cifar10,R4,vision,1,110.26988539999999,0.0,110.26988539999999,110.26988539999999,0,NVIDIA A100-SXM4-80GB,auto
all,simclr_v2,Hybrid,cifar100,R4,vision,1,107.989518,0.0,107.989518,107.989518,0,NVIDIA A100-SXM4-80GB,auto
all,simclr_v2,Hybrid,mnist,R4,vision,1,129.3233128,0.0,129.3233128,129.3233128,0,NVIDIA A100-SXM4-80GB,auto
all,softmatch,Hybrid,cifar10,R4,vision,1,274.1496948,0.0,274.1496948,274.1496948,0,NVIDIA A100-SXM4-80GB,auto
all,softmatch,Hybrid,cifar100,R4,vision,1,273.524162,0.0,273.524162,273.524162,0,NVIDIA A100-SXM4-80GB,auto
all,softmatch,Hybrid,mnist,R4,vision,1,330.9093974,0.0,330.9093974,330.9093974,0,NVIDIA A100-SXM4-80GB,auto
all,uda,Hybrid,cifar10,R4,vision,1,275.5676484,0.0,275.5676484,275.5676484,0,NVIDIA A100-SXM4-80GB,auto
all,uda,Hybrid,cifar100,R4,vision,1,263.44076060000003,0.0,263.44076060000003,263.44076060000003,0,NVIDIA A100-SXM4-80GB,auto
all,uda,Hybrid,mnist,R4,vision,1,331.3915868,0.0,331.3915868,331.3915868,0,NVIDIA A100-SXM4-80GB,auto
all,adsh,Margin-based inductive,cifar10,R4,vision,1,321.762939,0.0,321.762939,321.762939,0,NVIDIA A100-SXM4-80GB,auto
all,adsh,Margin-based inductive,cifar100,R4,vision,1,347.1392242,0.0,347.1392242,347.1392242,0,NVIDIA A100-SXM4-80GB,auto
all,adsh,Margin-based inductive,mnist,R4,vision,1,387.969942,0.0,387.969942,387.969942,0,NVIDIA A100-SXM4-80GB,auto
all,laplace_learning,PDE/Variational,cifar10,R4,vision,1,28.314483000000003,0.0,28.314483000000003,28.314483000000003,0,Unknown,auto
all,laplace_learning,PDE/Variational,cifar100,R4,vision,1,27.631346999999998,0.0,27.631346999999998,27.631346999999998,0,Unknown,auto
all,laplace_learning,PDE/Variational,mnist,R4,vision,1,13.5895442,0.0,13.5895442,13.5895442,0,Unknown,auto
all,poisson_learning,PDE/Variational,cifar10,R4,vision,1,43.840884,0.0,43.840884,43.840884,0,Unknown,auto
all,poisson_learning,PDE/Variational,cifar100,R4,vision,1,440.881635,0.0,440.881635,440.881635,0,Unknown,auto
all,poisson_learning,PDE/Variational,mnist,R4,vision,1,55.6868052,0.0,55.6868052,55.6868052,0,Unknown,auto
all,poisson_mbo,PDE/Variational,cifar10,R4,vision,1,123.538297,0.0,123.538297,123.538297,0,CPU,auto
all,poisson_mbo,PDE/Variational,cifar100,R4,vision,1,939.821321,0.0,939.821321,939.821321,0,CPU,auto
all,poisson_mbo,PDE/Variational,mnist,R4,vision,1,159.26169099999998,0.0,159.26169099999998,159.26169099999998,0,CPU,auto
all,co_training,Wrappers,cifar10,R4,vision,1,7.271572,0.0,7.271572,7.271572,0,Unknown,auto
all,co_training,Wrappers,cifar100,R4,vision,1,1997.8931996,0.0,1997.8931996,1997.8931996,0,Unknown,auto
all,co_training,Wrappers,mnist,R4,vision,1,8.2820138,0.0,8.2820138,8.2820138,0,Unknown,auto
all,deep_co_training,Wrappers,cifar10,R4,vision,1,645.629897,0.0,645.629897,645.629897,0,NVIDIA A100-SXM4-80GB,auto
all,deep_co_training,Wrappers,cifar100,R4,vision,1,618.808179,0.0,618.808179,618.808179,0,NVIDIA A100-SXM4-80GB,auto
all,deep_co_training,Wrappers,mnist,R4,vision,1,740.7595156,0.0,740.7595156,740.7595156,0,NVIDIA A100-SXM4-80GB,auto
all,democratic_co_learning,Wrappers,cifar10,R4,vision,1,1535.346214,0.0,1535.346214,1535.346214,0,NVIDIA A100-SXM4-80GB,auto
all,democratic_co_learning,Wrappers,cifar100,R4,vision,1,814.4614902000001,0.0,814.4614902000001,814.4614902000001,0,NVIDIA A100-SXM4-80GB,auto
all,democratic_co_learning,Wrappers,mnist,R4,vision,1,2120.4674684,0.0,2120.4674684,2120.4674684,0,NVIDIA A100-SXM4-80GB,auto
all,pseudo_label,Wrappers,cifar10,R4,vision,1,2.7144839999999997,0.0,2.7144839999999997,2.7144839999999997,0,NVIDIA A100-SXM4-80GB,auto
all,pseudo_label,Wrappers,cifar100,R4,vision,1,4.2065104,0.0,4.2065104,4.2065104,0,NVIDIA A100-SXM4-80GB,auto
all,pseudo_label,Wrappers,mnist,R4,vision,1,2.4890322,0.0,2.4890322,2.4890322,0,NVIDIA A100-SXM4-80GB,auto
all,self_training,Wrappers,cifar10,R4,vision,1,2.0331158,0.0,2.0331158,2.0331158,0,NVIDIA A100-SXM4-80GB,auto
all,self_training,Wrappers,cifar100,R4,vision,1,3.9599612,0.0,3.9599612,3.9599612,0,NVIDIA A100-SXM4-80GB,auto
all,self_training,Wrappers,mnist,R4,vision,1,2.1274864,0.0,2.1274864,2.1274864,0,NVIDIA A100-SXM4-80GB,auto
all,setred,Wrappers,cifar10,R4,vision,1,3.7951974,0.0,3.7951974,3.7951974,0,Unknown,auto
all,setred,Wrappers,cifar100,R4,vision,1,604.6981214,0.0,604.6981214,604.6981214,0,Unknown,auto
all,setred,Wrappers,mnist,R4,vision,1,15.3792926,0.0,15.3792926,15.3792926,0,Unknown,auto
all,tri_training,Wrappers,cifar10,R4,vision,1,2481.4501327999997,0.0,2481.4501327999997,2481.4501327999997,0,NVIDIA A100-SXM4-80GB,auto
all,tri_training,Wrappers,cifar100,R4,vision,1,2358.705462,0.0,2358.705462,2358.705462,0,NVIDIA A100-SXM4-80GB,auto
all,tri_training,Wrappers,mnist,R4,vision,1,3004.4630968,0.0,3004.4630968,3004.4630968,0,NVIDIA A100-SXM4-80GB,auto
all,supervised,Baseline,adult,R5,tabular,1,1.0660338,0.0,1.0660338,1.0660338,0,NVIDIA A100-SXM4-80GB,auto
all,supervised,Baseline,breast_cancer,R5,tabular,1,2.8417106,0.0,2.8417106,2.8417106,0,Tesla V100-SXM2-32GB,auto
all,dynamic_label_propagation,Classical transductive,adult,R5,tabular,1,765.7890744,0.0,765.7890744,765.7890744,0,Unknown,auto
all,dynamic_label_propagation,Classical transductive,breast_cancer,R5,tabular,1,1.95697,0.0,1.95697,1.95697,0,Unknown,auto
all,graph_mincuts,Classical transductive,adult,R5,tabular,1,0.9244486000000001,0.0,0.9244486000000001,0.9244486000000001,0,CPU,auto
all,graph_mincuts,Classical transductive,breast_cancer,R5,tabular,1,1.2543198,0.0,1.2543198,1.2543198,0,CPU,auto
all,graphhop,Classical transductive,adult,R5,tabular,1,31.171077200000003,0.0,31.171077200000003,31.171077200000003,0,Unknown,auto
all,graphhop,Classical transductive,breast_cancer,R5,tabular,1,19.613785999999998,0.0,19.613785999999998,19.613785999999998,0,Unknown,auto
all,label_propagation,Classical transductive,adult,R5,tabular,1,1.3468826,0.0,1.3468826,1.3468826,0,Unknown,auto
all,label_propagation,Classical transductive,breast_cancer,R5,tabular,1,1.1495144,0.0,1.1495144,1.1495144,0,Unknown,auto
all,label_spreading,Classical transductive,adult,R5,tabular,1,0.7057836,0.0,0.7057836,0.7057836,0,Unknown,auto
all,label_spreading,Classical transductive,breast_cancer,R5,tabular,1,1.0743082,0.0,1.0743082,1.0743082,0,Unknown,auto
all,lazy_random_walk,Classical transductive,adult,R5,tabular,1,5.4080522,0.0,5.4080522,5.4080522,0,Unknown,auto
all,lazy_random_walk,Classical transductive,breast_cancer,R5,tabular,1,0.9681286,0.0,0.9681286,0.9681286,0,Unknown,auto
all,mean_teacher,Consistency,adult,R5,tabular,1,37.2216344,0.0,37.2216344,37.2216344,0,NVIDIA A100-SXM4-80GB,auto
all,mean_teacher,Consistency,breast_cancer,R5,tabular,1,3.8558572,0.0,3.8558572,3.8558572,0,Tesla V100-SXM2-32GB,auto
all,pi_model,Consistency,adult,R5,tabular,1,35.765462400000004,0.0,35.765462400000004,35.765462400000004,0,NVIDIA A100-SXM4-80GB,auto
all,pi_model,Consistency,breast_cancer,R5,tabular,1,3.9607343999999998,0.0,3.9607343999999998,3.9607343999999998,0,Tesla V100-SXM2-32GB,auto
all,temporal_ensembling,Consistency,adult,R5,tabular,1,40.7838898,0.0,40.7838898,40.7838898,0,NVIDIA A100-SXM4-80GB,auto
all,temporal_ensembling,Consistency,breast_cancer,R5,tabular,1,3.7760523999999998,0.0,3.7760523999999998,3.7760523999999998,0,Tesla V100-SXM2-32GB,auto
all,vat,Consistency,adult,R5,tabular,1,48.0329204,0.0,48.0329204,48.0329204,0,NVIDIA A100-SXM4-80GB,auto
all,vat,Consistency,breast_cancer,R5,tabular,1,4.0910392,0.0,4.0910392,4.0910392,0,Tesla V100-SXM2-32GB,auto
all,appnp,GNN,adult,R5,tabular,1,15.621168800000001,0.0,15.621168800000001,15.621168800000001,0,Unknown,auto
all,appnp,GNN,breast_cancer,R5,tabular,1,3.8011536,0.0,3.8011536,3.8011536,0,Unknown,auto
all,chebnet,GNN,adult,R5,tabular,1,1.6455290000000002,0.0,1.6455290000000002,1.6455290000000002,0,Unknown,auto
all,chebnet,GNN,breast_cancer,R5,tabular,1,3.3172142,0.0,3.3172142,3.3172142,0,Unknown,auto
all,gat,GNN,adult,R5,tabular,1,4.2991802,0.0,4.2991802,4.2991802,0,Unknown,auto
all,gat,GNN,breast_cancer,R5,tabular,1,3.9499806,0.0,3.9499806,3.9499806,0,Unknown,auto
all,gcn,GNN,adult,R5,tabular,1,1.3029595999999999,0.0,1.3029595999999999,1.3029595999999999,0,Unknown,auto
all,gcn,GNN,breast_cancer,R5,tabular,1,2.9165099999999997,0.0,2.9165099999999997,2.9165099999999997,0,Unknown,auto
all,gcnii,GNN,adult,R5,tabular,1,4.7360938,0.0,4.7360938,4.7360938,0,Unknown,auto
all,gcnii,GNN,breast_cancer,R5,tabular,1,4.5509189999999995,0.0,4.5509189999999995,4.5509189999999995,0,Unknown,auto
all,grafn,GNN,adult,R5,tabular,1,3.8005629999999995,0.0,3.8005629999999995,3.8005629999999995,0,Unknown,auto
all,grafn,GNN,breast_cancer,R5,tabular,1,3.5296176000000004,0.0,3.5296176000000004,3.5296176000000004,0,Unknown,auto
all,grand,GNN,adult,R5,tabular,1,2.5422302,0.0,2.5422302,2.5422302,0,Unknown,auto
all,grand,GNN,breast_cancer,R5,tabular,1,3.1563980000000003,0.0,3.1563980000000003,3.1563980000000003,0,Unknown,auto
all,graphsage,GNN,adult,R5,tabular,1,1.3125136,0.0,1.3125136,1.3125136,0,Unknown,auto
all,graphsage,GNN,breast_cancer,R5,tabular,1,2.3929584,0.0,2.3929584,2.3929584,0,Unknown,auto
all,h_gcn,GNN,adult,R5,tabular,1,243.25375119999998,0.0,243.25375119999998,243.25375119999998,0,Unknown,auto
all,h_gcn,GNN,breast_cancer,R5,tabular,1,3.5698596,0.0,3.5698596,3.5698596,0,Unknown,auto
all,n_gcn,GNN,adult,R5,tabular,1,162.1919948,0.0,162.1919948,162.1919948,0,Unknown,auto
all,n_gcn,GNN,breast_cancer,R5,tabular,1,2.9823288,0.0,2.9823288,2.9823288,0,Unknown,auto
all,planetoid,GNN,adult,R5,tabular,1,958.0502682,0.0,958.0502682,958.0502682,0,Unknown,auto
all,planetoid,GNN,breast_cancer,R5,tabular,1,43.778355,0.0,43.778355,43.778355,0,Unknown,auto
all,sgc,GNN,adult,R5,tabular,1,1.975986,0.0,1.975986,1.975986,0,Unknown,auto
all,sgc,GNN,breast_cancer,R5,tabular,1,1.3199412000000001,0.0,1.3199412000000001,1.3199412000000001,0,Unknown,auto
all,adamatch,Hybrid,adult,R5,tabular,1,41.682978000000006,0.0,41.682978000000006,41.682978000000006,0,NVIDIA A100-SXM4-80GB,auto
all,adamatch,Hybrid,breast_cancer,R5,tabular,1,4.907853,0.0,4.907853,4.907853,0,Tesla V100-SXM2-32GB,auto
all,comatch,Hybrid,adult,R5,tabular,1,67.6448748,0.0,67.6448748,67.6448748,0,NVIDIA A100-SXM4-80GB,auto
all,comatch,Hybrid,breast_cancer,R5,tabular,1,4.9103772,0.0,4.9103772,4.9103772,0,Tesla V100-SXM2-32GB,auto
all,daso,Hybrid,adult,R5,tabular,1,55.0598016,0.0,55.0598016,55.0598016,0,NVIDIA A100-SXM4-80GB,auto
all,daso,Hybrid,breast_cancer,R5,tabular,1,4.4282664,0.0,4.4282664,4.4282664,0,Tesla V100-SXM2-32GB,auto
all,defixmatch,Hybrid,adult,R5,tabular,1,50.4589412,0.0,50.4589412,50.4589412,0,NVIDIA A100-SXM4-80GB,auto
all,defixmatch,Hybrid,breast_cancer,R5,tabular,1,4.4612526,0.0,4.4612526,4.4612526,0,Tesla V100-SXM2-32GB,auto
all,fixmatch,Hybrid,adult,R5,tabular,1,37.6383598,0.0,37.6383598,37.6383598,0,NVIDIA A100-SXM4-80GB,auto
all,fixmatch,Hybrid,breast_cancer,R5,tabular,1,4.246470400000001,0.0,4.246470400000001,4.246470400000001,0,Tesla V100-SXM2-32GB,auto
all,flexmatch,Hybrid,adult,R5,tabular,1,51.1432996,0.0,51.1432996,51.1432996,0,NVIDIA A100-SXM4-80GB,auto
all,flexmatch,Hybrid,breast_cancer,R5,tabular,1,4.542617399999999,0.0,4.542617399999999,4.542617399999999,0,Tesla V100-SXM2-32GB,auto
all,free_match,Hybrid,adult,R5,tabular,1,56.585565599999995,0.0,56.585565599999995,56.585565599999995,0,NVIDIA A100-SXM4-80GB,auto
all,free_match,Hybrid,breast_cancer,R5,tabular,1,4.6162301999999995,0.0,4.6162301999999995,4.6162301999999995,0,Tesla V100-SXM2-32GB,auto
all,meta_pseudo_labels,Hybrid,adult,R5,tabular,1,60.921003,0.0,60.921003,60.921003,0,NVIDIA A100-SXM4-80GB,auto
all,meta_pseudo_labels,Hybrid,breast_cancer,R5,tabular,1,4.8201518,0.0,4.8201518,4.8201518,0,Tesla V100-SXM2-32GB,auto
all,mixmatch,Hybrid,adult,R5,tabular,1,42.097249,0.0,42.097249,42.097249,0,NVIDIA A100-SXM4-80GB,auto
all,mixmatch,Hybrid,breast_cancer,R5,tabular,1,4.2552854,0.0,4.2552854,4.2552854,0,Tesla V100-SXM2-32GB,auto
all,noisy_student,Hybrid,adult,R5,tabular,1,37.9534332,0.0,37.9534332,37.9534332,0,NVIDIA A100-SXM4-80GB,auto
all,noisy_student,Hybrid,breast_cancer,R5,tabular,1,3.9241681999999996,0.0,3.9241681999999996,3.9241681999999996,0,Tesla V100-SXM2-32GB,auto
all,simclr_v2,Hybrid,adult,R5,tabular,1,21.0840344,0.0,21.0840344,21.0840344,0,NVIDIA A100-SXM4-80GB,auto
all,simclr_v2,Hybrid,breast_cancer,R5,tabular,1,3.3614171999999995,0.0,3.3614171999999995,3.3614171999999995,0,Tesla V100-SXM2-32GB,auto
all,softmatch,Hybrid,adult,R5,tabular,1,40.413563999999994,0.0,40.413563999999994,40.413563999999994,0,NVIDIA A100-SXM4-80GB,auto
all,softmatch,Hybrid,breast_cancer,R5,tabular,1,3.7261076,0.0,3.7261076,3.7261076,0,Tesla V100-SXM2-32GB,auto
all,uda,Hybrid,adult,R5,tabular,1,38.9645102,0.0,38.9645102,38.9645102,0,NVIDIA A100-SXM4-80GB,auto
all,uda,Hybrid,breast_cancer,R5,tabular,1,3.698427,0.0,3.698427,3.698427,0,Tesla V100-SXM2-32GB,auto
all,adsh,Margin-based inductive,adult,R5,tabular,1,41.0655844,0.0,41.0655844,41.0655844,0,NVIDIA A100-SXM4-80GB,auto
all,adsh,Margin-based inductive,breast_cancer,R5,tabular,1,4.5028098,0.0,4.5028098,4.5028098,0,Tesla V100-SXM2-32GB,auto
all,s4vm,Margin-based inductive,adult,R5,tabular,1,38.430259,0.0,38.430259,38.430259,0,NVIDIA A100-SXM4-80GB,auto
all,s4vm,Margin-based inductive,breast_cancer,R5,tabular,1,4.869264599999999,0.0,4.869264599999999,4.869264599999999,0,Tesla V100-SXM2-32GB,auto
all,tsvm,Margin-based inductive,adult,R5,tabular,1,1.7771864000000002,0.0,1.7771864000000002,1.7771864000000002,0,CPU,auto
all,tsvm,Margin-based inductive,breast_cancer,R5,tabular,1,0.726154,0.0,0.726154,0.726154,0,CPU,auto
all,laplace_learning,PDE/Variational,adult,R5,tabular,1,5.4170672,0.0,5.4170672,5.4170672,0,Unknown,auto
all,laplace_learning,PDE/Variational,breast_cancer,R5,tabular,1,1.098423,0.0,1.098423,1.098423,0,Unknown,auto
all,p_laplace_learning,PDE/Variational,adult,R5,tabular,1,11108.646334000001,0.0,11108.646334000001,11108.646334000001,0,CPU,auto
all,p_laplace_learning,PDE/Variational,breast_cancer,R5,tabular,1,46.9899464,0.0,46.9899464,46.9899464,0,CPU,auto
all,poisson_learning,PDE/Variational,adult,R5,tabular,1,10.9753742,0.0,10.9753742,10.9753742,0,Unknown,auto
all,poisson_learning,PDE/Variational,breast_cancer,R5,tabular,1,0.9615980000000001,0.0,0.9615980000000001,0.9615980000000001,0,Unknown,auto
all,poisson_mbo,PDE/Variational,adult,R5,tabular,1,54.356464800000005,0.0,54.356464800000005,54.356464800000005,0,CPU,auto
all,poisson_mbo,PDE/Variational,breast_cancer,R5,tabular,1,1.8289490000000002,0.0,1.8289490000000002,1.8289490000000002,0,CPU,auto
all,co_training,Wrappers,adult,R5,tabular,1,3.5469194,0.0,3.5469194,3.5469194,0,NVIDIA A100-SXM4-80GB,auto
all,co_training,Wrappers,breast_cancer,R5,tabular,1,6.573118200000001,0.0,6.573118200000001,6.573118200000001,0,Tesla V100-SXM2-32GB,auto
all,deep_co_training,Wrappers,adult,R5,tabular,1,82.8367536,0.0,82.8367536,82.8367536,0,NVIDIA A100-SXM4-80GB,auto
all,deep_co_training,Wrappers,breast_cancer,R5,tabular,1,5.476482,0.0,5.476482,5.476482,0,Tesla V100-SXM2-32GB,auto
all,democratic_co_learning,Wrappers,adult,R5,tabular,1,94.3485178,0.0,94.3485178,94.3485178,0,NVIDIA A100-SXM4-80GB,auto
all,democratic_co_learning,Wrappers,breast_cancer,R5,tabular,1,4.970135,0.0,4.970135,4.970135,0,Tesla V100-SXM2-32GB,auto
all,pseudo_label,Wrappers,adult,R5,tabular,1,61.63113920000001,0.0,61.63113920000001,61.63113920000001,0,NVIDIA A100-SXM4-80GB,auto
all,pseudo_label,Wrappers,breast_cancer,R5,tabular,1,4.779946,0.0,4.779946,4.779946,0,Tesla V100-SXM2-32GB,auto
all,self_training,Wrappers,adult,R5,tabular,1,61.310658000000004,0.0,61.310658000000004,61.310658000000004,0,NVIDIA A100-SXM4-80GB,auto
all,self_training,Wrappers,breast_cancer,R5,tabular,1,4.6088434,0.0,4.6088434,4.6088434,0,Tesla V100-SXM2-32GB,auto
all,setred,Wrappers,adult,R5,tabular,1,2.304148,0.0,2.304148,2.304148,0,NVIDIA A100-SXM4-80GB,auto
all,setred,Wrappers,breast_cancer,R5,tabular,1,5.3129416,0.0,5.3129416,5.3129416,0,Tesla V100-SXM2-32GB,auto
all,tri_training,Wrappers,adult,R5,tabular,1,349.26077960000003,0.0,349.26077960000003,349.26077960000003,0,NVIDIA A100-SXM4-80GB,auto
all,tri_training,Wrappers,breast_cancer,R5,tabular,1,6.0339614,0.0,6.0339614,6.0339614,0,Tesla V100-SXM2-32GB,auto
all,trinet,Wrappers,adult,R5,tabular,1,686.3770754,0.0,686.3770754,686.3770754,0,NVIDIA A100-SXM4-80GB,auto
all,trinet,Wrappers,breast_cancer,R5,tabular,1,18.3853118,0.0,18.3853118,18.3853118,0,Tesla V100-SXM2-32GB,auto
all,supervised,Baseline,ag_news,R5,text,1,7.273892,0.0,7.273892,7.273892,0,NVIDIA A100-SXM4-80GB,auto
all,supervised,Baseline,imdb,R5,text,1,2.1212244,0.0,2.1212244,2.1212244,0,NVIDIA A100-SXM4-80GB,auto
all,dynamic_label_propagation,Classical transductive,imdb,R5,text,1,820.0898283999999,0.0,820.0898283999999,820.0898283999999,0,Unknown,auto
all,graph_mincuts,Classical transductive,imdb,R5,text,1,15.4636438,0.0,15.4636438,15.4636438,0,CPU,auto
all,graphhop,Classical transductive,ag_news,R5,text,1,40.294416,0.0,40.294416,40.294416,0,Unknown,auto
all,graphhop,Classical transductive,imdb,R5,text,1,29.368352599999998,0.0,29.368352599999998,29.368352599999998,0,Unknown,auto
all,label_propagation,Classical transductive,ag_news,R5,text,1,1.345286,0.0,1.345286,1.345286,0,Unknown,auto
all,label_propagation,Classical transductive,imdb,R5,text,1,1.4688954,0.0,1.4688954,1.4688954,0,Unknown,auto
all,label_spreading,Classical transductive,ag_news,R5,text,1,1.41195,0.0,1.41195,1.41195,0,Unknown,auto
all,label_spreading,Classical transductive,imdb,R5,text,1,1.3116746,0.0,1.3116746,1.3116746,0,Unknown,auto
all,lazy_random_walk,Classical transductive,imdb,R5,text,1,20.498954599999998,0.0,20.498954599999998,20.498954599999998,0,Unknown,auto
all,mean_teacher,Consistency,ag_news,R5,text,1,644.3530776,0.0,644.3530776,644.3530776,0,NVIDIA A100-SXM4-80GB,auto
all,mean_teacher,Consistency,imdb,R5,text,1,128.6330782,0.0,128.6330782,128.6330782,0,NVIDIA A100-SXM4-80GB,auto
all,pi_model,Consistency,ag_news,R5,text,1,648.4738983999999,0.0,648.4738983999999,648.4738983999999,0,NVIDIA A100-SXM4-80GB,auto
all,pi_model,Consistency,imdb,R5,text,1,127.95285039999999,0.0,127.95285039999999,127.95285039999999,0,NVIDIA A100-SXM4-80GB,auto
all,temporal_ensembling,Consistency,ag_news,R5,text,1,799.380741,0.0,799.380741,799.380741,0,NVIDIA A100-SXM4-80GB,auto
all,temporal_ensembling,Consistency,imdb,R5,text,1,157.9714516,0.0,157.9714516,157.9714516,0,NVIDIA A100-SXM4-80GB,auto
all,vat,Consistency,ag_news,R5,text,1,868.001554,0.0,868.001554,868.001554,0,NVIDIA A100-SXM4-80GB,auto
all,vat,Consistency,imdb,R5,text,1,174.7021032,0.0,174.7021032,174.7021032,0,NVIDIA A100-SXM4-80GB,auto
all,appnp,GNN,ag_news,R5,text,1,83.260732,0.0,83.260732,83.260732,0,Unknown,auto
all,appnp,GNN,imdb,R5,text,1,15.6355378,0.0,15.6355378,15.6355378,0,Unknown,auto
all,chebnet,GNN,ag_news,R5,text,1,82.190912,0.0,82.190912,82.190912,0,Unknown,auto
all,chebnet,GNN,imdb,R5,text,1,1.6847881999999998,0.0,1.6847881999999998,1.6847881999999998,0,Unknown,auto
all,gat,GNN,ag_news,R5,text,1,86.552461,0.0,86.552461,86.552461,0,Unknown,auto
all,gat,GNN,imdb,R5,text,1,3.311058,0.0,3.311058,3.311058,0,Unknown,auto
all,gcn,GNN,ag_news,R5,text,1,74.783161,0.0,74.783161,74.783161,0,Unknown,auto
all,gcn,GNN,imdb,R5,text,1,2.2719682,0.0,2.2719682,2.2719682,0,Unknown,auto
all,gcnii,GNN,ag_news,R5,text,1,90.89399,0.0,90.89399,90.89399,0,Unknown,auto
all,gcnii,GNN,imdb,R5,text,1,5.710803,0.0,5.710803,5.710803,0,Unknown,auto
all,grafn,GNN,ag_news,R5,text,1,31.437477,0.0,31.437477,31.437477,0,Unknown,auto
all,grafn,GNN,imdb,R5,text,1,3.6571392000000005,0.0,3.6571392000000005,3.6571392000000005,0,Unknown,auto
all,grand,GNN,ag_news,R5,text,1,39.421212,0.0,39.421212,39.421212,0,Unknown,auto
all,grand,GNN,imdb,R5,text,1,4.615385999999999,0.0,4.615385999999999,4.615385999999999,0,Unknown,auto
all,graphsage,GNN,ag_news,R5,text,1,3.883145,0.0,3.883145,3.883145,0,Unknown,auto
all,graphsage,GNN,imdb,R5,text,1,1.7229193999999999,0.0,1.7229193999999999,1.7229193999999999,0,Unknown,auto
all,h_gcn,GNN,imdb,R5,text,1,272.6842802,0.0,272.6842802,272.6842802,0,Unknown,auto
all,n_gcn,GNN,imdb,R5,text,1,206.19833979999999,0.0,206.19833979999999,206.19833979999999,0,Unknown,auto
all,planetoid,GNN,ag_news,R5,text,1,4129.470108,0.0,4129.470108,4129.470108,0,Unknown,auto
all,planetoid,GNN,imdb,R5,text,1,973.5019915999999,0.0,973.5019915999999,973.5019915999999,0,Unknown,auto
all,sgc,GNN,ag_news,R5,text,1,3.826685,0.0,3.826685,3.826685,0,Unknown,auto
all,sgc,GNN,imdb,R5,text,1,2.2071244,0.0,2.2071244,2.2071244,0,Unknown,auto
all,adamatch,Hybrid,ag_news,R5,text,1,655.4019089999999,0.0,655.4019089999999,655.4019089999999,0,NVIDIA A100-SXM4-80GB,auto
all,adamatch,Hybrid,imdb,R5,text,1,133.2348222,0.0,133.2348222,133.2348222,0,NVIDIA A100-SXM4-80GB,auto
all,comatch,Hybrid,ag_news,R5,text,1,986.4700664,0.0,986.4700664,986.4700664,0,NVIDIA A100-SXM4-80GB,auto
all,comatch,Hybrid,imdb,R5,text,1,198.71501419999998,0.0,198.71501419999998,198.71501419999998,0,NVIDIA A100-SXM4-80GB,auto
all,daso,Hybrid,ag_news,R5,text,1,793.0281486,0.0,793.0281486,793.0281486,0,NVIDIA A100-SXM4-80GB,auto
all,daso,Hybrid,imdb,R5,text,1,154.94064020000002,0.0,154.94064020000002,154.94064020000002,0,NVIDIA A100-SXM4-80GB,auto
all,defixmatch,Hybrid,ag_news,R5,text,1,837.0778334,0.0,837.0778334,837.0778334,0,NVIDIA A100-SXM4-80GB,auto
all,defixmatch,Hybrid,imdb,R5,text,1,162.5375546,0.0,162.5375546,162.5375546,0,NVIDIA A100-SXM4-80GB,auto
all,fixmatch,Hybrid,ag_news,R5,text,1,643.1308104,0.0,643.1308104,643.1308104,0,NVIDIA A100-SXM4-80GB,auto
all,fixmatch,Hybrid,imdb,R5,text,1,129.0842398,0.0,129.0842398,129.0842398,0,NVIDIA A100-SXM4-80GB,auto
all,flexmatch,Hybrid,ag_news,R5,text,1,692.103238,0.0,692.103238,692.103238,0,NVIDIA A100-SXM4-80GB,auto
all,flexmatch,Hybrid,imdb,R5,text,1,132.7413498,0.0,132.7413498,132.7413498,0,NVIDIA A100-SXM4-80GB,auto
all,free_match,Hybrid,ag_news,R5,text,1,700.786365,0.0,700.786365,700.786365,0,NVIDIA A100-SXM4-80GB,auto
all,free_match,Hybrid,imdb,R5,text,1,140.0656376,0.0,140.0656376,140.0656376,0,NVIDIA A100-SXM4-80GB,auto
all,meta_pseudo_labels,Hybrid,ag_news,R5,text,1,1596.281508,0.0,1596.281508,1596.281508,0,NVIDIA A100-SXM4-80GB,auto
all,meta_pseudo_labels,Hybrid,imdb,R5,text,1,216.0662694,0.0,216.0662694,216.0662694,0,NVIDIA A100-SXM4-80GB,auto
all,mixmatch,Hybrid,ag_news,R5,text,1,1040.1357678,0.0,1040.1357678,1040.1357678,0,NVIDIA A100-SXM4-80GB,auto
all,mixmatch,Hybrid,imdb,R5,text,1,210.1753632,0.0,210.1753632,210.1753632,0,NVIDIA A100-SXM4-80GB,auto
all,noisy_student,Hybrid,ag_news,R5,text,1,658.7653736,0.0,658.7653736,658.7653736,0,NVIDIA A100-SXM4-80GB,auto
all,noisy_student,Hybrid,imdb,R5,text,1,131.8371306,0.0,131.8371306,131.8371306,0,NVIDIA A100-SXM4-80GB,auto
all,simclr_v2,Hybrid,ag_news,R5,text,1,368.9063576,0.0,368.9063576,368.9063576,0,NVIDIA A100-SXM4-80GB,auto
all,simclr_v2,Hybrid,imdb,R5,text,1,57.486112000000006,0.0,57.486112000000006,57.486112000000006,0,NVIDIA A100-SXM4-80GB,auto
all,softmatch,Hybrid,ag_news,R5,text,1,657.847518,0.0,657.847518,657.847518,0,NVIDIA A100-SXM4-80GB,auto
all,softmatch,Hybrid,imdb,R5,text,1,131.47873099999998,0.0,131.47873099999998,131.47873099999998,0,NVIDIA A100-SXM4-80GB,auto
all,uda,Hybrid,ag_news,R5,text,1,648.054378,0.0,648.054378,648.054378,0,NVIDIA A100-SXM4-80GB,auto
all,uda,Hybrid,imdb,R5,text,1,129.1361666,0.0,129.1361666,129.1361666,0,NVIDIA A100-SXM4-80GB,auto
all,adsh,Margin-based inductive,ag_news,R5,text,1,771.2735988000001,0.0,771.2735988000001,771.2735988000001,0,NVIDIA A100-SXM4-80GB,auto
all,adsh,Margin-based inductive,imdb,R5,text,1,153.8632744,0.0,153.8632744,153.8632744,0,NVIDIA A100-SXM4-80GB,auto
all,tsvm,Margin-based inductive,imdb,R5,text,1,1.3581341999999998,0.0,1.3581341999999998,1.3581341999999998,0,CPU,auto
all,laplace_learning,PDE/Variational,imdb,R5,text,1,6.5383434,0.0,6.5383434,6.5383434,0,Unknown,auto
all,p_laplace_learning,PDE/Variational,ag_news,R5,text,1,40439.00617,0.0,40439.00617,40439.00617,0,CPU,auto
all,p_laplace_learning,PDE/Variational,imdb,R5,text,1,7113.016967400001,0.0,7113.016967400001,7113.016967400001,0,CPU,auto
all,poisson_learning,PDE/Variational,ag_news,R5,text,1,42.435819,0.0,42.435819,42.435819,0,Unknown,auto
all,poisson_learning,PDE/Variational,imdb,R5,text,1,9.5177756,0.0,9.5177756,9.5177756,0,Unknown,auto
all,poisson_mbo,PDE/Variational,ag_news,R5,text,1,153.133322,0.0,153.133322,153.133322,0,CPU,auto
all,poisson_mbo,PDE/Variational,imdb,R5,text,1,41.877873199999996,0.0,41.877873199999996,41.877873199999996,0,CPU,auto
all,co_training,Wrappers,ag_news,R5,text,1,5.275316200000001,0.0,5.275316200000001,5.275316200000001,0,Unknown,auto
all,co_training,Wrappers,imdb,R5,text,1,1.9794556,0.0,1.9794556,1.9794556,0,Unknown,auto
all,deep_co_training,Wrappers,ag_news,R5,text,1,1597.5524902,0.0,1597.5524902,1597.5524902,0,NVIDIA A100-SXM4-80GB,auto
all,deep_co_training,Wrappers,imdb,R5,text,1,292.7968328,0.0,292.7968328,292.7968328,0,NVIDIA A100-SXM4-80GB,auto
all,setred,Wrappers,ag_news,R5,text,1,18.046424,0.0,18.046424,18.046424,0,Unknown,auto
all,setred,Wrappers,imdb,R5,text,1,1.4755994000000001,0.0,1.4755994000000001,1.4755994000000001,0,Unknown,auto
all,supervised,Baseline,cifar10,R5,vision,1,4.7952672,0.0,4.7952672,4.7952672,0,NVIDIA A100-SXM4-80GB,auto
all,supervised,Baseline,cifar100,R5,vision,1,4.9222576,0.0,4.9222576,4.9222576,0,NVIDIA A100-SXM4-80GB,auto
all,supervised,Baseline,mnist,R5,vision,1,2.0223714,0.0,2.0223714,2.0223714,0,NVIDIA A100-SXM4-80GB,auto
all,graph_mincuts,Classical transductive,cifar10,R5,vision,1,3.7770212,0.0,3.7770212,3.7770212,0,CPU,auto
all,graph_mincuts,Classical transductive,mnist,R5,vision,1,0.48841,0.0,0.48841,0.48841,0,CPU,auto
all,graphhop,Classical transductive,cifar10,R5,vision,1,19.7802478,0.0,19.7802478,19.7802478,0,Unknown,auto
all,graphhop,Classical transductive,cifar100,R5,vision,1,33.483498,0.0,33.483498,33.483498,0,Unknown,auto
all,graphhop,Classical transductive,mnist,R5,vision,1,18.0845316,0.0,18.0845316,18.0845316,0,Unknown,auto
all,label_propagation,Classical transductive,cifar10,R5,vision,1,1.2039778,0.0,1.2039778,1.2039778,0,Unknown,auto
all,label_propagation,Classical transductive,cifar100,R5,vision,1,1.209763,0.0,1.209763,1.209763,0,Unknown,auto
all,label_propagation,Classical transductive,mnist,R5,vision,1,0.8236792,0.0,0.8236792,0.8236792,0,Unknown,auto
all,label_spreading,Classical transductive,cifar10,R5,vision,1,0.3936924,0.0,0.3936924,0.3936924,0,Unknown,auto
all,label_spreading,Classical transductive,cifar100,R5,vision,1,1.077991,0.0,1.077991,1.077991,0,Unknown,auto
all,label_spreading,Classical transductive,mnist,R5,vision,1,0.3905756,0.0,0.3905756,0.3905756,0,Unknown,auto
all,lazy_random_walk,Classical transductive,cifar10,R5,vision,1,2.0543776,0.0,2.0543776,2.0543776,0,Unknown,auto
all,lazy_random_walk,Classical transductive,mnist,R5,vision,1,0.6733356,0.0,0.6733356,0.6733356,0,Unknown,auto
all,mean_teacher,Consistency,cifar10,R5,vision,1,260.52524819999996,0.0,260.52524819999996,260.52524819999996,0,NVIDIA A100-SXM4-80GB,auto
all,mean_teacher,Consistency,cifar100,R5,vision,1,327.8767446,0.0,327.8767446,327.8767446,0,NVIDIA A100-SXM4-80GB,auto
all,mean_teacher,Consistency,mnist,R5,vision,1,310.1016902,0.0,310.1016902,310.1016902,0,NVIDIA A100-SXM4-80GB,auto
all,pi_model,Consistency,cifar10,R5,vision,1,274.1098494,0.0,274.1098494,274.1098494,0,NVIDIA A100-SXM4-80GB,auto
all,pi_model,Consistency,cifar100,R5,vision,1,289.1606048,0.0,289.1606048,289.1606048,0,NVIDIA A100-SXM4-80GB,auto
all,pi_model,Consistency,mnist,R5,vision,1,321.01403719999996,0.0,321.01403719999996,321.01403719999996,0,NVIDIA A100-SXM4-80GB,auto
all,temporal_ensembling,Consistency,cifar10,R5,vision,1,295.581234,0.0,295.581234,295.581234,0,NVIDIA A100-SXM4-80GB,auto
all,temporal_ensembling,Consistency,cifar100,R5,vision,1,283.5070416,0.0,283.5070416,283.5070416,0,NVIDIA A100-SXM4-80GB,auto
all,temporal_ensembling,Consistency,mnist,R5,vision,1,343.22093400000006,0.0,343.22093400000006,343.22093400000006,0,NVIDIA A100-SXM4-80GB,auto
all,vat,Consistency,cifar10,R5,vision,1,365.0472322,0.0,365.0472322,365.0472322,0,NVIDIA A100-SXM4-80GB,auto
all,vat,Consistency,cifar100,R5,vision,1,342.487983,0.0,342.487983,342.487983,0,NVIDIA A100-SXM4-80GB,auto
all,vat,Consistency,mnist,R5,vision,1,431.7907494,0.0,431.7907494,431.7907494,0,NVIDIA A100-SXM4-80GB,auto
all,appnp,GNN,cifar10,R5,vision,1,34.827317,0.0,34.827317,34.827317,0,Unknown,auto
all,appnp,GNN,cifar100,R5,vision,1,28.413589,0.0,28.413589,28.413589,0,Unknown,auto
all,appnp,GNN,mnist,R5,vision,1,2.3165814,0.0,2.3165814,2.3165814,0,Unknown,auto
all,chebnet,GNN,cifar10,R5,vision,1,2.8502472,0.0,2.8502472,2.8502472,0,Unknown,auto
all,chebnet,GNN,cifar100,R5,vision,1,11.542147,0.0,11.542147,11.542147,0,Unknown,auto
all,chebnet,GNN,mnist,R5,vision,1,6.0995784,0.0,6.0995784,6.0995784,0,Unknown,auto
all,gat,GNN,cifar10,R5,vision,1,3.3716742,0.0,3.3716742,3.3716742,0,Unknown,auto
all,gat,GNN,cifar100,R5,vision,1,5.878625,0.0,5.878625,5.878625,0,Unknown,auto
all,gat,GNN,mnist,R5,vision,1,4.1201886000000005,0.0,4.1201886000000005,4.1201886000000005,0,Unknown,auto
all,gcn,GNN,cifar10,R5,vision,1,0.9317321999999999,0.0,0.9317321999999999,0.9317321999999999,0,Unknown,auto
all,gcn,GNN,cifar100,R5,vision,1,3.374152,0.0,3.374152,3.374152,0,Unknown,auto
all,gcn,GNN,mnist,R5,vision,1,1.5533536,0.0,1.5533536,1.5533536,0,Unknown,auto
all,gcnii,GNN,cifar10,R5,vision,1,5.168627,0.0,5.168627,5.168627,0,Unknown,auto
all,gcnii,GNN,cifar100,R5,vision,1,14.370985,0.0,14.370985,14.370985,0,Unknown,auto
all,gcnii,GNN,mnist,R5,vision,1,14.0275994,0.0,14.0275994,14.0275994,0,Unknown,auto
all,grafn,GNN,cifar10,R5,vision,1,3.8309284,0.0,3.8309284,3.8309284,0,Unknown,auto
all,grafn,GNN,cifar100,R5,vision,1,7.081004,0.0,7.081004,7.081004,0,Unknown,auto
all,grafn,GNN,mnist,R5,vision,1,6.7748282,0.0,6.7748282,6.7748282,0,Unknown,auto
all,grand,GNN,cifar10,R5,vision,1,14.752085599999997,0.0,14.752085599999997,14.752085599999997,0,Unknown,auto
all,grand,GNN,cifar100,R5,vision,1,45.809027,0.0,45.809027,45.809027,0,Unknown,auto
all,grand,GNN,mnist,R5,vision,1,48.3819022,0.0,48.3819022,48.3819022,0,Unknown,auto
all,graphsage,GNN,cifar10,R5,vision,1,1.6974756,0.0,1.6974756,1.6974756,0,Unknown,auto
all,graphsage,GNN,cifar100,R5,vision,1,3.892944,0.0,3.892944,3.892944,0,Unknown,auto
all,graphsage,GNN,mnist,R5,vision,1,2.9915552,0.0,2.9915552,2.9915552,0,Unknown,auto
all,h_gcn,GNN,cifar10,R5,vision,1,493.3844642,0.0,493.3844642,493.3844642,0,Unknown,auto
all,planetoid,GNN,cifar10,R5,vision,1,1279.743727,0.0,1279.743727,1279.743727,0,Unknown,auto
all,planetoid,GNN,cifar100,R5,vision,1,1308.301557,0.0,1308.301557,1308.301557,0,Unknown,auto
all,planetoid,GNN,mnist,R5,vision,1,1589.8858694,0.0,1589.8858694,1589.8858694,0,Unknown,auto
all,sgc,GNN,cifar10,R5,vision,1,2.550698,0.0,2.550698,2.550698,0,Unknown,auto
all,sgc,GNN,cifar100,R5,vision,1,2.543399,0.0,2.543399,2.543399,0,Unknown,auto
all,sgc,GNN,mnist,R5,vision,1,0.9216236,0.0,0.9216236,0.9216236,0,Unknown,auto
all,adamatch,Hybrid,cifar10,R5,vision,1,269.089081,0.0,269.089081,269.089081,0,NVIDIA A100-SXM4-80GB,auto
all,adamatch,Hybrid,cifar100,R5,vision,1,269.5350374,0.0,269.5350374,269.5350374,0,NVIDIA A100-SXM4-80GB,auto
all,adamatch,Hybrid,mnist,R5,vision,1,330.459793,0.0,330.459793,330.459793,0,NVIDIA A100-SXM4-80GB,auto
all,comatch,Hybrid,cifar10,R5,vision,1,410.757999,0.0,410.757999,410.757999,0,NVIDIA A100-SXM4-80GB,auto
all,comatch,Hybrid,cifar100,R5,vision,1,380.63016619999996,0.0,380.63016619999996,380.63016619999996,0,NVIDIA A100-SXM4-80GB,auto
all,comatch,Hybrid,mnist,R5,vision,1,484.0364528,0.0,484.0364528,484.0364528,0,NVIDIA A100-SXM4-80GB,auto
all,daso,Hybrid,cifar10,R5,vision,1,355.468197,0.0,355.468197,355.468197,0,NVIDIA A100-SXM4-80GB,auto
all,daso,Hybrid,cifar100,R5,vision,1,492.98548659999994,0.0,492.98548659999994,492.98548659999994,0,NVIDIA A100-SXM4-80GB,auto
all,daso,Hybrid,mnist,R5,vision,1,432.09116240000003,0.0,432.09116240000003,432.09116240000003,0,NVIDIA A100-SXM4-80GB,auto
all,defixmatch,Hybrid,cifar10,R5,vision,1,368.507521,0.0,368.507521,368.507521,0,NVIDIA A100-SXM4-80GB,auto
all,defixmatch,Hybrid,cifar100,R5,vision,1,353.4873004,0.0,353.4873004,353.4873004,0,NVIDIA A100-SXM4-80GB,auto
all,defixmatch,Hybrid,mnist,R5,vision,1,447.5950818,0.0,447.5950818,447.5950818,0,NVIDIA A100-SXM4-80GB,auto
all,fixmatch,Hybrid,cifar10,R5,vision,1,266.7592384,0.0,266.7592384,266.7592384,0,NVIDIA A100-SXM4-80GB,auto
all,fixmatch,Hybrid,cifar100,R5,vision,1,253.38520880000002,0.0,253.38520880000002,253.38520880000002,0,NVIDIA A100-SXM4-80GB,auto
all,fixmatch,Hybrid,mnist,R5,vision,1,326.01083600000004,0.0,326.01083600000004,326.01083600000004,0,NVIDIA A100-SXM4-80GB,auto
all,flexmatch,Hybrid,cifar10,R5,vision,1,340.7400716,0.0,340.7400716,340.7400716,0,NVIDIA A100-SXM4-80GB,auto
all,flexmatch,Hybrid,cifar100,R5,vision,1,331.0520088,0.0,331.0520088,331.0520088,0,NVIDIA A100-SXM4-80GB,auto
all,flexmatch,Hybrid,mnist,R5,vision,1,397.30486959999996,0.0,397.30486959999996,397.30486959999996,0,NVIDIA A100-SXM4-80GB,auto
all,free_match,Hybrid,cifar10,R5,vision,1,298.70693140000003,0.0,298.70693140000003,298.70693140000003,0,NVIDIA A100-SXM4-80GB,auto
all,free_match,Hybrid,cifar100,R5,vision,1,298.1960654,0.0,298.1960654,298.1960654,0,NVIDIA A100-SXM4-80GB,auto
all,free_match,Hybrid,mnist,R5,vision,1,352.006988,0.0,352.006988,352.006988,0,NVIDIA A100-SXM4-80GB,auto
all,meta_pseudo_labels,Hybrid,cifar10,R5,vision,1,477.7855326,0.0,477.7855326,477.7855326,0,NVIDIA A100-SXM4-80GB,auto
all,meta_pseudo_labels,Hybrid,cifar100,R5,vision,1,465.7591163999999,0.0,465.7591163999999,465.7591163999999,0,NVIDIA A100-SXM4-80GB,auto
all,meta_pseudo_labels,Hybrid,mnist,R5,vision,1,578.7980916,0.0,578.7980916,578.7980916,0,NVIDIA A100-SXM4-80GB,auto
all,mixmatch,Hybrid,cifar10,R5,vision,1,235.94134760000003,0.0,235.94134760000003,235.94134760000003,0,NVIDIA A100-SXM4-80GB,auto
all,mixmatch,Hybrid,cifar100,R5,vision,1,218.19250240000002,0.0,218.19250240000002,218.19250240000002,0,NVIDIA A100-SXM4-80GB,auto
all,mixmatch,Hybrid,mnist,R5,vision,1,273.731875,0.0,273.731875,273.731875,0,NVIDIA A100-SXM4-80GB,auto
all,noisy_student,Hybrid,cifar10,R5,vision,1,251.27475420000002,0.0,251.27475420000002,251.27475420000002,0,NVIDIA A100-SXM4-80GB,auto
all,noisy_student,Hybrid,cifar100,R5,vision,1,237.2391598,0.0,237.2391598,237.2391598,0,NVIDIA A100-SXM4-80GB,auto
all,noisy_student,Hybrid,mnist,R5,vision,1,292.1829962,0.0,292.1829962,292.1829962,0,NVIDIA A100-SXM4-80GB,auto
all,simclr_v2,Hybrid,cifar10,R5,vision,1,108.624125,0.0,108.624125,108.624125,0,NVIDIA A100-SXM4-80GB,auto
all,simclr_v2,Hybrid,cifar100,R5,vision,1,109.7948038,0.0,109.7948038,109.7948038,0,NVIDIA A100-SXM4-80GB,auto
all,simclr_v2,Hybrid,mnist,R5,vision,1,127.34433859999999,0.0,127.34433859999999,127.34433859999999,0,NVIDIA A100-SXM4-80GB,auto
all,softmatch,Hybrid,cifar10,R5,vision,1,278.1364868,0.0,278.1364868,278.1364868,0,NVIDIA A100-SXM4-80GB,auto
all,softmatch,Hybrid,cifar100,R5,vision,1,302.1671116,0.0,302.1671116,302.1671116,0,NVIDIA A100-SXM4-80GB,auto
all,softmatch,Hybrid,mnist,R5,vision,1,319.725812,0.0,319.725812,319.725812,0,NVIDIA A100-SXM4-80GB,auto
all,uda,Hybrid,cifar10,R5,vision,1,270.894276,0.0,270.894276,270.894276,0,NVIDIA A100-SXM4-80GB,auto
all,uda,Hybrid,cifar100,R5,vision,1,261.46639,0.0,261.46639,261.46639,0,NVIDIA A100-SXM4-80GB,auto
all,uda,Hybrid,mnist,R5,vision,1,332.0590612,0.0,332.0590612,332.0590612,0,NVIDIA A100-SXM4-80GB,auto
all,adsh,Margin-based inductive,cifar10,R5,vision,1,316.294947,0.0,316.294947,316.294947,0,NVIDIA A100-SXM4-80GB,auto
all,adsh,Margin-based inductive,cifar100,R5,vision,1,355.8175984,0.0,355.8175984,355.8175984,0,NVIDIA A100-SXM4-80GB,auto
all,adsh,Margin-based inductive,mnist,R5,vision,1,384.1192254,0.0,384.1192254,384.1192254,0,NVIDIA A100-SXM4-80GB,auto
all,laplace_learning,PDE/Variational,cifar10,R5,vision,1,28.1112594,0.0,28.1112594,28.1112594,0,Unknown,auto
all,laplace_learning,PDE/Variational,mnist,R5,vision,1,13.4143996,0.0,13.4143996,13.4143996,0,Unknown,auto
all,poisson_learning,PDE/Variational,cifar10,R5,vision,1,46.476916,0.0,46.476916,46.476916,0,Unknown,auto
all,poisson_learning,PDE/Variational,cifar100,R5,vision,1,423.950389,0.0,423.950389,423.950389,0,Unknown,auto
all,poisson_learning,PDE/Variational,mnist,R5,vision,1,58.498173799999996,0.0,58.498173799999996,58.498173799999996,0,Unknown,auto
all,poisson_mbo,PDE/Variational,cifar10,R5,vision,1,123.524452,0.0,123.524452,123.524452,0,CPU,auto
all,poisson_mbo,PDE/Variational,cifar100,R5,vision,1,936.614969,0.0,936.614969,936.614969,0,CPU,auto
all,poisson_mbo,PDE/Variational,mnist,R5,vision,1,159.11230540000003,0.0,159.11230540000003,159.11230540000003,0,CPU,auto
all,co_training,Wrappers,cifar10,R5,vision,1,8.720176,0.0,8.720176,8.720176,0,Unknown,auto
all,co_training,Wrappers,cifar100,R5,vision,1,5872.6849526,0.0,5872.6849526,5872.6849526,0,Unknown,auto
all,co_training,Wrappers,mnist,R5,vision,1,9.3793124,0.0,9.3793124,9.3793124,0,Unknown,auto
all,deep_co_training,Wrappers,cifar10,R5,vision,1,641.8533354,0.0,641.8533354,641.8533354,0,NVIDIA A100-SXM4-80GB,auto
all,deep_co_training,Wrappers,cifar100,R5,vision,1,621.2551496,0.0,621.2551496,621.2551496,0,NVIDIA A100-SXM4-80GB,auto
all,deep_co_training,Wrappers,mnist,R5,vision,1,737.4922291999999,0.0,737.4922291999999,737.4922291999999,0,NVIDIA A100-SXM4-80GB,auto
all,democratic_co_learning,Wrappers,cifar10,R5,vision,1,1274.5608398,0.0,1274.5608398,1274.5608398,0,NVIDIA A100-SXM4-80GB,auto
all,democratic_co_learning,Wrappers,cifar100,R5,vision,1,165.5221372,0.0,165.5221372,165.5221372,0,NVIDIA A100-SXM4-80GB,auto
all,democratic_co_learning,Wrappers,mnist,R5,vision,1,1194.9430726,0.0,1194.9430726,1194.9430726,0,NVIDIA A100-SXM4-80GB,auto
all,pseudo_label,Wrappers,cifar10,R5,vision,1,4.5563792,0.0,4.5563792,4.5563792,0,NVIDIA A100-SXM4-80GB,auto
all,pseudo_label,Wrappers,cifar100,R5,vision,1,12.815616,0.0,12.815616,12.815616,0,NVIDIA A100-SXM4-80GB,auto
all,pseudo_label,Wrappers,mnist,R5,vision,1,396.281395,0.0,396.281395,396.281395,0,NVIDIA A100-SXM4-80GB,auto
all,self_training,Wrappers,cifar10,R5,vision,1,2.2630977999999997,0.0,2.2630977999999997,2.2630977999999997,0,NVIDIA A100-SXM4-80GB,auto
all,self_training,Wrappers,cifar100,R5,vision,1,9.0667236,0.0,9.0667236,9.0667236,0,NVIDIA A100-SXM4-80GB,auto
all,self_training,Wrappers,mnist,R5,vision,1,394.3380432,0.0,394.3380432,394.3380432,0,NVIDIA A100-SXM4-80GB,auto
all,setred,Wrappers,cifar10,R5,vision,1,12.3579162,0.0,12.3579162,12.3579162,0,Unknown,auto
all,setred,Wrappers,cifar100,R5,vision,1,599.3957195999999,0.0,599.3957195999999,599.3957195999999,0,Unknown,auto
all,setred,Wrappers,mnist,R5,vision,1,30.3061322,0.0,30.3061322,30.3061322,0,Unknown,auto
all,tri_training,Wrappers,cifar10,R5,vision,1,2502.8753008,0.0,2502.8753008,2502.8753008,0,NVIDIA A100-SXM4-80GB,auto
all,tri_training,Wrappers,cifar100,R5,vision,1,2445.798403,0.0,2445.798403,2445.798403,0,NVIDIA A100-SXM4-80GB,auto
all,tri_training,Wrappers,mnist,R5,vision,1,3130.1218512,0.0,3130.1218512,3130.1218512,0,NVIDIA A100-SXM4-80GB,auto
all,supervised,Baseline,adult,R6,tabular,1,1.0575124,0.0,1.0575124,1.0575124,0,NVIDIA A100-SXM4-80GB,auto
all,dynamic_label_propagation,Classical transductive,adult,R6,tabular,1,764.8103084,0.0,764.8103084,764.8103084,0,Unknown,auto
all,graph_mincuts,Classical transductive,adult,R6,tabular,1,0.9240349999999999,0.0,0.9240349999999999,0.9240349999999999,0,CPU,auto
all,graphhop,Classical transductive,adult,R6,tabular,1,35.252411,0.0,35.252411,35.252411,0,Unknown,auto
all,label_propagation,Classical transductive,adult,R6,tabular,1,0.8007508,0.0,0.8007508,0.8007508,0,Unknown,auto
all,label_spreading,Classical transductive,adult,R6,tabular,1,0.7137131999999999,0.0,0.7137131999999999,0.7137131999999999,0,Unknown,auto
all,lazy_random_walk,Classical transductive,adult,R6,tabular,1,5.4419678,0.0,5.4419678,5.4419678,0,Unknown,auto
all,mean_teacher,Consistency,adult,R6,tabular,1,37.8717922,0.0,37.8717922,37.8717922,0,NVIDIA A100-SXM4-80GB,auto
all,pi_model,Consistency,adult,R6,tabular,1,36.178455199999995,0.0,36.178455199999995,36.178455199999995,0,NVIDIA A100-SXM4-80GB,auto
all,temporal_ensembling,Consistency,adult,R6,tabular,1,42.1213124,0.0,42.1213124,42.1213124,0,NVIDIA A100-SXM4-80GB,auto
all,vat,Consistency,adult,R6,tabular,1,48.150477,0.0,48.150477,48.150477,0,NVIDIA A100-SXM4-80GB,auto
all,appnp,GNN,adult,R6,tabular,1,14.857066,0.0,14.857066,14.857066,0,Unknown,auto
all,chebnet,GNN,adult,R6,tabular,1,1.474858,0.0,1.474858,1.474858,0,Unknown,auto
all,gat,GNN,adult,R6,tabular,1,3.1456598,0.0,3.1456598,3.1456598,0,Unknown,auto
all,gcn,GNN,adult,R6,tabular,1,1.2762746,0.0,1.2762746,1.2762746,0,Unknown,auto
all,gcnii,GNN,adult,R6,tabular,1,4.9497332,0.0,4.9497332,4.9497332,0,Unknown,auto
all,grafn,GNN,adult,R6,tabular,1,3.321858,0.0,3.321858,3.321858,0,Unknown,auto
all,grand,GNN,adult,R6,tabular,1,2.833171,0.0,2.833171,2.833171,0,Unknown,auto
all,graphsage,GNN,adult,R6,tabular,1,1.29218,0.0,1.29218,1.29218,0,Unknown,auto
all,h_gcn,GNN,adult,R6,tabular,1,247.16558519999998,0.0,247.16558519999998,247.16558519999998,0,Unknown,auto
all,n_gcn,GNN,adult,R6,tabular,1,163.8202146,0.0,163.8202146,163.8202146,0,Unknown,auto
all,planetoid,GNN,adult,R6,tabular,1,950.9933592,0.0,950.9933592,950.9933592,0,Unknown,auto
all,sgc,GNN,adult,R6,tabular,1,1.6166170000000002,0.0,1.6166170000000002,1.6166170000000002,0,Unknown,auto
all,adamatch,Hybrid,adult,R6,tabular,1,40.747406,0.0,40.747406,40.747406,0,NVIDIA A100-SXM4-80GB,auto
all,comatch,Hybrid,adult,R6,tabular,1,66.8542376,0.0,66.8542376,66.8542376,0,NVIDIA A100-SXM4-80GB,auto
all,daso,Hybrid,adult,R6,tabular,1,56.442221999999994,0.0,56.442221999999994,56.442221999999994,0,NVIDIA A100-SXM4-80GB,auto
all,defixmatch,Hybrid,adult,R6,tabular,1,48.388279,0.0,48.388279,48.388279,0,NVIDIA A100-SXM4-80GB,auto
all,fixmatch,Hybrid,adult,R6,tabular,1,37.604395999999994,0.0,37.604395999999994,37.604395999999994,0,NVIDIA A100-SXM4-80GB,auto
all,flexmatch,Hybrid,adult,R6,tabular,1,50.72664640000001,0.0,50.72664640000001,50.72664640000001,0,NVIDIA A100-SXM4-80GB,auto
all,free_match,Hybrid,adult,R6,tabular,1,56.518363,0.0,56.518363,56.518363,0,NVIDIA A100-SXM4-80GB,auto
all,meta_pseudo_labels,Hybrid,adult,R6,tabular,1,61.157031,0.0,61.157031,61.157031,0,NVIDIA A100-SXM4-80GB,auto
all,mixmatch,Hybrid,adult,R6,tabular,1,42.4224782,0.0,42.4224782,42.4224782,0,NVIDIA A100-SXM4-80GB,auto
all,noisy_student,Hybrid,adult,R6,tabular,1,37.206381,0.0,37.206381,37.206381,0,NVIDIA A100-SXM4-80GB,auto
all,simclr_v2,Hybrid,adult,R6,tabular,1,21.096849,0.0,21.096849,21.096849,0,NVIDIA A100-SXM4-80GB,auto
all,softmatch,Hybrid,adult,R6,tabular,1,40.3104776,0.0,40.3104776,40.3104776,0,NVIDIA A100-SXM4-80GB,auto
all,uda,Hybrid,adult,R6,tabular,1,37.5840194,0.0,37.5840194,37.5840194,0,NVIDIA A100-SXM4-80GB,auto
all,adsh,Margin-based inductive,adult,R6,tabular,1,39.8667296,0.0,39.8667296,39.8667296,0,NVIDIA A100-SXM4-80GB,auto
all,s4vm,Margin-based inductive,adult,R6,tabular,1,38.0888432,0.0,38.0888432,38.0888432,0,NVIDIA A100-SXM4-80GB,auto
all,tsvm,Margin-based inductive,adult,R6,tabular,1,1.1121942,0.0,1.1121942,1.1121942,0,CPU,auto
all,laplace_learning,PDE/Variational,adult,R6,tabular,1,5.3269744,0.0,5.3269744,5.3269744,0,Unknown,auto
all,p_laplace_learning,PDE/Variational,adult,R6,tabular,1,11177.392794399999,0.0,11177.392794399999,11177.392794399999,0,CPU,auto
all,poisson_learning,PDE/Variational,adult,R6,tabular,1,11.1730546,0.0,11.1730546,11.1730546,0,Unknown,auto
all,poisson_mbo,PDE/Variational,adult,R6,tabular,1,54.51281759999999,0.0,54.51281759999999,54.51281759999999,0,CPU,auto
all,co_training,Wrappers,adult,R6,tabular,1,3.1996478,0.0,3.1996478,3.1996478,0,NVIDIA A100-SXM4-80GB,auto
all,deep_co_training,Wrappers,adult,R6,tabular,1,88.6047038,0.0,88.6047038,88.6047038,0,NVIDIA A100-SXM4-80GB,auto
all,democratic_co_learning,Wrappers,adult,R6,tabular,1,77.1838372,0.0,77.1838372,77.1838372,0,NVIDIA A100-SXM4-80GB,auto
all,pseudo_label,Wrappers,adult,R6,tabular,1,62.0738964,0.0,62.0738964,62.0738964,0,NVIDIA A100-SXM4-80GB,auto
all,self_training,Wrappers,adult,R6,tabular,1,60.343180600000004,0.0,60.343180600000004,60.343180600000004,0,NVIDIA A100-SXM4-80GB,auto
all,setred,Wrappers,adult,R6,tabular,1,2.3032186,0.0,2.3032186,2.3032186,0,NVIDIA A100-SXM4-80GB,auto
all,tri_training,Wrappers,adult,R6,tabular,1,371.7435418,0.0,371.7435418,371.7435418,0,NVIDIA A100-SXM4-80GB,auto
all,trinet,Wrappers,adult,R6,tabular,1,686.6929459999999,0.0,686.6929459999999,686.6929459999999,0,NVIDIA A100-SXM4-80GB,auto
all,supervised,Baseline,ag_news,R6,text,1,3.87967,0.0,3.87967,3.87967,0,NVIDIA A100-SXM4-80GB,auto
all,supervised,Baseline,imdb,R6,text,1,2.2692704,0.0,2.2692704,2.2692704,0,NVIDIA A100-SXM4-80GB,auto
all,dynamic_label_propagation,Classical transductive,imdb,R6,text,1,821.3038646000001,0.0,821.3038646000001,821.3038646000001,0,Unknown,auto
all,graph_mincuts,Classical transductive,imdb,R6,text,1,16.1749148,0.0,16.1749148,16.1749148,0,CPU,auto
all,graphhop,Classical transductive,ag_news,R6,text,1,28.835951,0.0,28.835951,28.835951,0,Unknown,auto
all,graphhop,Classical transductive,imdb,R6,text,1,32.4945516,0.0,32.4945516,32.4945516,0,Unknown,auto
all,label_propagation,Classical transductive,ag_news,R6,text,1,1.491938,0.0,1.491938,1.491938,0,Unknown,auto
all,label_propagation,Classical transductive,imdb,R6,text,1,1.1104597999999999,0.0,1.1104597999999999,1.1104597999999999,0,Unknown,auto
all,label_spreading,Classical transductive,ag_news,R6,text,1,1.632947,0.0,1.632947,1.632947,0,Unknown,auto
all,label_spreading,Classical transductive,imdb,R6,text,1,1.6809560000000001,0.0,1.6809560000000001,1.6809560000000001,0,Unknown,auto
all,lazy_random_walk,Classical transductive,imdb,R6,text,1,20.2447736,0.0,20.2447736,20.2447736,0,Unknown,auto
all,mean_teacher,Consistency,ag_news,R6,text,1,663.8007632,0.0,663.8007632,663.8007632,0,NVIDIA A100-SXM4-80GB,auto
all,mean_teacher,Consistency,imdb,R6,text,1,137.57372800000002,0.0,137.57372800000002,137.57372800000002,0,NVIDIA A100-SXM4-80GB,auto
all,pi_model,Consistency,ag_news,R6,text,1,661.1273610000001,0.0,661.1273610000001,661.1273610000001,0,NVIDIA A100-SXM4-80GB,auto
all,pi_model,Consistency,imdb,R6,text,1,137.88049519999998,0.0,137.88049519999998,137.88049519999998,0,NVIDIA A100-SXM4-80GB,auto
all,temporal_ensembling,Consistency,ag_news,R6,text,1,813.961845,0.0,813.961845,813.961845,0,NVIDIA A100-SXM4-80GB,auto
all,temporal_ensembling,Consistency,imdb,R6,text,1,166.6654036,0.0,166.6654036,166.6654036,0,NVIDIA A100-SXM4-80GB,auto
all,vat,Consistency,ag_news,R6,text,1,892.500325,0.0,892.500325,892.500325,0,NVIDIA A100-SXM4-80GB,auto
all,vat,Consistency,imdb,R6,text,1,183.3214056,0.0,183.3214056,183.3214056,0,NVIDIA A100-SXM4-80GB,auto
all,appnp,GNN,ag_news,R6,text,1,87.133258,0.0,87.133258,87.133258,0,Unknown,auto
all,appnp,GNN,imdb,R6,text,1,16.1729474,0.0,16.1729474,16.1729474,0,Unknown,auto
all,chebnet,GNN,ag_news,R6,text,1,85.291723,0.0,85.291723,85.291723,0,Unknown,auto
all,chebnet,GNN,imdb,R6,text,1,1.9914708,0.0,1.9914708,1.9914708,0,Unknown,auto
all,gat,GNN,ag_news,R6,text,1,82.79857,0.0,82.79857,82.79857,0,Unknown,auto
all,gat,GNN,imdb,R6,text,1,3.1543096,0.0,3.1543096,3.1543096,0,Unknown,auto
all,gcn,GNN,ag_news,R6,text,1,85.335738,0.0,85.335738,85.335738,0,Unknown,auto
all,gcn,GNN,imdb,R6,text,1,4.6629046,0.0,4.6629046,4.6629046,0,Unknown,auto
all,gcnii,GNN,ag_news,R6,text,1,93.843482,0.0,93.843482,93.843482,0,Unknown,auto
all,gcnii,GNN,imdb,R6,text,1,7.6034016,0.0,7.6034016,7.6034016,0,Unknown,auto
all,grafn,GNN,ag_news,R6,text,1,38.428081,0.0,38.428081,38.428081,0,Unknown,auto
all,grafn,GNN,imdb,R6,text,1,5.8586402,0.0,5.8586402,5.8586402,0,Unknown,auto
all,grand,GNN,ag_news,R6,text,1,31.543664,0.0,31.543664,31.543664,0,Unknown,auto
all,grand,GNN,imdb,R6,text,1,6.5404268000000005,0.0,6.5404268000000005,6.5404268000000005,0,Unknown,auto
all,graphsage,GNN,ag_news,R6,text,1,4.013628,0.0,4.013628,4.013628,0,Unknown,auto
all,graphsage,GNN,imdb,R6,text,1,3.4576957999999998,0.0,3.4576957999999998,3.4576957999999998,0,Unknown,auto
all,h_gcn,GNN,imdb,R6,text,1,282.9706526,0.0,282.9706526,282.9706526,0,Unknown,auto
all,n_gcn,GNN,imdb,R6,text,1,259.603695,0.0,259.603695,259.603695,0,Unknown,auto
all,planetoid,GNN,ag_news,R6,text,1,4113.471559,0.0,4113.471559,4113.471559,0,Unknown,auto
all,planetoid,GNN,imdb,R6,text,1,978.3869268000001,0.0,978.3869268000001,978.3869268000001,0,Unknown,auto
all,sgc,GNN,ag_news,R6,text,1,2.886267,0.0,2.886267,2.886267,0,Unknown,auto
all,sgc,GNN,imdb,R6,text,1,2.3148108,0.0,2.3148108,2.3148108,0,Unknown,auto
all,adamatch,Hybrid,ag_news,R6,text,1,677.0740098,0.0,677.0740098,677.0740098,0,NVIDIA A100-SXM4-80GB,auto
all,adamatch,Hybrid,imdb,R6,text,1,141.9129714,0.0,141.9129714,141.9129714,0,NVIDIA A100-SXM4-80GB,auto
all,comatch,Hybrid,ag_news,R6,text,1,1005.9802040000001,0.0,1005.9802040000001,1005.9802040000001,0,NVIDIA A100-SXM4-80GB,auto
all,comatch,Hybrid,imdb,R6,text,1,207.959944,0.0,207.959944,207.959944,0,NVIDIA A100-SXM4-80GB,auto
all,daso,Hybrid,ag_news,R6,text,1,843.9723334,0.0,843.9723334,843.9723334,0,NVIDIA A100-SXM4-80GB,auto
all,daso,Hybrid,imdb,R6,text,1,165.315018,0.0,165.315018,165.315018,0,NVIDIA A100-SXM4-80GB,auto
all,defixmatch,Hybrid,ag_news,R6,text,1,891.0025956,0.0,891.0025956,891.0025956,0,NVIDIA A100-SXM4-80GB,auto
all,defixmatch,Hybrid,imdb,R6,text,1,180.1337322,0.0,180.1337322,180.1337322,0,NVIDIA A100-SXM4-80GB,auto
all,fixmatch,Hybrid,ag_news,R6,text,1,664.781516,0.0,664.781516,664.781516,0,NVIDIA A100-SXM4-80GB,auto
all,fixmatch,Hybrid,imdb,R6,text,1,137.1317214,0.0,137.1317214,137.1317214,0,NVIDIA A100-SXM4-80GB,auto
all,flexmatch,Hybrid,ag_news,R6,text,1,751.2022844,0.0,751.2022844,751.2022844,0,NVIDIA A100-SXM4-80GB,auto
all,flexmatch,Hybrid,imdb,R6,text,1,140.5955666,0.0,140.5955666,140.5955666,0,NVIDIA A100-SXM4-80GB,auto
all,free_match,Hybrid,ag_news,R6,text,1,725.434254,0.0,725.434254,725.434254,0,NVIDIA A100-SXM4-80GB,auto
all,free_match,Hybrid,imdb,R6,text,1,150.2231284,0.0,150.2231284,150.2231284,0,NVIDIA A100-SXM4-80GB,auto
all,meta_pseudo_labels,Hybrid,ag_news,R6,text,1,1636.8903828,0.0,1636.8903828,1636.8903828,0,NVIDIA A100-SXM4-80GB,auto
all,meta_pseudo_labels,Hybrid,imdb,R6,text,1,229.1450782,0.0,229.1450782,229.1450782,0,NVIDIA A100-SXM4-80GB,auto
all,mixmatch,Hybrid,ag_news,R6,text,1,1059.8980284000002,0.0,1059.8980284000002,1059.8980284000002,0,NVIDIA A100-SXM4-80GB,auto
all,mixmatch,Hybrid,imdb,R6,text,1,219.26745420000003,0.0,219.26745420000003,219.26745420000003,0,NVIDIA A100-SXM4-80GB,auto
all,noisy_student,Hybrid,ag_news,R6,text,1,708.8713428,0.0,708.8713428,708.8713428,0,NVIDIA A100-SXM4-80GB,auto
all,noisy_student,Hybrid,imdb,R6,text,1,140.62286,0.0,140.62286,140.62286,0,NVIDIA A100-SXM4-80GB,auto
all,simclr_v2,Hybrid,ag_news,R6,text,1,370.0355902,0.0,370.0355902,370.0355902,0,NVIDIA A100-SXM4-80GB,auto
all,simclr_v2,Hybrid,imdb,R6,text,1,59.46111499999999,0.0,59.46111499999999,59.46111499999999,0,NVIDIA A100-SXM4-80GB,auto
all,softmatch,Hybrid,ag_news,R6,text,1,677.142958,0.0,677.142958,677.142958,0,NVIDIA A100-SXM4-80GB,auto
all,softmatch,Hybrid,imdb,R6,text,1,139.5476334,0.0,139.5476334,139.5476334,0,NVIDIA A100-SXM4-80GB,auto
all,uda,Hybrid,ag_news,R6,text,1,672.47539,0.0,672.47539,672.47539,0,NVIDIA A100-SXM4-80GB,auto
all,uda,Hybrid,imdb,R6,text,1,138.5750828,0.0,138.5750828,138.5750828,0,NVIDIA A100-SXM4-80GB,auto
all,adsh,Margin-based inductive,ag_news,R6,text,1,793.3611288,0.0,793.3611288,793.3611288,0,NVIDIA A100-SXM4-80GB,auto
all,adsh,Margin-based inductive,imdb,R6,text,1,162.9135526,0.0,162.9135526,162.9135526,0,NVIDIA A100-SXM4-80GB,auto
all,tsvm,Margin-based inductive,imdb,R6,text,1,4.3772554,0.0,4.3772554,4.3772554,0,CPU,auto
all,laplace_learning,PDE/Variational,imdb,R6,text,1,9.44974,0.0,9.44974,9.44974,0,Unknown,auto
all,p_laplace_learning,PDE/Variational,ag_news,R6,text,1,41424.24477,0.0,41424.24477,41424.24477,0,CPU,auto
all,p_laplace_learning,PDE/Variational,imdb,R6,text,1,6982.668171,0.0,6982.668171,6982.668171,0,CPU,auto
all,poisson_learning,PDE/Variational,ag_news,R6,text,1,48.469009,0.0,48.469009,48.469009,0,Unknown,auto
all,poisson_learning,PDE/Variational,imdb,R6,text,1,14.4558144,0.0,14.4558144,14.4558144,0,Unknown,auto
all,poisson_mbo,PDE/Variational,ag_news,R6,text,1,161.895403,0.0,161.895403,161.895403,0,CPU,auto
all,poisson_mbo,PDE/Variational,imdb,R6,text,1,40.9149106,0.0,40.9149106,40.9149106,0,CPU,auto
all,co_training,Wrappers,ag_news,R6,text,1,6.0414628,0.0,6.0414628,6.0414628,0,Unknown,auto
all,co_training,Wrappers,imdb,R6,text,1,3.5881894,0.0,3.5881894,3.5881894,0,Unknown,auto
all,deep_co_training,Wrappers,ag_news,R6,text,1,1827.8244746,0.0,1827.8244746,1827.8244746,0,NVIDIA A100-SXM4-80GB,auto
all,deep_co_training,Wrappers,imdb,R6,text,1,418.8787088,0.0,418.8787088,418.8787088,0,NVIDIA A100-SXM4-80GB,auto
all,setred,Wrappers,ag_news,R6,text,1,2.547094,0.0,2.547094,2.547094,0,Unknown,auto
all,setred,Wrappers,imdb,R6,text,1,3.7917634,0.0,3.7917634,3.7917634,0,Unknown,auto
all,supervised,Baseline,cifar10,R6,vision,1,5.449692199999999,0.0,5.449692199999999,5.449692199999999,0,NVIDIA A100-SXM4-80GB,auto
all,supervised,Baseline,mnist,R6,vision,1,2.2682638,0.0,2.2682638,2.2682638,0,NVIDIA A100-SXM4-80GB,auto
all,graph_mincuts,Classical transductive,cifar10,R6,vision,1,3.6471826,0.0,3.6471826,3.6471826,0,CPU,auto
all,graph_mincuts,Classical transductive,mnist,R6,vision,1,0.4370832,0.0,0.4370832,0.4370832,0,CPU,auto
all,graphhop,Classical transductive,cifar10,R6,vision,1,28.815416799999998,0.0,28.815416799999998,28.815416799999998,0,Unknown,auto
all,graphhop,Classical transductive,mnist,R6,vision,1,28.6798768,0.0,28.6798768,28.6798768,0,Unknown,auto
all,label_propagation,Classical transductive,cifar10,R6,vision,1,2.3476308,0.0,2.3476308,2.3476308,0,Unknown,auto
all,label_propagation,Classical transductive,mnist,R6,vision,1,0.8168664,0.0,0.8168664,0.8168664,0,Unknown,auto
all,label_spreading,Classical transductive,cifar10,R6,vision,1,0.41664520000000005,0.0,0.41664520000000005,0.41664520000000005,0,Unknown,auto
all,label_spreading,Classical transductive,mnist,R6,vision,1,0.38763000000000003,0.0,0.38763000000000003,0.38763000000000003,0,Unknown,auto
all,lazy_random_walk,Classical transductive,cifar10,R6,vision,1,2.037414,0.0,2.037414,2.037414,0,Unknown,auto
all,lazy_random_walk,Classical transductive,mnist,R6,vision,1,0.6232409999999999,0.0,0.6232409999999999,0.6232409999999999,0,Unknown,auto
all,mean_teacher,Consistency,cifar10,R6,vision,1,259.9205196,0.0,259.9205196,259.9205196,0,NVIDIA A100-SXM4-80GB,auto
all,mean_teacher,Consistency,mnist,R6,vision,1,312.43129120000003,0.0,312.43129120000003,312.43129120000003,0,NVIDIA A100-SXM4-80GB,auto
all,pi_model,Consistency,cifar10,R6,vision,1,272.607198,0.0,272.607198,272.607198,0,NVIDIA A100-SXM4-80GB,auto
all,pi_model,Consistency,mnist,R6,vision,1,328.417101,0.0,328.417101,328.417101,0,NVIDIA A100-SXM4-80GB,auto
all,temporal_ensembling,Consistency,cifar10,R6,vision,1,291.3221026,0.0,291.3221026,291.3221026,0,NVIDIA A100-SXM4-80GB,auto
all,temporal_ensembling,Consistency,mnist,R6,vision,1,352.52915240000004,0.0,352.52915240000004,352.52915240000004,0,NVIDIA A100-SXM4-80GB,auto
all,vat,Consistency,cifar10,R6,vision,1,361.9606028,0.0,361.9606028,361.9606028,0,NVIDIA A100-SXM4-80GB,auto
all,vat,Consistency,mnist,R6,vision,1,437.0264754,0.0,437.0264754,437.0264754,0,NVIDIA A100-SXM4-80GB,auto
all,appnp,GNN,cifar10,R6,vision,1,27.203966200000004,0.0,27.203966200000004,27.203966200000004,0,Unknown,auto
all,appnp,GNN,mnist,R6,vision,1,2.6005081999999997,0.0,2.6005081999999997,2.6005081999999997,0,Unknown,auto
all,chebnet,GNN,cifar10,R6,vision,1,3.6424984,0.0,3.6424984,3.6424984,0,Unknown,auto
all,chebnet,GNN,mnist,R6,vision,1,7.3497844,0.0,7.3497844,7.3497844,0,Unknown,auto
all,gat,GNN,cifar10,R6,vision,1,3.5856132,0.0,3.5856132,3.5856132,0,Unknown,auto
all,gat,GNN,mnist,R6,vision,1,4.152177,0.0,4.152177,4.152177,0,Unknown,auto
all,gcn,GNN,cifar10,R6,vision,1,1.0108442,0.0,1.0108442,1.0108442,0,Unknown,auto
all,gcn,GNN,mnist,R6,vision,1,1.6475259999999998,0.0,1.6475259999999998,1.6475259999999998,0,Unknown,auto
all,gcnii,GNN,cifar10,R6,vision,1,6.4002486,0.0,6.4002486,6.4002486,0,Unknown,auto
all,gcnii,GNN,mnist,R6,vision,1,15.581698800000002,0.0,15.581698800000002,15.581698800000002,0,Unknown,auto
all,grafn,GNN,cifar10,R6,vision,1,3.7206846,0.0,3.7206846,3.7206846,0,Unknown,auto
all,grafn,GNN,mnist,R6,vision,1,6.445796199999999,0.0,6.445796199999999,6.445796199999999,0,Unknown,auto
all,grand,GNN,cifar10,R6,vision,1,19.3940488,0.0,19.3940488,19.3940488,0,Unknown,auto
all,grand,GNN,mnist,R6,vision,1,51.783260799999994,0.0,51.783260799999994,51.783260799999994,0,Unknown,auto
all,graphsage,GNN,cifar10,R6,vision,1,1.7045938,0.0,1.7045938,1.7045938,0,Unknown,auto
all,graphsage,GNN,mnist,R6,vision,1,3.8979854000000005,0.0,3.8979854000000005,3.8979854000000005,0,Unknown,auto
all,h_gcn,GNN,cifar10,R6,vision,1,504.66770280000003,0.0,504.66770280000003,504.66770280000003,0,Unknown,auto
all,planetoid,GNN,cifar10,R6,vision,1,1306.321506,0.0,1306.321506,1306.321506,0,Unknown,auto
all,planetoid,GNN,mnist,R6,vision,1,1643.6429336,0.0,1643.6429336,1643.6429336,0,Unknown,auto
all,sgc,GNN,cifar10,R6,vision,1,2.315098,0.0,2.315098,2.315098,0,Unknown,auto
all,sgc,GNN,mnist,R6,vision,1,0.9696960000000001,0.0,0.9696960000000001,0.9696960000000001,0,Unknown,auto
all,adamatch,Hybrid,cifar10,R6,vision,1,274.248103,0.0,274.248103,274.248103,0,NVIDIA A100-SXM4-80GB,auto
all,adamatch,Hybrid,mnist,R6,vision,1,329.4916728,0.0,329.4916728,329.4916728,0,NVIDIA A100-SXM4-80GB,auto
all,comatch,Hybrid,cifar10,R6,vision,1,397.440837,0.0,397.440837,397.440837,0,NVIDIA A100-SXM4-80GB,auto
all,comatch,Hybrid,mnist,R6,vision,1,481.8384186,0.0,481.8384186,481.8384186,0,NVIDIA A100-SXM4-80GB,auto
all,daso,Hybrid,cifar10,R6,vision,1,347.998016,0.0,347.998016,347.998016,0,NVIDIA A100-SXM4-80GB,auto
all,daso,Hybrid,mnist,R6,vision,1,412.81540640000003,0.0,412.81540640000003,412.81540640000003,0,NVIDIA A100-SXM4-80GB,auto
all,defixmatch,Hybrid,cifar10,R6,vision,1,373.876245,0.0,373.876245,373.876245,0,NVIDIA A100-SXM4-80GB,auto
all,defixmatch,Hybrid,mnist,R6,vision,1,434.13685999999996,0.0,434.13685999999996,434.13685999999996,0,NVIDIA A100-SXM4-80GB,auto
all,fixmatch,Hybrid,cifar10,R6,vision,1,272.2510074,0.0,272.2510074,272.2510074,0,NVIDIA A100-SXM4-80GB,auto
all,fixmatch,Hybrid,mnist,R6,vision,1,327.7375872,0.0,327.7375872,327.7375872,0,NVIDIA A100-SXM4-80GB,auto
all,flexmatch,Hybrid,cifar10,R6,vision,1,313.5328668,0.0,313.5328668,313.5328668,0,NVIDIA A100-SXM4-80GB,auto
all,flexmatch,Hybrid,mnist,R6,vision,1,374.4159346,0.0,374.4159346,374.4159346,0,NVIDIA A100-SXM4-80GB,auto
all,free_match,Hybrid,cifar10,R6,vision,1,287.9322366,0.0,287.9322366,287.9322366,0,NVIDIA A100-SXM4-80GB,auto
all,free_match,Hybrid,mnist,R6,vision,1,354.93313520000004,0.0,354.93313520000004,354.93313520000004,0,NVIDIA A100-SXM4-80GB,auto
all,meta_pseudo_labels,Hybrid,cifar10,R6,vision,1,479.8710926,0.0,479.8710926,479.8710926,0,NVIDIA A100-SXM4-80GB,auto
all,meta_pseudo_labels,Hybrid,mnist,R6,vision,1,572.6374386,0.0,572.6374386,572.6374386,0,NVIDIA A100-SXM4-80GB,auto
all,mixmatch,Hybrid,cifar10,R6,vision,1,225.92803199999997,0.0,225.92803199999997,225.92803199999997,0,NVIDIA A100-SXM4-80GB,auto
all,mixmatch,Hybrid,mnist,R6,vision,1,272.2499382,0.0,272.2499382,272.2499382,0,NVIDIA A100-SXM4-80GB,auto
all,noisy_student,Hybrid,cifar10,R6,vision,1,243.8297152,0.0,243.8297152,243.8297152,0,NVIDIA A100-SXM4-80GB,auto
all,noisy_student,Hybrid,mnist,R6,vision,1,294.0094544,0.0,294.0094544,294.0094544,0,NVIDIA A100-SXM4-80GB,auto
all,simclr_v2,Hybrid,cifar10,R6,vision,1,107.8918024,0.0,107.8918024,107.8918024,0,NVIDIA A100-SXM4-80GB,auto
all,simclr_v2,Hybrid,mnist,R6,vision,1,127.0353734,0.0,127.0353734,127.0353734,0,NVIDIA A100-SXM4-80GB,auto
all,softmatch,Hybrid,cifar10,R6,vision,1,268.73180560000003,0.0,268.73180560000003,268.73180560000003,0,NVIDIA A100-SXM4-80GB,auto
all,softmatch,Hybrid,mnist,R6,vision,1,327.0837242,0.0,327.0837242,327.0837242,0,NVIDIA A100-SXM4-80GB,auto
all,uda,Hybrid,cifar10,R6,vision,1,278.090412,0.0,278.090412,278.090412,0,NVIDIA A100-SXM4-80GB,auto
all,uda,Hybrid,mnist,R6,vision,1,327.345138,0.0,327.345138,327.345138,0,NVIDIA A100-SXM4-80GB,auto
all,adsh,Margin-based inductive,cifar10,R6,vision,1,310.592179,0.0,310.592179,310.592179,0,NVIDIA A100-SXM4-80GB,auto
all,adsh,Margin-based inductive,mnist,R6,vision,1,381.52616980000005,0.0,381.52616980000005,381.52616980000005,0,NVIDIA A100-SXM4-80GB,auto
all,laplace_learning,PDE/Variational,cifar10,R6,vision,1,28.9751932,0.0,28.9751932,28.9751932,0,Unknown,auto
all,laplace_learning,PDE/Variational,mnist,R6,vision,1,13.2934462,0.0,13.2934462,13.2934462,0,Unknown,auto
all,poisson_learning,PDE/Variational,cifar10,R6,vision,1,43.743631,0.0,43.743631,43.743631,0,Unknown,auto
all,poisson_learning,PDE/Variational,mnist,R6,vision,1,54.593894399999996,0.0,54.593894399999996,54.593894399999996,0,Unknown,auto
all,poisson_mbo,PDE/Variational,cifar10,R6,vision,1,123.234427,0.0,123.234427,123.234427,0,CPU,auto
all,poisson_mbo,PDE/Variational,mnist,R6,vision,1,159.75325619999998,0.0,159.75325619999998,159.75325619999998,0,CPU,auto
all,co_training,Wrappers,cifar10,R6,vision,1,15.061831,0.0,15.061831,15.061831,0,Unknown,auto
all,co_training,Wrappers,mnist,R6,vision,1,12.7828456,0.0,12.7828456,12.7828456,0,Unknown,auto
all,deep_co_training,Wrappers,cifar10,R6,vision,1,635.7224786,0.0,635.7224786,635.7224786,0,NVIDIA A100-SXM4-80GB,auto
all,deep_co_training,Wrappers,mnist,R6,vision,1,737.0308172,0.0,737.0308172,737.0308172,0,NVIDIA A100-SXM4-80GB,auto
all,democratic_co_learning,Wrappers,cifar10,R6,vision,1,1973.204008,0.0,1973.204008,1973.204008,0,NVIDIA A100-SXM4-80GB,auto
all,democratic_co_learning,Wrappers,mnist,R6,vision,1,805.5878046,0.0,805.5878046,805.5878046,0,NVIDIA A100-SXM4-80GB,auto
all,pseudo_label,Wrappers,cifar10,R6,vision,1,98.47899079999999,0.0,98.47899079999999,98.47899079999999,0,NVIDIA A100-SXM4-80GB,auto
all,pseudo_label,Wrappers,mnist,R6,vision,1,485.0992056,0.0,485.0992056,485.0992056,0,NVIDIA A100-SXM4-80GB,auto
all,self_training,Wrappers,cifar10,R6,vision,1,125.683043,0.0,125.683043,125.683043,0,NVIDIA A100-SXM4-80GB,auto
all,self_training,Wrappers,mnist,R6,vision,1,492.2725864,0.0,492.2725864,492.2725864,0,NVIDIA A100-SXM4-80GB,auto
all,setred,Wrappers,cifar10,R6,vision,1,112.842949,0.0,112.842949,112.842949,0,Unknown,auto
all,setred,Wrappers,mnist,R6,vision,1,187.7289628,0.0,187.7289628,187.7289628,0,Unknown,auto
all,tri_training,Wrappers,cifar10,R6,vision,1,2513.5980738000003,0.0,2513.5980738000003,2513.5980738000003,0,NVIDIA A100-SXM4-80GB,auto
all,tri_training,Wrappers,mnist,R6,vision,1,3178.3154986,0.0,3178.3154986,3178.3154986,0,NVIDIA A100-SXM4-80GB,auto
matched_only,supervised,Baseline,citeseer,R1,graph,1,1.2698585999999998,0.0,1.2698585999999998,1.2698585999999998,0,NVIDIA A100-SXM4-80GB,auto
matched_only,supervised,Baseline,cora,R1,graph,1,1.6321052000000003,0.0,1.6321052000000003,1.6321052000000003,0,Tesla V100-SXM2-32GB,auto
matched_only,supervised,Baseline,pubmed,R1,graph,1,1.269761,0.0,1.269761,1.269761,0,NVIDIA A100-SXM4-80GB,auto
matched_only,dynamic_label_propagation,Classical transductive,citeseer,R1,graph,1,0.44064420000000004,0.0,0.44064420000000004,0.44064420000000004,0,Unknown,auto
matched_only,dynamic_label_propagation,Classical transductive,cora,R1,graph,1,0.6248846,0.0,0.6248846,0.6248846,0,Unknown,auto
matched_only,dynamic_label_propagation,Classical transductive,pubmed,R1,graph,1,52.8171646,0.0,52.8171646,52.8171646,0,Unknown,auto
matched_only,graph_mincuts,Classical transductive,citeseer,R1,graph,1,0.1907356,0.0,0.1907356,0.1907356,0,CPU,auto
matched_only,graph_mincuts,Classical transductive,cora,R1,graph,1,0.2319216,0.0,0.2319216,0.2319216,0,CPU,auto
matched_only,graph_mincuts,Classical transductive,pubmed,R1,graph,1,0.21977280000000002,0.0,0.21977280000000002,0.21977280000000002,0,CPU,auto
matched_only,graphhop,Classical transductive,citeseer,R1,graph,1,10.818123,0.0,10.818123,10.818123,0,Unknown,auto
matched_only,graphhop,Classical transductive,cora,R1,graph,1,15.9537674,0.0,15.9537674,15.9537674,0,Unknown,auto
matched_only,graphhop,Classical transductive,pubmed,R1,graph,1,15.204452799999999,0.0,15.204452799999999,15.204452799999999,0,Unknown,auto
matched_only,label_propagation,Classical transductive,citeseer,R1,graph,1,0.1982616,0.0,0.1982616,0.1982616,0,Unknown,auto
matched_only,label_propagation,Classical transductive,cora,R1,graph,1,0.22367900000000002,0.0,0.22367900000000002,0.22367900000000002,0,Unknown,auto
matched_only,label_propagation,Classical transductive,pubmed,R1,graph,1,0.1954248,0.0,0.1954248,0.1954248,0,Unknown,auto
matched_only,label_spreading,Classical transductive,citeseer,R1,graph,1,0.1810296,0.0,0.1810296,0.1810296,0,Unknown,auto
matched_only,label_spreading,Classical transductive,cora,R1,graph,1,0.20693419999999998,0.0,0.20693419999999998,0.20693419999999998,0,Unknown,auto
matched_only,label_spreading,Classical transductive,pubmed,R1,graph,1,0.1775952,0.0,0.1775952,0.1775952,0,Unknown,auto
matched_only,lazy_random_walk,Classical transductive,citeseer,R1,graph,1,0.20781200000000002,0.0,0.20781200000000002,0.20781200000000002,0,Unknown,auto
matched_only,lazy_random_walk,Classical transductive,cora,R1,graph,1,0.2431098,0.0,0.2431098,0.2431098,0,Unknown,auto
matched_only,lazy_random_walk,Classical transductive,pubmed,R1,graph,1,1.7844031999999999,0.0,1.7844031999999999,1.7844031999999999,0,Unknown,auto
matched_only,mean_teacher,Consistency,citeseer,R1,graph,1,1.4281798,0.0,1.4281798,1.4281798,0,NVIDIA A100-SXM4-80GB,auto
matched_only,mean_teacher,Consistency,cora,R1,graph,1,2.1063918,0.0,2.1063918,2.1063918,0,Tesla V100-SXM2-32GB,auto
matched_only,mean_teacher,Consistency,pubmed,R1,graph,1,1.3872464,0.0,1.3872464,1.3872464,0,NVIDIA A100-SXM4-80GB,auto
matched_only,pi_model,Consistency,citeseer,R1,graph,1,1.3893942,0.0,1.3893942,1.3893942,0,NVIDIA A100-SXM4-80GB,auto
matched_only,pi_model,Consistency,cora,R1,graph,1,2.0535272,0.0,2.0535272,2.0535272,0,Tesla V100-SXM2-32GB,auto
matched_only,pi_model,Consistency,pubmed,R1,graph,1,1.3784698,0.0,1.3784698,1.3784698,0,NVIDIA A100-SXM4-80GB,auto
matched_only,temporal_ensembling,Consistency,citeseer,R1,graph,1,1.4842306,0.0,1.4842306,1.4842306,0,NVIDIA A100-SXM4-80GB,auto
matched_only,temporal_ensembling,Consistency,cora,R1,graph,1,2.1182206,0.0,2.1182206,2.1182206,0,Tesla V100-SXM2-32GB,auto
matched_only,temporal_ensembling,Consistency,pubmed,R1,graph,1,1.4208194,0.0,1.4208194,1.4208194,0,NVIDIA A100-SXM4-80GB,auto
matched_only,vat,Consistency,citeseer,R1,graph,1,1.4244088,0.0,1.4244088,1.4244088,0,NVIDIA A100-SXM4-80GB,auto
matched_only,vat,Consistency,cora,R1,graph,1,2.1927475999999997,0.0,2.1927475999999997,2.1927475999999997,0,Tesla V100-SXM2-32GB,auto
matched_only,vat,Consistency,pubmed,R1,graph,1,1.4394878,0.0,1.4394878,1.4394878,0,NVIDIA A100-SXM4-80GB,auto
matched_only,appnp,GNN,citeseer,R1,graph,1,1.0197138000000001,0.0,1.0197138000000001,1.0197138000000001,0,Unknown,auto
matched_only,appnp,GNN,cora,R1,graph,1,1.3766782,0.0,1.3766782,1.3766782,0,Unknown,auto
matched_only,appnp,GNN,pubmed,R1,graph,1,1.0611872,0.0,1.0611872,1.0611872,0,Unknown,auto
matched_only,chebnet,GNN,citeseer,R1,graph,1,1.0398706,0.0,1.0398706,1.0398706,0,Unknown,auto
matched_only,chebnet,GNN,cora,R1,graph,1,1.0005013999999999,0.0,1.0005013999999999,1.0005013999999999,0,Unknown,auto
matched_only,chebnet,GNN,pubmed,R1,graph,1,1.3267214,0.0,1.3267214,1.3267214,0,Unknown,auto
matched_only,gat,GNN,citeseer,R1,graph,1,1.1601127999999998,0.0,1.1601127999999998,1.1601127999999998,0,Unknown,auto
matched_only,gat,GNN,cora,R1,graph,1,1.8016815999999998,0.0,1.8016815999999998,1.8016815999999998,0,Unknown,auto
matched_only,gat,GNN,pubmed,R1,graph,1,1.6381599999999998,0.0,1.6381599999999998,1.6381599999999998,0,Unknown,auto
matched_only,gcn,GNN,citeseer,R1,graph,1,0.7161218,0.0,0.7161218,0.7161218,0,Unknown,auto
matched_only,gcn,GNN,cora,R1,graph,1,0.9158251999999999,0.0,0.9158251999999999,0.9158251999999999,0,Unknown,auto
matched_only,gcn,GNN,pubmed,R1,graph,1,0.8127282000000001,0.0,0.8127282000000001,0.8127282000000001,0,Unknown,auto
matched_only,gcnii,GNN,citeseer,R1,graph,1,1.6155998,0.0,1.6155998,1.6155998,0,Unknown,auto
matched_only,gcnii,GNN,cora,R1,graph,1,3.4159956,0.0,3.4159956,3.4159956,0,Unknown,auto
matched_only,gcnii,GNN,pubmed,R1,graph,1,2.3040326,0.0,2.3040326,2.3040326,0,Unknown,auto
matched_only,grafn,GNN,citeseer,R1,graph,1,1.2689702,0.0,1.2689702,1.2689702,0,Unknown,auto
matched_only,grafn,GNN,cora,R1,graph,1,2.4751366,0.0,2.4751366,2.4751366,0,Unknown,auto
matched_only,grafn,GNN,pubmed,R1,graph,1,1.8889076,0.0,1.8889076,1.8889076,0,Unknown,auto
matched_only,grand,GNN,citeseer,R1,graph,1,3.8951726,0.0,3.8951726,3.8951726,0,Unknown,auto
matched_only,grand,GNN,cora,R1,graph,1,3.1574998,0.0,3.1574998,3.1574998,0,Unknown,auto
matched_only,grand,GNN,pubmed,R1,graph,1,4.3014536,0.0,4.3014536,4.3014536,0,Unknown,auto
matched_only,graphsage,GNN,citeseer,R1,graph,1,0.7555524,0.0,0.7555524,0.7555524,0,Unknown,auto
matched_only,graphsage,GNN,cora,R1,graph,1,0.9158398,0.0,0.9158398,0.9158398,0,Unknown,auto
matched_only,graphsage,GNN,pubmed,R1,graph,1,0.9449935999999999,0.0,0.9449935999999999,0.9449935999999999,0,Unknown,auto
matched_only,h_gcn,GNN,citeseer,R1,graph,1,4.343145,0.0,4.343145,4.343145,0,Unknown,auto
matched_only,h_gcn,GNN,cora,R1,graph,1,2.416781,0.0,2.416781,2.416781,0,Unknown,auto
matched_only,h_gcn,GNN,pubmed,R1,graph,1,30.1463036,0.0,30.1463036,30.1463036,0,Unknown,auto
matched_only,n_gcn,GNN,citeseer,R1,graph,1,12.6189526,0.0,12.6189526,12.6189526,0,Unknown,auto
matched_only,n_gcn,GNN,cora,R1,graph,1,6.0059658,0.0,6.0059658,6.0059658,0,Unknown,auto
matched_only,n_gcn,GNN,pubmed,R1,graph,1,79.94163280000001,0.0,79.94163280000001,79.94163280000001,0,Unknown,auto
matched_only,planetoid,GNN,citeseer,R1,graph,1,40.4609356,0.0,40.4609356,40.4609356,0,Unknown,auto
matched_only,planetoid,GNN,cora,R1,graph,1,178.6796026,0.0,178.6796026,178.6796026,0,Unknown,auto
matched_only,planetoid,GNN,pubmed,R1,graph,1,293.4221784,0.0,293.4221784,293.4221784,0,Unknown,auto
matched_only,sgc,GNN,citeseer,R1,graph,1,0.5551284,0.0,0.5551284,0.5551284,0,Unknown,auto
matched_only,sgc,GNN,cora,R1,graph,1,3.273079,0.0,3.273079,3.273079,0,Unknown,auto
matched_only,sgc,GNN,pubmed,R1,graph,1,0.5674976,0.0,0.5674976,0.5674976,0,Unknown,auto
matched_only,adamatch,Hybrid,citeseer,R1,graph,1,21.504717,0.0,21.504717,21.504717,0,NVIDIA A100-SXM4-80GB,auto
matched_only,adamatch,Hybrid,cora,R1,graph,1,36.459064999999995,0.0,36.459064999999995,36.459064999999995,0,Tesla V100-SXM2-32GB,auto
matched_only,adamatch,Hybrid,pubmed,R1,graph,1,5.272093,0.0,5.272093,5.272093,0,NVIDIA A100-SXM4-80GB,auto
matched_only,comatch,Hybrid,citeseer,R1,graph,1,1.6693634,0.0,1.6693634,1.6693634,0,NVIDIA A100-SXM4-80GB,auto
matched_only,comatch,Hybrid,cora,R1,graph,1,2.4704928,0.0,2.4704928,2.4704928,0,Tesla V100-SXM2-32GB,auto
matched_only,comatch,Hybrid,pubmed,R1,graph,1,1.543543,0.0,1.543543,1.543543,0,NVIDIA A100-SXM4-80GB,auto
matched_only,daso,Hybrid,citeseer,R1,graph,1,1.530338,0.0,1.530338,1.530338,0,NVIDIA A100-SXM4-80GB,auto
matched_only,daso,Hybrid,cora,R1,graph,1,2.3157,0.0,2.3157,2.3157,0,Tesla V100-SXM2-32GB,auto
matched_only,daso,Hybrid,pubmed,R1,graph,1,1.4855164,0.0,1.4855164,1.4855164,0,NVIDIA A100-SXM4-80GB,auto
matched_only,defixmatch,Hybrid,citeseer,R1,graph,1,1.5171572000000002,0.0,1.5171572000000002,1.5171572000000002,0,NVIDIA A100-SXM4-80GB,auto
matched_only,defixmatch,Hybrid,cora,R1,graph,1,2.2643294000000003,0.0,2.2643294000000003,2.2643294000000003,0,Tesla V100-SXM2-32GB,auto
matched_only,defixmatch,Hybrid,pubmed,R1,graph,1,1.4518996,0.0,1.4518996,1.4518996,0,NVIDIA A100-SXM4-80GB,auto
matched_only,fixmatch,Hybrid,citeseer,R1,graph,1,1.3936328,0.0,1.3936328,1.3936328,0,NVIDIA A100-SXM4-80GB,auto
matched_only,fixmatch,Hybrid,cora,R1,graph,1,2.1298298,0.0,2.1298298,2.1298298,0,Tesla V100-SXM2-32GB,auto
matched_only,fixmatch,Hybrid,pubmed,R1,graph,1,1.3845034,0.0,1.3845034,1.3845034,0,NVIDIA A100-SXM4-80GB,auto
matched_only,flexmatch,Hybrid,citeseer,R1,graph,1,1.4181439999999998,0.0,1.4181439999999998,1.4181439999999998,0,NVIDIA A100-SXM4-80GB,auto
matched_only,flexmatch,Hybrid,cora,R1,graph,1,2.1151478,0.0,2.1151478,2.1151478,0,Tesla V100-SXM2-32GB,auto
matched_only,flexmatch,Hybrid,pubmed,R1,graph,1,1.3880004,0.0,1.3880004,1.3880004,0,NVIDIA A100-SXM4-80GB,auto
matched_only,free_match,Hybrid,citeseer,R1,graph,1,1.4904212,0.0,1.4904212,1.4904212,0,NVIDIA A100-SXM4-80GB,auto
matched_only,free_match,Hybrid,cora,R1,graph,1,2.28898,0.0,2.28898,2.28898,0,Tesla V100-SXM2-32GB,auto
matched_only,free_match,Hybrid,pubmed,R1,graph,1,1.5237636,0.0,1.5237636,1.5237636,0,NVIDIA A100-SXM4-80GB,auto
matched_only,meta_pseudo_labels,Hybrid,citeseer,R1,graph,1,1.5539912,0.0,1.5539912,1.5539912,0,NVIDIA A100-SXM4-80GB,auto
matched_only,meta_pseudo_labels,Hybrid,cora,R1,graph,1,2.5224316,0.0,2.5224316,2.5224316,0,Tesla V100-SXM2-32GB,auto
matched_only,meta_pseudo_labels,Hybrid,pubmed,R1,graph,1,1.5562664,0.0,1.5562664,1.5562664,0,NVIDIA A100-SXM4-80GB,auto
matched_only,mixmatch,Hybrid,citeseer,R1,graph,1,1.4019732,0.0,1.4019732,1.4019732,0,NVIDIA A100-SXM4-80GB,auto
matched_only,mixmatch,Hybrid,cora,R1,graph,1,2.1270056,0.0,2.1270056,2.1270056,0,Tesla V100-SXM2-32GB,auto
matched_only,mixmatch,Hybrid,pubmed,R1,graph,1,1.4386324,0.0,1.4386324,1.4386324,0,NVIDIA A100-SXM4-80GB,auto
matched_only,noisy_student,Hybrid,citeseer,R1,graph,1,1.378679,0.0,1.378679,1.378679,0,NVIDIA A100-SXM4-80GB,auto
matched_only,noisy_student,Hybrid,cora,R1,graph,1,2.0380292,0.0,2.0380292,2.0380292,0,Tesla V100-SXM2-32GB,auto
matched_only,noisy_student,Hybrid,pubmed,R1,graph,1,1.3996520000000001,0.0,1.3996520000000001,1.3996520000000001,0,NVIDIA A100-SXM4-80GB,auto
matched_only,simclr_v2,Hybrid,citeseer,R1,graph,1,1.485501,0.0,1.485501,1.485501,0,NVIDIA A100-SXM4-80GB,auto
matched_only,simclr_v2,Hybrid,cora,R1,graph,1,1.8267848,0.0,1.8267848,1.8267848,0,Tesla V100-SXM2-32GB,auto
matched_only,simclr_v2,Hybrid,pubmed,R1,graph,1,1.3828704,0.0,1.3828704,1.3828704,0,NVIDIA A100-SXM4-80GB,auto
matched_only,softmatch,Hybrid,citeseer,R1,graph,1,1.4234386,0.0,1.4234386,1.4234386,0,NVIDIA A100-SXM4-80GB,auto
matched_only,softmatch,Hybrid,cora,R1,graph,1,2.1151944,0.0,2.1151944,2.1151944,0,Tesla V100-SXM2-32GB,auto
matched_only,softmatch,Hybrid,pubmed,R1,graph,1,1.412387,0.0,1.412387,1.412387,0,NVIDIA A100-SXM4-80GB,auto
matched_only,uda,Hybrid,citeseer,R1,graph,1,1.409665,0.0,1.409665,1.409665,0,NVIDIA A100-SXM4-80GB,auto
matched_only,uda,Hybrid,cora,R1,graph,1,2.0255652,0.0,2.0255652,2.0255652,0,Tesla V100-SXM2-32GB,auto
matched_only,uda,Hybrid,pubmed,R1,graph,1,1.3858288,0.0,1.3858288,1.3858288,0,NVIDIA A100-SXM4-80GB,auto
matched_only,adsh,Margin-based inductive,citeseer,R1,graph,1,1.5734612000000001,0.0,1.5734612000000001,1.5734612000000001,0,NVIDIA A100-SXM4-80GB,auto
matched_only,adsh,Margin-based inductive,cora,R1,graph,1,2.2904692,0.0,2.2904692,2.2904692,0,Tesla V100-SXM2-32GB,auto
matched_only,adsh,Margin-based inductive,pubmed,R1,graph,1,1.4744038,0.0,1.4744038,1.4744038,0,NVIDIA A100-SXM4-80GB,auto
matched_only,laplace_learning,PDE/Variational,citeseer,R1,graph,1,0.2046476,0.0,0.2046476,0.2046476,0,Unknown,auto
matched_only,laplace_learning,PDE/Variational,cora,R1,graph,1,0.253512,0.0,0.253512,0.253512,0,Unknown,auto
matched_only,laplace_learning,PDE/Variational,pubmed,R1,graph,1,0.6295987999999999,0.0,0.6295987999999999,0.6295987999999999,0,Unknown,auto
matched_only,p_laplace_learning,PDE/Variational,citeseer,R1,graph,1,234.004137,0.0,234.004137,234.004137,0,CPU,auto
matched_only,p_laplace_learning,PDE/Variational,cora,R1,graph,1,822.9943346,0.0,822.9943346,822.9943346,0,CPU,auto
matched_only,p_laplace_learning,PDE/Variational,pubmed,R1,graph,1,2945.0885329999996,0.0,2945.0885329999996,2945.0885329999996,0,CPU,auto
matched_only,poisson_learning,PDE/Variational,citeseer,R1,graph,1,0.26946400000000004,0.0,0.26946400000000004,0.26946400000000004,0,Unknown,auto
matched_only,poisson_learning,PDE/Variational,cora,R1,graph,1,0.8506244000000001,0.0,0.8506244000000001,0.8506244000000001,0,Unknown,auto
matched_only,poisson_learning,PDE/Variational,pubmed,R1,graph,1,0.2795026,0.0,0.2795026,0.2795026,0,Unknown,auto
matched_only,poisson_mbo,PDE/Variational,citeseer,R1,graph,1,2.255889,0.0,2.255889,2.255889,0,CPU,auto
matched_only,poisson_mbo,PDE/Variational,cora,R1,graph,1,4.9329794,0.0,4.9329794,4.9329794,0,CPU,auto
matched_only,poisson_mbo,PDE/Variational,pubmed,R1,graph,1,12.3887816,0.0,12.3887816,12.3887816,0,CPU,auto
matched_only,co_training,Wrappers,citeseer,R1,graph,1,3.9832285999999995,0.0,3.9832285999999995,3.9832285999999995,0,NVIDIA A100-SXM4-80GB,auto
matched_only,co_training,Wrappers,cora,R1,graph,1,6.4138443999999994,0.0,6.4138443999999994,6.4138443999999994,0,Tesla V100-SXM2-32GB,auto
matched_only,co_training,Wrappers,pubmed,R1,graph,1,3.8473264,0.0,3.8473264,3.8473264,0,NVIDIA A100-SXM4-80GB,auto
matched_only,deep_co_training,Wrappers,citeseer,R1,graph,1,1.7449046000000004,0.0,1.7449046000000004,1.7449046000000004,0,NVIDIA A100-SXM4-80GB,auto
matched_only,deep_co_training,Wrappers,cora,R1,graph,1,3.2064181999999994,0.0,3.2064181999999994,3.2064181999999994,0,Tesla V100-SXM2-32GB,auto
matched_only,deep_co_training,Wrappers,pubmed,R1,graph,1,1.7536011999999999,0.0,1.7536011999999999,1.7536011999999999,0,NVIDIA A100-SXM4-80GB,auto
matched_only,democratic_co_learning,Wrappers,citeseer,R1,graph,1,5.0167198,0.0,5.0167198,5.0167198,0,NVIDIA A100-SXM4-80GB,auto
matched_only,democratic_co_learning,Wrappers,cora,R1,graph,1,6.8274029999999994,0.0,6.8274029999999994,6.8274029999999994,0,Tesla V100-SXM2-32GB,auto
matched_only,democratic_co_learning,Wrappers,pubmed,R1,graph,1,2.7146414,0.0,2.7146414,2.7146414,0,NVIDIA A100-SXM4-80GB,auto
matched_only,pseudo_label,Wrappers,citeseer,R1,graph,1,1.3875894,0.0,1.3875894,1.3875894,0,NVIDIA A100-SXM4-80GB,auto
matched_only,pseudo_label,Wrappers,cora,R1,graph,1,1.7520234000000001,0.0,1.7520234000000001,1.7520234000000001,0,Tesla V100-SXM2-32GB,auto
matched_only,pseudo_label,Wrappers,pubmed,R1,graph,1,1.3494549999999998,0.0,1.3494549999999998,1.3494549999999998,0,NVIDIA A100-SXM4-80GB,auto
matched_only,self_training,Wrappers,citeseer,R1,graph,1,1.3761231999999999,0.0,1.3761231999999999,1.3761231999999999,0,NVIDIA A100-SXM4-80GB,auto
matched_only,self_training,Wrappers,cora,R1,graph,1,1.7426416,0.0,1.7426416,1.7426416,0,Tesla V100-SXM2-32GB,auto
matched_only,self_training,Wrappers,pubmed,R1,graph,1,1.339066,0.0,1.339066,1.339066,0,NVIDIA A100-SXM4-80GB,auto
matched_only,setred,Wrappers,citeseer,R1,graph,1,1.3727232,0.0,1.3727232,1.3727232,0,NVIDIA A100-SXM4-80GB,auto
matched_only,setred,Wrappers,cora,R1,graph,1,1.7690937999999998,0.0,1.7690937999999998,1.7690937999999998,0,Tesla V100-SXM2-32GB,auto
matched_only,setred,Wrappers,pubmed,R1,graph,1,1.3440318,0.0,1.3440318,1.3440318,0,NVIDIA A100-SXM4-80GB,auto
matched_only,tri_training,Wrappers,citeseer,R1,graph,1,3.75951,0.0,3.75951,3.75951,0,NVIDIA A100-SXM4-80GB,auto
matched_only,tri_training,Wrappers,cora,R1,graph,1,5.5704728,0.0,5.5704728,5.5704728,0,Tesla V100-SXM2-32GB,auto
matched_only,tri_training,Wrappers,pubmed,R1,graph,1,2.7453872,0.0,2.7453872,2.7453872,0,NVIDIA A100-SXM4-80GB,auto
matched_only,trinet,Wrappers,citeseer,R1,graph,1,1.9371981999999999,0.0,1.9371981999999999,1.9371981999999999,0,NVIDIA A100-SXM4-80GB,auto
matched_only,trinet,Wrappers,cora,R1,graph,1,2.6066292,0.0,2.6066292,2.6066292,0,Tesla V100-SXM2-32GB,auto
matched_only,trinet,Wrappers,pubmed,R1,graph,1,1.7600404,0.0,1.7600404,1.7600404,0,NVIDIA A100-SXM4-80GB,auto
matched_only,supervised,Baseline,adult,R1,tabular,1,1.0667734000000002,0.0,1.0667734000000002,1.0667734000000002,0,NVIDIA A100-SXM4-80GB,auto
matched_only,supervised,Baseline,breast_cancer,R1,tabular,1,1.1063632,0.0,1.1063632,1.1063632,0,Tesla V100-SXM2-32GB,auto
matched_only,supervised,Baseline,iris,R1,tabular,1,0.8894308000000001,0.0,0.8894308000000001,0.8894308000000001,0,NVIDIA A100-SXM4-80GB,auto
matched_only,dynamic_label_propagation,Classical transductive,adult,R1,tabular,1,765.998693,0.0,765.998693,765.998693,0,Unknown,auto
matched_only,dynamic_label_propagation,Classical transductive,breast_cancer,R1,tabular,1,0.7271759999999999,0.0,0.7271759999999999,0.7271759999999999,0,Unknown,auto
matched_only,dynamic_label_propagation,Classical transductive,iris,R1,tabular,1,0.5294882000000001,0.0,0.5294882000000001,0.5294882000000001,0,Unknown,auto
matched_only,graph_mincuts,Classical transductive,adult,R1,tabular,1,0.7537066,0.0,0.7537066,0.7537066,0,CPU,auto
matched_only,graph_mincuts,Classical transductive,breast_cancer,R1,tabular,1,0.6179584,0.0,0.6179584,0.6179584,0,CPU,auto
matched_only,graphhop,Classical transductive,adult,R1,tabular,1,18.6317364,0.0,18.6317364,18.6317364,0,Unknown,auto
matched_only,graphhop,Classical transductive,breast_cancer,R1,tabular,1,15.264387,0.0,15.264387,15.264387,0,Unknown,auto
matched_only,graphhop,Classical transductive,iris,R1,tabular,1,11.5724186,0.0,11.5724186,11.5724186,0,Unknown,auto
matched_only,label_propagation,Classical transductive,adult,R1,tabular,1,0.8080724,0.0,0.8080724,0.8080724,0,Unknown,auto
matched_only,label_propagation,Classical transductive,breast_cancer,R1,tabular,1,0.6529216,0.0,0.6529216,0.6529216,0,Unknown,auto
matched_only,label_propagation,Classical transductive,iris,R1,tabular,1,0.536969,0.0,0.536969,0.536969,0,Unknown,auto
matched_only,label_spreading,Classical transductive,adult,R1,tabular,1,0.7116718000000001,0.0,0.7116718000000001,0.7116718000000001,0,Unknown,auto
matched_only,label_spreading,Classical transductive,breast_cancer,R1,tabular,1,0.6456646,0.0,0.6456646,0.6456646,0,Unknown,auto
matched_only,label_spreading,Classical transductive,iris,R1,tabular,1,0.5194318,0.0,0.5194318,0.5194318,0,Unknown,auto
matched_only,lazy_random_walk,Classical transductive,adult,R1,tabular,1,5.4046148,0.0,5.4046148,5.4046148,0,Unknown,auto
matched_only,lazy_random_walk,Classical transductive,breast_cancer,R1,tabular,1,0.7025758,0.0,0.7025758,0.7025758,0,Unknown,auto
matched_only,mean_teacher,Consistency,adult,R1,tabular,1,38.1613336,0.0,38.1613336,38.1613336,0,NVIDIA A100-SXM4-80GB,auto
matched_only,mean_teacher,Consistency,breast_cancer,R1,tabular,1,1.8553506,0.0,1.8553506,1.8553506,0,Tesla V100-SXM2-32GB,auto
matched_only,mean_teacher,Consistency,iris,R1,tabular,1,0.9834624,0.0,0.9834624,0.9834624,0,NVIDIA A100-SXM4-80GB,auto
matched_only,pi_model,Consistency,adult,R1,tabular,1,36.237489800000006,0.0,36.237489800000006,36.237489800000006,0,NVIDIA A100-SXM4-80GB,auto
matched_only,pi_model,Consistency,breast_cancer,R1,tabular,1,1.8684374000000001,0.0,1.8684374000000001,1.8684374000000001,0,Tesla V100-SXM2-32GB,auto
matched_only,pi_model,Consistency,iris,R1,tabular,1,0.9892959999999998,0.0,0.9892959999999998,0.9892959999999998,0,NVIDIA A100-SXM4-80GB,auto
matched_only,temporal_ensembling,Consistency,adult,R1,tabular,1,41.8487802,0.0,41.8487802,41.8487802,0,NVIDIA A100-SXM4-80GB,auto
matched_only,temporal_ensembling,Consistency,breast_cancer,R1,tabular,1,1.9613942000000002,0.0,1.9613942000000002,1.9613942000000002,0,Tesla V100-SXM2-32GB,auto
matched_only,temporal_ensembling,Consistency,iris,R1,tabular,1,1.021169,0.0,1.021169,1.021169,0,NVIDIA A100-SXM4-80GB,auto
matched_only,vat,Consistency,adult,R1,tabular,1,48.8218276,0.0,48.8218276,48.8218276,0,NVIDIA A100-SXM4-80GB,auto
matched_only,vat,Consistency,breast_cancer,R1,tabular,1,2.1453826,0.0,2.1453826,2.1453826,0,Tesla V100-SXM2-32GB,auto
matched_only,vat,Consistency,iris,R1,tabular,1,1.0299182,0.0,1.0299182,1.0299182,0,NVIDIA A100-SXM4-80GB,auto
matched_only,appnp,GNN,adult,R1,tabular,1,15.368902199999999,0.0,15.368902199999999,15.368902199999999,0,Unknown,auto
matched_only,appnp,GNN,breast_cancer,R1,tabular,1,1.8005436,0.0,1.8005436,1.8005436,0,Unknown,auto
matched_only,appnp,GNN,iris,R1,tabular,1,1.1713308,0.0,1.1713308,1.1713308,0,Unknown,auto
matched_only,chebnet,GNN,adult,R1,tabular,1,1.4823526,0.0,1.4823526,1.4823526,0,Unknown,auto
matched_only,chebnet,GNN,breast_cancer,R1,tabular,1,1.4249154,0.0,1.4249154,1.4249154,0,Unknown,auto
matched_only,chebnet,GNN,iris,R1,tabular,1,1.0314320000000001,0.0,1.0314320000000001,1.0314320000000001,0,Unknown,auto
matched_only,gat,GNN,adult,R1,tabular,1,6.100548000000001,0.0,6.100548000000001,6.100548000000001,0,Unknown,auto
matched_only,gat,GNN,breast_cancer,R1,tabular,1,2.0435718,0.0,2.0435718,2.0435718,0,Unknown,auto
matched_only,gat,GNN,iris,R1,tabular,1,1.443235,0.0,1.443235,1.443235,0,Unknown,auto
matched_only,gcn,GNN,adult,R1,tabular,1,1.3043027999999999,0.0,1.3043027999999999,1.3043027999999999,0,Unknown,auto
matched_only,gcn,GNN,breast_cancer,R1,tabular,1,1.4163706,0.0,1.4163706,1.4163706,0,Unknown,auto
matched_only,gcn,GNN,iris,R1,tabular,1,1.0053991999999998,0.0,1.0053991999999998,1.0053991999999998,0,Unknown,auto
matched_only,gcnii,GNN,adult,R1,tabular,1,4.6117554,0.0,4.6117554,4.6117554,0,Unknown,auto
matched_only,gcnii,GNN,breast_cancer,R1,tabular,1,2.3738745999999997,0.0,2.3738745999999997,2.3738745999999997,0,Unknown,auto
matched_only,gcnii,GNN,iris,R1,tabular,1,1.7364145999999998,0.0,1.7364145999999998,1.7364145999999998,0,Unknown,auto
matched_only,grafn,GNN,adult,R1,tabular,1,4.3493372,0.0,4.3493372,4.3493372,0,Unknown,auto
matched_only,grafn,GNN,breast_cancer,R1,tabular,1,1.9422072,0.0,1.9422072,1.9422072,0,Unknown,auto
matched_only,grafn,GNN,iris,R1,tabular,1,1.579049,0.0,1.579049,1.579049,0,Unknown,auto
matched_only,grand,GNN,adult,R1,tabular,1,1.8779214,0.0,1.8779214,1.8779214,0,Unknown,auto
matched_only,grand,GNN,breast_cancer,R1,tabular,1,1.6304928,0.0,1.6304928,1.6304928,0,Unknown,auto
matched_only,grand,GNN,iris,R1,tabular,1,1.429946,0.0,1.429946,1.429946,0,Unknown,auto
matched_only,graphsage,GNN,adult,R1,tabular,1,1.3440296,0.0,1.3440296,1.3440296,0,Unknown,auto
matched_only,graphsage,GNN,breast_cancer,R1,tabular,1,1.3682032000000002,0.0,1.3682032000000002,1.3682032000000002,0,Unknown,auto
matched_only,graphsage,GNN,iris,R1,tabular,1,0.9590398,0.0,0.9590398,0.9590398,0,Unknown,auto
matched_only,h_gcn,GNN,adult,R1,tabular,1,250.8565144,0.0,250.8565144,250.8565144,0,Unknown,auto
matched_only,h_gcn,GNN,breast_cancer,R1,tabular,1,2.1689700000000003,0.0,2.1689700000000003,2.1689700000000003,0,Unknown,auto
matched_only,h_gcn,GNN,iris,R1,tabular,1,1.7099088000000002,0.0,1.7099088000000002,1.7099088000000002,0,Unknown,auto
matched_only,n_gcn,GNN,adult,R1,tabular,1,157.4144746,0.0,157.4144746,157.4144746,0,Unknown,auto
matched_only,n_gcn,GNN,breast_cancer,R1,tabular,1,2.5492272,0.0,2.5492272,2.5492272,0,Unknown,auto
matched_only,n_gcn,GNN,iris,R1,tabular,1,1.5945487999999999,0.0,1.5945487999999999,1.5945487999999999,0,Unknown,auto
matched_only,planetoid,GNN,adult,R1,tabular,1,955.2618728,0.0,955.2618728,955.2618728,0,Unknown,auto
matched_only,planetoid,GNN,breast_cancer,R1,tabular,1,40.0019792,0.0,40.0019792,40.0019792,0,Unknown,auto
matched_only,planetoid,GNN,iris,R1,tabular,1,2.5239895999999997,0.0,2.5239895999999997,2.5239895999999997,0,Unknown,auto
matched_only,sgc,GNN,adult,R1,tabular,1,12.7348722,0.0,12.7348722,12.7348722,0,Unknown,auto
matched_only,sgc,GNN,breast_cancer,R1,tabular,1,1.2204626,0.0,1.2204626,1.2204626,0,Unknown,auto
matched_only,sgc,GNN,iris,R1,tabular,1,0.9199306,0.0,0.9199306,0.9199306,0,Unknown,auto
matched_only,adamatch,Hybrid,adult,R1,tabular,1,55.4950256,0.0,55.4950256,55.4950256,0,NVIDIA A100-SXM4-80GB,auto
matched_only,adamatch,Hybrid,breast_cancer,R1,tabular,1,13.4468304,0.0,13.4468304,13.4468304,0,Tesla V100-SXM2-32GB,auto
matched_only,adamatch,Hybrid,iris,R1,tabular,1,7.9042744,0.0,7.9042744,7.9042744,0,NVIDIA A100-SXM4-80GB,auto
matched_only,comatch,Hybrid,adult,R1,tabular,1,67.6248348,0.0,67.6248348,67.6248348,0,NVIDIA A100-SXM4-80GB,auto
matched_only,comatch,Hybrid,breast_cancer,R1,tabular,1,2.6465214,0.0,2.6465214,2.6465214,0,Tesla V100-SXM2-32GB,auto
matched_only,comatch,Hybrid,iris,R1,tabular,1,1.3011578,0.0,1.3011578,1.3011578,0,NVIDIA A100-SXM4-80GB,auto
matched_only,daso,Hybrid,adult,R1,tabular,1,55.1963356,0.0,55.1963356,55.1963356,0,NVIDIA A100-SXM4-80GB,auto
matched_only,daso,Hybrid,breast_cancer,R1,tabular,1,2.1387308000000003,0.0,2.1387308000000003,2.1387308000000003,0,Tesla V100-SXM2-32GB,auto
matched_only,daso,Hybrid,iris,R1,tabular,1,1.056507,0.0,1.056507,1.056507,0,NVIDIA A100-SXM4-80GB,auto
matched_only,defixmatch,Hybrid,adult,R1,tabular,1,48.7007106,0.0,48.7007106,48.7007106,0,NVIDIA A100-SXM4-80GB,auto
matched_only,defixmatch,Hybrid,breast_cancer,R1,tabular,1,2.1060196,0.0,2.1060196,2.1060196,0,Tesla V100-SXM2-32GB,auto
matched_only,defixmatch,Hybrid,iris,R1,tabular,1,1.0565514,0.0,1.0565514,1.0565514,0,NVIDIA A100-SXM4-80GB,auto
matched_only,fixmatch,Hybrid,adult,R1,tabular,1,37.7255604,0.0,37.7255604,37.7255604,0,NVIDIA A100-SXM4-80GB,auto
matched_only,fixmatch,Hybrid,breast_cancer,R1,tabular,1,1.9035771999999997,0.0,1.9035771999999997,1.9035771999999997,0,Tesla V100-SXM2-32GB,auto
matched_only,fixmatch,Hybrid,iris,R1,tabular,1,0.9886728,0.0,0.9886728,0.9886728,0,NVIDIA A100-SXM4-80GB,auto
matched_only,flexmatch,Hybrid,adult,R1,tabular,1,51.4240588,0.0,51.4240588,51.4240588,0,NVIDIA A100-SXM4-80GB,auto
matched_only,flexmatch,Hybrid,breast_cancer,R1,tabular,1,2.0327054,0.0,2.0327054,2.0327054,0,Tesla V100-SXM2-32GB,auto
matched_only,flexmatch,Hybrid,iris,R1,tabular,1,1.0556432,0.0,1.0556432,1.0556432,0,NVIDIA A100-SXM4-80GB,auto
matched_only,free_match,Hybrid,adult,R1,tabular,1,56.611999000000004,0.0,56.611999000000004,56.611999000000004,0,NVIDIA A100-SXM4-80GB,auto
matched_only,free_match,Hybrid,breast_cancer,R1,tabular,1,2.3406678,0.0,2.3406678,2.3406678,0,Tesla V100-SXM2-32GB,auto
matched_only,free_match,Hybrid,iris,R1,tabular,1,1.112632,0.0,1.112632,1.112632,0,NVIDIA A100-SXM4-80GB,auto
matched_only,meta_pseudo_labels,Hybrid,adult,R1,tabular,1,62.683251799999994,0.0,62.683251799999994,62.683251799999994,0,NVIDIA A100-SXM4-80GB,auto
matched_only,meta_pseudo_labels,Hybrid,breast_cancer,R1,tabular,1,2.4197926,0.0,2.4197926,2.4197926,0,Tesla V100-SXM2-32GB,auto
matched_only,meta_pseudo_labels,Hybrid,iris,R1,tabular,1,1.0856536,0.0,1.0856536,1.0856536,0,NVIDIA A100-SXM4-80GB,auto
matched_only,mixmatch,Hybrid,adult,R1,tabular,1,42.8490502,0.0,42.8490502,42.8490502,0,NVIDIA A100-SXM4-80GB,auto
matched_only,mixmatch,Hybrid,breast_cancer,R1,tabular,1,1.9935721999999998,0.0,1.9935721999999998,1.9935721999999998,0,Tesla V100-SXM2-32GB,auto
matched_only,mixmatch,Hybrid,iris,R1,tabular,1,1.013334,0.0,1.013334,1.013334,0,NVIDIA A100-SXM4-80GB,auto
matched_only,noisy_student,Hybrid,adult,R1,tabular,1,37.8382152,0.0,37.8382152,37.8382152,0,NVIDIA A100-SXM4-80GB,auto
matched_only,noisy_student,Hybrid,breast_cancer,R1,tabular,1,1.8832558,0.0,1.8832558,1.8832558,0,Tesla V100-SXM2-32GB,auto
matched_only,noisy_student,Hybrid,iris,R1,tabular,1,1.026567,0.0,1.026567,1.026567,0,NVIDIA A100-SXM4-80GB,auto
matched_only,simclr_v2,Hybrid,adult,R1,tabular,1,21.604644,0.0,21.604644,21.604644,0,NVIDIA A100-SXM4-80GB,auto
matched_only,simclr_v2,Hybrid,breast_cancer,R1,tabular,1,1.6047438,0.0,1.6047438,1.6047438,0,Tesla V100-SXM2-32GB,auto
matched_only,simclr_v2,Hybrid,iris,R1,tabular,1,0.9973172,0.0,0.9973172,0.9973172,0,NVIDIA A100-SXM4-80GB,auto
matched_only,softmatch,Hybrid,adult,R1,tabular,1,40.591697800000006,0.0,40.591697800000006,40.591697800000006,0,NVIDIA A100-SXM4-80GB,auto
matched_only,softmatch,Hybrid,breast_cancer,R1,tabular,1,1.983139,0.0,1.983139,1.983139,0,Tesla V100-SXM2-32GB,auto
matched_only,softmatch,Hybrid,iris,R1,tabular,1,1.1004105999999998,0.0,1.1004105999999998,1.1004105999999998,0,NVIDIA A100-SXM4-80GB,auto
matched_only,uda,Hybrid,adult,R1,tabular,1,38.730670599999996,0.0,38.730670599999996,38.730670599999996,0,NVIDIA A100-SXM4-80GB,auto
matched_only,uda,Hybrid,breast_cancer,R1,tabular,1,1.882997,0.0,1.882997,1.882997,0,Tesla V100-SXM2-32GB,auto
matched_only,uda,Hybrid,iris,R1,tabular,1,0.9914022000000001,0.0,0.9914022000000001,0.9914022000000001,0,NVIDIA A100-SXM4-80GB,auto
matched_only,adsh,Margin-based inductive,adult,R1,tabular,1,41.229620999999995,0.0,41.229620999999995,41.229620999999995,0,NVIDIA A100-SXM4-80GB,auto
matched_only,adsh,Margin-based inductive,breast_cancer,R1,tabular,1,2.3416046,0.0,2.3416046,2.3416046,0,Tesla V100-SXM2-32GB,auto
matched_only,adsh,Margin-based inductive,iris,R1,tabular,1,1.5732427999999998,0.0,1.5732427999999998,1.5732427999999998,0,NVIDIA A100-SXM4-80GB,auto
matched_only,s4vm,Margin-based inductive,adult,R1,tabular,1,40.113141,0.0,40.113141,40.113141,0,NVIDIA A100-SXM4-80GB,auto
matched_only,s4vm,Margin-based inductive,breast_cancer,R1,tabular,1,2.7629498,0.0,2.7629498,2.7629498,0,Tesla V100-SXM2-32GB,auto
matched_only,tsvm,Margin-based inductive,adult,R1,tabular,1,0.9489986,0.0,0.9489986,0.9489986,0,CPU,auto
matched_only,tsvm,Margin-based inductive,breast_cancer,R1,tabular,1,0.5944032,0.0,0.5944032,0.5944032,0,CPU,auto
matched_only,laplace_learning,PDE/Variational,adult,R1,tabular,1,5.9487256,0.0,5.9487256,5.9487256,0,Unknown,auto
matched_only,laplace_learning,PDE/Variational,breast_cancer,R1,tabular,1,0.6732962,0.0,0.6732962,0.6732962,0,Unknown,auto
matched_only,laplace_learning,PDE/Variational,iris,R1,tabular,1,0.70408,0.0,0.70408,0.70408,0,Unknown,auto
matched_only,p_laplace_learning,PDE/Variational,adult,R1,tabular,1,11907.163748199999,0.0,11907.163748199999,11907.163748199999,0,CPU,auto
matched_only,p_laplace_learning,PDE/Variational,breast_cancer,R1,tabular,1,8.7420952,0.0,8.7420952,8.7420952,0,CPU,auto
matched_only,p_laplace_learning,PDE/Variational,iris,R1,tabular,1,2.1109506,0.0,2.1109506,2.1109506,0,CPU,auto
matched_only,poisson_learning,PDE/Variational,adult,R1,tabular,1,23.592932400000002,0.0,23.592932400000002,23.592932400000002,0,Unknown,auto
matched_only,poisson_learning,PDE/Variational,breast_cancer,R1,tabular,1,0.9139190000000001,0.0,0.9139190000000001,0.9139190000000001,0,Unknown,auto
matched_only,poisson_learning,PDE/Variational,iris,R1,tabular,1,0.607684,0.0,0.607684,0.607684,0,Unknown,auto
matched_only,poisson_mbo,PDE/Variational,adult,R1,tabular,1,64.9368272,0.0,64.9368272,64.9368272,0,CPU,auto
matched_only,poisson_mbo,PDE/Variational,breast_cancer,R1,tabular,1,1.9769815999999998,0.0,1.9769815999999998,1.9769815999999998,0,CPU,auto
matched_only,poisson_mbo,PDE/Variational,iris,R1,tabular,1,0.7048624,0.0,0.7048624,0.7048624,0,CPU,auto
matched_only,co_training,Wrappers,adult,R1,tabular,1,3.4363699999999993,0.0,3.4363699999999993,3.4363699999999993,0,NVIDIA A100-SXM4-80GB,auto
matched_only,co_training,Wrappers,breast_cancer,R1,tabular,1,4.2888182,0.0,4.2888182,4.2888182,0,Tesla V100-SXM2-32GB,auto
matched_only,co_training,Wrappers,iris,R1,tabular,1,3.0524152,0.0,3.0524152,3.0524152,0,NVIDIA A100-SXM4-80GB,auto
matched_only,deep_co_training,Wrappers,adult,R1,tabular,1,85.199932,0.0,85.199932,85.199932,0,NVIDIA A100-SXM4-80GB,auto
matched_only,deep_co_training,Wrappers,breast_cancer,R1,tabular,1,2.8634906,0.0,2.8634906,2.8634906,0,Tesla V100-SXM2-32GB,auto
matched_only,deep_co_training,Wrappers,iris,R1,tabular,1,1.1669748,0.0,1.1669748,1.1669748,0,NVIDIA A100-SXM4-80GB,auto
matched_only,democratic_co_learning,Wrappers,adult,R1,tabular,1,256.9167638,0.0,256.9167638,256.9167638,0,NVIDIA A100-SXM4-80GB,auto
matched_only,democratic_co_learning,Wrappers,breast_cancer,R1,tabular,1,3.2296673999999994,0.0,3.2296673999999994,3.2296673999999994,0,Tesla V100-SXM2-32GB,auto
matched_only,democratic_co_learning,Wrappers,iris,R1,tabular,1,2.0692342,0.0,2.0692342,2.0692342,0,NVIDIA A100-SXM4-80GB,auto
matched_only,pseudo_label,Wrappers,adult,R1,tabular,1,63.846399399999996,0.0,63.846399399999996,63.846399399999996,0,NVIDIA A100-SXM4-80GB,auto
matched_only,pseudo_label,Wrappers,breast_cancer,R1,tabular,1,2.5249234,0.0,2.5249234,2.5249234,0,Tesla V100-SXM2-32GB,auto
matched_only,pseudo_label,Wrappers,iris,R1,tabular,1,1.169815,0.0,1.169815,1.169815,0,NVIDIA A100-SXM4-80GB,auto
matched_only,self_training,Wrappers,adult,R1,tabular,1,61.38795639999999,0.0,61.38795639999999,61.38795639999999,0,NVIDIA A100-SXM4-80GB,auto
matched_only,self_training,Wrappers,breast_cancer,R1,tabular,1,2.4046271999999997,0.0,2.4046271999999997,2.4046271999999997,0,Tesla V100-SXM2-32GB,auto
matched_only,self_training,Wrappers,iris,R1,tabular,1,1.1751822,0.0,1.1751822,1.1751822,0,NVIDIA A100-SXM4-80GB,auto
matched_only,setred,Wrappers,adult,R1,tabular,1,2.0636332,0.0,2.0636332,2.0636332,0,NVIDIA A100-SXM4-80GB,auto
matched_only,setred,Wrappers,breast_cancer,R1,tabular,1,3.1902182,0.0,3.1902182,3.1902182,0,Tesla V100-SXM2-32GB,auto
matched_only,setred,Wrappers,iris,R1,tabular,1,1.1620606,0.0,1.1620606,1.1620606,0,NVIDIA A100-SXM4-80GB,auto
matched_only,tri_training,Wrappers,adult,R1,tabular,1,116.06424039999999,0.0,116.06424039999999,116.06424039999999,0,NVIDIA A100-SXM4-80GB,auto
matched_only,tri_training,Wrappers,breast_cancer,R1,tabular,1,5.0253752,0.0,5.0253752,5.0253752,0,Tesla V100-SXM2-32GB,auto
matched_only,tri_training,Wrappers,iris,R1,tabular,1,1.8427936000000003,0.0,1.8427936000000003,1.8427936000000003,0,NVIDIA A100-SXM4-80GB,auto
matched_only,trinet,Wrappers,adult,R1,tabular,1,709.9554626,0.0,709.9554626,709.9554626,0,NVIDIA A100-SXM4-80GB,auto
matched_only,trinet,Wrappers,breast_cancer,R1,tabular,1,15.5366172,0.0,15.5366172,15.5366172,0,Tesla V100-SXM2-32GB,auto
matched_only,trinet,Wrappers,iris,R1,tabular,1,2.8820384,0.0,2.8820384,2.8820384,0,NVIDIA A100-SXM4-80GB,auto
matched_only,supervised,Baseline,ag_news,R1,text,1,1.8170376000000001,0.0,1.8170376000000001,1.8170376000000001,0,NVIDIA A100-SXM4-80GB,auto
matched_only,supervised,Baseline,imdb,R1,text,1,2.0575786000000003,0.0,2.0575786000000003,2.0575786000000003,0,NVIDIA A100-SXM4-80GB,auto
matched_only,dynamic_label_propagation,Classical transductive,imdb,R1,text,1,820.7885612,0.0,820.7885612,820.7885612,0,Unknown,auto
matched_only,graph_mincuts,Classical transductive,ag_news,R1,text,1,76.89496940000001,0.0,76.89496940000001,76.89496940000001,0,CPU,auto
matched_only,graph_mincuts,Classical transductive,imdb,R1,text,1,14.8773328,0.0,14.8773328,14.8773328,0,CPU,auto
matched_only,graphhop,Classical transductive,ag_news,R1,text,1,41.4054074,0.0,41.4054074,41.4054074,0,Unknown,auto
matched_only,graphhop,Classical transductive,imdb,R1,text,1,26.9857748,0.0,26.9857748,26.9857748,0,Unknown,auto
matched_only,label_propagation,Classical transductive,ag_news,R1,text,1,1.1851230000000001,0.0,1.1851230000000001,1.1851230000000001,0,Unknown,auto
matched_only,label_propagation,Classical transductive,imdb,R1,text,1,1.0580558,0.0,1.0580558,1.0580558,0,Unknown,auto
matched_only,label_spreading,Classical transductive,ag_news,R1,text,1,1.1019002,0.0,1.1019002,1.1019002,0,Unknown,auto
matched_only,label_spreading,Classical transductive,imdb,R1,text,1,0.9088324,0.0,0.9088324,0.9088324,0,Unknown,auto
matched_only,lazy_random_walk,Classical transductive,ag_news,R1,text,1,32.0236592,0.0,32.0236592,32.0236592,0,Unknown,auto
matched_only,lazy_random_walk,Classical transductive,imdb,R1,text,1,19.6132078,0.0,19.6132078,19.6132078,0,Unknown,auto
matched_only,mean_teacher,Consistency,ag_news,R1,text,1,581.4328634,0.0,581.4328634,581.4328634,0,NVIDIA A100-SXM4-80GB,auto
matched_only,mean_teacher,Consistency,imdb,R1,text,1,121.8300866,0.0,121.8300866,121.8300866,0,NVIDIA A100-SXM4-80GB,auto
matched_only,pi_model,Consistency,ag_news,R1,text,1,574.8184484000001,0.0,574.8184484000001,574.8184484000001,0,NVIDIA A100-SXM4-80GB,auto
matched_only,pi_model,Consistency,imdb,R1,text,1,121.1349496,0.0,121.1349496,121.1349496,0,NVIDIA A100-SXM4-80GB,auto
matched_only,temporal_ensembling,Consistency,ag_news,R1,text,1,724.7735663999999,0.0,724.7735663999999,724.7735663999999,0,NVIDIA A100-SXM4-80GB,auto
matched_only,temporal_ensembling,Consistency,imdb,R1,text,1,151.5559044,0.0,151.5559044,151.5559044,0,NVIDIA A100-SXM4-80GB,auto
matched_only,vat,Consistency,ag_news,R1,text,1,825.1080927999999,0.0,825.1080927999999,825.1080927999999,0,NVIDIA A100-SXM4-80GB,auto
matched_only,vat,Consistency,imdb,R1,text,1,168.24235579999998,0.0,168.24235579999998,168.24235579999998,0,NVIDIA A100-SXM4-80GB,auto
matched_only,appnp,GNN,ag_news,R1,text,1,83.9328438,0.0,83.9328438,83.9328438,0,Unknown,auto
matched_only,appnp,GNN,imdb,R1,text,1,15.3056626,0.0,15.3056626,15.3056626,0,Unknown,auto
matched_only,chebnet,GNN,ag_news,R1,text,1,2.8783512,0.0,2.8783512,2.8783512,0,Unknown,auto
matched_only,chebnet,GNN,imdb,R1,text,1,1.5959196,0.0,1.5959196,1.5959196,0,Unknown,auto
matched_only,gat,GNN,ag_news,R1,text,1,9.5217422,0.0,9.5217422,9.5217422,0,Unknown,auto
matched_only,gat,GNN,imdb,R1,text,1,3.5728446,0.0,3.5728446,3.5728446,0,Unknown,auto
matched_only,gcn,GNN,ag_news,R1,text,1,3.0898284,0.0,3.0898284,3.0898284,0,Unknown,auto
matched_only,gcn,GNN,imdb,R1,text,1,1.4724746,0.0,1.4724746,1.4724746,0,Unknown,auto
matched_only,gcnii,GNN,ag_news,R1,text,1,19.3731626,0.0,19.3731626,19.3731626,0,Unknown,auto
matched_only,gcnii,GNN,imdb,R1,text,1,6.2533336,0.0,6.2533336,6.2533336,0,Unknown,auto
matched_only,grafn,GNN,ag_news,R1,text,1,9.3327446,0.0,9.3327446,9.3327446,0,Unknown,auto
matched_only,grafn,GNN,imdb,R1,text,1,3.982634,0.0,3.982634,3.982634,0,Unknown,auto
matched_only,grand,GNN,ag_news,R1,text,1,9.789297399999999,0.0,9.789297399999999,9.789297399999999,0,Unknown,auto
matched_only,grand,GNN,imdb,R1,text,1,1.6802579999999998,0.0,1.6802579999999998,1.6802579999999998,0,Unknown,auto
matched_only,graphsage,GNN,ag_news,R1,text,1,38.0220352,0.0,38.0220352,38.0220352,0,Unknown,auto
matched_only,graphsage,GNN,imdb,R1,text,1,1.4052496,0.0,1.4052496,1.4052496,0,Unknown,auto
matched_only,h_gcn,GNN,imdb,R1,text,1,268.857078,0.0,268.857078,268.857078,0,Unknown,auto
matched_only,n_gcn,GNN,imdb,R1,text,1,173.6171892,0.0,173.6171892,173.6171892,0,Unknown,auto
matched_only,planetoid,GNN,ag_news,R1,text,1,4234.459557,0.0,4234.459557,4234.459557,0,Unknown,auto
matched_only,planetoid,GNN,imdb,R1,text,1,969.7688252,0.0,969.7688252,969.7688252,0,Unknown,auto
matched_only,sgc,GNN,ag_news,R1,text,1,7.315442,0.0,7.315442,7.315442,0,Unknown,auto
matched_only,sgc,GNN,imdb,R1,text,1,1.4193799999999999,0.0,1.4193799999999999,1.4193799999999999,0,Unknown,auto
matched_only,adamatch,Hybrid,ag_news,R1,text,1,661.685107,0.0,661.685107,661.685107,0,NVIDIA A100-SXM4-80GB,auto
matched_only,adamatch,Hybrid,imdb,R1,text,1,126.3299068,0.0,126.3299068,126.3299068,0,NVIDIA A100-SXM4-80GB,auto
matched_only,comatch,Hybrid,ag_news,R1,text,1,935.767199,0.0,935.767199,935.767199,0,NVIDIA A100-SXM4-80GB,auto
matched_only,comatch,Hybrid,imdb,R1,text,1,192.990527,0.0,192.990527,192.990527,0,NVIDIA A100-SXM4-80GB,auto
matched_only,daso,Hybrid,ag_news,R1,text,1,715.7039440000001,0.0,715.7039440000001,715.7039440000001,0,NVIDIA A100-SXM4-80GB,auto
matched_only,daso,Hybrid,imdb,R1,text,1,145.3748464,0.0,145.3748464,145.3748464,0,NVIDIA A100-SXM4-80GB,auto
matched_only,defixmatch,Hybrid,ag_news,R1,text,1,703.4193208,0.0,703.4193208,703.4193208,0,NVIDIA A100-SXM4-80GB,auto
matched_only,defixmatch,Hybrid,imdb,R1,text,1,147.3532038,0.0,147.3532038,147.3532038,0,NVIDIA A100-SXM4-80GB,auto
matched_only,fixmatch,Hybrid,ag_news,R1,text,1,580.1639354,0.0,580.1639354,580.1639354,0,NVIDIA A100-SXM4-80GB,auto
matched_only,fixmatch,Hybrid,imdb,R1,text,1,121.56319160000001,0.0,121.56319160000001,121.56319160000001,0,NVIDIA A100-SXM4-80GB,auto
matched_only,flexmatch,Hybrid,ag_news,R1,text,1,637.6195838,0.0,637.6195838,637.6195838,0,NVIDIA A100-SXM4-80GB,auto
matched_only,flexmatch,Hybrid,imdb,R1,text,1,125.90523599999999,0.0,125.90523599999999,125.90523599999999,0,NVIDIA A100-SXM4-80GB,auto
matched_only,free_match,Hybrid,ag_news,R1,text,1,635.6927636,0.0,635.6927636,635.6927636,0,NVIDIA A100-SXM4-80GB,auto
matched_only,free_match,Hybrid,imdb,R1,text,1,133.495678,0.0,133.495678,133.495678,0,NVIDIA A100-SXM4-80GB,auto
matched_only,meta_pseudo_labels,Hybrid,ag_news,R1,text,1,1508.0358302,0.0,1508.0358302,1508.0358302,0,NVIDIA A100-SXM4-80GB,auto
matched_only,meta_pseudo_labels,Hybrid,imdb,R1,text,1,204.0970012,0.0,204.0970012,204.0970012,0,NVIDIA A100-SXM4-80GB,auto
matched_only,mixmatch,Hybrid,ag_news,R1,text,1,976.0540254,0.0,976.0540254,976.0540254,0,NVIDIA A100-SXM4-80GB,auto
matched_only,mixmatch,Hybrid,imdb,R1,text,1,203.25733380000003,0.0,203.25733380000003,203.25733380000003,0,NVIDIA A100-SXM4-80GB,auto
matched_only,noisy_student,Hybrid,ag_news,R1,text,1,594.8884826,0.0,594.8884826,594.8884826,0,NVIDIA A100-SXM4-80GB,auto
matched_only,noisy_student,Hybrid,imdb,R1,text,1,125.1893236,0.0,125.1893236,125.1893236,0,NVIDIA A100-SXM4-80GB,auto
matched_only,simclr_v2,Hybrid,ag_news,R1,text,1,359.2245474,0.0,359.2245474,359.2245474,0,NVIDIA A100-SXM4-80GB,auto
matched_only,simclr_v2,Hybrid,imdb,R1,text,1,56.5921204,0.0,56.5921204,56.5921204,0,NVIDIA A100-SXM4-80GB,auto
matched_only,softmatch,Hybrid,ag_news,R1,text,1,587.8253294,0.0,587.8253294,587.8253294,0,NVIDIA A100-SXM4-80GB,auto
matched_only,softmatch,Hybrid,imdb,R1,text,1,123.5492308,0.0,123.5492308,123.5492308,0,NVIDIA A100-SXM4-80GB,auto
matched_only,uda,Hybrid,ag_news,R1,text,1,580.7984544,0.0,580.7984544,580.7984544,0,NVIDIA A100-SXM4-80GB,auto
matched_only,uda,Hybrid,imdb,R1,text,1,122.3440448,0.0,122.3440448,122.3440448,0,NVIDIA A100-SXM4-80GB,auto
matched_only,adsh,Margin-based inductive,ag_news,R1,text,1,712.690368,0.0,712.690368,712.690368,0,NVIDIA A100-SXM4-80GB,auto
matched_only,adsh,Margin-based inductive,imdb,R1,text,1,146.6906972,0.0,146.6906972,146.6906972,0,NVIDIA A100-SXM4-80GB,auto
matched_only,tsvm,Margin-based inductive,imdb,R1,text,1,1.0950108,0.0,1.0950108,1.0950108,0,CPU,auto
matched_only,laplace_learning,PDE/Variational,imdb,R1,text,1,5.869960600000001,0.0,5.869960600000001,5.869960600000001,0,Unknown,auto
matched_only,p_laplace_learning,PDE/Variational,ag_news,R1,text,1,20832.124558,0.0,20832.124558,20832.124558,0,CPU,auto
matched_only,p_laplace_learning,PDE/Variational,imdb,R1,text,1,10581.252774,0.0,10581.252774,10581.252774,0,CPU,auto
matched_only,poisson_learning,PDE/Variational,ag_news,R1,text,1,8.996386,0.0,8.996386,8.996386,0,Unknown,auto
matched_only,poisson_learning,PDE/Variational,imdb,R1,text,1,12.0229944,0.0,12.0229944,12.0229944,0,Unknown,auto
matched_only,poisson_mbo,PDE/Variational,ag_news,R1,text,1,262.89371,0.0,262.89371,262.89371,0,CPU,auto
matched_only,poisson_mbo,PDE/Variational,imdb,R1,text,1,65.6742666,0.0,65.6742666,65.6742666,0,CPU,auto
matched_only,co_training,Wrappers,ag_news,R1,text,1,63.387865,0.0,63.387865,63.387865,0,Unknown,auto
matched_only,co_training,Wrappers,imdb,R1,text,1,42.339629,0.0,42.339629,42.339629,0,Unknown,auto
matched_only,deep_co_training,Wrappers,ag_news,R1,text,1,1355.8166356,0.0,1355.8166356,1355.8166356,0,NVIDIA A100-SXM4-80GB,auto
matched_only,deep_co_training,Wrappers,imdb,R1,text,1,282.5580926,0.0,282.5580926,282.5580926,0,NVIDIA A100-SXM4-80GB,auto
matched_only,democratic_co_learning,Wrappers,ag_news,R1,text,1,133.015316,0.0,133.015316,133.015316,0,CPU,auto
matched_only,democratic_co_learning,Wrappers,imdb,R1,text,1,4363.249991,0.0,4363.249991,4363.249991,0,CPU,auto
matched_only,pseudo_label,Wrappers,ag_news,R1,text,1,96.190971,0.0,96.190971,96.190971,0,CPU,auto
matched_only,pseudo_label,Wrappers,imdb,R1,text,1,13605.585081,0.0,13605.585081,13605.585081,0,CPU,auto
matched_only,setred,Wrappers,ag_news,R1,text,1,9.682717199999999,0.0,9.682717199999999,9.682717199999999,0,Unknown,auto
matched_only,setred,Wrappers,imdb,R1,text,1,1.7951456000000001,0.0,1.7951456000000001,1.7951456000000001,0,Unknown,auto
matched_only,tri_training,Wrappers,ag_news,R1,text,1,234.938355,0.0,234.938355,234.938355,0,CPU,auto
matched_only,supervised,Baseline,cifar10,R1,vision,1,1.849164,0.0,1.849164,1.849164,0,NVIDIA A100-SXM4-80GB,auto
matched_only,supervised,Baseline,cifar100,R1,vision,1,1.8905249999999998,0.0,1.8905249999999998,1.8905249999999998,0,NVIDIA A100-SXM4-80GB,auto
matched_only,supervised,Baseline,mnist,R1,vision,1,1.8350234,0.0,1.8350234,1.8350234,0,NVIDIA A100-SXM4-80GB,auto
matched_only,graph_mincuts,Classical transductive,cifar10,R1,vision,1,8.810627,0.0,8.810627,8.810627,0,CPU,auto
matched_only,graph_mincuts,Classical transductive,cifar100,R1,vision,1,1.9297824,0.0,1.9297824,1.9297824,0,CPU,auto
matched_only,graph_mincuts,Classical transductive,mnist,R1,vision,1,0.5030072,0.0,0.5030072,0.5030072,0,CPU,auto
matched_only,graphhop,Classical transductive,cifar10,R1,vision,1,18.0699334,0.0,18.0699334,18.0699334,0,Unknown,auto
matched_only,graphhop,Classical transductive,cifar100,R1,vision,1,31.0753628,0.0,31.0753628,31.0753628,0,Unknown,auto
matched_only,graphhop,Classical transductive,mnist,R1,vision,1,15.316133400000002,0.0,15.316133400000002,15.316133400000002,0,Unknown,auto
matched_only,label_propagation,Classical transductive,cifar10,R1,vision,1,0.7621057999999999,0.0,0.7621057999999999,0.7621057999999999,0,Unknown,auto
matched_only,label_propagation,Classical transductive,cifar100,R1,vision,1,1.0150696,0.0,1.0150696,1.0150696,0,Unknown,auto
matched_only,label_propagation,Classical transductive,mnist,R1,vision,1,0.793528,0.0,0.793528,0.793528,0,Unknown,auto
matched_only,label_spreading,Classical transductive,cifar10,R1,vision,1,0.34481280000000003,0.0,0.34481280000000003,0.34481280000000003,0,Unknown,auto
matched_only,label_spreading,Classical transductive,cifar100,R1,vision,1,0.6611315999999999,0.0,0.6611315999999999,0.6611315999999999,0,Unknown,auto
matched_only,label_spreading,Classical transductive,mnist,R1,vision,1,0.396541,0.0,0.396541,0.396541,0,Unknown,auto
matched_only,lazy_random_walk,Classical transductive,cifar10,R1,vision,1,2.1949798,0.0,2.1949798,2.1949798,0,Unknown,auto
matched_only,lazy_random_walk,Classical transductive,cifar100,R1,vision,1,0.3182404,0.0,0.3182404,0.3182404,0,Unknown,auto
matched_only,lazy_random_walk,Classical transductive,mnist,R1,vision,1,0.6237444,0.0,0.6237444,0.6237444,0,Unknown,auto
matched_only,mean_teacher,Consistency,cifar10,R1,vision,1,255.3928042,0.0,255.3928042,255.3928042,0,NVIDIA A100-SXM4-80GB,auto
matched_only,mean_teacher,Consistency,cifar100,R1,vision,1,258.3328264,0.0,258.3328264,258.3328264,0,NVIDIA A100-SXM4-80GB,auto
matched_only,mean_teacher,Consistency,mnist,R1,vision,1,317.23750920000003,0.0,317.23750920000003,317.23750920000003,0,NVIDIA A100-SXM4-80GB,auto
matched_only,pi_model,Consistency,cifar10,R1,vision,1,271.89403860000004,0.0,271.89403860000004,271.89403860000004,0,NVIDIA A100-SXM4-80GB,auto
matched_only,pi_model,Consistency,cifar100,R1,vision,1,273.1175778,0.0,273.1175778,273.1175778,0,NVIDIA A100-SXM4-80GB,auto
matched_only,pi_model,Consistency,mnist,R1,vision,1,331.0336962,0.0,331.0336962,331.0336962,0,NVIDIA A100-SXM4-80GB,auto
matched_only,temporal_ensembling,Consistency,cifar10,R1,vision,1,292.3168964,0.0,292.3168964,292.3168964,0,NVIDIA A100-SXM4-80GB,auto
matched_only,temporal_ensembling,Consistency,cifar100,R1,vision,1,296.465011,0.0,296.465011,296.465011,0,NVIDIA A100-SXM4-80GB,auto
matched_only,temporal_ensembling,Consistency,mnist,R1,vision,1,351.79549860000003,0.0,351.79549860000003,351.79549860000003,0,NVIDIA A100-SXM4-80GB,auto
matched_only,vat,Consistency,cifar10,R1,vision,1,370.7298074,0.0,370.7298074,370.7298074,0,NVIDIA A100-SXM4-80GB,auto
matched_only,vat,Consistency,cifar100,R1,vision,1,366.802095,0.0,366.802095,366.802095,0,NVIDIA A100-SXM4-80GB,auto
matched_only,vat,Consistency,mnist,R1,vision,1,440.7967114,0.0,440.7967114,440.7967114,0,NVIDIA A100-SXM4-80GB,auto
matched_only,appnp,GNN,cifar10,R1,vision,1,32.3762172,0.0,32.3762172,32.3762172,0,Unknown,auto
matched_only,appnp,GNN,cifar100,R1,vision,1,26.4765942,0.0,26.4765942,26.4765942,0,Unknown,auto
matched_only,appnp,GNN,mnist,R1,vision,1,2.2439704,0.0,2.2439704,2.2439704,0,Unknown,auto
matched_only,chebnet,GNN,cifar10,R1,vision,1,2.3530978,0.0,2.3530978,2.3530978,0,Unknown,auto
matched_only,chebnet,GNN,cifar100,R1,vision,1,2.3418332,0.0,2.3418332,2.3418332,0,Unknown,auto
matched_only,chebnet,GNN,mnist,R1,vision,1,2.7930946,0.0,2.7930946,2.7930946,0,Unknown,auto
matched_only,gat,GNN,cifar10,R1,vision,1,2.4143876,0.0,2.4143876,2.4143876,0,Unknown,auto
matched_only,gat,GNN,cifar100,R1,vision,1,3.1853404,0.0,3.1853404,3.1853404,0,Unknown,auto
matched_only,gat,GNN,mnist,R1,vision,1,3.5189288,0.0,3.5189288,3.5189288,0,Unknown,auto
matched_only,gcn,GNN,cifar10,R1,vision,1,0.9102891999999999,0.0,0.9102891999999999,0.9102891999999999,0,Unknown,auto
matched_only,gcn,GNN,cifar100,R1,vision,1,1.0648454,0.0,1.0648454,1.0648454,0,Unknown,auto
matched_only,gcn,GNN,mnist,R1,vision,1,0.9574176,0.0,0.9574176,0.9574176,0,Unknown,auto
matched_only,gcnii,GNN,cifar10,R1,vision,1,3.9911418,0.0,3.9911418,3.9911418,0,Unknown,auto
matched_only,gcnii,GNN,cifar100,R1,vision,1,4.652721,0.0,4.652721,4.652721,0,Unknown,auto
matched_only,gcnii,GNN,mnist,R1,vision,1,5.7346710000000005,0.0,5.7346710000000005,5.7346710000000005,0,Unknown,auto
matched_only,grafn,GNN,cifar10,R1,vision,1,3.0546398,0.0,3.0546398,3.0546398,0,Unknown,auto
matched_only,grafn,GNN,cifar100,R1,vision,1,3.8822052,0.0,3.8822052,3.8822052,0,Unknown,auto
matched_only,grafn,GNN,mnist,R1,vision,1,4.9042462,0.0,4.9042462,4.9042462,0,Unknown,auto
matched_only,grand,GNN,cifar10,R1,vision,1,12.2063468,0.0,12.2063468,12.2063468,0,Unknown,auto
matched_only,grand,GNN,cifar100,R1,vision,1,13.714231000000002,0.0,13.714231000000002,13.714231000000002,0,Unknown,auto
matched_only,grand,GNN,mnist,R1,vision,1,17.485783599999998,0.0,17.485783599999998,17.485783599999998,0,Unknown,auto
matched_only,graphsage,GNN,cifar10,R1,vision,1,1.5121974,0.0,1.5121974,1.5121974,0,Unknown,auto
matched_only,graphsage,GNN,cifar100,R1,vision,1,1.5657862000000002,0.0,1.5657862000000002,1.5657862000000002,0,Unknown,auto
matched_only,graphsage,GNN,mnist,R1,vision,1,1.7850732,0.0,1.7850732,1.7850732,0,Unknown,auto
matched_only,h_gcn,GNN,cifar10,R1,vision,1,521.6263986,0.0,521.6263986,521.6263986,0,Unknown,auto
matched_only,h_gcn,GNN,cifar100,R1,vision,1,525.118707,0.0,525.118707,525.118707,0,Unknown,auto
matched_only,planetoid,GNN,cifar10,R1,vision,1,1261.674875,0.0,1261.674875,1261.674875,0,Unknown,auto
matched_only,planetoid,GNN,cifar100,R1,vision,1,1264.445777,0.0,1264.445777,1264.445777,0,Unknown,auto
matched_only,planetoid,GNN,mnist,R1,vision,1,1598.614881,0.0,1598.614881,1598.614881,0,Unknown,auto
matched_only,sgc,GNN,cifar10,R1,vision,1,5.406648,0.0,5.406648,5.406648,0,Unknown,auto
matched_only,sgc,GNN,cifar100,R1,vision,1,2.902589,0.0,2.902589,2.902589,0,Unknown,auto
matched_only,sgc,GNN,mnist,R1,vision,1,1.5766028,0.0,1.5766028,1.5766028,0,Unknown,auto
matched_only,adamatch,Hybrid,cifar10,R1,vision,1,271.720262,0.0,271.720262,271.720262,0,NVIDIA A100-SXM4-80GB,auto
matched_only,adamatch,Hybrid,cifar100,R1,vision,1,302.761494,0.0,302.761494,302.761494,0,NVIDIA A100-SXM4-80GB,auto
matched_only,adamatch,Hybrid,mnist,R1,vision,1,343.55363079999995,0.0,343.55363079999995,343.55363079999995,0,NVIDIA A100-SXM4-80GB,auto
matched_only,comatch,Hybrid,cifar10,R1,vision,1,400.91675,0.0,400.91675,400.91675,0,NVIDIA A100-SXM4-80GB,auto
matched_only,comatch,Hybrid,cifar100,R1,vision,1,407.207544,0.0,407.207544,407.207544,0,NVIDIA A100-SXM4-80GB,auto
matched_only,comatch,Hybrid,mnist,R1,vision,1,467.46922299999994,0.0,467.46922299999994,467.46922299999994,0,NVIDIA A100-SXM4-80GB,auto
matched_only,daso,Hybrid,cifar10,R1,vision,1,345.645828,0.0,345.645828,345.645828,0,NVIDIA A100-SXM4-80GB,auto
matched_only,daso,Hybrid,cifar100,R1,vision,1,574.542732,0.0,574.542732,574.542732,0,NVIDIA A100-SXM4-80GB,auto
matched_only,daso,Hybrid,mnist,R1,vision,1,419.7949882,0.0,419.7949882,419.7949882,0,NVIDIA A100-SXM4-80GB,auto
matched_only,defixmatch,Hybrid,cifar10,R1,vision,1,394.316873,0.0,394.316873,394.316873,0,NVIDIA A100-SXM4-80GB,auto
matched_only,defixmatch,Hybrid,cifar100,R1,vision,1,371.513843,0.0,371.513843,371.513843,0,NVIDIA A100-SXM4-80GB,auto
matched_only,defixmatch,Hybrid,mnist,R1,vision,1,436.7438636,0.0,436.7438636,436.7438636,0,NVIDIA A100-SXM4-80GB,auto
matched_only,fixmatch,Hybrid,cifar10,R1,vision,1,269.410766,0.0,269.410766,269.410766,0,NVIDIA A100-SXM4-80GB,auto
matched_only,fixmatch,Hybrid,cifar100,R1,vision,1,267.268656,0.0,267.268656,267.268656,0,NVIDIA A100-SXM4-80GB,auto
matched_only,fixmatch,Hybrid,mnist,R1,vision,1,322.71040039999997,0.0,322.71040039999997,322.71040039999997,0,NVIDIA A100-SXM4-80GB,auto
matched_only,flexmatch,Hybrid,cifar10,R1,vision,1,323.455801,0.0,323.455801,323.455801,0,NVIDIA A100-SXM4-80GB,auto
matched_only,flexmatch,Hybrid,cifar100,R1,vision,1,330.1237768,0.0,330.1237768,330.1237768,0,NVIDIA A100-SXM4-80GB,auto
matched_only,flexmatch,Hybrid,mnist,R1,vision,1,424.20754159999996,0.0,424.20754159999996,424.20754159999996,0,NVIDIA A100-SXM4-80GB,auto
matched_only,free_match,Hybrid,cifar10,R1,vision,1,292.8010966,0.0,292.8010966,292.8010966,0,NVIDIA A100-SXM4-80GB,auto
matched_only,free_match,Hybrid,cifar100,R1,vision,1,288.63209919999997,0.0,288.63209919999997,288.63209919999997,0,NVIDIA A100-SXM4-80GB,auto
matched_only,free_match,Hybrid,mnist,R1,vision,1,348.55070800000004,0.0,348.55070800000004,348.55070800000004,0,NVIDIA A100-SXM4-80GB,auto
matched_only,meta_pseudo_labels,Hybrid,cifar10,R1,vision,1,470.7394608000001,0.0,470.7394608000001,470.7394608000001,0,NVIDIA A100-SXM4-80GB,auto
matched_only,meta_pseudo_labels,Hybrid,cifar100,R1,vision,1,478.29545959999996,0.0,478.29545959999996,478.29545959999996,0,NVIDIA A100-SXM4-80GB,auto
matched_only,meta_pseudo_labels,Hybrid,mnist,R1,vision,1,574.657107,0.0,574.657107,574.657107,0,NVIDIA A100-SXM4-80GB,auto
matched_only,mixmatch,Hybrid,cifar10,R1,vision,1,231.8056776,0.0,231.8056776,231.8056776,0,NVIDIA A100-SXM4-80GB,auto
matched_only,mixmatch,Hybrid,cifar100,R1,vision,1,239.201712,0.0,239.201712,239.201712,0,NVIDIA A100-SXM4-80GB,auto
matched_only,mixmatch,Hybrid,mnist,R1,vision,1,281.2810074,0.0,281.2810074,281.2810074,0,NVIDIA A100-SXM4-80GB,auto
matched_only,noisy_student,Hybrid,cifar10,R1,vision,1,242.71747799999997,0.0,242.71747799999997,242.71747799999997,0,NVIDIA A100-SXM4-80GB,auto
matched_only,noisy_student,Hybrid,cifar100,R1,vision,1,242.87219679999998,0.0,242.87219679999998,242.87219679999998,0,NVIDIA A100-SXM4-80GB,auto
matched_only,noisy_student,Hybrid,mnist,R1,vision,1,302.1057416,0.0,302.1057416,302.1057416,0,NVIDIA A100-SXM4-80GB,auto
matched_only,simclr_v2,Hybrid,cifar10,R1,vision,1,106.00679199999999,0.0,106.00679199999999,106.00679199999999,0,NVIDIA A100-SXM4-80GB,auto
matched_only,simclr_v2,Hybrid,cifar100,R1,vision,1,103.71158600000001,0.0,103.71158600000001,103.71158600000001,0,NVIDIA A100-SXM4-80GB,auto
matched_only,simclr_v2,Hybrid,mnist,R1,vision,1,129.7237954,0.0,129.7237954,129.7237954,0,NVIDIA A100-SXM4-80GB,auto
matched_only,softmatch,Hybrid,cifar10,R1,vision,1,266.8746876,0.0,266.8746876,266.8746876,0,NVIDIA A100-SXM4-80GB,auto
matched_only,softmatch,Hybrid,cifar100,R1,vision,1,271.2038664,0.0,271.2038664,271.2038664,0,NVIDIA A100-SXM4-80GB,auto
matched_only,softmatch,Hybrid,mnist,R1,vision,1,332.01839559999996,0.0,332.01839559999996,332.01839559999996,0,NVIDIA A100-SXM4-80GB,auto
matched_only,uda,Hybrid,cifar10,R1,vision,1,265.788318,0.0,265.788318,265.788318,0,NVIDIA A100-SXM4-80GB,auto
matched_only,uda,Hybrid,cifar100,R1,vision,1,271.6170604,0.0,271.6170604,271.6170604,0,NVIDIA A100-SXM4-80GB,auto
matched_only,uda,Hybrid,mnist,R1,vision,1,325.4847002,0.0,325.4847002,325.4847002,0,NVIDIA A100-SXM4-80GB,auto
matched_only,adsh,Margin-based inductive,cifar10,R1,vision,1,306.691948,0.0,306.691948,306.691948,0,NVIDIA A100-SXM4-80GB,auto
matched_only,adsh,Margin-based inductive,cifar100,R1,vision,1,370.181853,0.0,370.181853,370.181853,0,NVIDIA A100-SXM4-80GB,auto
matched_only,adsh,Margin-based inductive,mnist,R1,vision,1,372.7804,0.0,372.7804,372.7804,0,NVIDIA A100-SXM4-80GB,auto
matched_only,laplace_learning,PDE/Variational,cifar10,R1,vision,1,27.853090399999996,0.0,27.853090399999996,27.853090399999996,0,Unknown,auto
matched_only,laplace_learning,PDE/Variational,cifar100,R1,vision,1,28.843265000000002,0.0,28.843265000000002,28.843265000000002,0,Unknown,auto
matched_only,laplace_learning,PDE/Variational,mnist,R1,vision,1,13.664180400000001,0.0,13.664180400000001,13.664180400000001,0,Unknown,auto
matched_only,poisson_learning,PDE/Variational,cifar10,R1,vision,1,46.771616,0.0,46.771616,46.771616,0,Unknown,auto
matched_only,poisson_learning,PDE/Variational,cifar100,R1,vision,1,441.590934,0.0,441.590934,441.590934,0,Unknown,auto
matched_only,poisson_learning,PDE/Variational,mnist,R1,vision,1,56.516981,0.0,56.516981,56.516981,0,Unknown,auto
matched_only,poisson_mbo,PDE/Variational,cifar10,R1,vision,1,121.646568,0.0,121.646568,121.646568,0,CPU,auto
matched_only,poisson_mbo,PDE/Variational,cifar100,R1,vision,1,946.427838,0.0,946.427838,946.427838,0,CPU,auto
matched_only,poisson_mbo,PDE/Variational,mnist,R1,vision,1,159.5045394,0.0,159.5045394,159.5045394,0,CPU,auto
matched_only,co_training,Wrappers,cifar10,R1,vision,1,7.487956,0.0,7.487956,7.487956,0,Unknown,auto
matched_only,co_training,Wrappers,cifar100,R1,vision,1,1957.474347,0.0,1957.474347,1957.474347,0,Unknown,auto
matched_only,co_training,Wrappers,mnist,R1,vision,1,7.866535799999999,0.0,7.866535799999999,7.866535799999999,0,Unknown,auto
matched_only,deep_co_training,Wrappers,cifar10,R1,vision,1,604.7507235999999,0.0,604.7507235999999,604.7507235999999,0,NVIDIA A100-SXM4-80GB,auto
matched_only,deep_co_training,Wrappers,cifar100,R1,vision,1,612.2248694,0.0,612.2248694,612.2248694,0,NVIDIA A100-SXM4-80GB,auto
matched_only,deep_co_training,Wrappers,mnist,R1,vision,1,732.5610290000001,0.0,732.5610290000001,732.5610290000001,0,NVIDIA A100-SXM4-80GB,auto
matched_only,democratic_co_learning,Wrappers,cifar10,R1,vision,1,176.920226,0.0,176.920226,176.920226,0,NVIDIA A100-SXM4-80GB,auto
matched_only,democratic_co_learning,Wrappers,cifar100,R1,vision,1,515.504647,0.0,515.504647,515.504647,0,NVIDIA A100-SXM4-80GB,auto
matched_only,democratic_co_learning,Wrappers,mnist,R1,vision,1,786.2293638,0.0,786.2293638,786.2293638,0,NVIDIA A100-SXM4-80GB,auto
matched_only,pseudo_label,Wrappers,cifar10,R1,vision,1,2.2457219999999998,0.0,2.2457219999999998,2.2457219999999998,0,NVIDIA A100-SXM4-80GB,auto
matched_only,pseudo_label,Wrappers,cifar100,R1,vision,1,2.4190402,0.0,2.4190402,2.4190402,0,NVIDIA A100-SXM4-80GB,auto
matched_only,pseudo_label,Wrappers,mnist,R1,vision,1,2.2546984,0.0,2.2546984,2.2546984,0,NVIDIA A100-SXM4-80GB,auto
matched_only,self_training,Wrappers,cifar10,R1,vision,1,1.8460100000000002,0.0,1.8460100000000002,1.8460100000000002,0,NVIDIA A100-SXM4-80GB,auto
matched_only,self_training,Wrappers,cifar100,R1,vision,1,2.0539823999999998,0.0,2.0539823999999998,2.0539823999999998,0,NVIDIA A100-SXM4-80GB,auto
matched_only,self_training,Wrappers,mnist,R1,vision,1,1.8636148,0.0,1.8636148,1.8636148,0,NVIDIA A100-SXM4-80GB,auto
matched_only,setred,Wrappers,cifar10,R1,vision,1,3.0667904,0.0,3.0667904,3.0667904,0,Unknown,auto
matched_only,setred,Wrappers,cifar100,R1,vision,1,247.495018,0.0,247.495018,247.495018,0,Unknown,auto
matched_only,setred,Wrappers,mnist,R1,vision,1,5.4048106,0.0,5.4048106,5.4048106,0,Unknown,auto
matched_only,tri_training,Wrappers,cifar10,R1,vision,1,2419.1258826000003,0.0,2419.1258826000003,2419.1258826000003,0,NVIDIA A100-SXM4-80GB,auto
matched_only,tri_training,Wrappers,cifar100,R1,vision,1,839.4369042000001,0.0,839.4369042000001,839.4369042000001,0,NVIDIA A100-SXM4-80GB,auto
matched_only,tri_training,Wrappers,mnist,R1,vision,1,2881.2685616000003,0.0,2881.2685616000003,2881.2685616000003,0,NVIDIA A100-SXM4-80GB,auto
matched_only,supervised,Baseline,citeseer,R2,graph,1,1.5305052,0.0,1.5305052,1.5305052,0,NVIDIA A100-SXM4-80GB,auto
matched_only,supervised,Baseline,cora,R2,graph,1,4.6094188,0.0,4.6094188,4.6094188,0,Tesla V100-SXM2-32GB,auto
matched_only,supervised,Baseline,pubmed,R2,graph,1,1.316695,0.0,1.316695,1.316695,0,NVIDIA A100-SXM4-80GB,auto
matched_only,dynamic_label_propagation,Classical transductive,citeseer,R2,graph,1,0.780007,0.0,0.780007,0.780007,0,Unknown,auto
matched_only,dynamic_label_propagation,Classical transductive,cora,R2,graph,1,1.1699782,0.0,1.1699782,1.1699782,0,Unknown,auto
matched_only,dynamic_label_propagation,Classical transductive,pubmed,R2,graph,1,52.7583034,0.0,52.7583034,52.7583034,0,Unknown,auto
matched_only,graph_mincuts,Classical transductive,citeseer,R2,graph,1,0.1265524,0.0,0.1265524,0.1265524,0,CPU,auto
matched_only,graph_mincuts,Classical transductive,cora,R2,graph,1,1.0201608,0.0,1.0201608,1.0201608,0,CPU,auto
matched_only,graph_mincuts,Classical transductive,pubmed,R2,graph,1,0.2442316,0.0,0.2442316,0.2442316,0,CPU,auto
matched_only,graphhop,Classical transductive,citeseer,R2,graph,1,10.7713004,0.0,10.7713004,10.7713004,0,Unknown,auto
matched_only,graphhop,Classical transductive,cora,R2,graph,1,16.724824599999998,0.0,16.724824599999998,16.724824599999998,0,Unknown,auto
matched_only,graphhop,Classical transductive,pubmed,R2,graph,1,14.8019926,0.0,14.8019926,14.8019926,0,Unknown,auto
matched_only,label_propagation,Classical transductive,citeseer,R2,graph,1,0.27462580000000003,0.0,0.27462580000000003,0.27462580000000003,0,Unknown,auto
matched_only,label_propagation,Classical transductive,cora,R2,graph,1,0.3494402,0.0,0.3494402,0.3494402,0,Unknown,auto
matched_only,label_propagation,Classical transductive,pubmed,R2,graph,1,0.29941019999999996,0.0,0.29941019999999996,0.29941019999999996,0,Unknown,auto
matched_only,label_spreading,Classical transductive,citeseer,R2,graph,1,0.3245716,0.0,0.3245716,0.3245716,0,Unknown,auto
matched_only,label_spreading,Classical transductive,cora,R2,graph,1,0.344515,0.0,0.344515,0.344515,0,Unknown,auto
matched_only,label_spreading,Classical transductive,pubmed,R2,graph,1,0.2712416,0.0,0.2712416,0.2712416,0,Unknown,auto
matched_only,lazy_random_walk,Classical transductive,citeseer,R2,graph,1,0.2800452,0.0,0.2800452,0.2800452,0,Unknown,auto
matched_only,lazy_random_walk,Classical transductive,cora,R2,graph,1,0.5299628000000001,0.0,0.5299628000000001,0.5299628000000001,0,Unknown,auto
matched_only,lazy_random_walk,Classical transductive,pubmed,R2,graph,1,1.7911540000000001,0.0,1.7911540000000001,1.7911540000000001,0,Unknown,auto
matched_only,mean_teacher,Consistency,citeseer,R2,graph,1,1.6476928000000002,0.0,1.6476928000000002,1.6476928000000002,0,NVIDIA A100-SXM4-80GB,auto
matched_only,mean_teacher,Consistency,cora,R2,graph,1,5.750508399999999,0.0,5.750508399999999,5.750508399999999,0,Tesla V100-SXM2-32GB,auto
matched_only,mean_teacher,Consistency,pubmed,R2,graph,1,1.4547342,0.0,1.4547342,1.4547342,0,NVIDIA A100-SXM4-80GB,auto
matched_only,pi_model,Consistency,citeseer,R2,graph,1,1.6789314000000002,0.0,1.6789314000000002,1.6789314000000002,0,NVIDIA A100-SXM4-80GB,auto
matched_only,pi_model,Consistency,cora,R2,graph,1,4.8731904,0.0,4.8731904,4.8731904,0,Tesla V100-SXM2-32GB,auto
matched_only,pi_model,Consistency,pubmed,R2,graph,1,1.4118486000000001,0.0,1.4118486000000001,1.4118486000000001,0,NVIDIA A100-SXM4-80GB,auto
matched_only,temporal_ensembling,Consistency,citeseer,R2,graph,1,1.6475920000000002,0.0,1.6475920000000002,1.6475920000000002,0,NVIDIA A100-SXM4-80GB,auto
matched_only,temporal_ensembling,Consistency,cora,R2,graph,1,4.6530802,0.0,4.6530802,4.6530802,0,Tesla V100-SXM2-32GB,auto
matched_only,temporal_ensembling,Consistency,pubmed,R2,graph,1,1.4535488,0.0,1.4535488,1.4535488,0,NVIDIA A100-SXM4-80GB,auto
matched_only,vat,Consistency,citeseer,R2,graph,1,1.8670804,0.0,1.8670804,1.8670804,0,NVIDIA A100-SXM4-80GB,auto
matched_only,vat,Consistency,cora,R2,graph,1,4.515869400000001,0.0,4.515869400000001,4.515869400000001,0,Tesla V100-SXM2-32GB,auto
matched_only,vat,Consistency,pubmed,R2,graph,1,1.4551822,0.0,1.4551822,1.4551822,0,NVIDIA A100-SXM4-80GB,auto
matched_only,appnp,GNN,citeseer,R2,graph,1,1.0052958,0.0,1.0052958,1.0052958,0,Unknown,auto
matched_only,appnp,GNN,cora,R2,graph,1,2.3607326,0.0,2.3607326,2.3607326,0,Unknown,auto
matched_only,appnp,GNN,pubmed,R2,graph,1,1.1341272,0.0,1.1341272,1.1341272,0,Unknown,auto
matched_only,chebnet,GNN,citeseer,R2,graph,1,1.1758586,0.0,1.1758586,1.1758586,0,Unknown,auto
matched_only,chebnet,GNN,cora,R2,graph,1,1.8969372,0.0,1.8969372,1.8969372,0,Unknown,auto
matched_only,chebnet,GNN,pubmed,R2,graph,1,1.2206794,0.0,1.2206794,1.2206794,0,Unknown,auto
matched_only,gat,GNN,citeseer,R2,graph,1,1.4294404,0.0,1.4294404,1.4294404,0,Unknown,auto
matched_only,gat,GNN,cora,R2,graph,1,2.8568686,0.0,2.8568686,2.8568686,0,Unknown,auto
matched_only,gat,GNN,pubmed,R2,graph,1,1.6234952,0.0,1.6234952,1.6234952,0,Unknown,auto
matched_only,gcn,GNN,citeseer,R2,graph,1,0.6948086,0.0,0.6948086,0.6948086,0,Unknown,auto
matched_only,gcn,GNN,cora,R2,graph,1,1.7961168,0.0,1.7961168,1.7961168,0,Unknown,auto
matched_only,gcn,GNN,pubmed,R2,graph,1,0.8501884000000001,0.0,0.8501884000000001,0.8501884000000001,0,Unknown,auto
matched_only,gcnii,GNN,citeseer,R2,graph,1,1.771067,0.0,1.771067,1.771067,0,Unknown,auto
matched_only,gcnii,GNN,cora,R2,graph,1,3.4759686000000003,0.0,3.4759686000000003,3.4759686000000003,0,Unknown,auto
matched_only,gcnii,GNN,pubmed,R2,graph,1,2.762483,0.0,2.762483,2.762483,0,Unknown,auto
matched_only,grafn,GNN,citeseer,R2,graph,1,1.6976434,0.0,1.6976434,1.6976434,0,Unknown,auto
matched_only,grafn,GNN,cora,R2,graph,1,2.9505114,0.0,2.9505114,2.9505114,0,Unknown,auto
matched_only,grafn,GNN,pubmed,R2,graph,1,2.0859036,0.0,2.0859036,2.0859036,0,Unknown,auto
matched_only,grand,GNN,citeseer,R2,graph,1,3.6360602,0.0,3.6360602,3.6360602,0,Unknown,auto
matched_only,grand,GNN,cora,R2,graph,1,3.8719896,0.0,3.8719896,3.8719896,0,Unknown,auto
matched_only,grand,GNN,pubmed,R2,graph,1,6.503488,0.0,6.503488,6.503488,0,Unknown,auto
matched_only,graphsage,GNN,citeseer,R2,graph,1,0.956783,0.0,0.956783,0.956783,0,Unknown,auto
matched_only,graphsage,GNN,cora,R2,graph,1,1.6291992,0.0,1.6291992,1.6291992,0,Unknown,auto
matched_only,graphsage,GNN,pubmed,R2,graph,1,0.8871258000000001,0.0,0.8871258000000001,0.8871258000000001,0,Unknown,auto
matched_only,h_gcn,GNN,citeseer,R2,graph,1,2.721153,0.0,2.721153,2.721153,0,Unknown,auto
matched_only,h_gcn,GNN,cora,R2,graph,1,4.07357,0.0,4.07357,4.07357,0,Unknown,auto
matched_only,h_gcn,GNN,pubmed,R2,graph,1,32.689065,0.0,32.689065,32.689065,0,Unknown,auto
matched_only,n_gcn,GNN,citeseer,R2,graph,1,13.118419,0.0,13.118419,13.118419,0,Unknown,auto
matched_only,n_gcn,GNN,cora,R2,graph,1,6.7878682,0.0,6.7878682,6.7878682,0,Unknown,auto
matched_only,n_gcn,GNN,pubmed,R2,graph,1,88.8391346,0.0,88.8391346,88.8391346,0,Unknown,auto
matched_only,planetoid,GNN,citeseer,R2,graph,1,40.5998294,0.0,40.5998294,40.5998294,0,Unknown,auto
matched_only,planetoid,GNN,cora,R2,graph,1,164.87628260000002,0.0,164.87628260000002,164.87628260000002,0,Unknown,auto
matched_only,planetoid,GNN,pubmed,R2,graph,1,288.2272748,0.0,288.2272748,288.2272748,0,Unknown,auto
matched_only,sgc,GNN,citeseer,R2,graph,1,0.54973,0.0,0.54973,0.54973,0,Unknown,auto
matched_only,sgc,GNN,cora,R2,graph,1,0.6823172,0.0,0.6823172,0.6823172,0,Unknown,auto
matched_only,sgc,GNN,pubmed,R2,graph,1,0.5821488,0.0,0.5821488,0.5821488,0,Unknown,auto
matched_only,adamatch,Hybrid,citeseer,R2,graph,1,35.6620046,0.0,35.6620046,35.6620046,0,NVIDIA A100-SXM4-80GB,auto
matched_only,adamatch,Hybrid,cora,R2,graph,1,39.9126252,0.0,39.9126252,39.9126252,0,Tesla V100-SXM2-32GB,auto
matched_only,adamatch,Hybrid,pubmed,R2,graph,1,4.7651404,0.0,4.7651404,4.7651404,0,NVIDIA A100-SXM4-80GB,auto
matched_only,comatch,Hybrid,citeseer,R2,graph,1,1.813666,0.0,1.813666,1.813666,0,NVIDIA A100-SXM4-80GB,auto
matched_only,comatch,Hybrid,cora,R2,graph,1,6.0428666,0.0,6.0428666,6.0428666,0,Tesla V100-SXM2-32GB,auto
matched_only,comatch,Hybrid,pubmed,R2,graph,1,1.5649784,0.0,1.5649784,1.5649784,0,NVIDIA A100-SXM4-80GB,auto
matched_only,daso,Hybrid,citeseer,R2,graph,1,1.9162404000000002,0.0,1.9162404000000002,1.9162404000000002,0,NVIDIA A100-SXM4-80GB,auto
matched_only,daso,Hybrid,cora,R2,graph,1,6.026719,0.0,6.026719,6.026719,0,Tesla V100-SXM2-32GB,auto
matched_only,daso,Hybrid,pubmed,R2,graph,1,1.513466,0.0,1.513466,1.513466,0,NVIDIA A100-SXM4-80GB,auto
matched_only,defixmatch,Hybrid,citeseer,R2,graph,1,1.7957964,0.0,1.7957964,1.7957964,0,NVIDIA A100-SXM4-80GB,auto
matched_only,defixmatch,Hybrid,cora,R2,graph,1,6.08442,0.0,6.08442,6.08442,0,Tesla V100-SXM2-32GB,auto
matched_only,defixmatch,Hybrid,pubmed,R2,graph,1,1.4999014000000002,0.0,1.4999014000000002,1.4999014000000002,0,NVIDIA A100-SXM4-80GB,auto
matched_only,fixmatch,Hybrid,citeseer,R2,graph,1,1.6871694000000002,0.0,1.6871694000000002,1.6871694000000002,0,NVIDIA A100-SXM4-80GB,auto
matched_only,fixmatch,Hybrid,cora,R2,graph,1,5.82437,0.0,5.82437,5.82437,0,Tesla V100-SXM2-32GB,auto
matched_only,fixmatch,Hybrid,pubmed,R2,graph,1,1.4374448,0.0,1.4374448,1.4374448,0,NVIDIA A100-SXM4-80GB,auto
matched_only,flexmatch,Hybrid,citeseer,R2,graph,1,1.7453130000000001,0.0,1.7453130000000001,1.7453130000000001,0,NVIDIA A100-SXM4-80GB,auto
matched_only,flexmatch,Hybrid,cora,R2,graph,1,5.5128082,0.0,5.5128082,5.5128082,0,Tesla V100-SXM2-32GB,auto
matched_only,flexmatch,Hybrid,pubmed,R2,graph,1,1.4343846,0.0,1.4343846,1.4343846,0,NVIDIA A100-SXM4-80GB,auto
matched_only,free_match,Hybrid,citeseer,R2,graph,1,1.7741462,0.0,1.7741462,1.7741462,0,NVIDIA A100-SXM4-80GB,auto
matched_only,free_match,Hybrid,cora,R2,graph,1,5.3077294,0.0,5.3077294,5.3077294,0,Tesla V100-SXM2-32GB,auto
matched_only,free_match,Hybrid,pubmed,R2,graph,1,1.5267918,0.0,1.5267918,1.5267918,0,NVIDIA A100-SXM4-80GB,auto
matched_only,meta_pseudo_labels,Hybrid,citeseer,R2,graph,1,1.8936024,0.0,1.8936024,1.8936024,0,NVIDIA A100-SXM4-80GB,auto
matched_only,meta_pseudo_labels,Hybrid,cora,R2,graph,1,6.035213199999999,0.0,6.035213199999999,6.035213199999999,0,Tesla V100-SXM2-32GB,auto
matched_only,meta_pseudo_labels,Hybrid,pubmed,R2,graph,1,1.6081572000000002,0.0,1.6081572000000002,1.6081572000000002,0,NVIDIA A100-SXM4-80GB,auto
matched_only,mixmatch,Hybrid,citeseer,R2,graph,1,1.7304065999999998,0.0,1.7304065999999998,1.7304065999999998,0,NVIDIA A100-SXM4-80GB,auto
matched_only,mixmatch,Hybrid,cora,R2,graph,1,5.0045092,0.0,5.0045092,5.0045092,0,Tesla V100-SXM2-32GB,auto
matched_only,mixmatch,Hybrid,pubmed,R2,graph,1,1.4309222,0.0,1.4309222,1.4309222,0,NVIDIA A100-SXM4-80GB,auto
matched_only,noisy_student,Hybrid,citeseer,R2,graph,1,1.6718996000000002,0.0,1.6718996000000002,1.6718996000000002,0,NVIDIA A100-SXM4-80GB,auto
matched_only,noisy_student,Hybrid,cora,R2,graph,1,5.1496196,0.0,5.1496196,5.1496196,0,Tesla V100-SXM2-32GB,auto
matched_only,noisy_student,Hybrid,pubmed,R2,graph,1,1.4410706000000002,0.0,1.4410706000000002,1.4410706000000002,0,NVIDIA A100-SXM4-80GB,auto
matched_only,simclr_v2,Hybrid,citeseer,R2,graph,1,1.6621368,0.0,1.6621368,1.6621368,0,NVIDIA A100-SXM4-80GB,auto
matched_only,simclr_v2,Hybrid,cora,R2,graph,1,5.1662571999999995,0.0,5.1662571999999995,5.1662571999999995,0,Tesla V100-SXM2-32GB,auto
matched_only,simclr_v2,Hybrid,pubmed,R2,graph,1,1.3936803999999998,0.0,1.3936803999999998,1.3936803999999998,0,NVIDIA A100-SXM4-80GB,auto
matched_only,softmatch,Hybrid,citeseer,R2,graph,1,1.6801988,0.0,1.6801988,1.6801988,0,NVIDIA A100-SXM4-80GB,auto
matched_only,softmatch,Hybrid,cora,R2,graph,1,5.347918600000001,0.0,5.347918600000001,5.347918600000001,0,Tesla V100-SXM2-32GB,auto
matched_only,softmatch,Hybrid,pubmed,R2,graph,1,1.4585378,0.0,1.4585378,1.4585378,0,NVIDIA A100-SXM4-80GB,auto
matched_only,uda,Hybrid,citeseer,R2,graph,1,1.6847838,0.0,1.6847838,1.6847838,0,NVIDIA A100-SXM4-80GB,auto
matched_only,uda,Hybrid,cora,R2,graph,1,4.395905600000001,0.0,4.395905600000001,4.395905600000001,0,Tesla V100-SXM2-32GB,auto
matched_only,uda,Hybrid,pubmed,R2,graph,1,1.4136047999999999,0.0,1.4136047999999999,1.4136047999999999,0,NVIDIA A100-SXM4-80GB,auto
matched_only,adsh,Margin-based inductive,citeseer,R2,graph,1,2.0282568000000003,0.0,2.0282568000000003,2.0282568000000003,0,NVIDIA A100-SXM4-80GB,auto
matched_only,adsh,Margin-based inductive,cora,R2,graph,1,6.7756556,0.0,6.7756556,6.7756556,0,Tesla V100-SXM2-32GB,auto
matched_only,adsh,Margin-based inductive,pubmed,R2,graph,1,1.4956542,0.0,1.4956542,1.4956542,0,NVIDIA A100-SXM4-80GB,auto
matched_only,laplace_learning,PDE/Variational,citeseer,R2,graph,1,0.2961494,0.0,0.2961494,0.2961494,0,Unknown,auto
matched_only,laplace_learning,PDE/Variational,cora,R2,graph,1,0.5300654,0.0,0.5300654,0.5300654,0,Unknown,auto
matched_only,laplace_learning,PDE/Variational,pubmed,R2,graph,1,0.6228928,0.0,0.6228928,0.6228928,0,Unknown,auto
matched_only,p_laplace_learning,PDE/Variational,citeseer,R2,graph,1,355.3046858,0.0,355.3046858,355.3046858,0,CPU,auto
matched_only,p_laplace_learning,PDE/Variational,cora,R2,graph,1,923.3278058,0.0,923.3278058,923.3278058,0,CPU,auto
matched_only,p_laplace_learning,PDE/Variational,pubmed,R2,graph,1,2964.6249906000003,0.0,2964.6249906000003,2964.6249906000003,0,CPU,auto
matched_only,poisson_learning,PDE/Variational,citeseer,R2,graph,1,0.2825394,0.0,0.2825394,0.2825394,0,Unknown,auto
matched_only,poisson_learning,PDE/Variational,cora,R2,graph,1,0.3435912,0.0,0.3435912,0.3435912,0,Unknown,auto
matched_only,poisson_learning,PDE/Variational,pubmed,R2,graph,1,0.3023104,0.0,0.3023104,0.3023104,0,Unknown,auto
matched_only,poisson_mbo,PDE/Variational,citeseer,R2,graph,1,2.1410595999999997,0.0,2.1410595999999997,2.1410595999999997,0,CPU,auto
matched_only,poisson_mbo,PDE/Variational,cora,R2,graph,1,4.546631,0.0,4.546631,4.546631,0,CPU,auto
matched_only,poisson_mbo,PDE/Variational,pubmed,R2,graph,1,12.714379,0.0,12.714379,12.714379,0,CPU,auto
matched_only,co_training,Wrappers,citeseer,R2,graph,1,4.5555842,0.0,4.5555842,4.5555842,0,NVIDIA A100-SXM4-80GB,auto
matched_only,co_training,Wrappers,cora,R2,graph,1,10.0679306,0.0,10.0679306,10.0679306,0,Tesla V100-SXM2-32GB,auto
matched_only,co_training,Wrappers,pubmed,R2,graph,1,3.805395,0.0,3.805395,3.805395,0,NVIDIA A100-SXM4-80GB,auto
matched_only,deep_co_training,Wrappers,citeseer,R2,graph,1,2.2813036,0.0,2.2813036,2.2813036,0,NVIDIA A100-SXM4-80GB,auto
matched_only,deep_co_training,Wrappers,cora,R2,graph,1,6.0744708,0.0,6.0744708,6.0744708,0,Tesla V100-SXM2-32GB,auto
matched_only,deep_co_training,Wrappers,pubmed,R2,graph,1,1.8192087999999997,0.0,1.8192087999999997,1.8192087999999997,0,NVIDIA A100-SXM4-80GB,auto
matched_only,democratic_co_learning,Wrappers,citeseer,R2,graph,1,5.3955432000000005,0.0,5.3955432000000005,5.3955432000000005,0,NVIDIA A100-SXM4-80GB,auto
matched_only,democratic_co_learning,Wrappers,cora,R2,graph,1,11.2528448,0.0,11.2528448,11.2528448,0,Tesla V100-SXM2-32GB,auto
matched_only,democratic_co_learning,Wrappers,pubmed,R2,graph,1,2.8027539999999997,0.0,2.8027539999999997,2.8027539999999997,0,NVIDIA A100-SXM4-80GB,auto
matched_only,pseudo_label,Wrappers,citeseer,R2,graph,1,1.6921418,0.0,1.6921418,1.6921418,0,NVIDIA A100-SXM4-80GB,auto
matched_only,pseudo_label,Wrappers,cora,R2,graph,1,5.1483446,0.0,5.1483446,5.1483446,0,Tesla V100-SXM2-32GB,auto
matched_only,pseudo_label,Wrappers,pubmed,R2,graph,1,1.3943656,0.0,1.3943656,1.3943656,0,NVIDIA A100-SXM4-80GB,auto
matched_only,self_training,Wrappers,citeseer,R2,graph,1,1.6799056,0.0,1.6799056,1.6799056,0,NVIDIA A100-SXM4-80GB,auto
matched_only,self_training,Wrappers,cora,R2,graph,1,5.3949278,0.0,5.3949278,5.3949278,0,Tesla V100-SXM2-32GB,auto
matched_only,self_training,Wrappers,pubmed,R2,graph,1,1.3708414,0.0,1.3708414,1.3708414,0,NVIDIA A100-SXM4-80GB,auto
matched_only,setred,Wrappers,citeseer,R2,graph,1,1.7064447999999999,0.0,1.7064447999999999,1.7064447999999999,0,NVIDIA A100-SXM4-80GB,auto
matched_only,setred,Wrappers,cora,R2,graph,1,5.3541284,0.0,5.3541284,5.3541284,0,Tesla V100-SXM2-32GB,auto
matched_only,setred,Wrappers,pubmed,R2,graph,1,1.3714401999999999,0.0,1.3714401999999999,1.3714401999999999,0,NVIDIA A100-SXM4-80GB,auto
matched_only,tri_training,Wrappers,citeseer,R2,graph,1,4.2270212,0.0,4.2270212,4.2270212,0,NVIDIA A100-SXM4-80GB,auto
matched_only,tri_training,Wrappers,cora,R2,graph,1,8.779611,0.0,8.779611,8.779611,0,Tesla V100-SXM2-32GB,auto
matched_only,tri_training,Wrappers,pubmed,R2,graph,1,2.6208644,0.0,2.6208644,2.6208644,0,NVIDIA A100-SXM4-80GB,auto
matched_only,trinet,Wrappers,citeseer,R2,graph,1,2.4392899999999997,0.0,2.4392899999999997,2.4392899999999997,0,NVIDIA A100-SXM4-80GB,auto
matched_only,trinet,Wrappers,cora,R2,graph,1,5.8473064,0.0,5.8473064,5.8473064,0,Tesla V100-SXM2-32GB,auto
matched_only,trinet,Wrappers,pubmed,R2,graph,1,1.7272545999999998,0.0,1.7272545999999998,1.7272545999999998,0,NVIDIA A100-SXM4-80GB,auto
matched_only,supervised,Baseline,adult,R2,tabular,1,1.0566090000000001,0.0,1.0566090000000001,1.0566090000000001,0,NVIDIA A100-SXM4-80GB,auto
matched_only,supervised,Baseline,breast_cancer,R2,tabular,1,1.1027466000000001,0.0,1.1027466000000001,1.1027466000000001,0,Tesla V100-SXM2-32GB,auto
matched_only,supervised,Baseline,iris,R2,tabular,1,0.9016902,0.0,0.9016902,0.9016902,0,NVIDIA A100-SXM4-80GB,auto
matched_only,dynamic_label_propagation,Classical transductive,adult,R2,tabular,1,766.7971002,0.0,766.7971002,766.7971002,0,Unknown,auto
matched_only,dynamic_label_propagation,Classical transductive,breast_cancer,R2,tabular,1,0.6852918,0.0,0.6852918,0.6852918,0,Unknown,auto
matched_only,dynamic_label_propagation,Classical transductive,iris,R2,tabular,1,0.5911628,0.0,0.5911628,0.5911628,0,Unknown,auto
matched_only,graph_mincuts,Classical transductive,adult,R2,tabular,1,0.7725402,0.0,0.7725402,0.7725402,0,CPU,auto
matched_only,graph_mincuts,Classical transductive,breast_cancer,R2,tabular,1,0.5710455999999999,0.0,0.5710455999999999,0.5710455999999999,0,CPU,auto
matched_only,graphhop,Classical transductive,adult,R2,tabular,1,12.8680506,0.0,12.8680506,12.8680506,0,Unknown,auto
matched_only,graphhop,Classical transductive,breast_cancer,R2,tabular,1,17.281939,0.0,17.281939,17.281939,0,Unknown,auto
matched_only,graphhop,Classical transductive,iris,R2,tabular,1,10.8995462,0.0,10.8995462,10.8995462,0,Unknown,auto
matched_only,label_propagation,Classical transductive,adult,R2,tabular,1,1.4392402,0.0,1.4392402,1.4392402,0,Unknown,auto
matched_only,label_propagation,Classical transductive,breast_cancer,R2,tabular,1,0.6881056,0.0,0.6881056,0.6881056,0,Unknown,auto
matched_only,label_propagation,Classical transductive,iris,R2,tabular,1,0.5672986,0.0,0.5672986,0.5672986,0,Unknown,auto
matched_only,label_spreading,Classical transductive,adult,R2,tabular,1,0.696257,0.0,0.696257,0.696257,0,Unknown,auto
matched_only,label_spreading,Classical transductive,breast_cancer,R2,tabular,1,0.6666146,0.0,0.6666146,0.6666146,0,Unknown,auto
matched_only,label_spreading,Classical transductive,iris,R2,tabular,1,0.5181106,0.0,0.5181106,0.5181106,0,Unknown,auto
matched_only,lazy_random_walk,Classical transductive,adult,R2,tabular,1,5.4078296,0.0,5.4078296,5.4078296,0,Unknown,auto
matched_only,lazy_random_walk,Classical transductive,breast_cancer,R2,tabular,1,0.6476356,0.0,0.6476356,0.6476356,0,Unknown,auto
matched_only,mean_teacher,Consistency,adult,R2,tabular,1,37.6476198,0.0,37.6476198,37.6476198,0,NVIDIA A100-SXM4-80GB,auto
matched_only,mean_teacher,Consistency,breast_cancer,R2,tabular,1,1.8420577999999999,0.0,1.8420577999999999,1.8420577999999999,0,Tesla V100-SXM2-32GB,auto
matched_only,mean_teacher,Consistency,iris,R2,tabular,1,0.9840396,0.0,0.9840396,0.9840396,0,NVIDIA A100-SXM4-80GB,auto
matched_only,pi_model,Consistency,adult,R2,tabular,1,35.6134158,0.0,35.6134158,35.6134158,0,NVIDIA A100-SXM4-80GB,auto
matched_only,pi_model,Consistency,breast_cancer,R2,tabular,1,1.871756,0.0,1.871756,1.871756,0,Tesla V100-SXM2-32GB,auto
matched_only,pi_model,Consistency,iris,R2,tabular,1,0.9728825999999999,0.0,0.9728825999999999,0.9728825999999999,0,NVIDIA A100-SXM4-80GB,auto
matched_only,temporal_ensembling,Consistency,adult,R2,tabular,1,40.5555996,0.0,40.5555996,40.5555996,0,NVIDIA A100-SXM4-80GB,auto
matched_only,temporal_ensembling,Consistency,breast_cancer,R2,tabular,1,1.9338814,0.0,1.9338814,1.9338814,0,Tesla V100-SXM2-32GB,auto
matched_only,temporal_ensembling,Consistency,iris,R2,tabular,1,1.0068616000000001,0.0,1.0068616000000001,1.0068616000000001,0,NVIDIA A100-SXM4-80GB,auto
matched_only,vat,Consistency,adult,R2,tabular,1,47.53516019999999,0.0,47.53516019999999,47.53516019999999,0,NVIDIA A100-SXM4-80GB,auto
matched_only,vat,Consistency,breast_cancer,R2,tabular,1,2.0871731999999996,0.0,2.0871731999999996,2.0871731999999996,0,Tesla V100-SXM2-32GB,auto
matched_only,vat,Consistency,iris,R2,tabular,1,1.0645466000000001,0.0,1.0645466000000001,1.0645466000000001,0,NVIDIA A100-SXM4-80GB,auto
matched_only,appnp,GNN,adult,R2,tabular,1,15.3526114,0.0,15.3526114,15.3526114,0,Unknown,auto
matched_only,appnp,GNN,breast_cancer,R2,tabular,1,1.7609898000000002,0.0,1.7609898000000002,1.7609898000000002,0,Unknown,auto
matched_only,appnp,GNN,iris,R2,tabular,1,1.4824644,0.0,1.4824644,1.4824644,0,Unknown,auto
matched_only,chebnet,GNN,adult,R2,tabular,1,1.5219394,0.0,1.5219394,1.5219394,0,Unknown,auto
matched_only,chebnet,GNN,breast_cancer,R2,tabular,1,1.4002868,0.0,1.4002868,1.4002868,0,Unknown,auto
matched_only,chebnet,GNN,iris,R2,tabular,1,1.0714506,0.0,1.0714506,1.0714506,0,Unknown,auto
matched_only,gat,GNN,adult,R2,tabular,1,4.309641,0.0,4.309641,4.309641,0,Unknown,auto
matched_only,gat,GNN,breast_cancer,R2,tabular,1,2.07561,0.0,2.07561,2.07561,0,Unknown,auto
matched_only,gat,GNN,iris,R2,tabular,1,1.6028981999999998,0.0,1.6028981999999998,1.6028981999999998,0,Unknown,auto
matched_only,gcn,GNN,adult,R2,tabular,1,1.2427552,0.0,1.2427552,1.2427552,0,Unknown,auto
matched_only,gcn,GNN,breast_cancer,R2,tabular,1,1.3416223999999999,0.0,1.3416223999999999,1.3416223999999999,0,Unknown,auto
matched_only,gcn,GNN,iris,R2,tabular,1,1.0362221999999999,0.0,1.0362221999999999,1.0362221999999999,0,Unknown,auto
matched_only,gcnii,GNN,adult,R2,tabular,1,4.5665478,0.0,4.5665478,4.5665478,0,Unknown,auto
matched_only,gcnii,GNN,breast_cancer,R2,tabular,1,2.643064,0.0,2.643064,2.643064,0,Unknown,auto
matched_only,gcnii,GNN,iris,R2,tabular,1,1.940394,0.0,1.940394,1.940394,0,Unknown,auto
matched_only,grafn,GNN,adult,R2,tabular,1,3.5355822000000003,0.0,3.5355822000000003,3.5355822000000003,0,Unknown,auto
matched_only,grafn,GNN,breast_cancer,R2,tabular,1,1.8126206,0.0,1.8126206,1.8126206,0,Unknown,auto
matched_only,grafn,GNN,iris,R2,tabular,1,1.475231,0.0,1.475231,1.475231,0,Unknown,auto
matched_only,grand,GNN,adult,R2,tabular,1,1.6786858000000002,0.0,1.6786858000000002,1.6786858000000002,0,Unknown,auto
matched_only,grand,GNN,breast_cancer,R2,tabular,1,1.8007938,0.0,1.8007938,1.8007938,0,Unknown,auto
matched_only,grand,GNN,iris,R2,tabular,1,1.2911698,0.0,1.2911698,1.2911698,0,Unknown,auto
matched_only,graphsage,GNN,adult,R2,tabular,1,1.4368070000000002,0.0,1.4368070000000002,1.4368070000000002,0,Unknown,auto
matched_only,graphsage,GNN,breast_cancer,R2,tabular,1,1.2861496,0.0,1.2861496,1.2861496,0,Unknown,auto
matched_only,graphsage,GNN,iris,R2,tabular,1,1.0101613999999999,0.0,1.0101613999999999,1.0101613999999999,0,Unknown,auto
matched_only,h_gcn,GNN,adult,R2,tabular,1,247.7237212,0.0,247.7237212,247.7237212,0,Unknown,auto
matched_only,h_gcn,GNN,breast_cancer,R2,tabular,1,2.8207430000000002,0.0,2.8207430000000002,2.8207430000000002,0,Unknown,auto
matched_only,h_gcn,GNN,iris,R2,tabular,1,1.7639164,0.0,1.7639164,1.7639164,0,Unknown,auto
matched_only,n_gcn,GNN,adult,R2,tabular,1,163.7895164,0.0,163.7895164,163.7895164,0,Unknown,auto
matched_only,n_gcn,GNN,breast_cancer,R2,tabular,1,2.266045,0.0,2.266045,2.266045,0,Unknown,auto
matched_only,n_gcn,GNN,iris,R2,tabular,1,2.0109155999999997,0.0,2.0109155999999997,2.0109155999999997,0,Unknown,auto
matched_only,planetoid,GNN,adult,R2,tabular,1,973.7673994,0.0,973.7673994,973.7673994,0,Unknown,auto
matched_only,planetoid,GNN,breast_cancer,R2,tabular,1,43.8628194,0.0,43.8628194,43.8628194,0,Unknown,auto
matched_only,planetoid,GNN,iris,R2,tabular,1,2.637988,0.0,2.637988,2.637988,0,Unknown,auto
matched_only,sgc,GNN,adult,R2,tabular,1,6.156932,0.0,6.156932,6.156932,0,Unknown,auto
matched_only,sgc,GNN,breast_cancer,R2,tabular,1,2.7198726,0.0,2.7198726,2.7198726,0,Unknown,auto
matched_only,sgc,GNN,iris,R2,tabular,1,0.943407,0.0,0.943407,0.943407,0,Unknown,auto
matched_only,adamatch,Hybrid,adult,R2,tabular,1,40.3089886,0.0,40.3089886,40.3089886,0,NVIDIA A100-SXM4-80GB,auto
matched_only,adamatch,Hybrid,breast_cancer,R2,tabular,1,1.9344466,0.0,1.9344466,1.9344466,0,Tesla V100-SXM2-32GB,auto
matched_only,adamatch,Hybrid,iris,R2,tabular,1,1.6593972000000001,0.0,1.6593972000000001,1.6593972000000001,0,NVIDIA A100-SXM4-80GB,auto
matched_only,comatch,Hybrid,adult,R2,tabular,1,68.21880639999999,0.0,68.21880639999999,68.21880639999999,0,NVIDIA A100-SXM4-80GB,auto
matched_only,comatch,Hybrid,breast_cancer,R2,tabular,1,2.5085844,0.0,2.5085844,2.5085844,0,Tesla V100-SXM2-32GB,auto
matched_only,comatch,Hybrid,iris,R2,tabular,1,1.326385,0.0,1.326385,1.326385,0,NVIDIA A100-SXM4-80GB,auto
matched_only,daso,Hybrid,adult,R2,tabular,1,56.195511599999996,0.0,56.195511599999996,56.195511599999996,0,NVIDIA A100-SXM4-80GB,auto
matched_only,daso,Hybrid,breast_cancer,R2,tabular,1,2.1714729999999998,0.0,2.1714729999999998,2.1714729999999998,0,Tesla V100-SXM2-32GB,auto
matched_only,daso,Hybrid,iris,R2,tabular,1,1.1427054,0.0,1.1427054,1.1427054,0,NVIDIA A100-SXM4-80GB,auto
matched_only,defixmatch,Hybrid,adult,R2,tabular,1,48.4443884,0.0,48.4443884,48.4443884,0,NVIDIA A100-SXM4-80GB,auto
matched_only,defixmatch,Hybrid,breast_cancer,R2,tabular,1,2.0766988,0.0,2.0766988,2.0766988,0,Tesla V100-SXM2-32GB,auto
matched_only,defixmatch,Hybrid,iris,R2,tabular,1,1.0160508,0.0,1.0160508,1.0160508,0,NVIDIA A100-SXM4-80GB,auto
matched_only,fixmatch,Hybrid,adult,R2,tabular,1,37.6967754,0.0,37.6967754,37.6967754,0,NVIDIA A100-SXM4-80GB,auto
matched_only,fixmatch,Hybrid,breast_cancer,R2,tabular,1,1.8260801999999998,0.0,1.8260801999999998,1.8260801999999998,0,Tesla V100-SXM2-32GB,auto
matched_only,fixmatch,Hybrid,iris,R2,tabular,1,1.0187554,0.0,1.0187554,1.0187554,0,NVIDIA A100-SXM4-80GB,auto
matched_only,flexmatch,Hybrid,adult,R2,tabular,1,50.361528,0.0,50.361528,50.361528,0,NVIDIA A100-SXM4-80GB,auto
matched_only,flexmatch,Hybrid,breast_cancer,R2,tabular,1,1.9447382000000002,0.0,1.9447382000000002,1.9447382000000002,0,Tesla V100-SXM2-32GB,auto
matched_only,flexmatch,Hybrid,iris,R2,tabular,1,1.0268226,0.0,1.0268226,1.0268226,0,NVIDIA A100-SXM4-80GB,auto
matched_only,free_match,Hybrid,adult,R2,tabular,1,55.7670562,0.0,55.7670562,55.7670562,0,NVIDIA A100-SXM4-80GB,auto
matched_only,free_match,Hybrid,breast_cancer,R2,tabular,1,2.282333,0.0,2.282333,2.282333,0,Tesla V100-SXM2-32GB,auto
matched_only,free_match,Hybrid,iris,R2,tabular,1,1.1519094,0.0,1.1519094,1.1519094,0,NVIDIA A100-SXM4-80GB,auto
matched_only,meta_pseudo_labels,Hybrid,adult,R2,tabular,1,60.270153199999996,0.0,60.270153199999996,60.270153199999996,0,NVIDIA A100-SXM4-80GB,auto
matched_only,meta_pseudo_labels,Hybrid,breast_cancer,R2,tabular,1,2.4221032,0.0,2.4221032,2.4221032,0,Tesla V100-SXM2-32GB,auto
matched_only,meta_pseudo_labels,Hybrid,iris,R2,tabular,1,1.1695372000000002,0.0,1.1695372000000002,1.1695372000000002,0,NVIDIA A100-SXM4-80GB,auto
matched_only,mixmatch,Hybrid,adult,R2,tabular,1,42.3651818,0.0,42.3651818,42.3651818,0,NVIDIA A100-SXM4-80GB,auto
matched_only,mixmatch,Hybrid,breast_cancer,R2,tabular,1,2.0043396,0.0,2.0043396,2.0043396,0,Tesla V100-SXM2-32GB,auto
matched_only,mixmatch,Hybrid,iris,R2,tabular,1,1.0215556,0.0,1.0215556,1.0215556,0,NVIDIA A100-SXM4-80GB,auto
matched_only,noisy_student,Hybrid,adult,R2,tabular,1,37.3793108,0.0,37.3793108,37.3793108,0,NVIDIA A100-SXM4-80GB,auto
matched_only,noisy_student,Hybrid,breast_cancer,R2,tabular,1,1.8738918000000002,0.0,1.8738918000000002,1.8738918000000002,0,Tesla V100-SXM2-32GB,auto
matched_only,noisy_student,Hybrid,iris,R2,tabular,1,0.979023,0.0,0.979023,0.979023,0,NVIDIA A100-SXM4-80GB,auto
matched_only,simclr_v2,Hybrid,adult,R2,tabular,1,20.985968,0.0,20.985968,20.985968,0,NVIDIA A100-SXM4-80GB,auto
matched_only,simclr_v2,Hybrid,breast_cancer,R2,tabular,1,1.6099896,0.0,1.6099896,1.6099896,0,Tesla V100-SXM2-32GB,auto
matched_only,simclr_v2,Hybrid,iris,R2,tabular,1,1.099704,0.0,1.099704,1.099704,0,NVIDIA A100-SXM4-80GB,auto
matched_only,softmatch,Hybrid,adult,R2,tabular,1,40.1167486,0.0,40.1167486,40.1167486,0,NVIDIA A100-SXM4-80GB,auto
matched_only,softmatch,Hybrid,breast_cancer,R2,tabular,1,1.879216,0.0,1.879216,1.879216,0,Tesla V100-SXM2-32GB,auto
matched_only,softmatch,Hybrid,iris,R2,tabular,1,1.081744,0.0,1.081744,1.081744,0,NVIDIA A100-SXM4-80GB,auto
matched_only,uda,Hybrid,adult,R2,tabular,1,41.8756082,0.0,41.8756082,41.8756082,0,NVIDIA A100-SXM4-80GB,auto
matched_only,uda,Hybrid,breast_cancer,R2,tabular,1,1.9123953999999999,0.0,1.9123953999999999,1.9123953999999999,0,Tesla V100-SXM2-32GB,auto
matched_only,uda,Hybrid,iris,R2,tabular,1,1.0076112,0.0,1.0076112,1.0076112,0,NVIDIA A100-SXM4-80GB,auto
matched_only,adsh,Margin-based inductive,adult,R2,tabular,1,39.7108458,0.0,39.7108458,39.7108458,0,NVIDIA A100-SXM4-80GB,auto
matched_only,adsh,Margin-based inductive,breast_cancer,R2,tabular,1,2.0129842,0.0,2.0129842,2.0129842,0,Tesla V100-SXM2-32GB,auto
matched_only,adsh,Margin-based inductive,iris,R2,tabular,1,1.5653934,0.0,1.5653934,1.5653934,0,NVIDIA A100-SXM4-80GB,auto
matched_only,s4vm,Margin-based inductive,adult,R2,tabular,1,38.042287,0.0,38.042287,38.042287,0,NVIDIA A100-SXM4-80GB,auto
matched_only,s4vm,Margin-based inductive,breast_cancer,R2,tabular,1,2.7613294,0.0,2.7613294,2.7613294,0,Tesla V100-SXM2-32GB,auto
matched_only,tsvm,Margin-based inductive,adult,R2,tabular,1,0.9335789999999999,0.0,0.9335789999999999,0.9335789999999999,0,CPU,auto
matched_only,tsvm,Margin-based inductive,breast_cancer,R2,tabular,1,1.497584,0.0,1.497584,1.497584,0,CPU,auto
matched_only,laplace_learning,PDE/Variational,adult,R2,tabular,1,5.4304442,0.0,5.4304442,5.4304442,0,Unknown,auto
matched_only,laplace_learning,PDE/Variational,breast_cancer,R2,tabular,1,0.6449438,0.0,0.6449438,0.6449438,0,Unknown,auto
matched_only,laplace_learning,PDE/Variational,iris,R2,tabular,1,1.0346262000000002,0.0,1.0346262000000002,1.0346262000000002,0,Unknown,auto
matched_only,p_laplace_learning,PDE/Variational,adult,R2,tabular,1,9585.5128118,0.0,9585.5128118,9585.5128118,0,CPU,auto
matched_only,p_laplace_learning,PDE/Variational,breast_cancer,R2,tabular,1,48.3029628,0.0,48.3029628,48.3029628,0,CPU,auto
matched_only,p_laplace_learning,PDE/Variational,iris,R2,tabular,1,0.8071962000000001,0.0,0.8071962000000001,0.8071962000000001,0,CPU,auto
matched_only,poisson_learning,PDE/Variational,adult,R2,tabular,1,17.8945806,0.0,17.8945806,17.8945806,0,Unknown,auto
matched_only,poisson_learning,PDE/Variational,breast_cancer,R2,tabular,1,1.8154343999999998,0.0,1.8154343999999998,1.8154343999999998,0,Unknown,auto
matched_only,poisson_learning,PDE/Variational,iris,R2,tabular,1,0.5943432,0.0,0.5943432,0.5943432,0,Unknown,auto
matched_only,poisson_mbo,PDE/Variational,adult,R2,tabular,1,56.3851086,0.0,56.3851086,56.3851086,0,CPU,auto
matched_only,poisson_mbo,PDE/Variational,breast_cancer,R2,tabular,1,2.8332534,0.0,2.8332534,2.8332534,0,CPU,auto
matched_only,poisson_mbo,PDE/Variational,iris,R2,tabular,1,0.6975127999999999,0.0,0.6975127999999999,0.6975127999999999,0,CPU,auto
matched_only,co_training,Wrappers,adult,R2,tabular,1,3.3142032,0.0,3.3142032,3.3142032,0,NVIDIA A100-SXM4-80GB,auto
matched_only,co_training,Wrappers,breast_cancer,R2,tabular,1,4.0193364,0.0,4.0193364,4.0193364,0,Tesla V100-SXM2-32GB,auto
matched_only,co_training,Wrappers,iris,R2,tabular,1,3.0443824,0.0,3.0443824,3.0443824,0,NVIDIA A100-SXM4-80GB,auto
matched_only,deep_co_training,Wrappers,adult,R2,tabular,1,82.87456460000001,0.0,82.87456460000001,82.87456460000001,0,NVIDIA A100-SXM4-80GB,auto
matched_only,deep_co_training,Wrappers,breast_cancer,R2,tabular,1,2.8864568,0.0,2.8864568,2.8864568,0,Tesla V100-SXM2-32GB,auto
matched_only,deep_co_training,Wrappers,iris,R2,tabular,1,1.1761726,0.0,1.1761726,1.1761726,0,NVIDIA A100-SXM4-80GB,auto
matched_only,democratic_co_learning,Wrappers,adult,R2,tabular,1,194.9929476,0.0,194.9929476,194.9929476,0,NVIDIA A100-SXM4-80GB,auto
matched_only,democratic_co_learning,Wrappers,breast_cancer,R2,tabular,1,3.1128898,0.0,3.1128898,3.1128898,0,Tesla V100-SXM2-32GB,auto
matched_only,democratic_co_learning,Wrappers,iris,R2,tabular,1,1.9471745999999999,0.0,1.9471745999999999,1.9471745999999999,0,NVIDIA A100-SXM4-80GB,auto
matched_only,pseudo_label,Wrappers,adult,R2,tabular,1,60.4881164,0.0,60.4881164,60.4881164,0,NVIDIA A100-SXM4-80GB,auto
matched_only,pseudo_label,Wrappers,breast_cancer,R2,tabular,1,2.700831,0.0,2.700831,2.700831,0,Tesla V100-SXM2-32GB,auto
matched_only,pseudo_label,Wrappers,iris,R2,tabular,1,1.1018394,0.0,1.1018394,1.1018394,0,NVIDIA A100-SXM4-80GB,auto
matched_only,self_training,Wrappers,adult,R2,tabular,1,60.510061199999996,0.0,60.510061199999996,60.510061199999996,0,NVIDIA A100-SXM4-80GB,auto
matched_only,self_training,Wrappers,breast_cancer,R2,tabular,1,2.7235088000000003,0.0,2.7235088000000003,2.7235088000000003,0,Tesla V100-SXM2-32GB,auto
matched_only,self_training,Wrappers,iris,R2,tabular,1,1.1388205999999998,0.0,1.1388205999999998,1.1388205999999998,0,NVIDIA A100-SXM4-80GB,auto
matched_only,setred,Wrappers,adult,R2,tabular,1,2.0481936000000003,0.0,2.0481936000000003,2.0481936000000003,0,NVIDIA A100-SXM4-80GB,auto
matched_only,setred,Wrappers,breast_cancer,R2,tabular,1,3.2644198,0.0,3.2644198,3.2644198,0,Tesla V100-SXM2-32GB,auto
matched_only,setred,Wrappers,iris,R2,tabular,1,1.1662336,0.0,1.1662336,1.1662336,0,NVIDIA A100-SXM4-80GB,auto
matched_only,tri_training,Wrappers,adult,R2,tabular,1,320.66191519999995,0.0,320.66191519999995,320.66191519999995,0,NVIDIA A100-SXM4-80GB,auto
matched_only,tri_training,Wrappers,breast_cancer,R2,tabular,1,5.237076999999999,0.0,5.237076999999999,5.237076999999999,0,Tesla V100-SXM2-32GB,auto
matched_only,tri_training,Wrappers,iris,R2,tabular,1,1.6988367999999998,0.0,1.6988367999999998,1.6988367999999998,0,NVIDIA A100-SXM4-80GB,auto
matched_only,trinet,Wrappers,adult,R2,tabular,1,626.9585451999999,0.0,626.9585451999999,626.9585451999999,0,NVIDIA A100-SXM4-80GB,auto
matched_only,trinet,Wrappers,breast_cancer,R2,tabular,1,15.449457999999998,0.0,15.449457999999998,15.449457999999998,0,Tesla V100-SXM2-32GB,auto
matched_only,trinet,Wrappers,iris,R2,tabular,1,2.8733665999999998,0.0,2.8733665999999998,2.8733665999999998,0,NVIDIA A100-SXM4-80GB,auto
matched_only,supervised,Baseline,ag_news,R2,text,1,40.148267,0.0,40.148267,40.148267,0,NVIDIA A100-SXM4-80GB,auto
matched_only,supervised,Baseline,imdb,R2,text,1,2.0393382,0.0,2.0393382,2.0393382,0,NVIDIA A100-SXM4-80GB,auto
matched_only,dynamic_label_propagation,Classical transductive,imdb,R2,text,1,820.0066106,0.0,820.0066106,820.0066106,0,Unknown,auto
matched_only,graph_mincuts,Classical transductive,imdb,R2,text,1,54.539266999999995,0.0,54.539266999999995,54.539266999999995,0,CPU,auto
matched_only,graphhop,Classical transductive,ag_news,R2,text,1,20.959236,0.0,20.959236,20.959236,0,Unknown,auto
matched_only,graphhop,Classical transductive,imdb,R2,text,1,14.825593000000001,0.0,14.825593000000001,14.825593000000001,0,Unknown,auto
matched_only,label_propagation,Classical transductive,ag_news,R2,text,1,1.897402,0.0,1.897402,1.897402,0,Unknown,auto
matched_only,label_propagation,Classical transductive,imdb,R2,text,1,1.0497302,0.0,1.0497302,1.0497302,0,Unknown,auto
matched_only,label_spreading,Classical transductive,ag_news,R2,text,1,1.710515,0.0,1.710515,1.710515,0,Unknown,auto
matched_only,label_spreading,Classical transductive,imdb,R2,text,1,0.8937250000000001,0.0,0.8937250000000001,0.8937250000000001,0,Unknown,auto
matched_only,lazy_random_walk,Classical transductive,imdb,R2,text,1,20.0683068,0.0,20.0683068,20.0683068,0,Unknown,auto
matched_only,mean_teacher,Consistency,ag_news,R2,text,1,592.9806186,0.0,592.9806186,592.9806186,0,NVIDIA A100-SXM4-80GB,auto
matched_only,mean_teacher,Consistency,imdb,R2,text,1,123.020253,0.0,123.020253,123.020253,0,NVIDIA A100-SXM4-80GB,auto
matched_only,pi_model,Consistency,ag_news,R2,text,1,589.1638294,0.0,589.1638294,589.1638294,0,NVIDIA A100-SXM4-80GB,auto
matched_only,pi_model,Consistency,imdb,R2,text,1,122.246695,0.0,122.246695,122.246695,0,NVIDIA A100-SXM4-80GB,auto
matched_only,temporal_ensembling,Consistency,ag_news,R2,text,1,756.2380026,0.0,756.2380026,756.2380026,0,NVIDIA A100-SXM4-80GB,auto
matched_only,temporal_ensembling,Consistency,imdb,R2,text,1,152.4711236,0.0,152.4711236,152.4711236,0,NVIDIA A100-SXM4-80GB,auto
matched_only,vat,Consistency,ag_news,R2,text,1,817.586586,0.0,817.586586,817.586586,0,NVIDIA A100-SXM4-80GB,auto
matched_only,vat,Consistency,imdb,R2,text,1,168.6813764,0.0,168.6813764,168.6813764,0,NVIDIA A100-SXM4-80GB,auto
matched_only,appnp,GNN,ag_news,R2,text,1,81.077869,0.0,81.077869,81.077869,0,Unknown,auto
matched_only,appnp,GNN,imdb,R2,text,1,15.883289999999999,0.0,15.883289999999999,15.883289999999999,0,Unknown,auto
matched_only,chebnet,GNN,ag_news,R2,text,1,87.651194,0.0,87.651194,87.651194,0,Unknown,auto
matched_only,chebnet,GNN,imdb,R2,text,1,1.626492,0.0,1.626492,1.626492,0,Unknown,auto
matched_only,gat,GNN,ag_news,R2,text,1,90.521552,0.0,90.521552,90.521552,0,Unknown,auto
matched_only,gat,GNN,imdb,R2,text,1,3.3509988,0.0,3.3509988,3.3509988,0,Unknown,auto
matched_only,gcn,GNN,ag_news,R2,text,1,4.186059,0.0,4.186059,4.186059,0,Unknown,auto
matched_only,gcn,GNN,imdb,R2,text,1,1.525109,0.0,1.525109,1.525109,0,Unknown,auto
matched_only,gcnii,GNN,ag_news,R2,text,1,38.345927,0.0,38.345927,38.345927,0,Unknown,auto
matched_only,gcnii,GNN,imdb,R2,text,1,6.166137600000001,0.0,6.166137600000001,6.166137600000001,0,Unknown,auto
matched_only,grafn,GNN,ag_news,R2,text,1,12.412497,0.0,12.412497,12.412497,0,Unknown,auto
matched_only,grafn,GNN,imdb,R2,text,1,4.656355400000001,0.0,4.656355400000001,4.656355400000001,0,Unknown,auto
matched_only,grand,GNN,ag_news,R2,text,1,11.853122,0.0,11.853122,11.853122,0,Unknown,auto
matched_only,grand,GNN,imdb,R2,text,1,1.8869091999999998,0.0,1.8869091999999998,1.8869091999999998,0,Unknown,auto
matched_only,graphsage,GNN,ag_news,R2,text,1,6.835728,0.0,6.835728,6.835728,0,Unknown,auto
matched_only,graphsage,GNN,imdb,R2,text,1,1.4391024,0.0,1.4391024,1.4391024,0,Unknown,auto
matched_only,h_gcn,GNN,imdb,R2,text,1,263.61001139999996,0.0,263.61001139999996,263.61001139999996,0,Unknown,auto
matched_only,n_gcn,GNN,imdb,R2,text,1,177.0092222,0.0,177.0092222,177.0092222,0,Unknown,auto
matched_only,planetoid,GNN,ag_news,R2,text,1,4327.104754,0.0,4327.104754,4327.104754,0,Unknown,auto
matched_only,planetoid,GNN,imdb,R2,text,1,986.5212520000001,0.0,986.5212520000001,986.5212520000001,0,Unknown,auto
matched_only,sgc,GNN,ag_news,R2,text,1,2.893515,0.0,2.893515,2.893515,0,Unknown,auto
matched_only,sgc,GNN,imdb,R2,text,1,2.0126994,0.0,2.0126994,2.0126994,0,Unknown,auto
matched_only,adamatch,Hybrid,ag_news,R2,text,1,604.7458773999999,0.0,604.7458773999999,604.7458773999999,0,NVIDIA A100-SXM4-80GB,auto
matched_only,adamatch,Hybrid,imdb,R2,text,1,127.1949494,0.0,127.1949494,127.1949494,0,NVIDIA A100-SXM4-80GB,auto
matched_only,comatch,Hybrid,ag_news,R2,text,1,936.1458948,0.0,936.1458948,936.1458948,0,NVIDIA A100-SXM4-80GB,auto
matched_only,comatch,Hybrid,imdb,R2,text,1,194.5603194,0.0,194.5603194,194.5603194,0,NVIDIA A100-SXM4-80GB,auto
matched_only,daso,Hybrid,ag_news,R2,text,1,730.7535626,0.0,730.7535626,730.7535626,0,NVIDIA A100-SXM4-80GB,auto
matched_only,daso,Hybrid,imdb,R2,text,1,146.9121644,0.0,146.9121644,146.9121644,0,NVIDIA A100-SXM4-80GB,auto
matched_only,defixmatch,Hybrid,ag_news,R2,text,1,730.2604104,0.0,730.2604104,730.2604104,0,NVIDIA A100-SXM4-80GB,auto
matched_only,defixmatch,Hybrid,imdb,R2,text,1,149.2116428,0.0,149.2116428,149.2116428,0,NVIDIA A100-SXM4-80GB,auto
matched_only,fixmatch,Hybrid,ag_news,R2,text,1,592.9497222,0.0,592.9497222,592.9497222,0,NVIDIA A100-SXM4-80GB,auto
matched_only,fixmatch,Hybrid,imdb,R2,text,1,122.3757838,0.0,122.3757838,122.3757838,0,NVIDIA A100-SXM4-80GB,auto
matched_only,flexmatch,Hybrid,ag_news,R2,text,1,634.8758574,0.0,634.8758574,634.8758574,0,NVIDIA A100-SXM4-80GB,auto
matched_only,flexmatch,Hybrid,imdb,R2,text,1,127.0309416,0.0,127.0309416,127.0309416,0,NVIDIA A100-SXM4-80GB,auto
matched_only,free_match,Hybrid,ag_news,R2,text,1,648.7699204,0.0,648.7699204,648.7699204,0,NVIDIA A100-SXM4-80GB,auto
matched_only,free_match,Hybrid,imdb,R2,text,1,135.1222214,0.0,135.1222214,135.1222214,0,NVIDIA A100-SXM4-80GB,auto
matched_only,meta_pseudo_labels,Hybrid,ag_news,R2,text,1,1545.9782862,0.0,1545.9782862,1545.9782862,0,NVIDIA A100-SXM4-80GB,auto
matched_only,meta_pseudo_labels,Hybrid,imdb,R2,text,1,205.0489098,0.0,205.0489098,205.0489098,0,NVIDIA A100-SXM4-80GB,auto
matched_only,mixmatch,Hybrid,ag_news,R2,text,1,989.5920264,0.0,989.5920264,989.5920264,0,NVIDIA A100-SXM4-80GB,auto
matched_only,mixmatch,Hybrid,imdb,R2,text,1,204.5754018,0.0,204.5754018,204.5754018,0,NVIDIA A100-SXM4-80GB,auto
matched_only,noisy_student,Hybrid,ag_news,R2,text,1,608.7531892,0.0,608.7531892,608.7531892,0,NVIDIA A100-SXM4-80GB,auto
matched_only,noisy_student,Hybrid,imdb,R2,text,1,126.59793859999999,0.0,126.59793859999999,126.59793859999999,0,NVIDIA A100-SXM4-80GB,auto
matched_only,simclr_v2,Hybrid,ag_news,R2,text,1,364.5336788,0.0,364.5336788,364.5336788,0,NVIDIA A100-SXM4-80GB,auto
matched_only,simclr_v2,Hybrid,imdb,R2,text,1,56.4533308,0.0,56.4533308,56.4533308,0,NVIDIA A100-SXM4-80GB,auto
matched_only,softmatch,Hybrid,ag_news,R2,text,1,618.8495667999999,0.0,618.8495667999999,618.8495667999999,0,NVIDIA A100-SXM4-80GB,auto
matched_only,softmatch,Hybrid,imdb,R2,text,1,124.76656739999999,0.0,124.76656739999999,124.76656739999999,0,NVIDIA A100-SXM4-80GB,auto
matched_only,uda,Hybrid,ag_news,R2,text,1,606.280588,0.0,606.280588,606.280588,0,NVIDIA A100-SXM4-80GB,auto
matched_only,uda,Hybrid,imdb,R2,text,1,123.67586779999999,0.0,123.67586779999999,123.67586779999999,0,NVIDIA A100-SXM4-80GB,auto
matched_only,adsh,Margin-based inductive,ag_news,R2,text,1,715.1630494,0.0,715.1630494,715.1630494,0,NVIDIA A100-SXM4-80GB,auto
matched_only,adsh,Margin-based inductive,imdb,R2,text,1,149.01338660000002,0.0,149.01338660000002,149.01338660000002,0,NVIDIA A100-SXM4-80GB,auto
matched_only,tsvm,Margin-based inductive,imdb,R2,text,1,1.1137418000000001,0.0,1.1137418000000001,1.1137418000000001,0,CPU,auto
matched_only,laplace_learning,PDE/Variational,imdb,R2,text,1,6.3748648,0.0,6.3748648,6.3748648,0,Unknown,auto
matched_only,p_laplace_learning,PDE/Variational,ag_news,R2,text,1,38842.250028,0.0,38842.250028,38842.250028,0,CPU,auto
matched_only,p_laplace_learning,PDE/Variational,imdb,R2,text,1,2091.2271948000002,0.0,2091.2271948000002,2091.2271948000002,0,CPU,auto
matched_only,poisson_learning,PDE/Variational,ag_news,R2,text,1,52.356129,0.0,52.356129,52.356129,0,Unknown,auto
matched_only,poisson_learning,PDE/Variational,imdb,R2,text,1,43.353909,0.0,43.353909,43.353909,0,Unknown,auto
matched_only,poisson_mbo,PDE/Variational,ag_news,R2,text,1,177.795558,0.0,177.795558,177.795558,0,CPU,auto
matched_only,poisson_mbo,PDE/Variational,imdb,R2,text,1,64.646347,0.0,64.646347,64.646347,0,CPU,auto
matched_only,co_training,Wrappers,ag_news,R2,text,1,3.2065533999999998,0.0,3.2065533999999998,3.2065533999999998,0,Unknown,auto
matched_only,co_training,Wrappers,imdb,R2,text,1,33.536304200000004,0.0,33.536304200000004,33.536304200000004,0,Unknown,auto
matched_only,deep_co_training,Wrappers,ag_news,R2,text,1,1370.6139648,0.0,1370.6139648,1370.6139648,0,NVIDIA A100-SXM4-80GB,auto
matched_only,deep_co_training,Wrappers,imdb,R2,text,1,281.8312792,0.0,281.8312792,281.8312792,0,NVIDIA A100-SXM4-80GB,auto
matched_only,setred,Wrappers,ag_news,R2,text,1,5.0314570000000005,0.0,5.0314570000000005,5.0314570000000005,0,Unknown,auto
matched_only,setred,Wrappers,imdb,R2,text,1,1.7388814,0.0,1.7388814,1.7388814,0,Unknown,auto
matched_only,supervised,Baseline,cifar10,R2,vision,1,2.2979592,0.0,2.2979592,2.2979592,0,NVIDIA A100-SXM4-80GB,auto
matched_only,supervised,Baseline,cifar100,R2,vision,1,3.1767376,0.0,3.1767376,3.1767376,0,NVIDIA A100-SXM4-80GB,auto
matched_only,supervised,Baseline,mnist,R2,vision,1,1.7178682000000003,0.0,1.7178682000000003,1.7178682000000003,0,NVIDIA A100-SXM4-80GB,auto
matched_only,graph_mincuts,Classical transductive,cifar10,R2,vision,1,3.8511458000000003,0.0,3.8511458000000003,3.8511458000000003,0,CPU,auto
matched_only,graph_mincuts,Classical transductive,cifar100,R2,vision,1,0.42309080000000004,0.0,0.42309080000000004,0.42309080000000004,0,CPU,auto
matched_only,graph_mincuts,Classical transductive,mnist,R2,vision,1,0.5057068,0.0,0.5057068,0.5057068,0,CPU,auto
matched_only,graphhop,Classical transductive,cifar10,R2,vision,1,14.0643744,0.0,14.0643744,14.0643744,0,Unknown,auto
matched_only,graphhop,Classical transductive,cifar100,R2,vision,1,30.0330828,0.0,30.0330828,30.0330828,0,Unknown,auto
matched_only,graphhop,Classical transductive,mnist,R2,vision,1,14.5261158,0.0,14.5261158,14.5261158,0,Unknown,auto
matched_only,label_propagation,Classical transductive,cifar10,R2,vision,1,1.622249,0.0,1.622249,1.622249,0,Unknown,auto
matched_only,label_propagation,Classical transductive,cifar100,R2,vision,1,1.1586804000000002,0.0,1.1586804000000002,1.1586804000000002,0,Unknown,auto
matched_only,label_propagation,Classical transductive,mnist,R2,vision,1,0.844343,0.0,0.844343,0.844343,0,Unknown,auto
matched_only,label_spreading,Classical transductive,cifar10,R2,vision,1,1.004399,0.0,1.004399,1.004399,0,Unknown,auto
matched_only,label_spreading,Classical transductive,cifar100,R2,vision,1,0.6512436,0.0,0.6512436,0.6512436,0,Unknown,auto
matched_only,label_spreading,Classical transductive,mnist,R2,vision,1,0.3887492,0.0,0.3887492,0.3887492,0,Unknown,auto
matched_only,lazy_random_walk,Classical transductive,cifar100,R2,vision,1,0.7365612,0.0,0.7365612,0.7365612,0,Unknown,auto
matched_only,lazy_random_walk,Classical transductive,mnist,R2,vision,1,0.6159785999999999,0.0,0.6159785999999999,0.6159785999999999,0,Unknown,auto
matched_only,mean_teacher,Consistency,cifar10,R2,vision,1,260.167241,0.0,260.167241,260.167241,0,NVIDIA A100-SXM4-80GB,auto
matched_only,mean_teacher,Consistency,cifar100,R2,vision,1,269.1443054,0.0,269.1443054,269.1443054,0,NVIDIA A100-SXM4-80GB,auto
matched_only,mean_teacher,Consistency,mnist,R2,vision,1,310.2421356,0.0,310.2421356,310.2421356,0,NVIDIA A100-SXM4-80GB,auto
matched_only,pi_model,Consistency,cifar10,R2,vision,1,284.0770596,0.0,284.0770596,284.0770596,0,NVIDIA A100-SXM4-80GB,auto
matched_only,pi_model,Consistency,cifar100,R2,vision,1,278.931198,0.0,278.931198,278.931198,0,NVIDIA A100-SXM4-80GB,auto
matched_only,pi_model,Consistency,mnist,R2,vision,1,333.6574536,0.0,333.6574536,333.6574536,0,NVIDIA A100-SXM4-80GB,auto
matched_only,temporal_ensembling,Consistency,cifar10,R2,vision,1,292.6484118,0.0,292.6484118,292.6484118,0,NVIDIA A100-SXM4-80GB,auto
matched_only,temporal_ensembling,Consistency,cifar100,R2,vision,1,300.4330864,0.0,300.4330864,300.4330864,0,NVIDIA A100-SXM4-80GB,auto
matched_only,temporal_ensembling,Consistency,mnist,R2,vision,1,359.8244924,0.0,359.8244924,359.8244924,0,NVIDIA A100-SXM4-80GB,auto
matched_only,vat,Consistency,cifar10,R2,vision,1,387.842206,0.0,387.842206,387.842206,0,NVIDIA A100-SXM4-80GB,auto
matched_only,vat,Consistency,cifar100,R2,vision,1,357.3597924,0.0,357.3597924,357.3597924,0,NVIDIA A100-SXM4-80GB,auto
matched_only,vat,Consistency,mnist,R2,vision,1,438.05552079999995,0.0,438.05552079999995,438.05552079999995,0,NVIDIA A100-SXM4-80GB,auto
matched_only,appnp,GNN,cifar10,R2,vision,1,28.543131199999998,0.0,28.543131199999998,28.543131199999998,0,Unknown,auto
matched_only,appnp,GNN,cifar100,R2,vision,1,27.704334,0.0,27.704334,27.704334,0,Unknown,auto
matched_only,appnp,GNN,mnist,R2,vision,1,2.1676292,0.0,2.1676292,2.1676292,0,Unknown,auto
matched_only,chebnet,GNN,cifar10,R2,vision,1,2.4159102,0.0,2.4159102,2.4159102,0,Unknown,auto
matched_only,chebnet,GNN,cifar100,R2,vision,1,2.8521504,0.0,2.8521504,2.8521504,0,Unknown,auto
matched_only,chebnet,GNN,mnist,R2,vision,1,3.4258582000000004,0.0,3.4258582000000004,3.4258582000000004,0,Unknown,auto
matched_only,gat,GNN,cifar10,R2,vision,1,2.722153,0.0,2.722153,2.722153,0,Unknown,auto
matched_only,gat,GNN,cifar100,R2,vision,1,3.8538254000000003,0.0,3.8538254000000003,3.8538254000000003,0,Unknown,auto
matched_only,gat,GNN,mnist,R2,vision,1,3.8202178000000004,0.0,3.8202178000000004,3.8202178000000004,0,Unknown,auto
matched_only,gcn,GNN,cifar10,R2,vision,1,0.8855845999999999,0.0,0.8855845999999999,0.8855845999999999,0,Unknown,auto
matched_only,gcn,GNN,cifar100,R2,vision,1,1.2259103999999998,0.0,1.2259103999999998,1.2259103999999998,0,Unknown,auto
matched_only,gcn,GNN,mnist,R2,vision,1,1.0593594,0.0,1.0593594,1.0593594,0,Unknown,auto
matched_only,gcnii,GNN,cifar10,R2,vision,1,4.1917637999999995,0.0,4.1917637999999995,4.1917637999999995,0,Unknown,auto
matched_only,gcnii,GNN,cifar100,R2,vision,1,5.4341726,0.0,5.4341726,5.4341726,0,Unknown,auto
matched_only,gcnii,GNN,mnist,R2,vision,1,6.849546999999999,0.0,6.849546999999999,6.849546999999999,0,Unknown,auto
matched_only,grafn,GNN,cifar10,R2,vision,1,3.6530169999999997,0.0,3.6530169999999997,3.6530169999999997,0,Unknown,auto
matched_only,grafn,GNN,cifar100,R2,vision,1,3.7256712,0.0,3.7256712,3.7256712,0,Unknown,auto
matched_only,grafn,GNN,mnist,R2,vision,1,4.875471,0.0,4.875471,4.875471,0,Unknown,auto
matched_only,grand,GNN,cifar10,R2,vision,1,12.2639674,0.0,12.2639674,12.2639674,0,Unknown,auto
matched_only,grand,GNN,cifar100,R2,vision,1,16.1986178,0.0,16.1986178,16.1986178,0,Unknown,auto
matched_only,grand,GNN,mnist,R2,vision,1,21.382685799999997,0.0,21.382685799999997,21.382685799999997,0,Unknown,auto
matched_only,graphsage,GNN,cifar10,R2,vision,1,1.7459578,0.0,1.7459578,1.7459578,0,Unknown,auto
matched_only,graphsage,GNN,cifar100,R2,vision,1,1.673716,0.0,1.673716,1.673716,0,Unknown,auto
matched_only,graphsage,GNN,mnist,R2,vision,1,1.9048836000000002,0.0,1.9048836000000002,1.9048836000000002,0,Unknown,auto
matched_only,h_gcn,GNN,cifar100,R2,vision,1,493.14103439999997,0.0,493.14103439999997,493.14103439999997,0,Unknown,auto
matched_only,planetoid,GNN,cifar10,R2,vision,1,1272.343949,0.0,1272.343949,1272.343949,0,Unknown,auto
matched_only,planetoid,GNN,cifar100,R2,vision,1,1295.196583,0.0,1295.196583,1295.196583,0,Unknown,auto
matched_only,planetoid,GNN,mnist,R2,vision,1,1629.802966,0.0,1629.802966,1629.802966,0,Unknown,auto
matched_only,sgc,GNN,cifar10,R2,vision,1,5.616163,0.0,5.616163,5.616163,0,Unknown,auto
matched_only,sgc,GNN,cifar100,R2,vision,1,2.589816,0.0,2.589816,2.589816,0,Unknown,auto
matched_only,sgc,GNN,mnist,R2,vision,1,0.7907114,0.0,0.7907114,0.7907114,0,Unknown,auto
matched_only,adamatch,Hybrid,cifar10,R2,vision,1,273.736273,0.0,273.736273,273.736273,0,NVIDIA A100-SXM4-80GB,auto
matched_only,adamatch,Hybrid,cifar100,R2,vision,1,282.375273,0.0,282.375273,282.375273,0,NVIDIA A100-SXM4-80GB,auto
matched_only,adamatch,Hybrid,mnist,R2,vision,1,324.4860706,0.0,324.4860706,324.4860706,0,NVIDIA A100-SXM4-80GB,auto
matched_only,comatch,Hybrid,cifar10,R2,vision,1,391.188578,0.0,391.188578,391.188578,0,NVIDIA A100-SXM4-80GB,auto
matched_only,comatch,Hybrid,cifar100,R2,vision,1,394.68675,0.0,394.68675,394.68675,0,NVIDIA A100-SXM4-80GB,auto
matched_only,comatch,Hybrid,mnist,R2,vision,1,470.9038022,0.0,470.9038022,470.9038022,0,NVIDIA A100-SXM4-80GB,auto
matched_only,daso,Hybrid,cifar10,R2,vision,1,355.501324,0.0,355.501324,355.501324,0,NVIDIA A100-SXM4-80GB,auto
matched_only,daso,Hybrid,cifar100,R2,vision,1,502.53442,0.0,502.53442,502.53442,0,NVIDIA A100-SXM4-80GB,auto
matched_only,daso,Hybrid,mnist,R2,vision,1,426.4160458,0.0,426.4160458,426.4160458,0,NVIDIA A100-SXM4-80GB,auto
matched_only,defixmatch,Hybrid,cifar10,R2,vision,1,365.038239,0.0,365.038239,365.038239,0,NVIDIA A100-SXM4-80GB,auto
matched_only,defixmatch,Hybrid,cifar100,R2,vision,1,382.3842448,0.0,382.3842448,382.3842448,0,NVIDIA A100-SXM4-80GB,auto
matched_only,defixmatch,Hybrid,mnist,R2,vision,1,440.7881532,0.0,440.7881532,440.7881532,0,NVIDIA A100-SXM4-80GB,auto
matched_only,fixmatch,Hybrid,cifar10,R2,vision,1,271.206863,0.0,271.206863,271.206863,0,NVIDIA A100-SXM4-80GB,auto
matched_only,fixmatch,Hybrid,cifar100,R2,vision,1,277.0729238,0.0,277.0729238,277.0729238,0,NVIDIA A100-SXM4-80GB,auto
matched_only,fixmatch,Hybrid,mnist,R2,vision,1,320.1873112,0.0,320.1873112,320.1873112,0,NVIDIA A100-SXM4-80GB,auto
matched_only,flexmatch,Hybrid,cifar10,R2,vision,1,321.622503,0.0,321.622503,321.622503,0,NVIDIA A100-SXM4-80GB,auto
matched_only,flexmatch,Hybrid,cifar100,R2,vision,1,345.18099540000003,0.0,345.18099540000003,345.18099540000003,0,NVIDIA A100-SXM4-80GB,auto
matched_only,flexmatch,Hybrid,mnist,R2,vision,1,415.4507814,0.0,415.4507814,415.4507814,0,NVIDIA A100-SXM4-80GB,auto
matched_only,free_match,Hybrid,cifar10,R2,vision,1,299.267393,0.0,299.267393,299.267393,0,NVIDIA A100-SXM4-80GB,auto
matched_only,free_match,Hybrid,cifar100,R2,vision,1,297.5278808,0.0,297.5278808,297.5278808,0,NVIDIA A100-SXM4-80GB,auto
matched_only,free_match,Hybrid,mnist,R2,vision,1,345.8789328,0.0,345.8789328,345.8789328,0,NVIDIA A100-SXM4-80GB,auto
matched_only,meta_pseudo_labels,Hybrid,cifar10,R2,vision,1,484.04075819999997,0.0,484.04075819999997,484.04075819999997,0,NVIDIA A100-SXM4-80GB,auto
matched_only,meta_pseudo_labels,Hybrid,cifar100,R2,vision,1,493.39375559999996,0.0,493.39375559999996,493.39375559999996,0,NVIDIA A100-SXM4-80GB,auto
matched_only,meta_pseudo_labels,Hybrid,mnist,R2,vision,1,598.2946651999999,0.0,598.2946651999999,598.2946651999999,0,NVIDIA A100-SXM4-80GB,auto
matched_only,mixmatch,Hybrid,cifar10,R2,vision,1,244.603822,0.0,244.603822,244.603822,0,NVIDIA A100-SXM4-80GB,auto
matched_only,mixmatch,Hybrid,cifar100,R2,vision,1,235.9974588,0.0,235.9974588,235.9974588,0,NVIDIA A100-SXM4-80GB,auto
matched_only,mixmatch,Hybrid,mnist,R2,vision,1,281.334946,0.0,281.334946,281.334946,0,NVIDIA A100-SXM4-80GB,auto
matched_only,noisy_student,Hybrid,cifar10,R2,vision,1,250.30609599999997,0.0,250.30609599999997,250.30609599999997,0,NVIDIA A100-SXM4-80GB,auto
matched_only,noisy_student,Hybrid,cifar100,R2,vision,1,254.454616,0.0,254.454616,254.454616,0,NVIDIA A100-SXM4-80GB,auto
matched_only,noisy_student,Hybrid,mnist,R2,vision,1,294.1844072,0.0,294.1844072,294.1844072,0,NVIDIA A100-SXM4-80GB,auto
matched_only,simclr_v2,Hybrid,cifar10,R2,vision,1,110.3616388,0.0,110.3616388,110.3616388,0,NVIDIA A100-SXM4-80GB,auto
matched_only,simclr_v2,Hybrid,cifar100,R2,vision,1,111.2346878,0.0,111.2346878,111.2346878,0,NVIDIA A100-SXM4-80GB,auto
matched_only,simclr_v2,Hybrid,mnist,R2,vision,1,129.1420678,0.0,129.1420678,129.1420678,0,NVIDIA A100-SXM4-80GB,auto
matched_only,softmatch,Hybrid,cifar10,R2,vision,1,282.83645939999997,0.0,282.83645939999997,282.83645939999997,0,NVIDIA A100-SXM4-80GB,auto
matched_only,softmatch,Hybrid,cifar100,R2,vision,1,276.9964676,0.0,276.9964676,276.9964676,0,NVIDIA A100-SXM4-80GB,auto
matched_only,softmatch,Hybrid,mnist,R2,vision,1,327.536841,0.0,327.536841,327.536841,0,NVIDIA A100-SXM4-80GB,auto
matched_only,uda,Hybrid,cifar10,R2,vision,1,279.4803742,0.0,279.4803742,279.4803742,0,NVIDIA A100-SXM4-80GB,auto
matched_only,uda,Hybrid,cifar100,R2,vision,1,270.35422520000003,0.0,270.35422520000003,270.35422520000003,0,NVIDIA A100-SXM4-80GB,auto
matched_only,uda,Hybrid,mnist,R2,vision,1,324.1274056,0.0,324.1274056,324.1274056,0,NVIDIA A100-SXM4-80GB,auto
matched_only,adsh,Margin-based inductive,cifar10,R2,vision,1,320.529086,0.0,320.529086,320.529086,0,NVIDIA A100-SXM4-80GB,auto
matched_only,adsh,Margin-based inductive,cifar100,R2,vision,1,365.891546,0.0,365.891546,365.891546,0,NVIDIA A100-SXM4-80GB,auto
matched_only,adsh,Margin-based inductive,mnist,R2,vision,1,369.7674768,0.0,369.7674768,369.7674768,0,NVIDIA A100-SXM4-80GB,auto
matched_only,laplace_learning,PDE/Variational,cifar100,R2,vision,1,28.648446999999997,0.0,28.648446999999997,28.648446999999997,0,Unknown,auto
matched_only,laplace_learning,PDE/Variational,mnist,R2,vision,1,13.6748132,0.0,13.6748132,13.6748132,0,Unknown,auto
matched_only,poisson_learning,PDE/Variational,cifar10,R2,vision,1,44.274254,0.0,44.274254,44.274254,0,Unknown,auto
matched_only,poisson_learning,PDE/Variational,cifar100,R2,vision,1,445.677751,0.0,445.677751,445.677751,0,Unknown,auto
matched_only,poisson_learning,PDE/Variational,mnist,R2,vision,1,55.695292800000004,0.0,55.695292800000004,55.695292800000004,0,Unknown,auto
matched_only,poisson_mbo,PDE/Variational,cifar10,R2,vision,1,123.052244,0.0,123.052244,123.052244,0,CPU,auto
matched_only,poisson_mbo,PDE/Variational,cifar100,R2,vision,1,928.894767,0.0,928.894767,928.894767,0,CPU,auto
matched_only,poisson_mbo,PDE/Variational,mnist,R2,vision,1,159.979716,0.0,159.979716,159.979716,0,CPU,auto
matched_only,co_training,Wrappers,cifar10,R2,vision,1,9.100124,0.0,9.100124,9.100124,0,Unknown,auto
matched_only,co_training,Wrappers,cifar100,R2,vision,1,1821.682261,0.0,1821.682261,1821.682261,0,Unknown,auto
matched_only,co_training,Wrappers,mnist,R2,vision,1,6.8958922000000005,0.0,6.8958922000000005,6.8958922000000005,0,Unknown,auto
matched_only,deep_co_training,Wrappers,cifar10,R2,vision,1,655.1090264000001,0.0,655.1090264000001,655.1090264000001,0,NVIDIA A100-SXM4-80GB,auto
matched_only,deep_co_training,Wrappers,cifar100,R2,vision,1,630.7262032000001,0.0,630.7262032000001,630.7262032000001,0,NVIDIA A100-SXM4-80GB,auto
matched_only,deep_co_training,Wrappers,mnist,R2,vision,1,733.876914,0.0,733.876914,733.876914,0,NVIDIA A100-SXM4-80GB,auto
matched_only,democratic_co_learning,Wrappers,cifar10,R2,vision,1,162.68162,0.0,162.68162,162.68162,0,NVIDIA A100-SXM4-80GB,auto
matched_only,democratic_co_learning,Wrappers,cifar100,R2,vision,1,1834.7862418,0.0,1834.7862418,1834.7862418,0,NVIDIA A100-SXM4-80GB,auto
matched_only,democratic_co_learning,Wrappers,mnist,R2,vision,1,617.4529594,0.0,617.4529594,617.4529594,0,NVIDIA A100-SXM4-80GB,auto
matched_only,pseudo_label,Wrappers,cifar10,R2,vision,1,2.396649,0.0,2.396649,2.396649,0,NVIDIA A100-SXM4-80GB,auto
matched_only,pseudo_label,Wrappers,cifar100,R2,vision,1,3.3149068,0.0,3.3149068,3.3149068,0,NVIDIA A100-SXM4-80GB,auto
matched_only,pseudo_label,Wrappers,mnist,R2,vision,1,2.1481414,0.0,2.1481414,2.1481414,0,NVIDIA A100-SXM4-80GB,auto
matched_only,self_training,Wrappers,cifar10,R2,vision,1,1.9364546,0.0,1.9364546,1.9364546,0,NVIDIA A100-SXM4-80GB,auto
matched_only,self_training,Wrappers,cifar100,R2,vision,1,2.4425024,0.0,2.4425024,2.4425024,0,NVIDIA A100-SXM4-80GB,auto
matched_only,self_training,Wrappers,mnist,R2,vision,1,1.9186716000000001,0.0,1.9186716000000001,1.9186716000000001,0,NVIDIA A100-SXM4-80GB,auto
matched_only,setred,Wrappers,cifar10,R2,vision,1,3.7090170000000002,0.0,3.7090170000000002,3.7090170000000002,0,Unknown,auto
matched_only,setred,Wrappers,cifar100,R2,vision,1,243.8395152,0.0,243.8395152,243.8395152,0,Unknown,auto
matched_only,setred,Wrappers,mnist,R2,vision,1,3.7670394000000003,0.0,3.7670394000000003,3.7670394000000003,0,Unknown,auto
matched_only,tri_training,Wrappers,cifar10,R2,vision,1,2284.3385728000003,0.0,2284.3385728000003,2284.3385728000003,0,NVIDIA A100-SXM4-80GB,auto
matched_only,tri_training,Wrappers,cifar100,R2,vision,1,1577.1993132,0.0,1577.1993132,1577.1993132,0,NVIDIA A100-SXM4-80GB,auto
matched_only,tri_training,Wrappers,mnist,R2,vision,1,2711.521644,0.0,2711.521644,2711.521644,0,NVIDIA A100-SXM4-80GB,auto
matched_only,supervised,Baseline,citeseer,R3,graph,1,1.5421872,0.0,1.5421872,1.5421872,0,NVIDIA A100-SXM4-80GB,auto
matched_only,supervised,Baseline,cora,R3,graph,1,1.5553498000000001,0.0,1.5553498000000001,1.5553498000000001,0,Tesla V100-SXM2-32GB,auto
matched_only,supervised,Baseline,pubmed,R3,graph,1,1.3007802,0.0,1.3007802,1.3007802,0,NVIDIA A100-SXM4-80GB,auto
matched_only,dynamic_label_propagation,Classical transductive,citeseer,R3,graph,1,0.7207664,0.0,0.7207664,0.7207664,0,Unknown,auto
matched_only,dynamic_label_propagation,Classical transductive,cora,R3,graph,1,0.8720556,0.0,0.8720556,0.8720556,0,Unknown,auto
matched_only,dynamic_label_propagation,Classical transductive,pubmed,R3,graph,1,54.055711800000005,0.0,54.055711800000005,54.055711800000005,0,Unknown,auto
matched_only,graph_mincuts,Classical transductive,citeseer,R3,graph,1,0.12225359999999999,0.0,0.12225359999999999,0.12225359999999999,0,CPU,auto
matched_only,graph_mincuts,Classical transductive,cora,R3,graph,1,0.228871,0.0,0.228871,0.228871,0,CPU,auto
matched_only,graph_mincuts,Classical transductive,pubmed,R3,graph,1,0.2466402,0.0,0.2466402,0.2466402,0,CPU,auto
matched_only,graphhop,Classical transductive,citeseer,R3,graph,1,11.1067754,0.0,11.1067754,11.1067754,0,Unknown,auto
matched_only,graphhop,Classical transductive,cora,R3,graph,1,17.3583408,0.0,17.3583408,17.3583408,0,Unknown,auto
matched_only,graphhop,Classical transductive,pubmed,R3,graph,1,14.371309200000002,0.0,14.371309200000002,14.371309200000002,0,Unknown,auto
matched_only,label_propagation,Classical transductive,citeseer,R3,graph,1,0.206625,0.0,0.206625,0.206625,0,Unknown,auto
matched_only,label_propagation,Classical transductive,cora,R3,graph,1,0.21469480000000002,0.0,0.21469480000000002,0.21469480000000002,0,Unknown,auto
matched_only,label_propagation,Classical transductive,pubmed,R3,graph,1,0.3312116,0.0,0.3312116,0.3312116,0,Unknown,auto
matched_only,label_spreading,Classical transductive,citeseer,R3,graph,1,0.22305380000000002,0.0,0.22305380000000002,0.22305380000000002,0,Unknown,auto
matched_only,label_spreading,Classical transductive,cora,R3,graph,1,0.2011876,0.0,0.2011876,0.2011876,0,Unknown,auto
matched_only,label_spreading,Classical transductive,pubmed,R3,graph,1,0.17793520000000002,0.0,0.17793520000000002,0.17793520000000002,0,Unknown,auto
matched_only,lazy_random_walk,Classical transductive,citeseer,R3,graph,1,0.22775479999999998,0.0,0.22775479999999998,0.22775479999999998,0,Unknown,auto
matched_only,lazy_random_walk,Classical transductive,cora,R3,graph,1,0.235852,0.0,0.235852,0.235852,0,Unknown,auto
matched_only,lazy_random_walk,Classical transductive,pubmed,R3,graph,1,1.7086686,0.0,1.7086686,1.7086686,0,Unknown,auto
matched_only,mean_teacher,Consistency,citeseer,R3,graph,1,1.6596208000000001,0.0,1.6596208000000001,1.6596208000000001,0,NVIDIA A100-SXM4-80GB,auto
matched_only,mean_teacher,Consistency,cora,R3,graph,1,1.7409442,0.0,1.7409442,1.7409442,0,Tesla V100-SXM2-32GB,auto
matched_only,mean_teacher,Consistency,pubmed,R3,graph,1,1.4065474,0.0,1.4065474,1.4065474,0,NVIDIA A100-SXM4-80GB,auto
matched_only,pi_model,Consistency,citeseer,R3,graph,1,1.6425018000000002,0.0,1.6425018000000002,1.6425018000000002,0,NVIDIA A100-SXM4-80GB,auto
matched_only,pi_model,Consistency,cora,R3,graph,1,1.7370501999999999,0.0,1.7370501999999999,1.7370501999999999,0,Tesla V100-SXM2-32GB,auto
matched_only,pi_model,Consistency,pubmed,R3,graph,1,1.397957,0.0,1.397957,1.397957,0,NVIDIA A100-SXM4-80GB,auto
matched_only,temporal_ensembling,Consistency,citeseer,R3,graph,1,1.6661207999999998,0.0,1.6661207999999998,1.6661207999999998,0,NVIDIA A100-SXM4-80GB,auto
matched_only,temporal_ensembling,Consistency,cora,R3,graph,1,1.7520564,0.0,1.7520564,1.7520564,0,Tesla V100-SXM2-32GB,auto
matched_only,temporal_ensembling,Consistency,pubmed,R3,graph,1,4.425773,0.0,4.425773,4.425773,0,NVIDIA A100-SXM4-80GB,auto
matched_only,vat,Consistency,citeseer,R3,graph,1,1.7471014,0.0,1.7471014,1.7471014,0,NVIDIA A100-SXM4-80GB,auto
matched_only,vat,Consistency,cora,R3,graph,1,1.7728127999999999,0.0,1.7728127999999999,1.7728127999999999,0,Tesla V100-SXM2-32GB,auto
matched_only,vat,Consistency,pubmed,R3,graph,1,1.4516854000000001,0.0,1.4516854000000001,1.4516854000000001,0,NVIDIA A100-SXM4-80GB,auto
matched_only,appnp,GNN,citeseer,R3,graph,1,0.9316606000000001,0.0,0.9316606000000001,0.9316606000000001,0,Unknown,auto
matched_only,appnp,GNN,cora,R3,graph,1,1.032812,0.0,1.032812,1.032812,0,Unknown,auto
matched_only,appnp,GNN,pubmed,R3,graph,1,1.2009064,0.0,1.2009064,1.2009064,0,Unknown,auto
matched_only,chebnet,GNN,citeseer,R3,graph,1,1.031321,0.0,1.031321,1.031321,0,Unknown,auto
matched_only,chebnet,GNN,cora,R3,graph,1,1.3725112,0.0,1.3725112,1.3725112,0,Unknown,auto
matched_only,chebnet,GNN,pubmed,R3,graph,1,1.6155072000000001,0.0,1.6155072000000001,1.6155072000000001,0,Unknown,auto
matched_only,gat,GNN,citeseer,R3,graph,1,1.4095602,0.0,1.4095602,1.4095602,0,Unknown,auto
matched_only,gat,GNN,cora,R3,graph,1,1.9962966000000002,0.0,1.9962966000000002,1.9962966000000002,0,Unknown,auto
matched_only,gat,GNN,pubmed,R3,graph,1,2.2780180000000003,0.0,2.2780180000000003,2.2780180000000003,0,Unknown,auto
matched_only,gcn,GNN,citeseer,R3,graph,1,0.8251852,0.0,0.8251852,0.8251852,0,Unknown,auto
matched_only,gcn,GNN,cora,R3,graph,1,0.9605108,0.0,0.9605108,0.9605108,0,Unknown,auto
matched_only,gcn,GNN,pubmed,R3,graph,1,0.8240833999999999,0.0,0.8240833999999999,0.8240833999999999,0,Unknown,auto
matched_only,gcnii,GNN,citeseer,R3,graph,1,1.534488,0.0,1.534488,1.534488,0,Unknown,auto
matched_only,gcnii,GNN,cora,R3,graph,1,2.1943104,0.0,2.1943104,2.1943104,0,Unknown,auto
matched_only,gcnii,GNN,pubmed,R3,graph,1,2.936257,0.0,2.936257,2.936257,0,Unknown,auto
matched_only,grafn,GNN,citeseer,R3,graph,1,1.431108,0.0,1.431108,1.431108,0,Unknown,auto
matched_only,grafn,GNN,cora,R3,graph,1,2.0357994,0.0,2.0357994,2.0357994,0,Unknown,auto
matched_only,grafn,GNN,pubmed,R3,graph,1,1.888849,0.0,1.888849,1.888849,0,Unknown,auto
matched_only,grand,GNN,citeseer,R3,graph,1,3.7287356000000003,0.0,3.7287356000000003,3.7287356000000003,0,Unknown,auto
matched_only,grand,GNN,cora,R3,graph,1,3.1531835999999998,0.0,3.1531835999999998,3.1531835999999998,0,Unknown,auto
matched_only,grand,GNN,pubmed,R3,graph,1,6.5501667999999995,0.0,6.5501667999999995,6.5501667999999995,0,Unknown,auto
matched_only,graphsage,GNN,citeseer,R3,graph,1,0.8762954000000001,0.0,0.8762954000000001,0.8762954000000001,0,Unknown,auto
matched_only,graphsage,GNN,cora,R3,graph,1,1.2012437999999999,0.0,1.2012437999999999,1.2012437999999999,0,Unknown,auto
matched_only,graphsage,GNN,pubmed,R3,graph,1,0.9052642000000001,0.0,0.9052642000000001,0.9052642000000001,0,Unknown,auto
matched_only,h_gcn,GNN,citeseer,R3,graph,1,2.7543884,0.0,2.7543884,2.7543884,0,Unknown,auto
matched_only,h_gcn,GNN,cora,R3,graph,1,3.1705604000000003,0.0,3.1705604000000003,3.1705604000000003,0,Unknown,auto
matched_only,h_gcn,GNN,pubmed,R3,graph,1,33.3641904,0.0,33.3641904,33.3641904,0,Unknown,auto
matched_only,n_gcn,GNN,citeseer,R3,graph,1,13.2397162,0.0,13.2397162,13.2397162,0,Unknown,auto
matched_only,n_gcn,GNN,cora,R3,graph,1,6.131978800000001,0.0,6.131978800000001,6.131978800000001,0,Unknown,auto
matched_only,n_gcn,GNN,pubmed,R3,graph,1,91.845069,0.0,91.845069,91.845069,0,Unknown,auto
matched_only,planetoid,GNN,citeseer,R3,graph,1,39.981275,0.0,39.981275,39.981275,0,Unknown,auto
matched_only,planetoid,GNN,cora,R3,graph,1,161.68845900000002,0.0,161.68845900000002,161.68845900000002,0,Unknown,auto
matched_only,planetoid,GNN,pubmed,R3,graph,1,311.6487878,0.0,311.6487878,311.6487878,0,Unknown,auto
matched_only,sgc,GNN,citeseer,R3,graph,1,0.5643384,0.0,0.5643384,0.5643384,0,Unknown,auto
matched_only,sgc,GNN,cora,R3,graph,1,0.6973806,0.0,0.6973806,0.6973806,0,Unknown,auto
matched_only,sgc,GNN,pubmed,R3,graph,1,1.12169,0.0,1.12169,1.12169,0,Unknown,auto
matched_only,adamatch,Hybrid,citeseer,R3,graph,1,35.8086378,0.0,35.8086378,35.8086378,0,NVIDIA A100-SXM4-80GB,auto
matched_only,adamatch,Hybrid,cora,R3,graph,1,4.0894616,0.0,4.0894616,4.0894616,0,Tesla V100-SXM2-32GB,auto
matched_only,adamatch,Hybrid,pubmed,R3,graph,1,4.7784768,0.0,4.7784768,4.7784768,0,NVIDIA A100-SXM4-80GB,auto
matched_only,comatch,Hybrid,citeseer,R3,graph,1,1.9266378,0.0,1.9266378,1.9266378,0,NVIDIA A100-SXM4-80GB,auto
matched_only,comatch,Hybrid,cora,R3,graph,1,1.9168188000000002,0.0,1.9168188000000002,1.9168188000000002,0,Tesla V100-SXM2-32GB,auto
matched_only,comatch,Hybrid,pubmed,R3,graph,1,1.5324345999999998,0.0,1.5324345999999998,1.5324345999999998,0,NVIDIA A100-SXM4-80GB,auto
matched_only,daso,Hybrid,citeseer,R3,graph,1,1.9487074,0.0,1.9487074,1.9487074,0,NVIDIA A100-SXM4-80GB,auto
matched_only,daso,Hybrid,cora,R3,graph,1,1.8364524,0.0,1.8364524,1.8364524,0,Tesla V100-SXM2-32GB,auto
matched_only,daso,Hybrid,pubmed,R3,graph,1,1.4902330000000001,0.0,1.4902330000000001,1.4902330000000001,0,NVIDIA A100-SXM4-80GB,auto
matched_only,defixmatch,Hybrid,citeseer,R3,graph,1,1.735102,0.0,1.735102,1.735102,0,NVIDIA A100-SXM4-80GB,auto
matched_only,defixmatch,Hybrid,cora,R3,graph,1,1.8620273999999999,0.0,1.8620273999999999,1.8620273999999999,0,Tesla V100-SXM2-32GB,auto
matched_only,defixmatch,Hybrid,pubmed,R3,graph,1,1.494125,0.0,1.494125,1.494125,0,NVIDIA A100-SXM4-80GB,auto
matched_only,fixmatch,Hybrid,citeseer,R3,graph,1,1.6636046,0.0,1.6636046,1.6636046,0,NVIDIA A100-SXM4-80GB,auto
matched_only,fixmatch,Hybrid,cora,R3,graph,1,1.7334786000000002,0.0,1.7334786000000002,1.7334786000000002,0,Tesla V100-SXM2-32GB,auto
matched_only,fixmatch,Hybrid,pubmed,R3,graph,1,5.3477163999999995,0.0,5.3477163999999995,5.3477163999999995,0,NVIDIA A100-SXM4-80GB,auto
matched_only,flexmatch,Hybrid,citeseer,R3,graph,1,1.6533994,0.0,1.6533994,1.6533994,0,NVIDIA A100-SXM4-80GB,auto
matched_only,flexmatch,Hybrid,cora,R3,graph,1,1.7973881999999999,0.0,1.7973881999999999,1.7973881999999999,0,Tesla V100-SXM2-32GB,auto
matched_only,flexmatch,Hybrid,pubmed,R3,graph,1,3.3003624,0.0,3.3003624,3.3003624,0,NVIDIA A100-SXM4-80GB,auto
matched_only,free_match,Hybrid,citeseer,R3,graph,1,1.7594276,0.0,1.7594276,1.7594276,0,NVIDIA A100-SXM4-80GB,auto
matched_only,free_match,Hybrid,cora,R3,graph,1,1.8718732,0.0,1.8718732,1.8718732,0,Tesla V100-SXM2-32GB,auto
matched_only,free_match,Hybrid,pubmed,R3,graph,1,1.608651,0.0,1.608651,1.608651,0,NVIDIA A100-SXM4-80GB,auto
matched_only,meta_pseudo_labels,Hybrid,citeseer,R3,graph,1,1.8225066,0.0,1.8225066,1.8225066,0,NVIDIA A100-SXM4-80GB,auto
matched_only,meta_pseudo_labels,Hybrid,cora,R3,graph,1,1.9612626,0.0,1.9612626,1.9612626,0,Tesla V100-SXM2-32GB,auto
matched_only,meta_pseudo_labels,Hybrid,pubmed,R3,graph,1,1.5566338000000002,0.0,1.5566338000000002,1.5566338000000002,0,NVIDIA A100-SXM4-80GB,auto
matched_only,mixmatch,Hybrid,citeseer,R3,graph,1,1.6697492,0.0,1.6697492,1.6697492,0,NVIDIA A100-SXM4-80GB,auto
matched_only,mixmatch,Hybrid,cora,R3,graph,1,1.7179524000000002,0.0,1.7179524000000002,1.7179524000000002,0,Tesla V100-SXM2-32GB,auto
matched_only,mixmatch,Hybrid,pubmed,R3,graph,1,1.4187654,0.0,1.4187654,1.4187654,0,NVIDIA A100-SXM4-80GB,auto
matched_only,noisy_student,Hybrid,citeseer,R3,graph,1,1.636308,0.0,1.636308,1.636308,0,NVIDIA A100-SXM4-80GB,auto
matched_only,noisy_student,Hybrid,cora,R3,graph,1,1.7012984,0.0,1.7012984,1.7012984,0,Tesla V100-SXM2-32GB,auto
matched_only,noisy_student,Hybrid,pubmed,R3,graph,1,1.4236978,0.0,1.4236978,1.4236978,0,NVIDIA A100-SXM4-80GB,auto
matched_only,simclr_v2,Hybrid,citeseer,R3,graph,1,1.6194768,0.0,1.6194768,1.6194768,0,NVIDIA A100-SXM4-80GB,auto
matched_only,simclr_v2,Hybrid,cora,R3,graph,1,1.6778711999999998,0.0,1.6778711999999998,1.6778711999999998,0,Tesla V100-SXM2-32GB,auto
matched_only,simclr_v2,Hybrid,pubmed,R3,graph,1,1.3956507999999999,0.0,1.3956507999999999,1.3956507999999999,0,NVIDIA A100-SXM4-80GB,auto
matched_only,softmatch,Hybrid,citeseer,R3,graph,1,1.6600546,0.0,1.6600546,1.6600546,0,NVIDIA A100-SXM4-80GB,auto
matched_only,softmatch,Hybrid,cora,R3,graph,1,1.7200986,0.0,1.7200986,1.7200986,0,Tesla V100-SXM2-32GB,auto
matched_only,softmatch,Hybrid,pubmed,R3,graph,1,1.438403,0.0,1.438403,1.438403,0,NVIDIA A100-SXM4-80GB,auto
matched_only,uda,Hybrid,citeseer,R3,graph,1,1.6833822,0.0,1.6833822,1.6833822,0,NVIDIA A100-SXM4-80GB,auto
matched_only,uda,Hybrid,cora,R3,graph,1,1.668973,0.0,1.668973,1.668973,0,Tesla V100-SXM2-32GB,auto
matched_only,uda,Hybrid,pubmed,R3,graph,1,1.408803,0.0,1.408803,1.408803,0,NVIDIA A100-SXM4-80GB,auto
matched_only,adsh,Margin-based inductive,citeseer,R3,graph,1,2.0863092,0.0,2.0863092,2.0863092,0,NVIDIA A100-SXM4-80GB,auto
matched_only,adsh,Margin-based inductive,cora,R3,graph,1,1.8883472000000001,0.0,1.8883472000000001,1.8883472000000001,0,Tesla V100-SXM2-32GB,auto
matched_only,adsh,Margin-based inductive,pubmed,R3,graph,1,1.4759086,0.0,1.4759086,1.4759086,0,NVIDIA A100-SXM4-80GB,auto
matched_only,laplace_learning,PDE/Variational,citeseer,R3,graph,1,0.2454914,0.0,0.2454914,0.2454914,0,Unknown,auto
matched_only,laplace_learning,PDE/Variational,cora,R3,graph,1,0.22057739999999998,0.0,0.22057739999999998,0.22057739999999998,0,Unknown,auto
matched_only,laplace_learning,PDE/Variational,pubmed,R3,graph,1,0.6863184,0.0,0.6863184,0.6863184,0,Unknown,auto
matched_only,p_laplace_learning,PDE/Variational,citeseer,R3,graph,1,453.43710780000004,0.0,453.43710780000004,453.43710780000004,0,CPU,auto
matched_only,p_laplace_learning,PDE/Variational,cora,R3,graph,1,916.1643178,0.0,916.1643178,916.1643178,0,CPU,auto
matched_only,p_laplace_learning,PDE/Variational,pubmed,R3,graph,1,3160.4387358,0.0,3160.4387358,3160.4387358,0,CPU,auto
matched_only,poisson_learning,PDE/Variational,citeseer,R3,graph,1,0.3225648,0.0,0.3225648,0.3225648,0,Unknown,auto
matched_only,poisson_learning,PDE/Variational,cora,R3,graph,1,0.3745026,0.0,0.3745026,0.3745026,0,Unknown,auto
matched_only,poisson_learning,PDE/Variational,pubmed,R3,graph,1,0.31002359999999995,0.0,0.31002359999999995,0.31002359999999995,0,Unknown,auto
matched_only,poisson_mbo,PDE/Variational,citeseer,R3,graph,1,2.1054120000000003,0.0,2.1054120000000003,2.1054120000000003,0,CPU,auto
matched_only,poisson_mbo,PDE/Variational,cora,R3,graph,1,4.5568794,0.0,4.5568794,4.5568794,0,CPU,auto
matched_only,poisson_mbo,PDE/Variational,pubmed,R3,graph,1,12.5303898,0.0,12.5303898,12.5303898,0,CPU,auto
matched_only,co_training,Wrappers,citeseer,R3,graph,1,4.6125853999999995,0.0,4.6125853999999995,4.6125853999999995,0,NVIDIA A100-SXM4-80GB,auto
matched_only,co_training,Wrappers,cora,R3,graph,1,6.559009999999999,0.0,6.559009999999999,6.559009999999999,0,Tesla V100-SXM2-32GB,auto
matched_only,co_training,Wrappers,pubmed,R3,graph,1,3.3325986,0.0,3.3325986,3.3325986,0,NVIDIA A100-SXM4-80GB,auto
matched_only,deep_co_training,Wrappers,citeseer,R3,graph,1,2.441233,0.0,2.441233,2.441233,0,NVIDIA A100-SXM4-80GB,auto
matched_only,deep_co_training,Wrappers,cora,R3,graph,1,2.9154342,0.0,2.9154342,2.9154342,0,Tesla V100-SXM2-32GB,auto
matched_only,deep_co_training,Wrappers,pubmed,R3,graph,1,1.7572936,0.0,1.7572936,1.7572936,0,NVIDIA A100-SXM4-80GB,auto
matched_only,democratic_co_learning,Wrappers,citeseer,R3,graph,1,5.6438212,0.0,5.6438212,5.6438212,0,NVIDIA A100-SXM4-80GB,auto
matched_only,democratic_co_learning,Wrappers,cora,R3,graph,1,7.878890800000001,0.0,7.878890800000001,7.878890800000001,0,Tesla V100-SXM2-32GB,auto
matched_only,democratic_co_learning,Wrappers,pubmed,R3,graph,1,3.5820708000000003,0.0,3.5820708000000003,3.5820708000000003,0,NVIDIA A100-SXM4-80GB,auto
matched_only,pseudo_label,Wrappers,citeseer,R3,graph,1,1.6939275999999999,0.0,1.6939275999999999,1.6939275999999999,0,NVIDIA A100-SXM4-80GB,auto
matched_only,pseudo_label,Wrappers,cora,R3,graph,1,2.570807,0.0,2.570807,2.570807,0,Tesla V100-SXM2-32GB,auto
matched_only,pseudo_label,Wrappers,pubmed,R3,graph,1,1.3723838000000002,0.0,1.3723838000000002,1.3723838000000002,0,NVIDIA A100-SXM4-80GB,auto
matched_only,self_training,Wrappers,citeseer,R3,graph,1,1.6777432,0.0,1.6777432,1.6777432,0,NVIDIA A100-SXM4-80GB,auto
matched_only,self_training,Wrappers,cora,R3,graph,1,1.7629937999999998,0.0,1.7629937999999998,1.7629937999999998,0,Tesla V100-SXM2-32GB,auto
matched_only,self_training,Wrappers,pubmed,R3,graph,1,1.3724762,0.0,1.3724762,1.3724762,0,NVIDIA A100-SXM4-80GB,auto
matched_only,setred,Wrappers,citeseer,R3,graph,1,1.6903832,0.0,1.6903832,1.6903832,0,NVIDIA A100-SXM4-80GB,auto
matched_only,setred,Wrappers,cora,R3,graph,1,1.7607427999999998,0.0,1.7607427999999998,1.7607427999999998,0,Tesla V100-SXM2-32GB,auto
matched_only,setred,Wrappers,pubmed,R3,graph,1,1.3870752000000002,0.0,1.3870752000000002,1.3870752000000002,0,NVIDIA A100-SXM4-80GB,auto
matched_only,tri_training,Wrappers,citeseer,R3,graph,1,4.489842,0.0,4.489842,4.489842,0,NVIDIA A100-SXM4-80GB,auto
matched_only,tri_training,Wrappers,cora,R3,graph,1,5.8301964,0.0,5.8301964,5.8301964,0,Tesla V100-SXM2-32GB,auto
matched_only,tri_training,Wrappers,pubmed,R3,graph,1,3.4139704,0.0,3.4139704,3.4139704,0,NVIDIA A100-SXM4-80GB,auto
matched_only,trinet,Wrappers,citeseer,R3,graph,1,2.375593,0.0,2.375593,2.375593,0,NVIDIA A100-SXM4-80GB,auto
matched_only,trinet,Wrappers,cora,R3,graph,1,2.9668514,0.0,2.9668514,2.9668514,0,Tesla V100-SXM2-32GB,auto
matched_only,trinet,Wrappers,pubmed,R3,graph,1,1.6596712,0.0,1.6596712,1.6596712,0,NVIDIA A100-SXM4-80GB,auto
matched_only,supervised,Baseline,adult,R3,tabular,1,1.0603038,0.0,1.0603038,1.0603038,0,NVIDIA A100-SXM4-80GB,auto
matched_only,supervised,Baseline,breast_cancer,R3,tabular,1,2.6286496,0.0,2.6286496,2.6286496,0,Tesla V100-SXM2-32GB,auto
matched_only,supervised,Baseline,iris,R3,tabular,1,0.9020043999999998,0.0,0.9020043999999998,0.9020043999999998,0,NVIDIA A100-SXM4-80GB,auto
matched_only,dynamic_label_propagation,Classical transductive,adult,R3,tabular,1,765.170287,0.0,765.170287,765.170287,0,Unknown,auto
matched_only,dynamic_label_propagation,Classical transductive,breast_cancer,R3,tabular,1,2.448267,0.0,2.448267,2.448267,0,Unknown,auto
matched_only,dynamic_label_propagation,Classical transductive,iris,R3,tabular,1,0.530553,0.0,0.530553,0.530553,0,Unknown,auto
matched_only,graph_mincuts,Classical transductive,adult,R3,tabular,1,0.8872405999999999,0.0,0.8872405999999999,0.8872405999999999,0,CPU,auto
matched_only,graph_mincuts,Classical transductive,breast_cancer,R3,tabular,1,1.579404,0.0,1.579404,1.579404,0,CPU,auto
matched_only,graphhop,Classical transductive,adult,R3,tabular,1,14.6983748,0.0,14.6983748,14.6983748,0,Unknown,auto
matched_only,graphhop,Classical transductive,breast_cancer,R3,tabular,1,18.7558908,0.0,18.7558908,18.7558908,0,Unknown,auto
matched_only,graphhop,Classical transductive,iris,R3,tabular,1,10.9397278,0.0,10.9397278,10.9397278,0,Unknown,auto
matched_only,label_propagation,Classical transductive,adult,R3,tabular,1,0.8170996,0.0,0.8170996,0.8170996,0,Unknown,auto
matched_only,label_propagation,Classical transductive,breast_cancer,R3,tabular,1,2.0765762000000003,0.0,2.0765762000000003,2.0765762000000003,0,Unknown,auto
matched_only,label_propagation,Classical transductive,iris,R3,tabular,1,0.533867,0.0,0.533867,0.533867,0,Unknown,auto
matched_only,label_spreading,Classical transductive,adult,R3,tabular,1,0.736395,0.0,0.736395,0.736395,0,Unknown,auto
matched_only,label_spreading,Classical transductive,breast_cancer,R3,tabular,1,1.888449,0.0,1.888449,1.888449,0,Unknown,auto
matched_only,label_spreading,Classical transductive,iris,R3,tabular,1,0.5133835999999999,0.0,0.5133835999999999,0.5133835999999999,0,Unknown,auto
matched_only,lazy_random_walk,Classical transductive,adult,R3,tabular,1,5.4193548,0.0,5.4193548,5.4193548,0,Unknown,auto
matched_only,lazy_random_walk,Classical transductive,breast_cancer,R3,tabular,1,1.9565668000000003,0.0,1.9565668000000003,1.9565668000000003,0,Unknown,auto
matched_only,mean_teacher,Consistency,adult,R3,tabular,1,38.390722600000004,0.0,38.390722600000004,38.390722600000004,0,NVIDIA A100-SXM4-80GB,auto
matched_only,mean_teacher,Consistency,breast_cancer,R3,tabular,1,3.6697434,0.0,3.6697434,3.6697434,0,Tesla V100-SXM2-32GB,auto
matched_only,mean_teacher,Consistency,iris,R3,tabular,1,0.9871268000000001,0.0,0.9871268000000001,0.9871268000000001,0,NVIDIA A100-SXM4-80GB,auto
matched_only,pi_model,Consistency,adult,R3,tabular,1,36.276532200000005,0.0,36.276532200000005,36.276532200000005,0,NVIDIA A100-SXM4-80GB,auto
matched_only,pi_model,Consistency,breast_cancer,R3,tabular,1,3.8518728,0.0,3.8518728,3.8518728,0,Tesla V100-SXM2-32GB,auto
matched_only,pi_model,Consistency,iris,R3,tabular,1,0.9757884000000001,0.0,0.9757884000000001,0.9757884000000001,0,NVIDIA A100-SXM4-80GB,auto
matched_only,temporal_ensembling,Consistency,adult,R3,tabular,1,41.3906522,0.0,41.3906522,41.3906522,0,NVIDIA A100-SXM4-80GB,auto
matched_only,temporal_ensembling,Consistency,breast_cancer,R3,tabular,1,3.8689396,0.0,3.8689396,3.8689396,0,Tesla V100-SXM2-32GB,auto
matched_only,temporal_ensembling,Consistency,iris,R3,tabular,1,1.0033113999999999,0.0,1.0033113999999999,1.0033113999999999,0,NVIDIA A100-SXM4-80GB,auto
matched_only,vat,Consistency,adult,R3,tabular,1,48.9527758,0.0,48.9527758,48.9527758,0,NVIDIA A100-SXM4-80GB,auto
matched_only,vat,Consistency,breast_cancer,R3,tabular,1,4.1514438,0.0,4.1514438,4.1514438,0,Tesla V100-SXM2-32GB,auto
matched_only,vat,Consistency,iris,R3,tabular,1,1.0504584,0.0,1.0504584,1.0504584,0,NVIDIA A100-SXM4-80GB,auto
matched_only,appnp,GNN,adult,R3,tabular,1,14.8872658,0.0,14.8872658,14.8872658,0,Unknown,auto
matched_only,appnp,GNN,breast_cancer,R3,tabular,1,4.1446556,0.0,4.1446556,4.1446556,0,Unknown,auto
matched_only,appnp,GNN,iris,R3,tabular,1,1.456287,0.0,1.456287,1.456287,0,Unknown,auto
matched_only,chebnet,GNN,adult,R3,tabular,1,1.4275668,0.0,1.4275668,1.4275668,0,Unknown,auto
matched_only,chebnet,GNN,breast_cancer,R3,tabular,1,3.1653005999999997,0.0,3.1653005999999997,3.1653005999999997,0,Unknown,auto
matched_only,chebnet,GNN,iris,R3,tabular,1,1.2433618,0.0,1.2433618,1.2433618,0,Unknown,auto
matched_only,gat,GNN,adult,R3,tabular,1,3.176967,0.0,3.176967,3.176967,0,Unknown,auto
matched_only,gat,GNN,breast_cancer,R3,tabular,1,4.1789572,0.0,4.1789572,4.1789572,0,Unknown,auto
matched_only,gat,GNN,iris,R3,tabular,1,1.6879058,0.0,1.6879058,1.6879058,0,Unknown,auto
matched_only,gcn,GNN,adult,R3,tabular,1,1.2820202,0.0,1.2820202,1.2820202,0,Unknown,auto
matched_only,gcn,GNN,breast_cancer,R3,tabular,1,2.9666330000000003,0.0,2.9666330000000003,2.9666330000000003,0,Unknown,auto
matched_only,gcn,GNN,iris,R3,tabular,1,1.1099697999999998,0.0,1.1099697999999998,1.1099697999999998,0,Unknown,auto
matched_only,gcnii,GNN,adult,R3,tabular,1,4.5648598,0.0,4.5648598,4.5648598,0,Unknown,auto
matched_only,gcnii,GNN,breast_cancer,R3,tabular,1,4.4862428,0.0,4.4862428,4.4862428,0,Unknown,auto
matched_only,gcnii,GNN,iris,R3,tabular,1,2.718178,0.0,2.718178,2.718178,0,Unknown,auto
matched_only,grafn,GNN,adult,R3,tabular,1,4.086596800000001,0.0,4.086596800000001,4.086596800000001,0,Unknown,auto
matched_only,grafn,GNN,breast_cancer,R3,tabular,1,3.6904808000000004,0.0,3.6904808000000004,3.6904808000000004,0,Unknown,auto
matched_only,grafn,GNN,iris,R3,tabular,1,1.426955,0.0,1.426955,1.426955,0,Unknown,auto
matched_only,grand,GNN,adult,R3,tabular,1,1.9114416000000003,0.0,1.9114416000000003,1.9114416000000003,0,Unknown,auto
matched_only,grand,GNN,breast_cancer,R3,tabular,1,3.4628766,0.0,3.4628766,3.4628766,0,Unknown,auto
matched_only,grand,GNN,iris,R3,tabular,1,1.6889220000000003,0.0,1.6889220000000003,1.6889220000000003,0,Unknown,auto
matched_only,graphsage,GNN,adult,R3,tabular,1,1.2680938000000002,0.0,1.2680938000000002,1.2680938000000002,0,Unknown,auto
matched_only,graphsage,GNN,breast_cancer,R3,tabular,1,3.1151166,0.0,3.1151166,3.1151166,0,Unknown,auto
matched_only,graphsage,GNN,iris,R3,tabular,1,1.0741588,0.0,1.0741588,1.0741588,0,Unknown,auto
matched_only,h_gcn,GNN,adult,R3,tabular,1,252.5432444,0.0,252.5432444,252.5432444,0,Unknown,auto
matched_only,h_gcn,GNN,breast_cancer,R3,tabular,1,4.4135674,0.0,4.4135674,4.4135674,0,Unknown,auto
matched_only,h_gcn,GNN,iris,R3,tabular,1,2.0125906000000002,0.0,2.0125906000000002,2.0125906000000002,0,Unknown,auto
matched_only,n_gcn,GNN,adult,R3,tabular,1,161.68107700000002,0.0,161.68107700000002,161.68107700000002,0,Unknown,auto
matched_only,n_gcn,GNN,breast_cancer,R3,tabular,1,4.487809400000001,0.0,4.487809400000001,4.487809400000001,0,Unknown,auto
matched_only,n_gcn,GNN,iris,R3,tabular,1,2.3385696,0.0,2.3385696,2.3385696,0,Unknown,auto
matched_only,planetoid,GNN,adult,R3,tabular,1,949.28178,0.0,949.28178,949.28178,0,Unknown,auto
matched_only,planetoid,GNN,breast_cancer,R3,tabular,1,43.9585408,0.0,43.9585408,43.9585408,0,Unknown,auto
matched_only,planetoid,GNN,iris,R3,tabular,1,2.5670906,0.0,2.5670906,2.5670906,0,Unknown,auto
matched_only,sgc,GNN,adult,R3,tabular,1,1.6440604,0.0,1.6440604,1.6440604,0,Unknown,auto
matched_only,sgc,GNN,breast_cancer,R3,tabular,1,2.758901,0.0,2.758901,2.758901,0,Unknown,auto
matched_only,sgc,GNN,iris,R3,tabular,1,0.980253,0.0,0.980253,0.980253,0,Unknown,auto
matched_only,adamatch,Hybrid,adult,R3,tabular,1,40.634946400000004,0.0,40.634946400000004,40.634946400000004,0,NVIDIA A100-SXM4-80GB,auto
matched_only,adamatch,Hybrid,breast_cancer,R3,tabular,1,3.968759,0.0,3.968759,3.968759,0,Tesla V100-SXM2-32GB,auto
matched_only,adamatch,Hybrid,iris,R3,tabular,1,2.4056866,0.0,2.4056866,2.4056866,0,NVIDIA A100-SXM4-80GB,auto
matched_only,comatch,Hybrid,adult,R3,tabular,1,68.7527794,0.0,68.7527794,68.7527794,0,NVIDIA A100-SXM4-80GB,auto
matched_only,comatch,Hybrid,breast_cancer,R3,tabular,1,4.411161,0.0,4.411161,4.411161,0,Tesla V100-SXM2-32GB,auto
matched_only,comatch,Hybrid,iris,R3,tabular,1,1.1611922,0.0,1.1611922,1.1611922,0,NVIDIA A100-SXM4-80GB,auto
matched_only,daso,Hybrid,adult,R3,tabular,1,55.3466188,0.0,55.3466188,55.3466188,0,NVIDIA A100-SXM4-80GB,auto
matched_only,daso,Hybrid,breast_cancer,R3,tabular,1,3.9886734000000006,0.0,3.9886734000000006,3.9886734000000006,0,Tesla V100-SXM2-32GB,auto
matched_only,daso,Hybrid,iris,R3,tabular,1,1.0482694,0.0,1.0482694,1.0482694,0,NVIDIA A100-SXM4-80GB,auto
matched_only,defixmatch,Hybrid,adult,R3,tabular,1,48.454813200000004,0.0,48.454813200000004,48.454813200000004,0,NVIDIA A100-SXM4-80GB,auto
matched_only,defixmatch,Hybrid,breast_cancer,R3,tabular,1,3.7915754,0.0,3.7915754,3.7915754,0,Tesla V100-SXM2-32GB,auto
matched_only,defixmatch,Hybrid,iris,R3,tabular,1,1.0405104,0.0,1.0405104,1.0405104,0,NVIDIA A100-SXM4-80GB,auto
matched_only,fixmatch,Hybrid,adult,R3,tabular,1,37.213631,0.0,37.213631,37.213631,0,NVIDIA A100-SXM4-80GB,auto
matched_only,fixmatch,Hybrid,breast_cancer,R3,tabular,1,3.9094898000000002,0.0,3.9094898000000002,3.9094898000000002,0,Tesla V100-SXM2-32GB,auto
matched_only,fixmatch,Hybrid,iris,R3,tabular,1,0.9847762,0.0,0.9847762,0.9847762,0,NVIDIA A100-SXM4-80GB,auto
matched_only,flexmatch,Hybrid,adult,R3,tabular,1,49.7769842,0.0,49.7769842,49.7769842,0,NVIDIA A100-SXM4-80GB,auto
matched_only,flexmatch,Hybrid,breast_cancer,R3,tabular,1,3.7781792000000003,0.0,3.7781792000000003,3.7781792000000003,0,Tesla V100-SXM2-32GB,auto
matched_only,flexmatch,Hybrid,iris,R3,tabular,1,1.0120246,0.0,1.0120246,1.0120246,0,NVIDIA A100-SXM4-80GB,auto
matched_only,free_match,Hybrid,adult,R3,tabular,1,56.083874800000004,0.0,56.083874800000004,56.083874800000004,0,NVIDIA A100-SXM4-80GB,auto
matched_only,free_match,Hybrid,breast_cancer,R3,tabular,1,4.484827600000001,0.0,4.484827600000001,4.484827600000001,0,Tesla V100-SXM2-32GB,auto
matched_only,free_match,Hybrid,iris,R3,tabular,1,1.092892,0.0,1.092892,1.092892,0,NVIDIA A100-SXM4-80GB,auto
matched_only,meta_pseudo_labels,Hybrid,adult,R3,tabular,1,61.2653818,0.0,61.2653818,61.2653818,0,NVIDIA A100-SXM4-80GB,auto
matched_only,meta_pseudo_labels,Hybrid,breast_cancer,R3,tabular,1,4.0403398,0.0,4.0403398,4.0403398,0,Tesla V100-SXM2-32GB,auto
matched_only,meta_pseudo_labels,Hybrid,iris,R3,tabular,1,1.086186,0.0,1.086186,1.086186,0,NVIDIA A100-SXM4-80GB,auto
matched_only,mixmatch,Hybrid,adult,R3,tabular,1,42.6070974,0.0,42.6070974,42.6070974,0,NVIDIA A100-SXM4-80GB,auto
matched_only,mixmatch,Hybrid,breast_cancer,R3,tabular,1,4.0707698,0.0,4.0707698,4.0707698,0,Tesla V100-SXM2-32GB,auto
matched_only,mixmatch,Hybrid,iris,R3,tabular,1,1.0113952,0.0,1.0113952,1.0113952,0,NVIDIA A100-SXM4-80GB,auto
matched_only,noisy_student,Hybrid,adult,R3,tabular,1,37.731487,0.0,37.731487,37.731487,0,NVIDIA A100-SXM4-80GB,auto
matched_only,noisy_student,Hybrid,breast_cancer,R3,tabular,1,4.003991600000001,0.0,4.003991600000001,4.003991600000001,0,Tesla V100-SXM2-32GB,auto
matched_only,noisy_student,Hybrid,iris,R3,tabular,1,0.9877955999999999,0.0,0.9877955999999999,0.9877955999999999,0,NVIDIA A100-SXM4-80GB,auto
matched_only,simclr_v2,Hybrid,adult,R3,tabular,1,21.025141,0.0,21.025141,21.025141,0,NVIDIA A100-SXM4-80GB,auto
matched_only,simclr_v2,Hybrid,breast_cancer,R3,tabular,1,3.6888886,0.0,3.6888886,3.6888886,0,Tesla V100-SXM2-32GB,auto
matched_only,simclr_v2,Hybrid,iris,R3,tabular,1,1.0023806,0.0,1.0023806,1.0023806,0,NVIDIA A100-SXM4-80GB,auto
matched_only,softmatch,Hybrid,adult,R3,tabular,1,39.9834514,0.0,39.9834514,39.9834514,0,NVIDIA A100-SXM4-80GB,auto
matched_only,softmatch,Hybrid,breast_cancer,R3,tabular,1,3.6415098,0.0,3.6415098,3.6415098,0,Tesla V100-SXM2-32GB,auto
matched_only,softmatch,Hybrid,iris,R3,tabular,1,1.0108460000000001,0.0,1.0108460000000001,1.0108460000000001,0,NVIDIA A100-SXM4-80GB,auto
matched_only,uda,Hybrid,adult,R3,tabular,1,37.9106702,0.0,37.9106702,37.9106702,0,NVIDIA A100-SXM4-80GB,auto
matched_only,uda,Hybrid,breast_cancer,R3,tabular,1,3.8394883999999996,0.0,3.8394883999999996,3.8394883999999996,0,Tesla V100-SXM2-32GB,auto
matched_only,uda,Hybrid,iris,R3,tabular,1,1.0149384,0.0,1.0149384,1.0149384,0,NVIDIA A100-SXM4-80GB,auto
matched_only,adsh,Margin-based inductive,adult,R3,tabular,1,40.429137600000004,0.0,40.429137600000004,40.429137600000004,0,NVIDIA A100-SXM4-80GB,auto
matched_only,adsh,Margin-based inductive,breast_cancer,R3,tabular,1,3.887792,0.0,3.887792,3.887792,0,Tesla V100-SXM2-32GB,auto
matched_only,adsh,Margin-based inductive,iris,R3,tabular,1,1.0619704,0.0,1.0619704,1.0619704,0,NVIDIA A100-SXM4-80GB,auto
matched_only,s4vm,Margin-based inductive,adult,R3,tabular,1,38.7716484,0.0,38.7716484,38.7716484,0,NVIDIA A100-SXM4-80GB,auto
matched_only,s4vm,Margin-based inductive,breast_cancer,R3,tabular,1,4.8425214,0.0,4.8425214,4.8425214,0,Tesla V100-SXM2-32GB,auto
matched_only,tsvm,Margin-based inductive,adult,R3,tabular,1,0.8360004,0.0,0.8360004,0.8360004,0,CPU,auto
matched_only,tsvm,Margin-based inductive,breast_cancer,R3,tabular,1,1.683814,0.0,1.683814,1.683814,0,CPU,auto
matched_only,laplace_learning,PDE/Variational,adult,R3,tabular,1,5.403233,0.0,5.403233,5.403233,0,Unknown,auto
matched_only,laplace_learning,PDE/Variational,breast_cancer,R3,tabular,1,1.9034217999999998,0.0,1.9034217999999998,1.9034217999999998,0,Unknown,auto
matched_only,laplace_learning,PDE/Variational,iris,R3,tabular,1,0.5412464,0.0,0.5412464,0.5412464,0,Unknown,auto
matched_only,p_laplace_learning,PDE/Variational,adult,R3,tabular,1,10987.305530399999,0.0,10987.305530399999,10987.305530399999,0,CPU,auto
matched_only,p_laplace_learning,PDE/Variational,breast_cancer,R3,tabular,1,32.743964399999996,0.0,32.743964399999996,32.743964399999996,0,CPU,auto
matched_only,p_laplace_learning,PDE/Variational,iris,R3,tabular,1,0.5691227999999999,0.0,0.5691227999999999,0.5691227999999999,0,CPU,auto
matched_only,poisson_learning,PDE/Variational,adult,R3,tabular,1,10.508823,0.0,10.508823,10.508823,0,Unknown,auto
matched_only,poisson_learning,PDE/Variational,breast_cancer,R3,tabular,1,2.1403554,0.0,2.1403554,2.1403554,0,Unknown,auto
matched_only,poisson_learning,PDE/Variational,iris,R3,tabular,1,0.6181016,0.0,0.6181016,0.6181016,0,Unknown,auto
matched_only,poisson_mbo,PDE/Variational,adult,R3,tabular,1,55.9265784,0.0,55.9265784,55.9265784,0,CPU,auto
matched_only,poisson_mbo,PDE/Variational,breast_cancer,R3,tabular,1,2.7774566,0.0,2.7774566,2.7774566,0,CPU,auto
matched_only,poisson_mbo,PDE/Variational,iris,R3,tabular,1,0.7391824,0.0,0.7391824,0.7391824,0,CPU,auto
matched_only,co_training,Wrappers,adult,R3,tabular,1,3.2096092,0.0,3.2096092,3.2096092,0,NVIDIA A100-SXM4-80GB,auto
matched_only,co_training,Wrappers,breast_cancer,R3,tabular,1,5.9807182,0.0,5.9807182,5.9807182,0,Tesla V100-SXM2-32GB,auto
matched_only,co_training,Wrappers,iris,R3,tabular,1,2.8762385999999998,0.0,2.8762385999999998,2.8762385999999998,0,NVIDIA A100-SXM4-80GB,auto
matched_only,deep_co_training,Wrappers,adult,R3,tabular,1,84.475294,0.0,84.475294,84.475294,0,NVIDIA A100-SXM4-80GB,auto
matched_only,deep_co_training,Wrappers,breast_cancer,R3,tabular,1,5.0210756,0.0,5.0210756,5.0210756,0,Tesla V100-SXM2-32GB,auto
matched_only,deep_co_training,Wrappers,iris,R3,tabular,1,1.1515786000000001,0.0,1.1515786000000001,1.1515786000000001,0,NVIDIA A100-SXM4-80GB,auto
matched_only,democratic_co_learning,Wrappers,adult,R3,tabular,1,161.7191872,0.0,161.7191872,161.7191872,0,NVIDIA A100-SXM4-80GB,auto
matched_only,democratic_co_learning,Wrappers,breast_cancer,R3,tabular,1,4.5783830000000005,0.0,4.5783830000000005,4.5783830000000005,0,Tesla V100-SXM2-32GB,auto
matched_only,democratic_co_learning,Wrappers,iris,R3,tabular,1,1.5685837999999999,0.0,1.5685837999999999,1.5685837999999999,0,NVIDIA A100-SXM4-80GB,auto
matched_only,pseudo_label,Wrappers,adult,R3,tabular,1,62.2523506,0.0,62.2523506,62.2523506,0,NVIDIA A100-SXM4-80GB,auto
matched_only,pseudo_label,Wrappers,breast_cancer,R3,tabular,1,4.6957436,0.0,4.6957436,4.6957436,0,Tesla V100-SXM2-32GB,auto
matched_only,pseudo_label,Wrappers,iris,R3,tabular,1,1.0519112000000002,0.0,1.0519112000000002,1.0519112000000002,0,NVIDIA A100-SXM4-80GB,auto
matched_only,self_training,Wrappers,adult,R3,tabular,1,62.571918200000006,0.0,62.571918200000006,62.571918200000006,0,NVIDIA A100-SXM4-80GB,auto
matched_only,self_training,Wrappers,breast_cancer,R3,tabular,1,4.3426054,0.0,4.3426054,4.3426054,0,Tesla V100-SXM2-32GB,auto
matched_only,self_training,Wrappers,iris,R3,tabular,1,1.064486,0.0,1.064486,1.064486,0,NVIDIA A100-SXM4-80GB,auto
matched_only,setred,Wrappers,adult,R3,tabular,1,2.0495446,0.0,2.0495446,2.0495446,0,NVIDIA A100-SXM4-80GB,auto
matched_only,setred,Wrappers,breast_cancer,R3,tabular,1,5.3425272,0.0,5.3425272,5.3425272,0,Tesla V100-SXM2-32GB,auto
matched_only,setred,Wrappers,iris,R3,tabular,1,1.1463804,0.0,1.1463804,1.1463804,0,NVIDIA A100-SXM4-80GB,auto
matched_only,tri_training,Wrappers,adult,R3,tabular,1,326.3281004,0.0,326.3281004,326.3281004,0,NVIDIA A100-SXM4-80GB,auto
matched_only,tri_training,Wrappers,breast_cancer,R3,tabular,1,7.0754544,0.0,7.0754544,7.0754544,0,Tesla V100-SXM2-32GB,auto
matched_only,tri_training,Wrappers,iris,R3,tabular,1,1.8788538,0.0,1.8788538,1.8788538,0,NVIDIA A100-SXM4-80GB,auto
matched_only,trinet,Wrappers,adult,R3,tabular,1,668.7274744,0.0,668.7274744,668.7274744,0,NVIDIA A100-SXM4-80GB,auto
matched_only,trinet,Wrappers,breast_cancer,R3,tabular,1,17.632516799999998,0.0,17.632516799999998,17.632516799999998,0,Tesla V100-SXM2-32GB,auto
matched_only,trinet,Wrappers,iris,R3,tabular,1,3.0838054,0.0,3.0838054,3.0838054,0,NVIDIA A100-SXM4-80GB,auto
matched_only,supervised,Baseline,ag_news,R3,text,1,5.1710768,0.0,5.1710768,5.1710768,0,NVIDIA A100-SXM4-80GB,auto
matched_only,supervised,Baseline,imdb,R3,text,1,2.1020738000000003,0.0,2.1020738000000003,2.1020738000000003,0,NVIDIA A100-SXM4-80GB,auto
matched_only,dynamic_label_propagation,Classical transductive,imdb,R3,text,1,826.2081718,0.0,826.2081718,826.2081718,0,Unknown,auto
matched_only,graph_mincuts,Classical transductive,imdb,R3,text,1,15.354453799999998,0.0,15.354453799999998,15.354453799999998,0,CPU,auto
matched_only,graphhop,Classical transductive,ag_news,R3,text,1,20.154991,0.0,20.154991,20.154991,0,Unknown,auto
matched_only,graphhop,Classical transductive,imdb,R3,text,1,24.2114212,0.0,24.2114212,24.2114212,0,Unknown,auto
matched_only,label_propagation,Classical transductive,ag_news,R3,text,1,1.474731,0.0,1.474731,1.474731,0,Unknown,auto
matched_only,label_propagation,Classical transductive,imdb,R3,text,1,1.0123492,0.0,1.0123492,1.0123492,0,Unknown,auto
matched_only,label_spreading,Classical transductive,ag_news,R3,text,1,1.381705,0.0,1.381705,1.381705,0,Unknown,auto
matched_only,label_spreading,Classical transductive,imdb,R3,text,1,0.8955578,0.0,0.8955578,0.8955578,0,Unknown,auto
matched_only,lazy_random_walk,Classical transductive,imdb,R3,text,1,20.2797614,0.0,20.2797614,20.2797614,0,Unknown,auto
matched_only,mean_teacher,Consistency,ag_news,R3,text,1,600.227463,0.0,600.227463,600.227463,0,NVIDIA A100-SXM4-80GB,auto
matched_only,mean_teacher,Consistency,imdb,R3,text,1,123.46426360000001,0.0,123.46426360000001,123.46426360000001,0,NVIDIA A100-SXM4-80GB,auto
matched_only,pi_model,Consistency,ag_news,R3,text,1,596.7807576,0.0,596.7807576,596.7807576,0,NVIDIA A100-SXM4-80GB,auto
matched_only,pi_model,Consistency,imdb,R3,text,1,122.63052239999999,0.0,122.63052239999999,122.63052239999999,0,NVIDIA A100-SXM4-80GB,auto
matched_only,temporal_ensembling,Consistency,ag_news,R3,text,1,750.4371553999999,0.0,750.4371553999999,750.4371553999999,0,NVIDIA A100-SXM4-80GB,auto
matched_only,temporal_ensembling,Consistency,imdb,R3,text,1,152.98752359999997,0.0,152.98752359999997,152.98752359999997,0,NVIDIA A100-SXM4-80GB,auto
matched_only,vat,Consistency,ag_news,R3,text,1,827.332606,0.0,827.332606,827.332606,0,NVIDIA A100-SXM4-80GB,auto
matched_only,vat,Consistency,imdb,R3,text,1,169.91830399999998,0.0,169.91830399999998,169.91830399999998,0,NVIDIA A100-SXM4-80GB,auto
matched_only,appnp,GNN,ag_news,R3,text,1,79.336539,0.0,79.336539,79.336539,0,Unknown,auto
matched_only,appnp,GNN,imdb,R3,text,1,15.9347038,0.0,15.9347038,15.9347038,0,Unknown,auto
matched_only,chebnet,GNN,ag_news,R3,text,1,82.690849,0.0,82.690849,82.690849,0,Unknown,auto
matched_only,chebnet,GNN,imdb,R3,text,1,1.6261942,0.0,1.6261942,1.6261942,0,Unknown,auto
matched_only,gat,GNN,ag_news,R3,text,1,21.235568,0.0,21.235568,21.235568,0,Unknown,auto
matched_only,gat,GNN,imdb,R3,text,1,3.0088104,0.0,3.0088104,3.0088104,0,Unknown,auto
matched_only,gcn,GNN,ag_news,R3,text,1,16.221908,0.0,16.221908,16.221908,0,Unknown,auto
matched_only,gcn,GNN,imdb,R3,text,1,1.500778,0.0,1.500778,1.500778,0,Unknown,auto
matched_only,gcnii,GNN,ag_news,R3,text,1,33.578536,0.0,33.578536,33.578536,0,Unknown,auto
matched_only,gcnii,GNN,imdb,R3,text,1,5.844393,0.0,5.844393,5.844393,0,Unknown,auto
matched_only,grafn,GNN,ag_news,R3,text,1,28.116752,0.0,28.116752,28.116752,0,Unknown,auto
matched_only,grafn,GNN,imdb,R3,text,1,3.2434004,0.0,3.2434004,3.2434004,0,Unknown,auto
matched_only,grand,GNN,ag_news,R3,text,1,8.273104,0.0,8.273104,8.273104,0,Unknown,auto
matched_only,grand,GNN,imdb,R3,text,1,2.1120266,0.0,2.1120266,2.1120266,0,Unknown,auto
matched_only,graphsage,GNN,ag_news,R3,text,1,3.328236,0.0,3.328236,3.328236,0,Unknown,auto
matched_only,graphsage,GNN,imdb,R3,text,1,1.4404794,0.0,1.4404794,1.4404794,0,Unknown,auto
matched_only,h_gcn,GNN,imdb,R3,text,1,256.27543219999995,0.0,256.27543219999995,256.27543219999995,0,Unknown,auto
matched_only,n_gcn,GNN,imdb,R3,text,1,177.87978379999998,0.0,177.87978379999998,177.87978379999998,0,Unknown,auto
matched_only,planetoid,GNN,ag_news,R3,text,1,4233.365791,0.0,4233.365791,4233.365791,0,Unknown,auto
matched_only,planetoid,GNN,imdb,R3,text,1,995.1048871999999,0.0,995.1048871999999,995.1048871999999,0,Unknown,auto
matched_only,sgc,GNN,ag_news,R3,text,1,2.679291,0.0,2.679291,2.679291,0,Unknown,auto
matched_only,sgc,GNN,imdb,R3,text,1,2.6800138000000002,0.0,2.6800138000000002,2.6800138000000002,0,Unknown,auto
matched_only,adamatch,Hybrid,ag_news,R3,text,1,612.7567455999999,0.0,612.7567455999999,612.7567455999999,0,NVIDIA A100-SXM4-80GB,auto
matched_only,adamatch,Hybrid,imdb,R3,text,1,130.1132508,0.0,130.1132508,130.1132508,0,NVIDIA A100-SXM4-80GB,auto
matched_only,comatch,Hybrid,ag_news,R3,text,1,945.1144058,0.0,945.1144058,945.1144058,0,NVIDIA A100-SXM4-80GB,auto
matched_only,comatch,Hybrid,imdb,R3,text,1,193.7053118,0.0,193.7053118,193.7053118,0,NVIDIA A100-SXM4-80GB,auto
matched_only,daso,Hybrid,ag_news,R3,text,1,744.2467874,0.0,744.2467874,744.2467874,0,NVIDIA A100-SXM4-80GB,auto
matched_only,daso,Hybrid,imdb,R3,text,1,146.6763558,0.0,146.6763558,146.6763558,0,NVIDIA A100-SXM4-80GB,auto
matched_only,defixmatch,Hybrid,ag_news,R3,text,1,747.855426,0.0,747.855426,747.855426,0,NVIDIA A100-SXM4-80GB,auto
matched_only,defixmatch,Hybrid,imdb,R3,text,1,151.2506252,0.0,151.2506252,151.2506252,0,NVIDIA A100-SXM4-80GB,auto
matched_only,fixmatch,Hybrid,ag_news,R3,text,1,601.6267518000001,0.0,601.6267518000001,601.6267518000001,0,NVIDIA A100-SXM4-80GB,auto
matched_only,fixmatch,Hybrid,imdb,R3,text,1,122.93673960000001,0.0,122.93673960000001,122.93673960000001,0,NVIDIA A100-SXM4-80GB,auto
matched_only,flexmatch,Hybrid,ag_news,R3,text,1,638.7352758,0.0,638.7352758,638.7352758,0,NVIDIA A100-SXM4-80GB,auto
matched_only,flexmatch,Hybrid,imdb,R3,text,1,127.00150699999999,0.0,127.00150699999999,127.00150699999999,0,NVIDIA A100-SXM4-80GB,auto
matched_only,free_match,Hybrid,ag_news,R3,text,1,658.598075,0.0,658.598075,658.598075,0,NVIDIA A100-SXM4-80GB,auto
matched_only,free_match,Hybrid,imdb,R3,text,1,136.2526554,0.0,136.2526554,136.2526554,0,NVIDIA A100-SXM4-80GB,auto
matched_only,meta_pseudo_labels,Hybrid,ag_news,R3,text,1,1581.4017675999999,0.0,1581.4017675999999,1581.4017675999999,0,NVIDIA A100-SXM4-80GB,auto
matched_only,meta_pseudo_labels,Hybrid,imdb,R3,text,1,206.6142044,0.0,206.6142044,206.6142044,0,NVIDIA A100-SXM4-80GB,auto
matched_only,mixmatch,Hybrid,ag_news,R3,text,1,999.3457775999999,0.0,999.3457775999999,999.3457775999999,0,NVIDIA A100-SXM4-80GB,auto
matched_only,mixmatch,Hybrid,imdb,R3,text,1,205.4039272,0.0,205.4039272,205.4039272,0,NVIDIA A100-SXM4-80GB,auto
matched_only,noisy_student,Hybrid,ag_news,R3,text,1,615.2271496,0.0,615.2271496,615.2271496,0,NVIDIA A100-SXM4-80GB,auto
matched_only,noisy_student,Hybrid,imdb,R3,text,1,126.60677419999999,0.0,126.60677419999999,126.60677419999999,0,NVIDIA A100-SXM4-80GB,auto
matched_only,simclr_v2,Hybrid,ag_news,R3,text,1,385.41588540000004,0.0,385.41588540000004,385.41588540000004,0,NVIDIA A100-SXM4-80GB,auto
matched_only,simclr_v2,Hybrid,imdb,R3,text,1,56.521848399999996,0.0,56.521848399999996,56.521848399999996,0,NVIDIA A100-SXM4-80GB,auto
matched_only,softmatch,Hybrid,ag_news,R3,text,1,609.6293880000001,0.0,609.6293880000001,609.6293880000001,0,NVIDIA A100-SXM4-80GB,auto
matched_only,softmatch,Hybrid,imdb,R3,text,1,124.9370446,0.0,124.9370446,124.9370446,0,NVIDIA A100-SXM4-80GB,auto
matched_only,uda,Hybrid,ag_news,R3,text,1,613.273859,0.0,613.273859,613.273859,0,NVIDIA A100-SXM4-80GB,auto
matched_only,uda,Hybrid,imdb,R3,text,1,123.554696,0.0,123.554696,123.554696,0,NVIDIA A100-SXM4-80GB,auto
matched_only,adsh,Margin-based inductive,ag_news,R3,text,1,724.457882,0.0,724.457882,724.457882,0,NVIDIA A100-SXM4-80GB,auto
matched_only,adsh,Margin-based inductive,imdb,R3,text,1,148.794512,0.0,148.794512,148.794512,0,NVIDIA A100-SXM4-80GB,auto
matched_only,tsvm,Margin-based inductive,imdb,R3,text,1,1.124603,0.0,1.124603,1.124603,0,CPU,auto
matched_only,laplace_learning,PDE/Variational,imdb,R3,text,1,5.8974916,0.0,5.8974916,5.8974916,0,Unknown,auto
matched_only,p_laplace_learning,PDE/Variational,ag_news,R3,text,1,38165.030654,0.0,38165.030654,38165.030654,0,CPU,auto
matched_only,p_laplace_learning,PDE/Variational,imdb,R3,text,1,3443.2147288,0.0,3443.2147288,3443.2147288,0,CPU,auto
matched_only,poisson_learning,PDE/Variational,ag_news,R3,text,1,42.40517,0.0,42.40517,42.40517,0,Unknown,auto
matched_only,poisson_learning,PDE/Variational,imdb,R3,text,1,1.5317316,0.0,1.5317316,1.5317316,0,Unknown,auto
matched_only,poisson_mbo,PDE/Variational,ag_news,R3,text,1,156.218155,0.0,156.218155,156.218155,0,CPU,auto
matched_only,poisson_mbo,PDE/Variational,imdb,R3,text,1,61.1408672,0.0,61.1408672,61.1408672,0,CPU,auto
matched_only,co_training,Wrappers,ag_news,R3,text,1,3.4370624,0.0,3.4370624,3.4370624,0,Unknown,auto
matched_only,co_training,Wrappers,imdb,R3,text,1,29.4769382,0.0,29.4769382,29.4769382,0,Unknown,auto
matched_only,deep_co_training,Wrappers,ag_news,R3,text,1,1380.700227,0.0,1380.700227,1380.700227,0,NVIDIA A100-SXM4-80GB,auto
matched_only,deep_co_training,Wrappers,imdb,R3,text,1,281.7387056,0.0,281.7387056,281.7387056,0,NVIDIA A100-SXM4-80GB,auto
matched_only,setred,Wrappers,ag_news,R3,text,1,1.0111272,0.0,1.0111272,1.0111272,0,Unknown,auto
matched_only,setred,Wrappers,imdb,R3,text,1,1.7756671999999998,0.0,1.7756671999999998,1.7756671999999998,0,Unknown,auto
matched_only,supervised,Baseline,cifar10,R3,vision,1,2.3895206,0.0,2.3895206,2.3895206,0,NVIDIA A100-SXM4-80GB,auto
matched_only,supervised,Baseline,cifar100,R3,vision,1,2.1971982,0.0,2.1971982,2.1971982,0,NVIDIA A100-SXM4-80GB,auto
matched_only,supervised,Baseline,mnist,R3,vision,1,2.5977536,0.0,2.5977536,2.5977536,0,NVIDIA A100-SXM4-80GB,auto
matched_only,graph_mincuts,Classical transductive,cifar100,R3,vision,1,0.4094042,0.0,0.4094042,0.4094042,0,CPU,auto
matched_only,graph_mincuts,Classical transductive,mnist,R3,vision,1,0.42375100000000004,0.0,0.42375100000000004,0.42375100000000004,0,CPU,auto
matched_only,graphhop,Classical transductive,cifar10,R3,vision,1,16.545007,0.0,16.545007,16.545007,0,Unknown,auto
matched_only,graphhop,Classical transductive,cifar100,R3,vision,1,30.882245,0.0,30.882245,30.882245,0,Unknown,auto
matched_only,graphhop,Classical transductive,mnist,R3,vision,1,16.9699468,0.0,16.9699468,16.9699468,0,Unknown,auto
matched_only,label_propagation,Classical transductive,cifar10,R3,vision,1,0.794416,0.0,0.794416,0.794416,0,Unknown,auto
matched_only,label_propagation,Classical transductive,cifar100,R3,vision,1,1.0028312,0.0,1.0028312,1.0028312,0,Unknown,auto
matched_only,label_propagation,Classical transductive,mnist,R3,vision,1,0.9727332000000001,0.0,0.9727332000000001,0.9727332000000001,0,Unknown,auto
matched_only,label_spreading,Classical transductive,cifar10,R3,vision,1,0.679316,0.0,0.679316,0.679316,0,Unknown,auto
matched_only,label_spreading,Classical transductive,cifar100,R3,vision,1,0.6879137999999999,0.0,0.6879137999999999,0.6879137999999999,0,Unknown,auto
matched_only,label_spreading,Classical transductive,mnist,R3,vision,1,0.5149438,0.0,0.5149438,0.5149438,0,Unknown,auto
matched_only,lazy_random_walk,Classical transductive,cifar100,R3,vision,1,0.39479319999999996,0.0,0.39479319999999996,0.39479319999999996,0,Unknown,auto
matched_only,lazy_random_walk,Classical transductive,mnist,R3,vision,1,0.657513,0.0,0.657513,0.657513,0,Unknown,auto
matched_only,mean_teacher,Consistency,cifar10,R3,vision,1,266.953367,0.0,266.953367,266.953367,0,NVIDIA A100-SXM4-80GB,auto
matched_only,mean_teacher,Consistency,cifar100,R3,vision,1,254.946748,0.0,254.946748,254.946748,0,NVIDIA A100-SXM4-80GB,auto
matched_only,mean_teacher,Consistency,mnist,R3,vision,1,309.8181994,0.0,309.8181994,309.8181994,0,NVIDIA A100-SXM4-80GB,auto
matched_only,pi_model,Consistency,cifar10,R3,vision,1,282.8607618,0.0,282.8607618,282.8607618,0,NVIDIA A100-SXM4-80GB,auto
matched_only,pi_model,Consistency,cifar100,R3,vision,1,261.492908,0.0,261.492908,261.492908,0,NVIDIA A100-SXM4-80GB,auto
matched_only,pi_model,Consistency,mnist,R3,vision,1,347.63737860000003,0.0,347.63737860000003,347.63737860000003,0,NVIDIA A100-SXM4-80GB,auto
matched_only,temporal_ensembling,Consistency,cifar10,R3,vision,1,299.2455786,0.0,299.2455786,299.2455786,0,NVIDIA A100-SXM4-80GB,auto
matched_only,temporal_ensembling,Consistency,cifar100,R3,vision,1,289.1740638,0.0,289.1740638,289.1740638,0,NVIDIA A100-SXM4-80GB,auto
matched_only,temporal_ensembling,Consistency,mnist,R3,vision,1,370.0877,0.0,370.0877,370.0877,0,NVIDIA A100-SXM4-80GB,auto
matched_only,vat,Consistency,cifar10,R3,vision,1,377.0753472,0.0,377.0753472,377.0753472,0,NVIDIA A100-SXM4-80GB,auto
matched_only,vat,Consistency,cifar100,R3,vision,1,358.915369,0.0,358.915369,358.915369,0,NVIDIA A100-SXM4-80GB,auto
matched_only,vat,Consistency,mnist,R3,vision,1,439.80538479999996,0.0,439.80538479999996,439.80538479999996,0,NVIDIA A100-SXM4-80GB,auto
matched_only,appnp,GNN,cifar10,R3,vision,1,26.3574,0.0,26.3574,26.3574,0,Unknown,auto
matched_only,appnp,GNN,cifar100,R3,vision,1,27.182070799999998,0.0,27.182070799999998,27.182070799999998,0,Unknown,auto
matched_only,appnp,GNN,mnist,R3,vision,1,1.6489996000000002,0.0,1.6489996000000002,1.6489996000000002,0,Unknown,auto
matched_only,chebnet,GNN,cifar10,R3,vision,1,3.839889,0.0,3.839889,3.839889,0,Unknown,auto
matched_only,chebnet,GNN,cifar100,R3,vision,1,3.2362242,0.0,3.2362242,3.2362242,0,Unknown,auto
matched_only,chebnet,GNN,mnist,R3,vision,1,3.4408782,0.0,3.4408782,3.4408782,0,Unknown,auto
matched_only,gat,GNN,cifar10,R3,vision,1,4.296054,0.0,4.296054,4.296054,0,Unknown,auto
matched_only,gat,GNN,cifar100,R3,vision,1,4.0396842,0.0,4.0396842,4.0396842,0,Unknown,auto
matched_only,gat,GNN,mnist,R3,vision,1,3.9776283999999995,0.0,3.9776283999999995,3.9776283999999995,0,Unknown,auto
matched_only,gcn,GNN,cifar10,R3,vision,1,2.42952,0.0,2.42952,2.42952,0,Unknown,auto
matched_only,gcn,GNN,cifar100,R3,vision,1,1.3378828,0.0,1.3378828,1.3378828,0,Unknown,auto
matched_only,gcn,GNN,mnist,R3,vision,1,1.1153784,0.0,1.1153784,1.1153784,0,Unknown,auto
matched_only,gcnii,GNN,cifar10,R3,vision,1,9.276538,0.0,9.276538,9.276538,0,Unknown,auto
matched_only,gcnii,GNN,cifar100,R3,vision,1,6.0925644,0.0,6.0925644,6.0925644,0,Unknown,auto
matched_only,gcnii,GNN,mnist,R3,vision,1,8.3796944,0.0,8.3796944,8.3796944,0,Unknown,auto
matched_only,grafn,GNN,cifar10,R3,vision,1,5.097146,0.0,5.097146,5.097146,0,Unknown,auto
matched_only,grafn,GNN,cifar100,R3,vision,1,4.0073282,0.0,4.0073282,4.0073282,0,Unknown,auto
matched_only,grafn,GNN,mnist,R3,vision,1,6.646313999999999,0.0,6.646313999999999,6.646313999999999,0,Unknown,auto
matched_only,grand,GNN,cifar10,R3,vision,1,14.077974,0.0,14.077974,14.077974,0,Unknown,auto
matched_only,grand,GNN,cifar100,R3,vision,1,18.974795800000003,0.0,18.974795800000003,18.974795800000003,0,Unknown,auto
matched_only,grand,GNN,mnist,R3,vision,1,31.662753400000003,0.0,31.662753400000003,31.662753400000003,0,Unknown,auto
matched_only,graphsage,GNN,cifar10,R3,vision,1,6.585875,0.0,6.585875,6.585875,0,Unknown,auto
matched_only,graphsage,GNN,cifar100,R3,vision,1,1.957225,0.0,1.957225,1.957225,0,Unknown,auto
matched_only,graphsage,GNN,mnist,R3,vision,1,2.1913588,0.0,2.1913588,2.1913588,0,Unknown,auto
matched_only,h_gcn,GNN,cifar100,R3,vision,1,518.0962907999999,0.0,518.0962907999999,518.0962907999999,0,Unknown,auto
matched_only,planetoid,GNN,cifar10,R3,vision,1,1288.227765,0.0,1288.227765,1288.227765,0,Unknown,auto
matched_only,planetoid,GNN,cifar100,R3,vision,1,1305.177611,0.0,1305.177611,1305.177611,0,Unknown,auto
matched_only,planetoid,GNN,mnist,R3,vision,1,1592.7631832000002,0.0,1592.7631832000002,1592.7631832000002,0,Unknown,auto
matched_only,sgc,GNN,cifar10,R3,vision,1,2.246212,0.0,2.246212,2.246212,0,Unknown,auto
matched_only,sgc,GNN,cifar100,R3,vision,1,5.834072,0.0,5.834072,5.834072,0,Unknown,auto
matched_only,sgc,GNN,mnist,R3,vision,1,0.7904846,0.0,0.7904846,0.7904846,0,Unknown,auto
matched_only,adamatch,Hybrid,cifar10,R3,vision,1,282.416376,0.0,282.416376,282.416376,0,NVIDIA A100-SXM4-80GB,auto
matched_only,adamatch,Hybrid,cifar100,R3,vision,1,272.560033,0.0,272.560033,272.560033,0,NVIDIA A100-SXM4-80GB,auto
matched_only,adamatch,Hybrid,mnist,R3,vision,1,335.0277346,0.0,335.0277346,335.0277346,0,NVIDIA A100-SXM4-80GB,auto
matched_only,comatch,Hybrid,cifar10,R3,vision,1,391.961756,0.0,391.961756,391.961756,0,NVIDIA A100-SXM4-80GB,auto
matched_only,comatch,Hybrid,cifar100,R3,vision,1,384.680078,0.0,384.680078,384.680078,0,NVIDIA A100-SXM4-80GB,auto
matched_only,comatch,Hybrid,mnist,R3,vision,1,495.8944778,0.0,495.8944778,495.8944778,0,NVIDIA A100-SXM4-80GB,auto
matched_only,daso,Hybrid,cifar10,R3,vision,1,355.577912,0.0,355.577912,355.577912,0,NVIDIA A100-SXM4-80GB,auto
matched_only,daso,Hybrid,cifar100,R3,vision,1,512.833004,0.0,512.833004,512.833004,0,NVIDIA A100-SXM4-80GB,auto
matched_only,daso,Hybrid,mnist,R3,vision,1,445.73317660000004,0.0,445.73317660000004,445.73317660000004,0,NVIDIA A100-SXM4-80GB,auto
matched_only,defixmatch,Hybrid,cifar10,R3,vision,1,369.684361,0.0,369.684361,369.684361,0,NVIDIA A100-SXM4-80GB,auto
matched_only,defixmatch,Hybrid,cifar100,R3,vision,1,357.0890224,0.0,357.0890224,357.0890224,0,NVIDIA A100-SXM4-80GB,auto
matched_only,defixmatch,Hybrid,mnist,R3,vision,1,458.9533404,0.0,458.9533404,458.9533404,0,NVIDIA A100-SXM4-80GB,auto
matched_only,fixmatch,Hybrid,cifar10,R3,vision,1,271.637851,0.0,271.637851,271.637851,0,NVIDIA A100-SXM4-80GB,auto
matched_only,fixmatch,Hybrid,cifar100,R3,vision,1,259.9499812,0.0,259.9499812,259.9499812,0,NVIDIA A100-SXM4-80GB,auto
matched_only,fixmatch,Hybrid,mnist,R3,vision,1,332.8947194,0.0,332.8947194,332.8947194,0,NVIDIA A100-SXM4-80GB,auto
matched_only,flexmatch,Hybrid,cifar10,R3,vision,1,342.66342,0.0,342.66342,342.66342,0,NVIDIA A100-SXM4-80GB,auto
matched_only,flexmatch,Hybrid,cifar100,R3,vision,1,332.13505100000003,0.0,332.13505100000003,332.13505100000003,0,NVIDIA A100-SXM4-80GB,auto
matched_only,flexmatch,Hybrid,mnist,R3,vision,1,370.481666,0.0,370.481666,370.481666,0,NVIDIA A100-SXM4-80GB,auto
matched_only,free_match,Hybrid,cifar10,R3,vision,1,305.467318,0.0,305.467318,305.467318,0,NVIDIA A100-SXM4-80GB,auto
matched_only,free_match,Hybrid,cifar100,R3,vision,1,284.7252714,0.0,284.7252714,284.7252714,0,NVIDIA A100-SXM4-80GB,auto
matched_only,free_match,Hybrid,mnist,R3,vision,1,345.9438884,0.0,345.9438884,345.9438884,0,NVIDIA A100-SXM4-80GB,auto
matched_only,meta_pseudo_labels,Hybrid,cifar10,R3,vision,1,494.2177894,0.0,494.2177894,494.2177894,0,NVIDIA A100-SXM4-80GB,auto
matched_only,meta_pseudo_labels,Hybrid,cifar100,R3,vision,1,472.4357446,0.0,472.4357446,472.4357446,0,NVIDIA A100-SXM4-80GB,auto
matched_only,meta_pseudo_labels,Hybrid,mnist,R3,vision,1,594.4125750000001,0.0,594.4125750000001,594.4125750000001,0,NVIDIA A100-SXM4-80GB,auto
matched_only,mixmatch,Hybrid,cifar10,R3,vision,1,238.0107348,0.0,238.0107348,238.0107348,0,NVIDIA A100-SXM4-80GB,auto
matched_only,mixmatch,Hybrid,cifar100,R3,vision,1,225.76500240000001,0.0,225.76500240000001,225.76500240000001,0,NVIDIA A100-SXM4-80GB,auto
matched_only,mixmatch,Hybrid,mnist,R3,vision,1,289.4209672,0.0,289.4209672,289.4209672,0,NVIDIA A100-SXM4-80GB,auto
matched_only,noisy_student,Hybrid,cifar10,R3,vision,1,256.4768556,0.0,256.4768556,256.4768556,0,NVIDIA A100-SXM4-80GB,auto
matched_only,noisy_student,Hybrid,cifar100,R3,vision,1,237.821148,0.0,237.821148,237.821148,0,NVIDIA A100-SXM4-80GB,auto
matched_only,noisy_student,Hybrid,mnist,R3,vision,1,301.69227620000004,0.0,301.69227620000004,301.69227620000004,0,NVIDIA A100-SXM4-80GB,auto
matched_only,simclr_v2,Hybrid,cifar10,R3,vision,1,130.76655499999998,0.0,130.76655499999998,130.76655499999998,0,NVIDIA A100-SXM4-80GB,auto
matched_only,simclr_v2,Hybrid,cifar100,R3,vision,1,107.58131699999998,0.0,107.58131699999998,107.58131699999998,0,NVIDIA A100-SXM4-80GB,auto
matched_only,simclr_v2,Hybrid,mnist,R3,vision,1,131.2561172,0.0,131.2561172,131.2561172,0,NVIDIA A100-SXM4-80GB,auto
matched_only,softmatch,Hybrid,cifar10,R3,vision,1,275.2731824,0.0,275.2731824,275.2731824,0,NVIDIA A100-SXM4-80GB,auto
matched_only,softmatch,Hybrid,cifar100,R3,vision,1,261.70917199999997,0.0,261.70917199999997,261.70917199999997,0,NVIDIA A100-SXM4-80GB,auto
matched_only,softmatch,Hybrid,mnist,R3,vision,1,344.18495,0.0,344.18495,344.18495,0,NVIDIA A100-SXM4-80GB,auto
matched_only,uda,Hybrid,cifar10,R3,vision,1,272.0218342,0.0,272.0218342,272.0218342,0,NVIDIA A100-SXM4-80GB,auto
matched_only,uda,Hybrid,cifar100,R3,vision,1,280.4382112,0.0,280.4382112,280.4382112,0,NVIDIA A100-SXM4-80GB,auto
matched_only,uda,Hybrid,mnist,R3,vision,1,326.2251546,0.0,326.2251546,326.2251546,0,NVIDIA A100-SXM4-80GB,auto
matched_only,adsh,Margin-based inductive,cifar10,R3,vision,1,304.907328,0.0,304.907328,304.907328,0,NVIDIA A100-SXM4-80GB,auto
matched_only,adsh,Margin-based inductive,cifar100,R3,vision,1,356.614303,0.0,356.614303,356.614303,0,NVIDIA A100-SXM4-80GB,auto
matched_only,adsh,Margin-based inductive,mnist,R3,vision,1,378.49401739999996,0.0,378.49401739999996,378.49401739999996,0,NVIDIA A100-SXM4-80GB,auto
matched_only,laplace_learning,PDE/Variational,cifar100,R3,vision,1,78.8707424,0.0,78.8707424,78.8707424,0,Unknown,auto
matched_only,laplace_learning,PDE/Variational,mnist,R3,vision,1,13.6729958,0.0,13.6729958,13.6729958,0,Unknown,auto
matched_only,poisson_learning,PDE/Variational,cifar10,R3,vision,1,44.838155,0.0,44.838155,44.838155,0,Unknown,auto
matched_only,poisson_learning,PDE/Variational,cifar100,R3,vision,1,443.183553,0.0,443.183553,443.183553,0,Unknown,auto
matched_only,poisson_learning,PDE/Variational,mnist,R3,vision,1,56.203171399999995,0.0,56.203171399999995,56.203171399999995,0,Unknown,auto
matched_only,poisson_mbo,PDE/Variational,cifar10,R3,vision,1,124.051754,0.0,124.051754,124.051754,0,CPU,auto
matched_only,poisson_mbo,PDE/Variational,cifar100,R3,vision,1,947.475879,0.0,947.475879,947.475879,0,CPU,auto
matched_only,poisson_mbo,PDE/Variational,mnist,R3,vision,1,162.03283140000002,0.0,162.03283140000002,162.03283140000002,0,CPU,auto
matched_only,co_training,Wrappers,cifar10,R3,vision,1,9.474669,0.0,9.474669,9.474669,0,Unknown,auto
matched_only,co_training,Wrappers,cifar100,R3,vision,1,2991.817496,0.0,2991.817496,2991.817496,0,Unknown,auto
matched_only,co_training,Wrappers,mnist,R3,vision,1,7.633221399999999,0.0,7.633221399999999,7.633221399999999,0,Unknown,auto
matched_only,deep_co_training,Wrappers,cifar10,R3,vision,1,689.7583988,0.0,689.7583988,689.7583988,0,NVIDIA A100-SXM4-80GB,auto
matched_only,deep_co_training,Wrappers,cifar100,R3,vision,1,609.0174801999999,0.0,609.0174801999999,609.0174801999999,0,NVIDIA A100-SXM4-80GB,auto
matched_only,deep_co_training,Wrappers,mnist,R3,vision,1,768.5246030000001,0.0,768.5246030000001,768.5246030000001,0,NVIDIA A100-SXM4-80GB,auto
matched_only,democratic_co_learning,Wrappers,cifar10,R3,vision,1,2087.309075,0.0,2087.309075,2087.309075,0,NVIDIA A100-SXM4-80GB,auto
matched_only,democratic_co_learning,Wrappers,cifar100,R3,vision,1,1065.3594644,0.0,1065.3594644,1065.3594644,0,NVIDIA A100-SXM4-80GB,auto
matched_only,democratic_co_learning,Wrappers,mnist,R3,vision,1,1464.7185158,0.0,1464.7185158,1464.7185158,0,NVIDIA A100-SXM4-80GB,auto
matched_only,pseudo_label,Wrappers,cifar10,R3,vision,1,2.7968629999999997,0.0,2.7968629999999997,2.7968629999999997,0,NVIDIA A100-SXM4-80GB,auto
matched_only,pseudo_label,Wrappers,cifar100,R3,vision,1,3.122433,0.0,3.122433,3.122433,0,NVIDIA A100-SXM4-80GB,auto
matched_only,pseudo_label,Wrappers,mnist,R3,vision,1,3.2502964,0.0,3.2502964,3.2502964,0,NVIDIA A100-SXM4-80GB,auto
matched_only,self_training,Wrappers,cifar10,R3,vision,1,2.029709,0.0,2.029709,2.029709,0,NVIDIA A100-SXM4-80GB,auto
matched_only,self_training,Wrappers,cifar100,R3,vision,1,2.8724628,0.0,2.8724628,2.8724628,0,NVIDIA A100-SXM4-80GB,auto
matched_only,self_training,Wrappers,mnist,R3,vision,1,1.9327168000000001,0.0,1.9327168000000001,1.9327168000000001,0,NVIDIA A100-SXM4-80GB,auto
matched_only,setred,Wrappers,cifar10,R3,vision,1,4.5985324,0.0,4.5985324,4.5985324,0,Unknown,auto
matched_only,setred,Wrappers,cifar100,R3,vision,1,305.0192672,0.0,305.0192672,305.0192672,0,Unknown,auto
matched_only,setred,Wrappers,mnist,R3,vision,1,4.5358545999999995,0.0,4.5358545999999995,4.5358545999999995,0,Unknown,auto
matched_only,tri_training,Wrappers,cifar10,R3,vision,1,2461.4352268,0.0,2461.4352268,2461.4352268,0,NVIDIA A100-SXM4-80GB,auto
matched_only,tri_training,Wrappers,cifar100,R3,vision,1,2373.797767,0.0,2373.797767,2373.797767,0,NVIDIA A100-SXM4-80GB,auto
matched_only,tri_training,Wrappers,mnist,R3,vision,1,2937.299156,0.0,2937.299156,2937.299156,0,NVIDIA A100-SXM4-80GB,auto
matched_only,supervised,Baseline,citeseer,R4,graph,1,1.3408158000000001,0.0,1.3408158000000001,1.3408158000000001,0,NVIDIA A100-SXM4-80GB,auto
matched_only,supervised,Baseline,cora,R4,graph,1,1.6838153999999999,0.0,1.6838153999999999,1.6838153999999999,0,Tesla V100-SXM2-32GB,auto
matched_only,supervised,Baseline,pubmed,R4,graph,1,1.3053644,0.0,1.3053644,1.3053644,0,NVIDIA A100-SXM4-80GB,auto
matched_only,dynamic_label_propagation,Classical transductive,citeseer,R4,graph,1,0.4618372,0.0,0.4618372,0.4618372,0,Unknown,auto
matched_only,dynamic_label_propagation,Classical transductive,cora,R4,graph,1,0.6296132,0.0,0.6296132,0.6296132,0,Unknown,auto
matched_only,dynamic_label_propagation,Classical transductive,pubmed,R4,graph,1,52.737332,0.0,52.737332,52.737332,0,Unknown,auto
matched_only,graph_mincuts,Classical transductive,citeseer,R4,graph,1,0.20828059999999998,0.0,0.20828059999999998,0.20828059999999998,0,CPU,auto
matched_only,graph_mincuts,Classical transductive,cora,R4,graph,1,0.21374520000000002,0.0,0.21374520000000002,0.21374520000000002,0,CPU,auto
matched_only,graph_mincuts,Classical transductive,pubmed,R4,graph,1,0.1748584,0.0,0.1748584,0.1748584,0,CPU,auto
matched_only,graphhop,Classical transductive,citeseer,R4,graph,1,11.828216399999999,0.0,11.828216399999999,11.828216399999999,0,Unknown,auto
matched_only,graphhop,Classical transductive,cora,R4,graph,1,16.0597426,0.0,16.0597426,16.0597426,0,Unknown,auto
matched_only,graphhop,Classical transductive,pubmed,R4,graph,1,15.0295286,0.0,15.0295286,15.0295286,0,Unknown,auto
matched_only,label_propagation,Classical transductive,citeseer,R4,graph,1,0.2066926,0.0,0.2066926,0.2066926,0,Unknown,auto
matched_only,label_propagation,Classical transductive,cora,R4,graph,1,0.220891,0.0,0.220891,0.220891,0,Unknown,auto
matched_only,label_propagation,Classical transductive,pubmed,R4,graph,1,0.1944504,0.0,0.1944504,0.1944504,0,Unknown,auto
matched_only,label_spreading,Classical transductive,citeseer,R4,graph,1,0.1874594,0.0,0.1874594,0.1874594,0,Unknown,auto
matched_only,label_spreading,Classical transductive,cora,R4,graph,1,0.2093842,0.0,0.2093842,0.2093842,0,Unknown,auto
matched_only,label_spreading,Classical transductive,pubmed,R4,graph,1,0.187263,0.0,0.187263,0.187263,0,Unknown,auto
matched_only,lazy_random_walk,Classical transductive,citeseer,R4,graph,1,0.16257419999999997,0.0,0.16257419999999997,0.16257419999999997,0,Unknown,auto
matched_only,lazy_random_walk,Classical transductive,cora,R4,graph,1,0.2407188,0.0,0.2407188,0.2407188,0,Unknown,auto
matched_only,lazy_random_walk,Classical transductive,pubmed,R4,graph,1,1.7200389999999999,0.0,1.7200389999999999,1.7200389999999999,0,Unknown,auto
matched_only,mean_teacher,Consistency,citeseer,R4,graph,1,1.4321568,0.0,1.4321568,1.4321568,0,NVIDIA A100-SXM4-80GB,auto
matched_only,mean_teacher,Consistency,cora,R4,graph,1,1.83945,0.0,1.83945,1.83945,0,Tesla V100-SXM2-32GB,auto
matched_only,mean_teacher,Consistency,pubmed,R4,graph,1,1.4445036,0.0,1.4445036,1.4445036,0,NVIDIA A100-SXM4-80GB,auto
matched_only,pi_model,Consistency,citeseer,R4,graph,1,1.3839158,0.0,1.3839158,1.3839158,0,NVIDIA A100-SXM4-80GB,auto
matched_only,pi_model,Consistency,cora,R4,graph,1,1.753796,0.0,1.753796,1.753796,0,Tesla V100-SXM2-32GB,auto
matched_only,pi_model,Consistency,pubmed,R4,graph,1,1.4345034,0.0,1.4345034,1.4345034,0,NVIDIA A100-SXM4-80GB,auto
matched_only,temporal_ensembling,Consistency,citeseer,R4,graph,1,1.4564362000000002,0.0,1.4564362000000002,1.4564362000000002,0,NVIDIA A100-SXM4-80GB,auto
matched_only,temporal_ensembling,Consistency,cora,R4,graph,1,1.825591,0.0,1.825591,1.825591,0,Tesla V100-SXM2-32GB,auto
matched_only,temporal_ensembling,Consistency,pubmed,R4,graph,1,1.4427964,0.0,1.4427964,1.4427964,0,NVIDIA A100-SXM4-80GB,auto
matched_only,vat,Consistency,citeseer,R4,graph,1,1.568978,0.0,1.568978,1.568978,0,NVIDIA A100-SXM4-80GB,auto
matched_only,vat,Consistency,cora,R4,graph,1,1.8647618000000001,0.0,1.8647618000000001,1.8647618000000001,0,Tesla V100-SXM2-32GB,auto
matched_only,vat,Consistency,pubmed,R4,graph,1,1.4918002000000001,0.0,1.4918002000000001,1.4918002000000001,0,NVIDIA A100-SXM4-80GB,auto
matched_only,appnp,GNN,citeseer,R4,graph,1,0.936224,0.0,0.936224,0.936224,0,Unknown,auto
matched_only,appnp,GNN,cora,R4,graph,1,1.0690632,0.0,1.0690632,1.0690632,0,Unknown,auto
matched_only,appnp,GNN,pubmed,R4,graph,1,1.1082433999999999,0.0,1.1082433999999999,1.1082433999999999,0,Unknown,auto
matched_only,chebnet,GNN,citeseer,R4,graph,1,0.9905531999999999,0.0,0.9905531999999999,0.9905531999999999,0,Unknown,auto
matched_only,chebnet,GNN,cora,R4,graph,1,1.298772,0.0,1.298772,1.298772,0,Unknown,auto
matched_only,chebnet,GNN,pubmed,R4,graph,1,1.6325612,0.0,1.6325612,1.6325612,0,Unknown,auto
matched_only,gat,GNN,citeseer,R4,graph,1,1.4063318,0.0,1.4063318,1.4063318,0,Unknown,auto
matched_only,gat,GNN,cora,R4,graph,1,1.9540511999999999,0.0,1.9540511999999999,1.9540511999999999,0,Unknown,auto
matched_only,gat,GNN,pubmed,R4,graph,1,1.6673262000000002,0.0,1.6673262000000002,1.6673262000000002,0,Unknown,auto
matched_only,gcn,GNN,citeseer,R4,graph,1,0.7003262,0.0,0.7003262,0.7003262,0,Unknown,auto
matched_only,gcn,GNN,cora,R4,graph,1,0.9579286,0.0,0.9579286,0.9579286,0,Unknown,auto
matched_only,gcn,GNN,pubmed,R4,graph,1,0.8534539999999999,0.0,0.8534539999999999,0.8534539999999999,0,Unknown,auto
matched_only,gcnii,GNN,citeseer,R4,graph,1,1.6238295999999999,0.0,1.6238295999999999,1.6238295999999999,0,Unknown,auto
matched_only,gcnii,GNN,cora,R4,graph,1,2.0472322,0.0,2.0472322,2.0472322,0,Unknown,auto
matched_only,gcnii,GNN,pubmed,R4,graph,1,3.0813886,0.0,3.0813886,3.0813886,0,Unknown,auto
matched_only,grafn,GNN,citeseer,R4,graph,1,1.4596282,0.0,1.4596282,1.4596282,0,Unknown,auto
matched_only,grafn,GNN,cora,R4,graph,1,2.040903,0.0,2.040903,2.040903,0,Unknown,auto
matched_only,grafn,GNN,pubmed,R4,graph,1,1.5809274,0.0,1.5809274,1.5809274,0,Unknown,auto
matched_only,grand,GNN,citeseer,R4,graph,1,3.638913,0.0,3.638913,3.638913,0,Unknown,auto
matched_only,grand,GNN,cora,R4,graph,1,3.055856,0.0,3.055856,3.055856,0,Unknown,auto
matched_only,grand,GNN,pubmed,R4,graph,1,8.0141126,0.0,8.0141126,8.0141126,0,Unknown,auto
matched_only,graphsage,GNN,citeseer,R4,graph,1,0.721971,0.0,0.721971,0.721971,0,Unknown,auto
matched_only,graphsage,GNN,cora,R4,graph,1,1.2041692000000002,0.0,1.2041692000000002,1.2041692000000002,0,Unknown,auto
matched_only,graphsage,GNN,pubmed,R4,graph,1,0.9818376000000001,0.0,0.9818376000000001,0.9818376000000001,0,Unknown,auto
matched_only,h_gcn,GNN,citeseer,R4,graph,1,3.8866640000000006,0.0,3.8866640000000006,3.8866640000000006,0,Unknown,auto
matched_only,h_gcn,GNN,cora,R4,graph,1,3.1660902,0.0,3.1660902,3.1660902,0,Unknown,auto
matched_only,h_gcn,GNN,pubmed,R4,graph,1,33.4859324,0.0,33.4859324,33.4859324,0,Unknown,auto
matched_only,n_gcn,GNN,citeseer,R4,graph,1,13.2924136,0.0,13.2924136,13.2924136,0,Unknown,auto
matched_only,n_gcn,GNN,cora,R4,graph,1,6.3177544,0.0,6.3177544,6.3177544,0,Unknown,auto
matched_only,n_gcn,GNN,pubmed,R4,graph,1,90.3924904,0.0,90.3924904,90.3924904,0,Unknown,auto
matched_only,planetoid,GNN,citeseer,R4,graph,1,42.819094,0.0,42.819094,42.819094,0,Unknown,auto
matched_only,planetoid,GNN,cora,R4,graph,1,174.165411,0.0,174.165411,174.165411,0,Unknown,auto
matched_only,planetoid,GNN,pubmed,R4,graph,1,286.8460028,0.0,286.8460028,286.8460028,0,Unknown,auto
matched_only,sgc,GNN,citeseer,R4,graph,1,0.6480954000000001,0.0,0.6480954000000001,0.6480954000000001,0,Unknown,auto
matched_only,sgc,GNN,cora,R4,graph,1,0.6523098,0.0,0.6523098,0.6523098,0,Unknown,auto
matched_only,sgc,GNN,pubmed,R4,graph,1,0.5651316000000001,0.0,0.5651316000000001,0.5651316000000001,0,Unknown,auto
matched_only,adamatch,Hybrid,citeseer,R4,graph,1,21.850846,0.0,21.850846,21.850846,0,NVIDIA A100-SXM4-80GB,auto
matched_only,adamatch,Hybrid,cora,R4,graph,1,5.3988078,0.0,5.3988078,5.3988078,0,Tesla V100-SXM2-32GB,auto
matched_only,adamatch,Hybrid,pubmed,R4,graph,1,4.708689,0.0,4.708689,4.708689,0,NVIDIA A100-SXM4-80GB,auto
matched_only,comatch,Hybrid,citeseer,R4,graph,1,1.5258312,0.0,1.5258312,1.5258312,0,NVIDIA A100-SXM4-80GB,auto
matched_only,comatch,Hybrid,cora,R4,graph,1,1.9727228,0.0,1.9727228,1.9727228,0,Tesla V100-SXM2-32GB,auto
matched_only,comatch,Hybrid,pubmed,R4,graph,1,1.5808366,0.0,1.5808366,1.5808366,0,NVIDIA A100-SXM4-80GB,auto
matched_only,daso,Hybrid,citeseer,R4,graph,1,1.5066782,0.0,1.5066782,1.5066782,0,NVIDIA A100-SXM4-80GB,auto
matched_only,daso,Hybrid,cora,R4,graph,1,1.8712624000000002,0.0,1.8712624000000002,1.8712624000000002,0,Tesla V100-SXM2-32GB,auto
matched_only,daso,Hybrid,pubmed,R4,graph,1,1.5787034,0.0,1.5787034,1.5787034,0,NVIDIA A100-SXM4-80GB,auto
matched_only,defixmatch,Hybrid,citeseer,R4,graph,1,1.5404916,0.0,1.5404916,1.5404916,0,NVIDIA A100-SXM4-80GB,auto
matched_only,defixmatch,Hybrid,cora,R4,graph,1,2.725229,0.0,2.725229,2.725229,0,Tesla V100-SXM2-32GB,auto
matched_only,defixmatch,Hybrid,pubmed,R4,graph,1,1.5054264,0.0,1.5054264,1.5054264,0,NVIDIA A100-SXM4-80GB,auto
matched_only,fixmatch,Hybrid,citeseer,R4,graph,1,1.3963774,0.0,1.3963774,1.3963774,0,NVIDIA A100-SXM4-80GB,auto
matched_only,fixmatch,Hybrid,cora,R4,graph,1,1.8338522000000002,0.0,1.8338522000000002,1.8338522000000002,0,Tesla V100-SXM2-32GB,auto
matched_only,fixmatch,Hybrid,pubmed,R4,graph,1,1.4198971999999999,0.0,1.4198971999999999,1.4198971999999999,0,NVIDIA A100-SXM4-80GB,auto
matched_only,flexmatch,Hybrid,citeseer,R4,graph,1,1.4020367999999999,0.0,1.4020367999999999,1.4020367999999999,0,NVIDIA A100-SXM4-80GB,auto
matched_only,flexmatch,Hybrid,cora,R4,graph,1,1.8885349999999999,0.0,1.8885349999999999,1.8885349999999999,0,Tesla V100-SXM2-32GB,auto
matched_only,flexmatch,Hybrid,pubmed,R4,graph,1,1.4444636000000002,0.0,1.4444636000000002,1.4444636000000002,0,NVIDIA A100-SXM4-80GB,auto
matched_only,free_match,Hybrid,citeseer,R4,graph,1,1.4886362,0.0,1.4886362,1.4886362,0,NVIDIA A100-SXM4-80GB,auto
matched_only,free_match,Hybrid,cora,R4,graph,1,1.9975036,0.0,1.9975036,1.9975036,0,Tesla V100-SXM2-32GB,auto
matched_only,free_match,Hybrid,pubmed,R4,graph,1,1.542783,0.0,1.542783,1.542783,0,NVIDIA A100-SXM4-80GB,auto
matched_only,meta_pseudo_labels,Hybrid,citeseer,R4,graph,1,1.6021132000000002,0.0,1.6021132000000002,1.6021132000000002,0,NVIDIA A100-SXM4-80GB,auto
matched_only,meta_pseudo_labels,Hybrid,cora,R4,graph,1,2.067746,0.0,2.067746,2.067746,0,Tesla V100-SXM2-32GB,auto
matched_only,meta_pseudo_labels,Hybrid,pubmed,R4,graph,1,1.5832022000000001,0.0,1.5832022000000001,1.5832022000000001,0,NVIDIA A100-SXM4-80GB,auto
matched_only,mixmatch,Hybrid,citeseer,R4,graph,1,1.396572,0.0,1.396572,1.396572,0,NVIDIA A100-SXM4-80GB,auto
matched_only,mixmatch,Hybrid,cora,R4,graph,1,1.7655102,0.0,1.7655102,1.7655102,0,Tesla V100-SXM2-32GB,auto
matched_only,mixmatch,Hybrid,pubmed,R4,graph,1,1.5335618,0.0,1.5335618,1.5335618,0,NVIDIA A100-SXM4-80GB,auto
matched_only,noisy_student,Hybrid,citeseer,R4,graph,1,1.3959412,0.0,1.3959412,1.3959412,0,NVIDIA A100-SXM4-80GB,auto
matched_only,noisy_student,Hybrid,cora,R4,graph,1,1.742836,0.0,1.742836,1.742836,0,Tesla V100-SXM2-32GB,auto
matched_only,noisy_student,Hybrid,pubmed,R4,graph,1,1.4541938,0.0,1.4541938,1.4541938,0,NVIDIA A100-SXM4-80GB,auto
matched_only,simclr_v2,Hybrid,citeseer,R4,graph,1,1.3980169999999998,0.0,1.3980169999999998,1.3980169999999998,0,NVIDIA A100-SXM4-80GB,auto
matched_only,simclr_v2,Hybrid,cora,R4,graph,1,1.74909,0.0,1.74909,1.74909,0,Tesla V100-SXM2-32GB,auto
matched_only,simclr_v2,Hybrid,pubmed,R4,graph,1,1.4188426,0.0,1.4188426,1.4188426,0,NVIDIA A100-SXM4-80GB,auto
matched_only,softmatch,Hybrid,citeseer,R4,graph,1,1.4171254000000002,0.0,1.4171254000000002,1.4171254000000002,0,NVIDIA A100-SXM4-80GB,auto
matched_only,softmatch,Hybrid,cora,R4,graph,1,1.8497776000000001,0.0,1.8497776000000001,1.8497776000000001,0,Tesla V100-SXM2-32GB,auto
matched_only,softmatch,Hybrid,pubmed,R4,graph,1,1.4430136,0.0,1.4430136,1.4430136,0,NVIDIA A100-SXM4-80GB,auto
matched_only,uda,Hybrid,citeseer,R4,graph,1,1.5933796,0.0,1.5933796,1.5933796,0,NVIDIA A100-SXM4-80GB,auto
matched_only,uda,Hybrid,cora,R4,graph,1,1.746325,0.0,1.746325,1.746325,0,Tesla V100-SXM2-32GB,auto
matched_only,uda,Hybrid,pubmed,R4,graph,1,1.4281746,0.0,1.4281746,1.4281746,0,NVIDIA A100-SXM4-80GB,auto
matched_only,adsh,Margin-based inductive,citeseer,R4,graph,1,1.5953864,0.0,1.5953864,1.5953864,0,NVIDIA A100-SXM4-80GB,auto
matched_only,adsh,Margin-based inductive,cora,R4,graph,1,1.947654,0.0,1.947654,1.947654,0,Tesla V100-SXM2-32GB,auto
matched_only,adsh,Margin-based inductive,pubmed,R4,graph,1,1.5015746,0.0,1.5015746,1.5015746,0,NVIDIA A100-SXM4-80GB,auto
matched_only,laplace_learning,PDE/Variational,citeseer,R4,graph,1,0.2309808,0.0,0.2309808,0.2309808,0,Unknown,auto
matched_only,laplace_learning,PDE/Variational,cora,R4,graph,1,0.2353498,0.0,0.2353498,0.2353498,0,Unknown,auto
matched_only,laplace_learning,PDE/Variational,pubmed,R4,graph,1,0.5963736,0.0,0.5963736,0.5963736,0,Unknown,auto
matched_only,p_laplace_learning,PDE/Variational,citeseer,R4,graph,1,353.299189,0.0,353.299189,353.299189,0,CPU,auto
matched_only,p_laplace_learning,PDE/Variational,cora,R4,graph,1,890.2634854,0.0,890.2634854,890.2634854,0,CPU,auto
matched_only,p_laplace_learning,PDE/Variational,pubmed,R4,graph,1,2977.4588524,0.0,2977.4588524,2977.4588524,0,CPU,auto
matched_only,poisson_learning,PDE/Variational,citeseer,R4,graph,1,0.334056,0.0,0.334056,0.334056,0,Unknown,auto
matched_only,poisson_learning,PDE/Variational,cora,R4,graph,1,0.35440879999999997,0.0,0.35440879999999997,0.35440879999999997,0,Unknown,auto
matched_only,poisson_learning,PDE/Variational,pubmed,R4,graph,1,0.30087359999999996,0.0,0.30087359999999996,0.30087359999999996,0,Unknown,auto
matched_only,poisson_mbo,PDE/Variational,citeseer,R4,graph,1,2.1488585999999996,0.0,2.1488585999999996,2.1488585999999996,0,CPU,auto
matched_only,poisson_mbo,PDE/Variational,cora,R4,graph,1,4.5420169999999995,0.0,4.5420169999999995,4.5420169999999995,0,CPU,auto
matched_only,poisson_mbo,PDE/Variational,pubmed,R4,graph,1,12.336865,0.0,12.336865,12.336865,0,CPU,auto
matched_only,co_training,Wrappers,citeseer,R4,graph,1,3.6531208,0.0,3.6531208,3.6531208,0,NVIDIA A100-SXM4-80GB,auto
matched_only,co_training,Wrappers,cora,R4,graph,1,5.231091,0.0,5.231091,5.231091,0,Tesla V100-SXM2-32GB,auto
matched_only,co_training,Wrappers,pubmed,R4,graph,1,2.9136986,0.0,2.9136986,2.9136986,0,NVIDIA A100-SXM4-80GB,auto
matched_only,deep_co_training,Wrappers,citeseer,R4,graph,1,1.7601790000000002,0.0,1.7601790000000002,1.7601790000000002,0,NVIDIA A100-SXM4-80GB,auto
matched_only,deep_co_training,Wrappers,cora,R4,graph,1,2.4067132,0.0,2.4067132,2.4067132,0,Tesla V100-SXM2-32GB,auto
matched_only,deep_co_training,Wrappers,pubmed,R4,graph,1,1.8015694,0.0,1.8015694,1.8015694,0,NVIDIA A100-SXM4-80GB,auto
matched_only,democratic_co_learning,Wrappers,citeseer,R4,graph,1,5.0528874,0.0,5.0528874,5.0528874,0,NVIDIA A100-SXM4-80GB,auto
matched_only,democratic_co_learning,Wrappers,cora,R4,graph,1,8.0060126,0.0,8.0060126,8.0060126,0,Tesla V100-SXM2-32GB,auto
matched_only,democratic_co_learning,Wrappers,pubmed,R4,graph,1,3.1820466,0.0,3.1820466,3.1820466,0,NVIDIA A100-SXM4-80GB,auto
matched_only,pseudo_label,Wrappers,citeseer,R4,graph,1,1.4888258,0.0,1.4888258,1.4888258,0,NVIDIA A100-SXM4-80GB,auto
matched_only,pseudo_label,Wrappers,cora,R4,graph,1,1.8831742000000002,0.0,1.8831742000000002,1.8831742000000002,0,Tesla V100-SXM2-32GB,auto
matched_only,pseudo_label,Wrappers,pubmed,R4,graph,1,1.464213,0.0,1.464213,1.464213,0,NVIDIA A100-SXM4-80GB,auto
matched_only,self_training,Wrappers,citeseer,R4,graph,1,1.4565642,0.0,1.4565642,1.4565642,0,NVIDIA A100-SXM4-80GB,auto
matched_only,self_training,Wrappers,cora,R4,graph,1,2.272735,0.0,2.272735,2.272735,0,Tesla V100-SXM2-32GB,auto
matched_only,self_training,Wrappers,pubmed,R4,graph,1,1.4574992,0.0,1.4574992,1.4574992,0,NVIDIA A100-SXM4-80GB,auto
matched_only,setred,Wrappers,citeseer,R4,graph,1,1.4356884,0.0,1.4356884,1.4356884,0,NVIDIA A100-SXM4-80GB,auto
matched_only,setred,Wrappers,cora,R4,graph,1,1.8873799999999998,0.0,1.8873799999999998,1.8873799999999998,0,Tesla V100-SXM2-32GB,auto
matched_only,setred,Wrappers,pubmed,R4,graph,1,1.4100190000000001,0.0,1.4100190000000001,1.4100190000000001,0,NVIDIA A100-SXM4-80GB,auto
matched_only,tri_training,Wrappers,citeseer,R4,graph,1,3.8263678,0.0,3.8263678,3.8263678,0,NVIDIA A100-SXM4-80GB,auto
matched_only,tri_training,Wrappers,cora,R4,graph,1,5.9518836,0.0,5.9518836,5.9518836,0,Tesla V100-SXM2-32GB,auto
matched_only,tri_training,Wrappers,pubmed,R4,graph,1,2.8645471999999996,0.0,2.8645471999999996,2.8645471999999996,0,NVIDIA A100-SXM4-80GB,auto
matched_only,trinet,Wrappers,citeseer,R4,graph,1,2.6198810000000003,0.0,2.6198810000000003,2.6198810000000003,0,NVIDIA A100-SXM4-80GB,auto
matched_only,trinet,Wrappers,cora,R4,graph,1,3.518085,0.0,3.518085,3.518085,0,Tesla V100-SXM2-32GB,auto
matched_only,trinet,Wrappers,pubmed,R4,graph,1,1.8044636,0.0,1.8044636,1.8044636,0,NVIDIA A100-SXM4-80GB,auto
matched_only,supervised,Baseline,adult,R4,tabular,1,1.4213316,0.0,1.4213316,1.4213316,0,NVIDIA A100-SXM4-80GB,auto
matched_only,supervised,Baseline,breast_cancer,R4,tabular,1,2.8890348,0.0,2.8890348,2.8890348,0,Tesla V100-SXM2-32GB,auto
matched_only,supervised,Baseline,iris,R4,tabular,1,0.8661350000000001,0.0,0.8661350000000001,0.8661350000000001,0,NVIDIA A100-SXM4-80GB,auto
matched_only,dynamic_label_propagation,Classical transductive,adult,R4,tabular,1,766.457484,0.0,766.457484,766.457484,0,Unknown,auto
matched_only,dynamic_label_propagation,Classical transductive,breast_cancer,R4,tabular,1,2.2741478,0.0,2.2741478,2.2741478,0,Unknown,auto
matched_only,dynamic_label_propagation,Classical transductive,iris,R4,tabular,1,0.5242006,0.0,0.5242006,0.5242006,0,Unknown,auto
matched_only,graph_mincuts,Classical transductive,adult,R4,tabular,1,0.8566217999999999,0.0,0.8566217999999999,0.8566217999999999,0,CPU,auto
matched_only,graph_mincuts,Classical transductive,breast_cancer,R4,tabular,1,1.5925962,0.0,1.5925962,1.5925962,0,CPU,auto
matched_only,graphhop,Classical transductive,adult,R4,tabular,1,32.712255,0.0,32.712255,32.712255,0,Unknown,auto
matched_only,graphhop,Classical transductive,breast_cancer,R4,tabular,1,20.8367222,0.0,20.8367222,20.8367222,0,Unknown,auto
matched_only,graphhop,Classical transductive,iris,R4,tabular,1,10.8478326,0.0,10.8478326,10.8478326,0,Unknown,auto
matched_only,label_propagation,Classical transductive,adult,R4,tabular,1,0.8258278000000001,0.0,0.8258278000000001,0.8258278000000001,0,Unknown,auto
matched_only,label_propagation,Classical transductive,breast_cancer,R4,tabular,1,2.162493,0.0,2.162493,2.162493,0,Unknown,auto
matched_only,label_propagation,Classical transductive,iris,R4,tabular,1,0.48978320000000003,0.0,0.48978320000000003,0.48978320000000003,0,Unknown,auto
matched_only,label_spreading,Classical transductive,adult,R4,tabular,1,0.7313487999999999,0.0,0.7313487999999999,0.7313487999999999,0,Unknown,auto
matched_only,label_spreading,Classical transductive,breast_cancer,R4,tabular,1,2.2669962000000003,0.0,2.2669962000000003,2.2669962000000003,0,Unknown,auto
matched_only,label_spreading,Classical transductive,iris,R4,tabular,1,0.518804,0.0,0.518804,0.518804,0,Unknown,auto
matched_only,lazy_random_walk,Classical transductive,adult,R4,tabular,1,5.4151448,0.0,5.4151448,5.4151448,0,Unknown,auto
matched_only,lazy_random_walk,Classical transductive,breast_cancer,R4,tabular,1,1.9027104000000001,0.0,1.9027104000000001,1.9027104000000001,0,Unknown,auto
matched_only,mean_teacher,Consistency,adult,R4,tabular,1,37.509185200000005,0.0,37.509185200000005,37.509185200000005,0,NVIDIA A100-SXM4-80GB,auto
matched_only,mean_teacher,Consistency,breast_cancer,R4,tabular,1,3.7324424,0.0,3.7324424,3.7324424,0,Tesla V100-SXM2-32GB,auto
matched_only,mean_teacher,Consistency,iris,R4,tabular,1,0.9756731999999999,0.0,0.9756731999999999,0.9756731999999999,0,NVIDIA A100-SXM4-80GB,auto
matched_only,pi_model,Consistency,adult,R4,tabular,1,36.2951636,0.0,36.2951636,36.2951636,0,NVIDIA A100-SXM4-80GB,auto
matched_only,pi_model,Consistency,breast_cancer,R4,tabular,1,3.8362556,0.0,3.8362556,3.8362556,0,Tesla V100-SXM2-32GB,auto
matched_only,pi_model,Consistency,iris,R4,tabular,1,0.9756334000000001,0.0,0.9756334000000001,0.9756334000000001,0,NVIDIA A100-SXM4-80GB,auto
matched_only,temporal_ensembling,Consistency,adult,R4,tabular,1,40.9793882,0.0,40.9793882,40.9793882,0,NVIDIA A100-SXM4-80GB,auto
matched_only,temporal_ensembling,Consistency,breast_cancer,R4,tabular,1,3.4640177999999997,0.0,3.4640177999999997,3.4640177999999997,0,Tesla V100-SXM2-32GB,auto
matched_only,temporal_ensembling,Consistency,iris,R4,tabular,1,0.9886075999999999,0.0,0.9886075999999999,0.9886075999999999,0,NVIDIA A100-SXM4-80GB,auto
matched_only,vat,Consistency,adult,R4,tabular,1,48.4938394,0.0,48.4938394,48.4938394,0,NVIDIA A100-SXM4-80GB,auto
matched_only,vat,Consistency,breast_cancer,R4,tabular,1,3.7715812,0.0,3.7715812,3.7715812,0,Tesla V100-SXM2-32GB,auto
matched_only,vat,Consistency,iris,R4,tabular,1,1.0130876,0.0,1.0130876,1.0130876,0,NVIDIA A100-SXM4-80GB,auto
matched_only,appnp,GNN,adult,R4,tabular,1,14.8806806,0.0,14.8806806,14.8806806,0,Unknown,auto
matched_only,appnp,GNN,breast_cancer,R4,tabular,1,4.0205253999999995,0.0,4.0205253999999995,4.0205253999999995,0,Unknown,auto
matched_only,appnp,GNN,iris,R4,tabular,1,1.5238349999999998,0.0,1.5238349999999998,1.5238349999999998,0,Unknown,auto
matched_only,chebnet,GNN,adult,R4,tabular,1,1.5195804000000002,0.0,1.5195804000000002,1.5195804000000002,0,Unknown,auto
matched_only,chebnet,GNN,breast_cancer,R4,tabular,1,3.3155396,0.0,3.3155396,3.3155396,0,Unknown,auto
matched_only,chebnet,GNN,iris,R4,tabular,1,1.1671122,0.0,1.1671122,1.1671122,0,Unknown,auto
matched_only,gat,GNN,adult,R4,tabular,1,3.0972342,0.0,3.0972342,3.0972342,0,Unknown,auto
matched_only,gat,GNN,breast_cancer,R4,tabular,1,4.1071914,0.0,4.1071914,4.1071914,0,Unknown,auto
matched_only,gat,GNN,iris,R4,tabular,1,1.7738426,0.0,1.7738426,1.7738426,0,Unknown,auto
matched_only,gcn,GNN,adult,R4,tabular,1,1.278214,0.0,1.278214,1.278214,0,Unknown,auto
matched_only,gcn,GNN,breast_cancer,R4,tabular,1,3.2646554,0.0,3.2646554,3.2646554,0,Unknown,auto
matched_only,gcn,GNN,iris,R4,tabular,1,1.2076562,0.0,1.2076562,1.2076562,0,Unknown,auto
matched_only,gcnii,GNN,adult,R4,tabular,1,4.4407308,0.0,4.4407308,4.4407308,0,Unknown,auto
matched_only,gcnii,GNN,breast_cancer,R4,tabular,1,4.4736548,0.0,4.4736548,4.4736548,0,Unknown,auto
matched_only,gcnii,GNN,iris,R4,tabular,1,2.4083984000000003,0.0,2.4083984000000003,2.4083984000000003,0,Unknown,auto
matched_only,grafn,GNN,adult,R4,tabular,1,2.9996856000000003,0.0,2.9996856000000003,2.9996856000000003,0,Unknown,auto
matched_only,grafn,GNN,breast_cancer,R4,tabular,1,3.8903620000000005,0.0,3.8903620000000005,3.8903620000000005,0,Unknown,auto
matched_only,grafn,GNN,iris,R4,tabular,1,1.4538212,0.0,1.4538212,1.4538212,0,Unknown,auto
matched_only,grand,GNN,adult,R4,tabular,1,2.3473174,0.0,2.3473174,2.3473174,0,Unknown,auto
matched_only,grand,GNN,breast_cancer,R4,tabular,1,4.646384,0.0,4.646384,4.646384,0,Unknown,auto
matched_only,grand,GNN,iris,R4,tabular,1,1.2771476,0.0,1.2771476,1.2771476,0,Unknown,auto
matched_only,graphsage,GNN,adult,R4,tabular,1,1.5913720000000002,0.0,1.5913720000000002,1.5913720000000002,0,Unknown,auto
matched_only,graphsage,GNN,breast_cancer,R4,tabular,1,3.4744588,0.0,3.4744588,3.4744588,0,Unknown,auto
matched_only,graphsage,GNN,iris,R4,tabular,1,1.2018366,0.0,1.2018366,1.2018366,0,Unknown,auto
matched_only,h_gcn,GNN,adult,R4,tabular,1,249.3128876,0.0,249.3128876,249.3128876,0,Unknown,auto
matched_only,h_gcn,GNN,breast_cancer,R4,tabular,1,4.4241474,0.0,4.4241474,4.4241474,0,Unknown,auto
matched_only,h_gcn,GNN,iris,R4,tabular,1,2.4232696000000002,0.0,2.4232696000000002,2.4232696000000002,0,Unknown,auto
matched_only,n_gcn,GNN,adult,R4,tabular,1,159.72258440000002,0.0,159.72258440000002,159.72258440000002,0,Unknown,auto
matched_only,n_gcn,GNN,breast_cancer,R4,tabular,1,4.534575800000001,0.0,4.534575800000001,4.534575800000001,0,Unknown,auto
matched_only,n_gcn,GNN,iris,R4,tabular,1,2.6358042,0.0,2.6358042,2.6358042,0,Unknown,auto
matched_only,planetoid,GNN,adult,R4,tabular,1,952.9397720000001,0.0,952.9397720000001,952.9397720000001,0,Unknown,auto
matched_only,planetoid,GNN,breast_cancer,R4,tabular,1,46.7121104,0.0,46.7121104,46.7121104,0,Unknown,auto
matched_only,planetoid,GNN,iris,R4,tabular,1,2.5063932,0.0,2.5063932,2.5063932,0,Unknown,auto
matched_only,sgc,GNN,adult,R4,tabular,1,1.5020852000000002,0.0,1.5020852000000002,1.5020852000000002,0,Unknown,auto
matched_only,sgc,GNN,breast_cancer,R4,tabular,1,3.5492760000000003,0.0,3.5492760000000003,3.5492760000000003,0,Unknown,auto
matched_only,sgc,GNN,iris,R4,tabular,1,1.042036,0.0,1.042036,1.042036,0,Unknown,auto
matched_only,adamatch,Hybrid,adult,R4,tabular,1,41.1210784,0.0,41.1210784,41.1210784,0,NVIDIA A100-SXM4-80GB,auto
matched_only,adamatch,Hybrid,breast_cancer,R4,tabular,1,3.6523809999999997,0.0,3.6523809999999997,3.6523809999999997,0,Tesla V100-SXM2-32GB,auto
matched_only,adamatch,Hybrid,iris,R4,tabular,1,2.349527,0.0,2.349527,2.349527,0,NVIDIA A100-SXM4-80GB,auto
matched_only,comatch,Hybrid,adult,R4,tabular,1,68.4987426,0.0,68.4987426,68.4987426,0,NVIDIA A100-SXM4-80GB,auto
matched_only,comatch,Hybrid,breast_cancer,R4,tabular,1,4.1386368000000004,0.0,4.1386368000000004,4.1386368000000004,0,Tesla V100-SXM2-32GB,auto
matched_only,comatch,Hybrid,iris,R4,tabular,1,1.1193716,0.0,1.1193716,1.1193716,0,NVIDIA A100-SXM4-80GB,auto
matched_only,daso,Hybrid,adult,R4,tabular,1,54.096203,0.0,54.096203,54.096203,0,NVIDIA A100-SXM4-80GB,auto
matched_only,daso,Hybrid,breast_cancer,R4,tabular,1,3.8565888,0.0,3.8565888,3.8565888,0,Tesla V100-SXM2-32GB,auto
matched_only,daso,Hybrid,iris,R4,tabular,1,1.0378264000000001,0.0,1.0378264000000001,1.0378264000000001,0,NVIDIA A100-SXM4-80GB,auto
matched_only,defixmatch,Hybrid,adult,R4,tabular,1,48.7115378,0.0,48.7115378,48.7115378,0,NVIDIA A100-SXM4-80GB,auto
matched_only,defixmatch,Hybrid,breast_cancer,R4,tabular,1,3.9844619999999997,0.0,3.9844619999999997,3.9844619999999997,0,Tesla V100-SXM2-32GB,auto
matched_only,defixmatch,Hybrid,iris,R4,tabular,1,1.0302373999999999,0.0,1.0302373999999999,1.0302373999999999,0,NVIDIA A100-SXM4-80GB,auto
matched_only,fixmatch,Hybrid,adult,R4,tabular,1,37.155198,0.0,37.155198,37.155198,0,NVIDIA A100-SXM4-80GB,auto
matched_only,fixmatch,Hybrid,breast_cancer,R4,tabular,1,3.9843537999999996,0.0,3.9843537999999996,3.9843537999999996,0,Tesla V100-SXM2-32GB,auto
matched_only,fixmatch,Hybrid,iris,R4,tabular,1,0.9812498,0.0,0.9812498,0.9812498,0,NVIDIA A100-SXM4-80GB,auto
matched_only,flexmatch,Hybrid,adult,R4,tabular,1,51.985964,0.0,51.985964,51.985964,0,NVIDIA A100-SXM4-80GB,auto
matched_only,flexmatch,Hybrid,breast_cancer,R4,tabular,1,3.9146236,0.0,3.9146236,3.9146236,0,Tesla V100-SXM2-32GB,auto
matched_only,flexmatch,Hybrid,iris,R4,tabular,1,1.0209784000000002,0.0,1.0209784000000002,1.0209784000000002,0,NVIDIA A100-SXM4-80GB,auto
matched_only,free_match,Hybrid,adult,R4,tabular,1,56.3150934,0.0,56.3150934,56.3150934,0,NVIDIA A100-SXM4-80GB,auto
matched_only,free_match,Hybrid,breast_cancer,R4,tabular,1,4.5544747999999995,0.0,4.5544747999999995,4.5544747999999995,0,Tesla V100-SXM2-32GB,auto
matched_only,free_match,Hybrid,iris,R4,tabular,1,1.0980316,0.0,1.0980316,1.0980316,0,NVIDIA A100-SXM4-80GB,auto
matched_only,meta_pseudo_labels,Hybrid,adult,R4,tabular,1,61.1943338,0.0,61.1943338,61.1943338,0,NVIDIA A100-SXM4-80GB,auto
matched_only,meta_pseudo_labels,Hybrid,breast_cancer,R4,tabular,1,4.391491,0.0,4.391491,4.391491,0,Tesla V100-SXM2-32GB,auto
matched_only,meta_pseudo_labels,Hybrid,iris,R4,tabular,1,1.0690542,0.0,1.0690542,1.0690542,0,NVIDIA A100-SXM4-80GB,auto
matched_only,mixmatch,Hybrid,adult,R4,tabular,1,42.24338,0.0,42.24338,42.24338,0,NVIDIA A100-SXM4-80GB,auto
matched_only,mixmatch,Hybrid,breast_cancer,R4,tabular,1,3.9920356,0.0,3.9920356,3.9920356,0,Tesla V100-SXM2-32GB,auto
matched_only,mixmatch,Hybrid,iris,R4,tabular,1,0.9959534000000001,0.0,0.9959534000000001,0.9959534000000001,0,NVIDIA A100-SXM4-80GB,auto
matched_only,noisy_student,Hybrid,adult,R4,tabular,1,37.348350599999996,0.0,37.348350599999996,37.348350599999996,0,NVIDIA A100-SXM4-80GB,auto
matched_only,noisy_student,Hybrid,breast_cancer,R4,tabular,1,3.6895158,0.0,3.6895158,3.6895158,0,Tesla V100-SXM2-32GB,auto
matched_only,noisy_student,Hybrid,iris,R4,tabular,1,0.9789527999999998,0.0,0.9789527999999998,0.9789527999999998,0,NVIDIA A100-SXM4-80GB,auto
matched_only,simclr_v2,Hybrid,adult,R4,tabular,1,21.1897408,0.0,21.1897408,21.1897408,0,NVIDIA A100-SXM4-80GB,auto
matched_only,simclr_v2,Hybrid,breast_cancer,R4,tabular,1,3.1463958,0.0,3.1463958,3.1463958,0,Tesla V100-SXM2-32GB,auto
matched_only,simclr_v2,Hybrid,iris,R4,tabular,1,0.9959476,0.0,0.9959476,0.9959476,0,NVIDIA A100-SXM4-80GB,auto
matched_only,softmatch,Hybrid,adult,R4,tabular,1,40.732205799999996,0.0,40.732205799999996,40.732205799999996,0,NVIDIA A100-SXM4-80GB,auto
matched_only,softmatch,Hybrid,breast_cancer,R4,tabular,1,3.620521,0.0,3.620521,3.620521,0,Tesla V100-SXM2-32GB,auto
matched_only,softmatch,Hybrid,iris,R4,tabular,1,1.0038348000000001,0.0,1.0038348000000001,1.0038348000000001,0,NVIDIA A100-SXM4-80GB,auto
matched_only,uda,Hybrid,adult,R4,tabular,1,37.7549178,0.0,37.7549178,37.7549178,0,NVIDIA A100-SXM4-80GB,auto
matched_only,uda,Hybrid,breast_cancer,R4,tabular,1,3.4186852,0.0,3.4186852,3.4186852,0,Tesla V100-SXM2-32GB,auto
matched_only,uda,Hybrid,iris,R4,tabular,1,0.9793004,0.0,0.9793004,0.9793004,0,NVIDIA A100-SXM4-80GB,auto
matched_only,adsh,Margin-based inductive,adult,R4,tabular,1,39.413791,0.0,39.413791,39.413791,0,NVIDIA A100-SXM4-80GB,auto
matched_only,adsh,Margin-based inductive,breast_cancer,R4,tabular,1,3.5967100000000003,0.0,3.5967100000000003,3.5967100000000003,0,Tesla V100-SXM2-32GB,auto
matched_only,adsh,Margin-based inductive,iris,R4,tabular,1,1.0506688,0.0,1.0506688,1.0506688,0,NVIDIA A100-SXM4-80GB,auto
matched_only,s4vm,Margin-based inductive,adult,R4,tabular,1,38.229574400000004,0.0,38.229574400000004,38.229574400000004,0,NVIDIA A100-SXM4-80GB,auto
matched_only,s4vm,Margin-based inductive,breast_cancer,R4,tabular,1,4.2642202,0.0,4.2642202,4.2642202,0,Tesla V100-SXM2-32GB,auto
matched_only,tsvm,Margin-based inductive,adult,R4,tabular,1,1.0686084,0.0,1.0686084,1.0686084,0,CPU,auto
matched_only,tsvm,Margin-based inductive,breast_cancer,R4,tabular,1,2.1501178,0.0,2.1501178,2.1501178,0,CPU,auto
matched_only,laplace_learning,PDE/Variational,adult,R4,tabular,1,5.4325263999999995,0.0,5.4325263999999995,5.4325263999999995,0,Unknown,auto
matched_only,laplace_learning,PDE/Variational,breast_cancer,R4,tabular,1,2.6297870000000003,0.0,2.6297870000000003,2.6297870000000003,0,Unknown,auto
matched_only,laplace_learning,PDE/Variational,iris,R4,tabular,1,0.5404666,0.0,0.5404666,0.5404666,0,Unknown,auto
matched_only,p_laplace_learning,PDE/Variational,adult,R4,tabular,1,11217.65034,0.0,11217.65034,11217.65034,0,CPU,auto
matched_only,p_laplace_learning,PDE/Variational,breast_cancer,R4,tabular,1,43.8639692,0.0,43.8639692,43.8639692,0,CPU,auto
matched_only,p_laplace_learning,PDE/Variational,iris,R4,tabular,1,0.5412406,0.0,0.5412406,0.5412406,0,CPU,auto
matched_only,poisson_learning,PDE/Variational,adult,R4,tabular,1,10.756761800000001,0.0,10.756761800000001,10.756761800000001,0,Unknown,auto
matched_only,poisson_learning,PDE/Variational,breast_cancer,R4,tabular,1,2.5288418,0.0,2.5288418,2.5288418,0,Unknown,auto
matched_only,poisson_learning,PDE/Variational,iris,R4,tabular,1,0.6119514,0.0,0.6119514,0.6119514,0,Unknown,auto
matched_only,poisson_mbo,PDE/Variational,adult,R4,tabular,1,55.782989,0.0,55.782989,55.782989,0,CPU,auto
matched_only,poisson_mbo,PDE/Variational,breast_cancer,R4,tabular,1,3.1080446,0.0,3.1080446,3.1080446,0,CPU,auto
matched_only,poisson_mbo,PDE/Variational,iris,R4,tabular,1,0.6978316,0.0,0.6978316,0.6978316,0,CPU,auto
matched_only,co_training,Wrappers,adult,R4,tabular,1,3.2149563999999997,0.0,3.2149563999999997,3.2149563999999997,0,NVIDIA A100-SXM4-80GB,auto
matched_only,co_training,Wrappers,breast_cancer,R4,tabular,1,6.2316488,0.0,6.2316488,6.2316488,0,Tesla V100-SXM2-32GB,auto
matched_only,co_training,Wrappers,iris,R4,tabular,1,2.5061298,0.0,2.5061298,2.5061298,0,NVIDIA A100-SXM4-80GB,auto
matched_only,deep_co_training,Wrappers,adult,R4,tabular,1,84.29344139999999,0.0,84.29344139999999,84.29344139999999,0,NVIDIA A100-SXM4-80GB,auto
matched_only,deep_co_training,Wrappers,breast_cancer,R4,tabular,1,4.7141622,0.0,4.7141622,4.7141622,0,Tesla V100-SXM2-32GB,auto
matched_only,deep_co_training,Wrappers,iris,R4,tabular,1,1.124466,0.0,1.124466,1.124466,0,NVIDIA A100-SXM4-80GB,auto
matched_only,democratic_co_learning,Wrappers,adult,R4,tabular,1,133.6202256,0.0,133.6202256,133.6202256,0,NVIDIA A100-SXM4-80GB,auto
matched_only,democratic_co_learning,Wrappers,breast_cancer,R4,tabular,1,4.5876456,0.0,4.5876456,4.5876456,0,Tesla V100-SXM2-32GB,auto
matched_only,democratic_co_learning,Wrappers,iris,R4,tabular,1,1.40884,0.0,1.40884,1.40884,0,NVIDIA A100-SXM4-80GB,auto
matched_only,pseudo_label,Wrappers,adult,R4,tabular,1,60.5424004,0.0,60.5424004,60.5424004,0,NVIDIA A100-SXM4-80GB,auto
matched_only,pseudo_label,Wrappers,breast_cancer,R4,tabular,1,4.543172,0.0,4.543172,4.543172,0,Tesla V100-SXM2-32GB,auto
matched_only,pseudo_label,Wrappers,iris,R4,tabular,1,1.0482479999999998,0.0,1.0482479999999998,1.0482479999999998,0,NVIDIA A100-SXM4-80GB,auto
matched_only,self_training,Wrappers,adult,R4,tabular,1,61.29909,0.0,61.29909,61.29909,0,NVIDIA A100-SXM4-80GB,auto
matched_only,self_training,Wrappers,breast_cancer,R4,tabular,1,4.373648,0.0,4.373648,4.373648,0,Tesla V100-SXM2-32GB,auto
matched_only,self_training,Wrappers,iris,R4,tabular,1,1.044698,0.0,1.044698,1.044698,0,NVIDIA A100-SXM4-80GB,auto
matched_only,setred,Wrappers,adult,R4,tabular,1,2.1439766,0.0,2.1439766,2.1439766,0,NVIDIA A100-SXM4-80GB,auto
matched_only,setred,Wrappers,breast_cancer,R4,tabular,1,5.1803908,0.0,5.1803908,5.1803908,0,Tesla V100-SXM2-32GB,auto
matched_only,setred,Wrappers,iris,R4,tabular,1,1.058901,0.0,1.058901,1.058901,0,NVIDIA A100-SXM4-80GB,auto
matched_only,tri_training,Wrappers,adult,R4,tabular,1,343.7731662,0.0,343.7731662,343.7731662,0,NVIDIA A100-SXM4-80GB,auto
matched_only,tri_training,Wrappers,breast_cancer,R4,tabular,1,7.736251800000001,0.0,7.736251800000001,7.736251800000001,0,Tesla V100-SXM2-32GB,auto
matched_only,tri_training,Wrappers,iris,R4,tabular,1,1.6588148,0.0,1.6588148,1.6588148,0,NVIDIA A100-SXM4-80GB,auto
matched_only,trinet,Wrappers,adult,R4,tabular,1,661.747349,0.0,661.747349,661.747349,0,NVIDIA A100-SXM4-80GB,auto
matched_only,trinet,Wrappers,breast_cancer,R4,tabular,1,18.252173199999998,0.0,18.252173199999998,18.252173199999998,0,Tesla V100-SXM2-32GB,auto
matched_only,trinet,Wrappers,iris,R4,tabular,1,2.7753396,0.0,2.7753396,2.7753396,0,NVIDIA A100-SXM4-80GB,auto
matched_only,supervised,Baseline,ag_news,R4,text,1,1.9929759999999999,0.0,1.9929759999999999,1.9929759999999999,0,NVIDIA A100-SXM4-80GB,auto
matched_only,supervised,Baseline,imdb,R4,text,1,2.5095814,0.0,2.5095814,2.5095814,0,NVIDIA A100-SXM4-80GB,auto
matched_only,dynamic_label_propagation,Classical transductive,imdb,R4,text,1,824.9862676,0.0,824.9862676,824.9862676,0,Unknown,auto
matched_only,graph_mincuts,Classical transductive,imdb,R4,text,1,17.635928200000002,0.0,17.635928200000002,17.635928200000002,0,CPU,auto
matched_only,graphhop,Classical transductive,ag_news,R4,text,1,19.221532,0.0,19.221532,19.221532,0,Unknown,auto
matched_only,graphhop,Classical transductive,imdb,R4,text,1,26.6227222,0.0,26.6227222,26.6227222,0,Unknown,auto
matched_only,label_propagation,Classical transductive,ag_news,R4,text,1,2.026011,0.0,2.026011,2.026011,0,Unknown,auto
matched_only,label_propagation,Classical transductive,imdb,R4,text,1,1.1229628,0.0,1.1229628,1.1229628,0,Unknown,auto
matched_only,label_spreading,Classical transductive,ag_news,R4,text,1,1.471021,0.0,1.471021,1.471021,0,Unknown,auto
matched_only,label_spreading,Classical transductive,imdb,R4,text,1,0.9072230000000001,0.0,0.9072230000000001,0.9072230000000001,0,Unknown,auto
matched_only,lazy_random_walk,Classical transductive,imdb,R4,text,1,21.902767,0.0,21.902767,21.902767,0,Unknown,auto
matched_only,mean_teacher,Consistency,ag_news,R4,text,1,618.9105069999999,0.0,618.9105069999999,618.9105069999999,0,NVIDIA A100-SXM4-80GB,auto
matched_only,mean_teacher,Consistency,imdb,R4,text,1,129.388433,0.0,129.388433,129.388433,0,NVIDIA A100-SXM4-80GB,auto
matched_only,pi_model,Consistency,ag_news,R4,text,1,615.2150162,0.0,615.2150162,615.2150162,0,NVIDIA A100-SXM4-80GB,auto
matched_only,pi_model,Consistency,imdb,R4,text,1,128.6186496,0.0,128.6186496,128.6186496,0,NVIDIA A100-SXM4-80GB,auto
matched_only,temporal_ensembling,Consistency,ag_news,R4,text,1,767.579751,0.0,767.579751,767.579751,0,NVIDIA A100-SXM4-80GB,auto
matched_only,temporal_ensembling,Consistency,imdb,R4,text,1,158.3880876,0.0,158.3880876,158.3880876,0,NVIDIA A100-SXM4-80GB,auto
matched_only,vat,Consistency,ag_news,R4,text,1,841.752261,0.0,841.752261,841.752261,0,NVIDIA A100-SXM4-80GB,auto
matched_only,vat,Consistency,imdb,R4,text,1,175.8468928,0.0,175.8468928,175.8468928,0,NVIDIA A100-SXM4-80GB,auto
matched_only,appnp,GNN,ag_news,R4,text,1,85.529267,0.0,85.529267,85.529267,0,Unknown,auto
matched_only,appnp,GNN,imdb,R4,text,1,16.366318200000002,0.0,16.366318200000002,16.366318200000002,0,Unknown,auto
matched_only,chebnet,GNN,ag_news,R4,text,1,83.134123,0.0,83.134123,83.134123,0,Unknown,auto
matched_only,chebnet,GNN,imdb,R4,text,1,1.701379,0.0,1.701379,1.701379,0,Unknown,auto
matched_only,gat,GNN,ag_news,R4,text,1,27.754579,0.0,27.754579,27.754579,0,Unknown,auto
matched_only,gat,GNN,imdb,R4,text,1,3.5960222,0.0,3.5960222,3.5960222,0,Unknown,auto
matched_only,gcn,GNN,ag_news,R4,text,1,17.373088,0.0,17.373088,17.373088,0,Unknown,auto
matched_only,gcn,GNN,imdb,R4,text,1,1.4856266,0.0,1.4856266,1.4856266,0,Unknown,auto
matched_only,gcnii,GNN,ag_news,R4,text,1,32.919876,0.0,32.919876,32.919876,0,Unknown,auto
matched_only,gcnii,GNN,imdb,R4,text,1,5.5704356,0.0,5.5704356,5.5704356,0,Unknown,auto
matched_only,grafn,GNN,ag_news,R4,text,1,27.506922,0.0,27.506922,27.506922,0,Unknown,auto
matched_only,grafn,GNN,imdb,R4,text,1,3.2331043999999998,0.0,3.2331043999999998,3.2331043999999998,0,Unknown,auto
matched_only,grand,GNN,ag_news,R4,text,1,15.565018,0.0,15.565018,15.565018,0,Unknown,auto
matched_only,grand,GNN,imdb,R4,text,1,3.8515416,0.0,3.8515416,3.8515416,0,Unknown,auto
matched_only,graphsage,GNN,ag_news,R4,text,1,3.966605,0.0,3.966605,3.966605,0,Unknown,auto
matched_only,graphsage,GNN,imdb,R4,text,1,1.5026992,0.0,1.5026992,1.5026992,0,Unknown,auto
matched_only,h_gcn,GNN,imdb,R4,text,1,258.5081804,0.0,258.5081804,258.5081804,0,Unknown,auto
matched_only,n_gcn,GNN,imdb,R4,text,1,184.6795078,0.0,184.6795078,184.6795078,0,Unknown,auto
matched_only,planetoid,GNN,ag_news,R4,text,1,4191.423129,0.0,4191.423129,4191.423129,0,Unknown,auto
matched_only,planetoid,GNN,imdb,R4,text,1,1044.9919476,0.0,1044.9919476,1044.9919476,0,Unknown,auto
matched_only,sgc,GNN,ag_news,R4,text,1,5.810014,0.0,5.810014,5.810014,0,Unknown,auto
matched_only,sgc,GNN,imdb,R4,text,1,8.0261926,0.0,8.0261926,8.0261926,0,Unknown,auto
matched_only,adamatch,Hybrid,ag_news,R4,text,1,630.6949996,0.0,630.6949996,630.6949996,0,NVIDIA A100-SXM4-80GB,auto
matched_only,adamatch,Hybrid,imdb,R4,text,1,134.1586416,0.0,134.1586416,134.1586416,0,NVIDIA A100-SXM4-80GB,auto
matched_only,comatch,Hybrid,ag_news,R4,text,1,960.4583508,0.0,960.4583508,960.4583508,0,NVIDIA A100-SXM4-80GB,auto
matched_only,comatch,Hybrid,imdb,R4,text,1,200.0656088,0.0,200.0656088,200.0656088,0,NVIDIA A100-SXM4-80GB,auto
matched_only,daso,Hybrid,ag_news,R4,text,1,766.6121857999999,0.0,766.6121857999999,766.6121857999999,0,NVIDIA A100-SXM4-80GB,auto
matched_only,daso,Hybrid,imdb,R4,text,1,158.1586612,0.0,158.1586612,158.1586612,0,NVIDIA A100-SXM4-80GB,auto
matched_only,defixmatch,Hybrid,ag_news,R4,text,1,784.9516004,0.0,784.9516004,784.9516004,0,NVIDIA A100-SXM4-80GB,auto
matched_only,defixmatch,Hybrid,imdb,R4,text,1,161.15465360000002,0.0,161.15465360000002,161.15465360000002,0,NVIDIA A100-SXM4-80GB,auto
matched_only,fixmatch,Hybrid,ag_news,R4,text,1,620.4177538,0.0,620.4177538,620.4177538,0,NVIDIA A100-SXM4-80GB,auto
matched_only,fixmatch,Hybrid,imdb,R4,text,1,130.84034300000002,0.0,130.84034300000002,130.84034300000002,0,NVIDIA A100-SXM4-80GB,auto
matched_only,flexmatch,Hybrid,ag_news,R4,text,1,661.3068332,0.0,661.3068332,661.3068332,0,NVIDIA A100-SXM4-80GB,auto
matched_only,flexmatch,Hybrid,imdb,R4,text,1,135.502399,0.0,135.502399,135.502399,0,NVIDIA A100-SXM4-80GB,auto
matched_only,free_match,Hybrid,ag_news,R4,text,1,675.8629912,0.0,675.8629912,675.8629912,0,NVIDIA A100-SXM4-80GB,auto
matched_only,free_match,Hybrid,imdb,R4,text,1,140.6914078,0.0,140.6914078,140.6914078,0,NVIDIA A100-SXM4-80GB,auto
matched_only,meta_pseudo_labels,Hybrid,ag_news,R4,text,1,1646.1066716,0.0,1646.1066716,1646.1066716,0,NVIDIA A100-SXM4-80GB,auto
matched_only,meta_pseudo_labels,Hybrid,imdb,R4,text,1,217.20139920000003,0.0,217.20139920000003,217.20139920000003,0,NVIDIA A100-SXM4-80GB,auto
matched_only,mixmatch,Hybrid,ag_news,R4,text,1,1019.5889686,0.0,1019.5889686,1019.5889686,0,NVIDIA A100-SXM4-80GB,auto
matched_only,mixmatch,Hybrid,imdb,R4,text,1,212.174187,0.0,212.174187,212.174187,0,NVIDIA A100-SXM4-80GB,auto
matched_only,noisy_student,Hybrid,ag_news,R4,text,1,633.673997,0.0,633.673997,633.673997,0,NVIDIA A100-SXM4-80GB,auto
matched_only,noisy_student,Hybrid,imdb,R4,text,1,131.7732746,0.0,131.7732746,131.7732746,0,NVIDIA A100-SXM4-80GB,auto
matched_only,simclr_v2,Hybrid,ag_news,R4,text,1,409.83089060000003,0.0,409.83089060000003,409.83089060000003,0,NVIDIA A100-SXM4-80GB,auto
matched_only,simclr_v2,Hybrid,imdb,R4,text,1,57.7622564,0.0,57.7622564,57.7622564,0,NVIDIA A100-SXM4-80GB,auto
matched_only,softmatch,Hybrid,ag_news,R4,text,1,629.6495246000001,0.0,629.6495246000001,629.6495246000001,0,NVIDIA A100-SXM4-80GB,auto
matched_only,softmatch,Hybrid,imdb,R4,text,1,131.192691,0.0,131.192691,131.192691,0,NVIDIA A100-SXM4-80GB,auto
matched_only,uda,Hybrid,ag_news,R4,text,1,621.612884,0.0,621.612884,621.612884,0,NVIDIA A100-SXM4-80GB,auto
matched_only,uda,Hybrid,imdb,R4,text,1,129.1703818,0.0,129.1703818,129.1703818,0,NVIDIA A100-SXM4-80GB,auto
matched_only,adsh,Margin-based inductive,ag_news,R4,text,1,745.4576518,0.0,745.4576518,745.4576518,0,NVIDIA A100-SXM4-80GB,auto
matched_only,adsh,Margin-based inductive,imdb,R4,text,1,154.385636,0.0,154.385636,154.385636,0,NVIDIA A100-SXM4-80GB,auto
matched_only,tsvm,Margin-based inductive,imdb,R4,text,1,1.1712764,0.0,1.1712764,1.1712764,0,CPU,auto
matched_only,laplace_learning,PDE/Variational,imdb,R4,text,1,5.915408,0.0,5.915408,5.915408,0,Unknown,auto
matched_only,p_laplace_learning,PDE/Variational,ag_news,R4,text,1,40437.213764,0.0,40437.213764,40437.213764,0,CPU,auto
matched_only,p_laplace_learning,PDE/Variational,imdb,R4,text,1,7190.458912,0.0,7190.458912,7190.458912,0,CPU,auto
matched_only,poisson_learning,PDE/Variational,ag_news,R4,text,1,46.946072,0.0,46.946072,46.946072,0,Unknown,auto
matched_only,poisson_learning,PDE/Variational,imdb,R4,text,1,14.890533000000001,0.0,14.890533000000001,14.890533000000001,0,Unknown,auto
matched_only,poisson_mbo,PDE/Variational,ag_news,R4,text,1,149.940736,0.0,149.940736,149.940736,0,CPU,auto
matched_only,poisson_mbo,PDE/Variational,imdb,R4,text,1,45.3998598,0.0,45.3998598,45.3998598,0,CPU,auto
matched_only,co_training,Wrappers,ag_news,R4,text,1,4.3986706,0.0,4.3986706,4.3986706,0,Unknown,auto
matched_only,co_training,Wrappers,imdb,R4,text,1,1.8220444,0.0,1.8220444,1.8220444,0,Unknown,auto
matched_only,deep_co_training,Wrappers,ag_news,R4,text,1,1430.809854,0.0,1430.809854,1430.809854,0,NVIDIA A100-SXM4-80GB,auto
matched_only,deep_co_training,Wrappers,imdb,R4,text,1,297.5222422,0.0,297.5222422,297.5222422,0,NVIDIA A100-SXM4-80GB,auto
matched_only,setred,Wrappers,ag_news,R4,text,1,6.2279592,0.0,6.2279592,6.2279592,0,Unknown,auto
matched_only,setred,Wrappers,imdb,R4,text,1,1.8100678,0.0,1.8100678,1.8100678,0,Unknown,auto
matched_only,supervised,Baseline,cifar10,R4,vision,1,2.0928854,0.0,2.0928854,2.0928854,0,NVIDIA A100-SXM4-80GB,auto
matched_only,supervised,Baseline,cifar100,R4,vision,1,2.9025696,0.0,2.9025696,2.9025696,0,NVIDIA A100-SXM4-80GB,auto
matched_only,supervised,Baseline,mnist,R4,vision,1,1.8982350000000001,0.0,1.8982350000000001,1.8982350000000001,0,NVIDIA A100-SXM4-80GB,auto
matched_only,graph_mincuts,Classical transductive,cifar10,R4,vision,1,2.61969,0.0,2.61969,2.61969,0,CPU,auto
matched_only,graph_mincuts,Classical transductive,cifar100,R4,vision,1,0.2835012,0.0,0.2835012,0.2835012,0,CPU,auto
matched_only,graph_mincuts,Classical transductive,mnist,R4,vision,1,0.6307799999999999,0.0,0.6307799999999999,0.6307799999999999,0,CPU,auto
matched_only,graphhop,Classical transductive,cifar10,R4,vision,1,14.193146200000001,0.0,14.193146200000001,14.193146200000001,0,Unknown,auto
matched_only,graphhop,Classical transductive,cifar100,R4,vision,1,30.2518684,0.0,30.2518684,30.2518684,0,Unknown,auto
matched_only,graphhop,Classical transductive,mnist,R4,vision,1,15.714927,0.0,15.714927,15.714927,0,Unknown,auto
matched_only,label_propagation,Classical transductive,cifar10,R4,vision,1,0.9087555999999999,0.0,0.9087555999999999,0.9087555999999999,0,Unknown,auto
matched_only,label_propagation,Classical transductive,cifar100,R4,vision,1,1.0351676,0.0,1.0351676,1.0351676,0,Unknown,auto
matched_only,label_propagation,Classical transductive,mnist,R4,vision,1,0.8107458,0.0,0.8107458,0.8107458,0,Unknown,auto
matched_only,label_spreading,Classical transductive,cifar10,R4,vision,1,0.42015060000000004,0.0,0.42015060000000004,0.42015060000000004,0,Unknown,auto
matched_only,label_spreading,Classical transductive,cifar100,R4,vision,1,0.6360474,0.0,0.6360474,0.6360474,0,Unknown,auto
matched_only,label_spreading,Classical transductive,mnist,R4,vision,1,0.4048438,0.0,0.4048438,0.4048438,0,Unknown,auto
matched_only,lazy_random_walk,Classical transductive,cifar10,R4,vision,1,2.0277804,0.0,2.0277804,2.0277804,0,Unknown,auto
matched_only,lazy_random_walk,Classical transductive,cifar100,R4,vision,1,0.34505339999999995,0.0,0.34505339999999995,0.34505339999999995,0,Unknown,auto
matched_only,lazy_random_walk,Classical transductive,mnist,R4,vision,1,0.6333542,0.0,0.6333542,0.6333542,0,Unknown,auto
matched_only,mean_teacher,Consistency,cifar10,R4,vision,1,261.717987,0.0,261.717987,261.717987,0,NVIDIA A100-SXM4-80GB,auto
matched_only,mean_teacher,Consistency,cifar100,R4,vision,1,256.6712192,0.0,256.6712192,256.6712192,0,NVIDIA A100-SXM4-80GB,auto
matched_only,mean_teacher,Consistency,mnist,R4,vision,1,322.67509600000005,0.0,322.67509600000005,322.67509600000005,0,NVIDIA A100-SXM4-80GB,auto
matched_only,pi_model,Consistency,cifar10,R4,vision,1,274.2804962,0.0,274.2804962,274.2804962,0,NVIDIA A100-SXM4-80GB,auto
matched_only,pi_model,Consistency,cifar100,R4,vision,1,267.80764220000003,0.0,267.80764220000003,267.80764220000003,0,NVIDIA A100-SXM4-80GB,auto
matched_only,pi_model,Consistency,mnist,R4,vision,1,333.6165476,0.0,333.6165476,333.6165476,0,NVIDIA A100-SXM4-80GB,auto
matched_only,temporal_ensembling,Consistency,cifar10,R4,vision,1,296.1875536,0.0,296.1875536,296.1875536,0,NVIDIA A100-SXM4-80GB,auto
matched_only,temporal_ensembling,Consistency,cifar100,R4,vision,1,317.69377380000003,0.0,317.69377380000003,317.69377380000003,0,NVIDIA A100-SXM4-80GB,auto
matched_only,temporal_ensembling,Consistency,mnist,R4,vision,1,361.5050192,0.0,361.5050192,361.5050192,0,NVIDIA A100-SXM4-80GB,auto
matched_only,vat,Consistency,cifar10,R4,vision,1,360.265357,0.0,360.265357,360.265357,0,NVIDIA A100-SXM4-80GB,auto
matched_only,vat,Consistency,cifar100,R4,vision,1,355.1434052,0.0,355.1434052,355.1434052,0,NVIDIA A100-SXM4-80GB,auto
matched_only,vat,Consistency,mnist,R4,vision,1,446.29056419999995,0.0,446.29056419999995,446.29056419999995,0,NVIDIA A100-SXM4-80GB,auto
matched_only,appnp,GNN,cifar10,R4,vision,1,25.479709200000002,0.0,25.479709200000002,25.479709200000002,0,Unknown,auto
matched_only,appnp,GNN,cifar100,R4,vision,1,27.2172436,0.0,27.2172436,27.2172436,0,Unknown,auto
matched_only,appnp,GNN,mnist,R4,vision,1,4.4237546,0.0,4.4237546,4.4237546,0,Unknown,auto
matched_only,chebnet,GNN,cifar10,R4,vision,1,2.5444874,0.0,2.5444874,2.5444874,0,Unknown,auto
matched_only,chebnet,GNN,cifar100,R4,vision,1,5.159622199999999,0.0,5.159622199999999,5.159622199999999,0,Unknown,auto
matched_only,chebnet,GNN,mnist,R4,vision,1,5.4199798,0.0,5.4199798,5.4199798,0,Unknown,auto
matched_only,gat,GNN,cifar10,R4,vision,1,3.0974078,0.0,3.0974078,3.0974078,0,Unknown,auto
matched_only,gat,GNN,cifar100,R4,vision,1,4.2221608,0.0,4.2221608,4.2221608,0,Unknown,auto
matched_only,gat,GNN,mnist,R4,vision,1,4.2036248,0.0,4.2036248,4.2036248,0,Unknown,auto
matched_only,gcn,GNN,cifar10,R4,vision,1,0.943877,0.0,0.943877,0.943877,0,Unknown,auto
matched_only,gcn,GNN,cifar100,R4,vision,1,1.6354323999999998,0.0,1.6354323999999998,1.6354323999999998,0,Unknown,auto
matched_only,gcn,GNN,mnist,R4,vision,1,1.3294016,0.0,1.3294016,1.3294016,0,Unknown,auto
matched_only,gcnii,GNN,cifar10,R4,vision,1,4.799232399999999,0.0,4.799232399999999,4.799232399999999,0,Unknown,auto
matched_only,gcnii,GNN,cifar100,R4,vision,1,8.7034626,0.0,8.7034626,8.7034626,0,Unknown,auto
matched_only,gcnii,GNN,mnist,R4,vision,1,13.3027652,0.0,13.3027652,13.3027652,0,Unknown,auto
matched_only,grafn,GNN,cifar10,R4,vision,1,4.042851000000001,0.0,4.042851000000001,4.042851000000001,0,Unknown,auto
matched_only,grafn,GNN,cifar100,R4,vision,1,3.9570342,0.0,3.9570342,3.9570342,0,Unknown,auto
matched_only,grafn,GNN,mnist,R4,vision,1,6.7046546000000005,0.0,6.7046546000000005,6.7046546000000005,0,Unknown,auto
matched_only,grand,GNN,cifar10,R4,vision,1,14.2554774,0.0,14.2554774,14.2554774,0,Unknown,auto
matched_only,grand,GNN,cifar100,R4,vision,1,42.501773,0.0,42.501773,42.501773,0,Unknown,auto
matched_only,grand,GNN,mnist,R4,vision,1,40.999151,0.0,40.999151,40.999151,0,Unknown,auto
matched_only,graphsage,GNN,cifar10,R4,vision,1,1.5622046,0.0,1.5622046,1.5622046,0,Unknown,auto
matched_only,graphsage,GNN,cifar100,R4,vision,1,1.9735568,0.0,1.9735568,1.9735568,0,Unknown,auto
matched_only,graphsage,GNN,mnist,R4,vision,1,2.5536212,0.0,2.5536212,2.5536212,0,Unknown,auto
matched_only,h_gcn,GNN,cifar10,R4,vision,1,494.69232380000005,0.0,494.69232380000005,494.69232380000005,0,Unknown,auto
matched_only,h_gcn,GNN,cifar100,R4,vision,1,511.3294852,0.0,511.3294852,511.3294852,0,Unknown,auto
matched_only,planetoid,GNN,cifar10,R4,vision,1,1268.351288,0.0,1268.351288,1268.351288,0,Unknown,auto
matched_only,planetoid,GNN,cifar100,R4,vision,1,1296.641182,0.0,1296.641182,1296.641182,0,Unknown,auto
matched_only,planetoid,GNN,mnist,R4,vision,1,1611.9521874,0.0,1611.9521874,1611.9521874,0,Unknown,auto
matched_only,sgc,GNN,cifar10,R4,vision,1,2.261852,0.0,2.261852,2.261852,0,Unknown,auto
matched_only,sgc,GNN,cifar100,R4,vision,1,2.856125,0.0,2.856125,2.856125,0,Unknown,auto
matched_only,sgc,GNN,mnist,R4,vision,1,0.877285,0.0,0.877285,0.877285,0,Unknown,auto
matched_only,adamatch,Hybrid,cifar10,R4,vision,1,270.39993,0.0,270.39993,270.39993,0,NVIDIA A100-SXM4-80GB,auto
matched_only,adamatch,Hybrid,cifar100,R4,vision,1,270.0428482,0.0,270.0428482,270.0428482,0,NVIDIA A100-SXM4-80GB,auto
matched_only,adamatch,Hybrid,mnist,R4,vision,1,334.357957,0.0,334.357957,334.357957,0,NVIDIA A100-SXM4-80GB,auto
matched_only,comatch,Hybrid,cifar10,R4,vision,1,395.294545,0.0,395.294545,395.294545,0,NVIDIA A100-SXM4-80GB,auto
matched_only,comatch,Hybrid,cifar100,R4,vision,1,385.90265439999996,0.0,385.90265439999996,385.90265439999996,0,NVIDIA A100-SXM4-80GB,auto
matched_only,comatch,Hybrid,mnist,R4,vision,1,498.8664798,0.0,498.8664798,498.8664798,0,NVIDIA A100-SXM4-80GB,auto
matched_only,daso,Hybrid,cifar10,R4,vision,1,351.34271,0.0,351.34271,351.34271,0,NVIDIA A100-SXM4-80GB,auto
matched_only,daso,Hybrid,cifar100,R4,vision,1,508.0095826,0.0,508.0095826,508.0095826,0,NVIDIA A100-SXM4-80GB,auto
matched_only,daso,Hybrid,mnist,R4,vision,1,427.7434008,0.0,427.7434008,427.7434008,0,NVIDIA A100-SXM4-80GB,auto
matched_only,defixmatch,Hybrid,cifar10,R4,vision,1,372.230222,0.0,372.230222,372.230222,0,NVIDIA A100-SXM4-80GB,auto
matched_only,defixmatch,Hybrid,cifar100,R4,vision,1,369.33319199999994,0.0,369.33319199999994,369.33319199999994,0,NVIDIA A100-SXM4-80GB,auto
matched_only,defixmatch,Hybrid,mnist,R4,vision,1,441.6754324,0.0,441.6754324,441.6754324,0,NVIDIA A100-SXM4-80GB,auto
matched_only,fixmatch,Hybrid,cifar10,R4,vision,1,272.87847,0.0,272.87847,272.87847,0,NVIDIA A100-SXM4-80GB,auto
matched_only,fixmatch,Hybrid,cifar100,R4,vision,1,270.1823802,0.0,270.1823802,270.1823802,0,NVIDIA A100-SXM4-80GB,auto
matched_only,fixmatch,Hybrid,mnist,R4,vision,1,319.2062466,0.0,319.2062466,319.2062466,0,NVIDIA A100-SXM4-80GB,auto
matched_only,flexmatch,Hybrid,cifar10,R4,vision,1,360.682383,0.0,360.682383,360.682383,0,NVIDIA A100-SXM4-80GB,auto
matched_only,flexmatch,Hybrid,cifar100,R4,vision,1,367.1558482,0.0,367.1558482,367.1558482,0,NVIDIA A100-SXM4-80GB,auto
matched_only,flexmatch,Hybrid,mnist,R4,vision,1,403.0337512,0.0,403.0337512,403.0337512,0,NVIDIA A100-SXM4-80GB,auto
matched_only,free_match,Hybrid,cifar10,R4,vision,1,292.704076,0.0,292.704076,292.704076,0,NVIDIA A100-SXM4-80GB,auto
matched_only,free_match,Hybrid,cifar100,R4,vision,1,291.0441156,0.0,291.0441156,291.0441156,0,NVIDIA A100-SXM4-80GB,auto
matched_only,free_match,Hybrid,mnist,R4,vision,1,355.2301676,0.0,355.2301676,355.2301676,0,NVIDIA A100-SXM4-80GB,auto
matched_only,meta_pseudo_labels,Hybrid,cifar10,R4,vision,1,480.8943836,0.0,480.8943836,480.8943836,0,NVIDIA A100-SXM4-80GB,auto
matched_only,meta_pseudo_labels,Hybrid,cifar100,R4,vision,1,473.36113800000004,0.0,473.36113800000004,473.36113800000004,0,NVIDIA A100-SXM4-80GB,auto
matched_only,meta_pseudo_labels,Hybrid,mnist,R4,vision,1,578.1446118,0.0,578.1446118,578.1446118,0,NVIDIA A100-SXM4-80GB,auto
matched_only,mixmatch,Hybrid,cifar10,R4,vision,1,257.037133,0.0,257.037133,257.037133,0,NVIDIA A100-SXM4-80GB,auto
matched_only,mixmatch,Hybrid,cifar100,R4,vision,1,220.53846439999998,0.0,220.53846439999998,220.53846439999998,0,NVIDIA A100-SXM4-80GB,auto
matched_only,mixmatch,Hybrid,mnist,R4,vision,1,289.1300234,0.0,289.1300234,289.1300234,0,NVIDIA A100-SXM4-80GB,auto
matched_only,noisy_student,Hybrid,cifar10,R4,vision,1,248.84005900000002,0.0,248.84005900000002,248.84005900000002,0,NVIDIA A100-SXM4-80GB,auto
matched_only,noisy_student,Hybrid,cifar100,R4,vision,1,241.1253296,0.0,241.1253296,241.1253296,0,NVIDIA A100-SXM4-80GB,auto
matched_only,noisy_student,Hybrid,mnist,R4,vision,1,310.393551,0.0,310.393551,310.393551,0,NVIDIA A100-SXM4-80GB,auto
matched_only,simclr_v2,Hybrid,cifar10,R4,vision,1,110.26988539999999,0.0,110.26988539999999,110.26988539999999,0,NVIDIA A100-SXM4-80GB,auto
matched_only,simclr_v2,Hybrid,cifar100,R4,vision,1,107.989518,0.0,107.989518,107.989518,0,NVIDIA A100-SXM4-80GB,auto
matched_only,simclr_v2,Hybrid,mnist,R4,vision,1,129.3233128,0.0,129.3233128,129.3233128,0,NVIDIA A100-SXM4-80GB,auto
matched_only,softmatch,Hybrid,cifar10,R4,vision,1,274.1496948,0.0,274.1496948,274.1496948,0,NVIDIA A100-SXM4-80GB,auto
matched_only,softmatch,Hybrid,cifar100,R4,vision,1,273.524162,0.0,273.524162,273.524162,0,NVIDIA A100-SXM4-80GB,auto
matched_only,softmatch,Hybrid,mnist,R4,vision,1,330.9093974,0.0,330.9093974,330.9093974,0,NVIDIA A100-SXM4-80GB,auto
matched_only,uda,Hybrid,cifar10,R4,vision,1,275.5676484,0.0,275.5676484,275.5676484,0,NVIDIA A100-SXM4-80GB,auto
matched_only,uda,Hybrid,cifar100,R4,vision,1,263.44076060000003,0.0,263.44076060000003,263.44076060000003,0,NVIDIA A100-SXM4-80GB,auto
matched_only,uda,Hybrid,mnist,R4,vision,1,331.3915868,0.0,331.3915868,331.3915868,0,NVIDIA A100-SXM4-80GB,auto
matched_only,adsh,Margin-based inductive,cifar10,R4,vision,1,321.762939,0.0,321.762939,321.762939,0,NVIDIA A100-SXM4-80GB,auto
matched_only,adsh,Margin-based inductive,cifar100,R4,vision,1,347.1392242,0.0,347.1392242,347.1392242,0,NVIDIA A100-SXM4-80GB,auto
matched_only,adsh,Margin-based inductive,mnist,R4,vision,1,387.969942,0.0,387.969942,387.969942,0,NVIDIA A100-SXM4-80GB,auto
matched_only,laplace_learning,PDE/Variational,cifar10,R4,vision,1,28.314483000000003,0.0,28.314483000000003,28.314483000000003,0,Unknown,auto
matched_only,laplace_learning,PDE/Variational,cifar100,R4,vision,1,27.631346999999998,0.0,27.631346999999998,27.631346999999998,0,Unknown,auto
matched_only,laplace_learning,PDE/Variational,mnist,R4,vision,1,13.5895442,0.0,13.5895442,13.5895442,0,Unknown,auto
matched_only,poisson_learning,PDE/Variational,cifar10,R4,vision,1,43.840884,0.0,43.840884,43.840884,0,Unknown,auto
matched_only,poisson_learning,PDE/Variational,cifar100,R4,vision,1,440.881635,0.0,440.881635,440.881635,0,Unknown,auto
matched_only,poisson_learning,PDE/Variational,mnist,R4,vision,1,55.6868052,0.0,55.6868052,55.6868052,0,Unknown,auto
matched_only,poisson_mbo,PDE/Variational,cifar10,R4,vision,1,123.538297,0.0,123.538297,123.538297,0,CPU,auto
matched_only,poisson_mbo,PDE/Variational,cifar100,R4,vision,1,939.821321,0.0,939.821321,939.821321,0,CPU,auto
matched_only,poisson_mbo,PDE/Variational,mnist,R4,vision,1,159.26169099999998,0.0,159.26169099999998,159.26169099999998,0,CPU,auto
matched_only,co_training,Wrappers,cifar10,R4,vision,1,7.271572,0.0,7.271572,7.271572,0,Unknown,auto
matched_only,co_training,Wrappers,cifar100,R4,vision,1,1997.8931996,0.0,1997.8931996,1997.8931996,0,Unknown,auto
matched_only,co_training,Wrappers,mnist,R4,vision,1,8.2820138,0.0,8.2820138,8.2820138,0,Unknown,auto
matched_only,deep_co_training,Wrappers,cifar10,R4,vision,1,645.629897,0.0,645.629897,645.629897,0,NVIDIA A100-SXM4-80GB,auto
matched_only,deep_co_training,Wrappers,cifar100,R4,vision,1,618.808179,0.0,618.808179,618.808179,0,NVIDIA A100-SXM4-80GB,auto
matched_only,deep_co_training,Wrappers,mnist,R4,vision,1,740.7595156,0.0,740.7595156,740.7595156,0,NVIDIA A100-SXM4-80GB,auto
matched_only,democratic_co_learning,Wrappers,cifar10,R4,vision,1,1535.346214,0.0,1535.346214,1535.346214,0,NVIDIA A100-SXM4-80GB,auto
matched_only,democratic_co_learning,Wrappers,cifar100,R4,vision,1,814.4614902000001,0.0,814.4614902000001,814.4614902000001,0,NVIDIA A100-SXM4-80GB,auto
matched_only,democratic_co_learning,Wrappers,mnist,R4,vision,1,2120.4674684,0.0,2120.4674684,2120.4674684,0,NVIDIA A100-SXM4-80GB,auto
matched_only,pseudo_label,Wrappers,cifar10,R4,vision,1,2.7144839999999997,0.0,2.7144839999999997,2.7144839999999997,0,NVIDIA A100-SXM4-80GB,auto
matched_only,pseudo_label,Wrappers,cifar100,R4,vision,1,4.2065104,0.0,4.2065104,4.2065104,0,NVIDIA A100-SXM4-80GB,auto
matched_only,pseudo_label,Wrappers,mnist,R4,vision,1,2.4890322,0.0,2.4890322,2.4890322,0,NVIDIA A100-SXM4-80GB,auto
matched_only,self_training,Wrappers,cifar10,R4,vision,1,2.0331158,0.0,2.0331158,2.0331158,0,NVIDIA A100-SXM4-80GB,auto
matched_only,self_training,Wrappers,cifar100,R4,vision,1,3.9599612,0.0,3.9599612,3.9599612,0,NVIDIA A100-SXM4-80GB,auto
matched_only,self_training,Wrappers,mnist,R4,vision,1,2.1274864,0.0,2.1274864,2.1274864,0,NVIDIA A100-SXM4-80GB,auto
matched_only,setred,Wrappers,cifar10,R4,vision,1,3.7951974,0.0,3.7951974,3.7951974,0,Unknown,auto
matched_only,setred,Wrappers,cifar100,R4,vision,1,604.6981214,0.0,604.6981214,604.6981214,0,Unknown,auto
matched_only,setred,Wrappers,mnist,R4,vision,1,15.3792926,0.0,15.3792926,15.3792926,0,Unknown,auto
matched_only,tri_training,Wrappers,cifar10,R4,vision,1,2481.4501327999997,0.0,2481.4501327999997,2481.4501327999997,0,NVIDIA A100-SXM4-80GB,auto
matched_only,tri_training,Wrappers,cifar100,R4,vision,1,2358.705462,0.0,2358.705462,2358.705462,0,NVIDIA A100-SXM4-80GB,auto
matched_only,tri_training,Wrappers,mnist,R4,vision,1,3004.4630968,0.0,3004.4630968,3004.4630968,0,NVIDIA A100-SXM4-80GB,auto
matched_only,supervised,Baseline,adult,R5,tabular,1,1.0660338,0.0,1.0660338,1.0660338,0,NVIDIA A100-SXM4-80GB,auto
matched_only,supervised,Baseline,breast_cancer,R5,tabular,1,2.8417106,0.0,2.8417106,2.8417106,0,Tesla V100-SXM2-32GB,auto
matched_only,dynamic_label_propagation,Classical transductive,adult,R5,tabular,1,765.7890744,0.0,765.7890744,765.7890744,0,Unknown,auto
matched_only,dynamic_label_propagation,Classical transductive,breast_cancer,R5,tabular,1,1.95697,0.0,1.95697,1.95697,0,Unknown,auto
matched_only,graph_mincuts,Classical transductive,adult,R5,tabular,1,0.9244486000000001,0.0,0.9244486000000001,0.9244486000000001,0,CPU,auto
matched_only,graph_mincuts,Classical transductive,breast_cancer,R5,tabular,1,1.2543198,0.0,1.2543198,1.2543198,0,CPU,auto
matched_only,graphhop,Classical transductive,adult,R5,tabular,1,31.171077200000003,0.0,31.171077200000003,31.171077200000003,0,Unknown,auto
matched_only,graphhop,Classical transductive,breast_cancer,R5,tabular,1,19.613785999999998,0.0,19.613785999999998,19.613785999999998,0,Unknown,auto
matched_only,label_propagation,Classical transductive,adult,R5,tabular,1,1.3468826,0.0,1.3468826,1.3468826,0,Unknown,auto
matched_only,label_propagation,Classical transductive,breast_cancer,R5,tabular,1,1.1495144,0.0,1.1495144,1.1495144,0,Unknown,auto
matched_only,label_spreading,Classical transductive,adult,R5,tabular,1,0.7057836,0.0,0.7057836,0.7057836,0,Unknown,auto
matched_only,label_spreading,Classical transductive,breast_cancer,R5,tabular,1,1.0743082,0.0,1.0743082,1.0743082,0,Unknown,auto
matched_only,lazy_random_walk,Classical transductive,adult,R5,tabular,1,5.4080522,0.0,5.4080522,5.4080522,0,Unknown,auto
matched_only,lazy_random_walk,Classical transductive,breast_cancer,R5,tabular,1,0.9681286,0.0,0.9681286,0.9681286,0,Unknown,auto
matched_only,mean_teacher,Consistency,adult,R5,tabular,1,37.2216344,0.0,37.2216344,37.2216344,0,NVIDIA A100-SXM4-80GB,auto
matched_only,mean_teacher,Consistency,breast_cancer,R5,tabular,1,3.8558572,0.0,3.8558572,3.8558572,0,Tesla V100-SXM2-32GB,auto
matched_only,pi_model,Consistency,adult,R5,tabular,1,35.765462400000004,0.0,35.765462400000004,35.765462400000004,0,NVIDIA A100-SXM4-80GB,auto
matched_only,pi_model,Consistency,breast_cancer,R5,tabular,1,3.9607343999999998,0.0,3.9607343999999998,3.9607343999999998,0,Tesla V100-SXM2-32GB,auto
matched_only,temporal_ensembling,Consistency,adult,R5,tabular,1,40.7838898,0.0,40.7838898,40.7838898,0,NVIDIA A100-SXM4-80GB,auto
matched_only,temporal_ensembling,Consistency,breast_cancer,R5,tabular,1,3.7760523999999998,0.0,3.7760523999999998,3.7760523999999998,0,Tesla V100-SXM2-32GB,auto
matched_only,vat,Consistency,adult,R5,tabular,1,48.0329204,0.0,48.0329204,48.0329204,0,NVIDIA A100-SXM4-80GB,auto
matched_only,vat,Consistency,breast_cancer,R5,tabular,1,4.0910392,0.0,4.0910392,4.0910392,0,Tesla V100-SXM2-32GB,auto
matched_only,appnp,GNN,adult,R5,tabular,1,15.621168800000001,0.0,15.621168800000001,15.621168800000001,0,Unknown,auto
matched_only,appnp,GNN,breast_cancer,R5,tabular,1,3.8011536,0.0,3.8011536,3.8011536,0,Unknown,auto
matched_only,chebnet,GNN,adult,R5,tabular,1,1.6455290000000002,0.0,1.6455290000000002,1.6455290000000002,0,Unknown,auto
matched_only,chebnet,GNN,breast_cancer,R5,tabular,1,3.3172142,0.0,3.3172142,3.3172142,0,Unknown,auto
matched_only,gat,GNN,adult,R5,tabular,1,4.2991802,0.0,4.2991802,4.2991802,0,Unknown,auto
matched_only,gat,GNN,breast_cancer,R5,tabular,1,3.9499806,0.0,3.9499806,3.9499806,0,Unknown,auto
matched_only,gcn,GNN,adult,R5,tabular,1,1.3029595999999999,0.0,1.3029595999999999,1.3029595999999999,0,Unknown,auto
matched_only,gcn,GNN,breast_cancer,R5,tabular,1,2.9165099999999997,0.0,2.9165099999999997,2.9165099999999997,0,Unknown,auto
matched_only,gcnii,GNN,adult,R5,tabular,1,4.7360938,0.0,4.7360938,4.7360938,0,Unknown,auto
matched_only,gcnii,GNN,breast_cancer,R5,tabular,1,4.5509189999999995,0.0,4.5509189999999995,4.5509189999999995,0,Unknown,auto
matched_only,grafn,GNN,adult,R5,tabular,1,3.8005629999999995,0.0,3.8005629999999995,3.8005629999999995,0,Unknown,auto
matched_only,grafn,GNN,breast_cancer,R5,tabular,1,3.5296176000000004,0.0,3.5296176000000004,3.5296176000000004,0,Unknown,auto
matched_only,grand,GNN,adult,R5,tabular,1,2.5422302,0.0,2.5422302,2.5422302,0,Unknown,auto
matched_only,grand,GNN,breast_cancer,R5,tabular,1,3.1563980000000003,0.0,3.1563980000000003,3.1563980000000003,0,Unknown,auto
matched_only,graphsage,GNN,adult,R5,tabular,1,1.3125136,0.0,1.3125136,1.3125136,0,Unknown,auto
matched_only,graphsage,GNN,breast_cancer,R5,tabular,1,2.3929584,0.0,2.3929584,2.3929584,0,Unknown,auto
matched_only,h_gcn,GNN,adult,R5,tabular,1,243.25375119999998,0.0,243.25375119999998,243.25375119999998,0,Unknown,auto
matched_only,h_gcn,GNN,breast_cancer,R5,tabular,1,3.5698596,0.0,3.5698596,3.5698596,0,Unknown,auto
matched_only,n_gcn,GNN,adult,R5,tabular,1,162.1919948,0.0,162.1919948,162.1919948,0,Unknown,auto
matched_only,n_gcn,GNN,breast_cancer,R5,tabular,1,2.9823288,0.0,2.9823288,2.9823288,0,Unknown,auto
matched_only,planetoid,GNN,adult,R5,tabular,1,958.0502682,0.0,958.0502682,958.0502682,0,Unknown,auto
matched_only,planetoid,GNN,breast_cancer,R5,tabular,1,43.778355,0.0,43.778355,43.778355,0,Unknown,auto
matched_only,sgc,GNN,adult,R5,tabular,1,1.975986,0.0,1.975986,1.975986,0,Unknown,auto
matched_only,sgc,GNN,breast_cancer,R5,tabular,1,1.3199412000000001,0.0,1.3199412000000001,1.3199412000000001,0,Unknown,auto
matched_only,adamatch,Hybrid,adult,R5,tabular,1,41.682978000000006,0.0,41.682978000000006,41.682978000000006,0,NVIDIA A100-SXM4-80GB,auto
matched_only,adamatch,Hybrid,breast_cancer,R5,tabular,1,4.907853,0.0,4.907853,4.907853,0,Tesla V100-SXM2-32GB,auto
matched_only,comatch,Hybrid,adult,R5,tabular,1,67.6448748,0.0,67.6448748,67.6448748,0,NVIDIA A100-SXM4-80GB,auto
matched_only,comatch,Hybrid,breast_cancer,R5,tabular,1,4.9103772,0.0,4.9103772,4.9103772,0,Tesla V100-SXM2-32GB,auto
matched_only,daso,Hybrid,adult,R5,tabular,1,55.0598016,0.0,55.0598016,55.0598016,0,NVIDIA A100-SXM4-80GB,auto
matched_only,daso,Hybrid,breast_cancer,R5,tabular,1,4.4282664,0.0,4.4282664,4.4282664,0,Tesla V100-SXM2-32GB,auto
matched_only,defixmatch,Hybrid,adult,R5,tabular,1,50.4589412,0.0,50.4589412,50.4589412,0,NVIDIA A100-SXM4-80GB,auto
matched_only,defixmatch,Hybrid,breast_cancer,R5,tabular,1,4.4612526,0.0,4.4612526,4.4612526,0,Tesla V100-SXM2-32GB,auto
matched_only,fixmatch,Hybrid,adult,R5,tabular,1,37.6383598,0.0,37.6383598,37.6383598,0,NVIDIA A100-SXM4-80GB,auto
matched_only,fixmatch,Hybrid,breast_cancer,R5,tabular,1,4.246470400000001,0.0,4.246470400000001,4.246470400000001,0,Tesla V100-SXM2-32GB,auto
matched_only,flexmatch,Hybrid,adult,R5,tabular,1,51.1432996,0.0,51.1432996,51.1432996,0,NVIDIA A100-SXM4-80GB,auto
matched_only,flexmatch,Hybrid,breast_cancer,R5,tabular,1,4.542617399999999,0.0,4.542617399999999,4.542617399999999,0,Tesla V100-SXM2-32GB,auto
matched_only,free_match,Hybrid,adult,R5,tabular,1,56.585565599999995,0.0,56.585565599999995,56.585565599999995,0,NVIDIA A100-SXM4-80GB,auto
matched_only,free_match,Hybrid,breast_cancer,R5,tabular,1,4.6162301999999995,0.0,4.6162301999999995,4.6162301999999995,0,Tesla V100-SXM2-32GB,auto
matched_only,meta_pseudo_labels,Hybrid,adult,R5,tabular,1,60.921003,0.0,60.921003,60.921003,0,NVIDIA A100-SXM4-80GB,auto
matched_only,meta_pseudo_labels,Hybrid,breast_cancer,R5,tabular,1,4.8201518,0.0,4.8201518,4.8201518,0,Tesla V100-SXM2-32GB,auto
matched_only,mixmatch,Hybrid,adult,R5,tabular,1,42.097249,0.0,42.097249,42.097249,0,NVIDIA A100-SXM4-80GB,auto
matched_only,mixmatch,Hybrid,breast_cancer,R5,tabular,1,4.2552854,0.0,4.2552854,4.2552854,0,Tesla V100-SXM2-32GB,auto
matched_only,noisy_student,Hybrid,adult,R5,tabular,1,37.9534332,0.0,37.9534332,37.9534332,0,NVIDIA A100-SXM4-80GB,auto
matched_only,noisy_student,Hybrid,breast_cancer,R5,tabular,1,3.9241681999999996,0.0,3.9241681999999996,3.9241681999999996,0,Tesla V100-SXM2-32GB,auto
matched_only,simclr_v2,Hybrid,adult,R5,tabular,1,21.0840344,0.0,21.0840344,21.0840344,0,NVIDIA A100-SXM4-80GB,auto
matched_only,simclr_v2,Hybrid,breast_cancer,R5,tabular,1,3.3614171999999995,0.0,3.3614171999999995,3.3614171999999995,0,Tesla V100-SXM2-32GB,auto
matched_only,softmatch,Hybrid,adult,R5,tabular,1,40.413563999999994,0.0,40.413563999999994,40.413563999999994,0,NVIDIA A100-SXM4-80GB,auto
matched_only,softmatch,Hybrid,breast_cancer,R5,tabular,1,3.7261076,0.0,3.7261076,3.7261076,0,Tesla V100-SXM2-32GB,auto
matched_only,uda,Hybrid,adult,R5,tabular,1,38.9645102,0.0,38.9645102,38.9645102,0,NVIDIA A100-SXM4-80GB,auto
matched_only,uda,Hybrid,breast_cancer,R5,tabular,1,3.698427,0.0,3.698427,3.698427,0,Tesla V100-SXM2-32GB,auto
matched_only,adsh,Margin-based inductive,adult,R5,tabular,1,41.0655844,0.0,41.0655844,41.0655844,0,NVIDIA A100-SXM4-80GB,auto
matched_only,adsh,Margin-based inductive,breast_cancer,R5,tabular,1,4.5028098,0.0,4.5028098,4.5028098,0,Tesla V100-SXM2-32GB,auto
matched_only,s4vm,Margin-based inductive,adult,R5,tabular,1,38.430259,0.0,38.430259,38.430259,0,NVIDIA A100-SXM4-80GB,auto
matched_only,s4vm,Margin-based inductive,breast_cancer,R5,tabular,1,4.869264599999999,0.0,4.869264599999999,4.869264599999999,0,Tesla V100-SXM2-32GB,auto
matched_only,tsvm,Margin-based inductive,adult,R5,tabular,1,1.7771864000000002,0.0,1.7771864000000002,1.7771864000000002,0,CPU,auto
matched_only,tsvm,Margin-based inductive,breast_cancer,R5,tabular,1,0.726154,0.0,0.726154,0.726154,0,CPU,auto
matched_only,laplace_learning,PDE/Variational,adult,R5,tabular,1,5.4170672,0.0,5.4170672,5.4170672,0,Unknown,auto
matched_only,laplace_learning,PDE/Variational,breast_cancer,R5,tabular,1,1.098423,0.0,1.098423,1.098423,0,Unknown,auto
matched_only,p_laplace_learning,PDE/Variational,adult,R5,tabular,1,11108.646334000001,0.0,11108.646334000001,11108.646334000001,0,CPU,auto
matched_only,p_laplace_learning,PDE/Variational,breast_cancer,R5,tabular,1,46.9899464,0.0,46.9899464,46.9899464,0,CPU,auto
matched_only,poisson_learning,PDE/Variational,adult,R5,tabular,1,10.9753742,0.0,10.9753742,10.9753742,0,Unknown,auto
matched_only,poisson_learning,PDE/Variational,breast_cancer,R5,tabular,1,0.9615980000000001,0.0,0.9615980000000001,0.9615980000000001,0,Unknown,auto
matched_only,poisson_mbo,PDE/Variational,adult,R5,tabular,1,54.356464800000005,0.0,54.356464800000005,54.356464800000005,0,CPU,auto
matched_only,poisson_mbo,PDE/Variational,breast_cancer,R5,tabular,1,1.8289490000000002,0.0,1.8289490000000002,1.8289490000000002,0,CPU,auto
matched_only,co_training,Wrappers,adult,R5,tabular,1,3.5469194,0.0,3.5469194,3.5469194,0,NVIDIA A100-SXM4-80GB,auto
matched_only,co_training,Wrappers,breast_cancer,R5,tabular,1,6.573118200000001,0.0,6.573118200000001,6.573118200000001,0,Tesla V100-SXM2-32GB,auto
matched_only,deep_co_training,Wrappers,adult,R5,tabular,1,82.8367536,0.0,82.8367536,82.8367536,0,NVIDIA A100-SXM4-80GB,auto
matched_only,deep_co_training,Wrappers,breast_cancer,R5,tabular,1,5.476482,0.0,5.476482,5.476482,0,Tesla V100-SXM2-32GB,auto
matched_only,democratic_co_learning,Wrappers,adult,R5,tabular,1,94.3485178,0.0,94.3485178,94.3485178,0,NVIDIA A100-SXM4-80GB,auto
matched_only,democratic_co_learning,Wrappers,breast_cancer,R5,tabular,1,4.970135,0.0,4.970135,4.970135,0,Tesla V100-SXM2-32GB,auto
matched_only,pseudo_label,Wrappers,adult,R5,tabular,1,61.63113920000001,0.0,61.63113920000001,61.63113920000001,0,NVIDIA A100-SXM4-80GB,auto
matched_only,pseudo_label,Wrappers,breast_cancer,R5,tabular,1,4.779946,0.0,4.779946,4.779946,0,Tesla V100-SXM2-32GB,auto
matched_only,self_training,Wrappers,adult,R5,tabular,1,61.310658000000004,0.0,61.310658000000004,61.310658000000004,0,NVIDIA A100-SXM4-80GB,auto
matched_only,self_training,Wrappers,breast_cancer,R5,tabular,1,4.6088434,0.0,4.6088434,4.6088434,0,Tesla V100-SXM2-32GB,auto
matched_only,setred,Wrappers,adult,R5,tabular,1,2.304148,0.0,2.304148,2.304148,0,NVIDIA A100-SXM4-80GB,auto
matched_only,setred,Wrappers,breast_cancer,R5,tabular,1,5.3129416,0.0,5.3129416,5.3129416,0,Tesla V100-SXM2-32GB,auto
matched_only,tri_training,Wrappers,adult,R5,tabular,1,349.26077960000003,0.0,349.26077960000003,349.26077960000003,0,NVIDIA A100-SXM4-80GB,auto
matched_only,tri_training,Wrappers,breast_cancer,R5,tabular,1,6.0339614,0.0,6.0339614,6.0339614,0,Tesla V100-SXM2-32GB,auto
matched_only,trinet,Wrappers,adult,R5,tabular,1,686.3770754,0.0,686.3770754,686.3770754,0,NVIDIA A100-SXM4-80GB,auto
matched_only,trinet,Wrappers,breast_cancer,R5,tabular,1,18.3853118,0.0,18.3853118,18.3853118,0,Tesla V100-SXM2-32GB,auto
matched_only,supervised,Baseline,ag_news,R5,text,1,7.273892,0.0,7.273892,7.273892,0,NVIDIA A100-SXM4-80GB,auto
matched_only,supervised,Baseline,imdb,R5,text,1,2.1212244,0.0,2.1212244,2.1212244,0,NVIDIA A100-SXM4-80GB,auto
matched_only,dynamic_label_propagation,Classical transductive,imdb,R5,text,1,820.0898283999999,0.0,820.0898283999999,820.0898283999999,0,Unknown,auto
matched_only,graph_mincuts,Classical transductive,imdb,R5,text,1,15.4636438,0.0,15.4636438,15.4636438,0,CPU,auto
matched_only,graphhop,Classical transductive,ag_news,R5,text,1,40.294416,0.0,40.294416,40.294416,0,Unknown,auto
matched_only,graphhop,Classical transductive,imdb,R5,text,1,29.368352599999998,0.0,29.368352599999998,29.368352599999998,0,Unknown,auto
matched_only,label_propagation,Classical transductive,ag_news,R5,text,1,1.345286,0.0,1.345286,1.345286,0,Unknown,auto
matched_only,label_propagation,Classical transductive,imdb,R5,text,1,1.4688954,0.0,1.4688954,1.4688954,0,Unknown,auto
matched_only,label_spreading,Classical transductive,ag_news,R5,text,1,1.41195,0.0,1.41195,1.41195,0,Unknown,auto
matched_only,label_spreading,Classical transductive,imdb,R5,text,1,1.3116746,0.0,1.3116746,1.3116746,0,Unknown,auto
matched_only,lazy_random_walk,Classical transductive,imdb,R5,text,1,20.498954599999998,0.0,20.498954599999998,20.498954599999998,0,Unknown,auto
matched_only,mean_teacher,Consistency,ag_news,R5,text,1,644.3530776,0.0,644.3530776,644.3530776,0,NVIDIA A100-SXM4-80GB,auto
matched_only,mean_teacher,Consistency,imdb,R5,text,1,128.6330782,0.0,128.6330782,128.6330782,0,NVIDIA A100-SXM4-80GB,auto
matched_only,pi_model,Consistency,ag_news,R5,text,1,648.4738983999999,0.0,648.4738983999999,648.4738983999999,0,NVIDIA A100-SXM4-80GB,auto
matched_only,pi_model,Consistency,imdb,R5,text,1,127.95285039999999,0.0,127.95285039999999,127.95285039999999,0,NVIDIA A100-SXM4-80GB,auto
matched_only,temporal_ensembling,Consistency,ag_news,R5,text,1,799.380741,0.0,799.380741,799.380741,0,NVIDIA A100-SXM4-80GB,auto
matched_only,temporal_ensembling,Consistency,imdb,R5,text,1,157.9714516,0.0,157.9714516,157.9714516,0,NVIDIA A100-SXM4-80GB,auto
matched_only,vat,Consistency,ag_news,R5,text,1,868.001554,0.0,868.001554,868.001554,0,NVIDIA A100-SXM4-80GB,auto
matched_only,vat,Consistency,imdb,R5,text,1,174.7021032,0.0,174.7021032,174.7021032,0,NVIDIA A100-SXM4-80GB,auto
matched_only,appnp,GNN,ag_news,R5,text,1,83.260732,0.0,83.260732,83.260732,0,Unknown,auto
matched_only,appnp,GNN,imdb,R5,text,1,15.6355378,0.0,15.6355378,15.6355378,0,Unknown,auto
matched_only,chebnet,GNN,ag_news,R5,text,1,82.190912,0.0,82.190912,82.190912,0,Unknown,auto
matched_only,chebnet,GNN,imdb,R5,text,1,1.6847881999999998,0.0,1.6847881999999998,1.6847881999999998,0,Unknown,auto
matched_only,gat,GNN,ag_news,R5,text,1,86.552461,0.0,86.552461,86.552461,0,Unknown,auto
matched_only,gat,GNN,imdb,R5,text,1,3.311058,0.0,3.311058,3.311058,0,Unknown,auto
matched_only,gcn,GNN,ag_news,R5,text,1,74.783161,0.0,74.783161,74.783161,0,Unknown,auto
matched_only,gcn,GNN,imdb,R5,text,1,2.2719682,0.0,2.2719682,2.2719682,0,Unknown,auto
matched_only,gcnii,GNN,ag_news,R5,text,1,90.89399,0.0,90.89399,90.89399,0,Unknown,auto
matched_only,gcnii,GNN,imdb,R5,text,1,5.710803,0.0,5.710803,5.710803,0,Unknown,auto
matched_only,grafn,GNN,ag_news,R5,text,1,31.437477,0.0,31.437477,31.437477,0,Unknown,auto
matched_only,grafn,GNN,imdb,R5,text,1,3.6571392000000005,0.0,3.6571392000000005,3.6571392000000005,0,Unknown,auto
matched_only,grand,GNN,ag_news,R5,text,1,39.421212,0.0,39.421212,39.421212,0,Unknown,auto
matched_only,grand,GNN,imdb,R5,text,1,4.615385999999999,0.0,4.615385999999999,4.615385999999999,0,Unknown,auto
matched_only,graphsage,GNN,ag_news,R5,text,1,3.883145,0.0,3.883145,3.883145,0,Unknown,auto
matched_only,graphsage,GNN,imdb,R5,text,1,1.7229193999999999,0.0,1.7229193999999999,1.7229193999999999,0,Unknown,auto
matched_only,h_gcn,GNN,imdb,R5,text,1,272.6842802,0.0,272.6842802,272.6842802,0,Unknown,auto
matched_only,n_gcn,GNN,imdb,R5,text,1,206.19833979999999,0.0,206.19833979999999,206.19833979999999,0,Unknown,auto
matched_only,planetoid,GNN,ag_news,R5,text,1,4129.470108,0.0,4129.470108,4129.470108,0,Unknown,auto
matched_only,planetoid,GNN,imdb,R5,text,1,973.5019915999999,0.0,973.5019915999999,973.5019915999999,0,Unknown,auto
matched_only,sgc,GNN,ag_news,R5,text,1,3.826685,0.0,3.826685,3.826685,0,Unknown,auto
matched_only,sgc,GNN,imdb,R5,text,1,2.2071244,0.0,2.2071244,2.2071244,0,Unknown,auto
matched_only,adamatch,Hybrid,ag_news,R5,text,1,655.4019089999999,0.0,655.4019089999999,655.4019089999999,0,NVIDIA A100-SXM4-80GB,auto
matched_only,adamatch,Hybrid,imdb,R5,text,1,133.2348222,0.0,133.2348222,133.2348222,0,NVIDIA A100-SXM4-80GB,auto
matched_only,comatch,Hybrid,ag_news,R5,text,1,986.4700664,0.0,986.4700664,986.4700664,0,NVIDIA A100-SXM4-80GB,auto
matched_only,comatch,Hybrid,imdb,R5,text,1,198.71501419999998,0.0,198.71501419999998,198.71501419999998,0,NVIDIA A100-SXM4-80GB,auto
matched_only,daso,Hybrid,ag_news,R5,text,1,793.0281486,0.0,793.0281486,793.0281486,0,NVIDIA A100-SXM4-80GB,auto
matched_only,daso,Hybrid,imdb,R5,text,1,154.94064020000002,0.0,154.94064020000002,154.94064020000002,0,NVIDIA A100-SXM4-80GB,auto
matched_only,defixmatch,Hybrid,ag_news,R5,text,1,837.0778334,0.0,837.0778334,837.0778334,0,NVIDIA A100-SXM4-80GB,auto
matched_only,defixmatch,Hybrid,imdb,R5,text,1,162.5375546,0.0,162.5375546,162.5375546,0,NVIDIA A100-SXM4-80GB,auto
matched_only,fixmatch,Hybrid,ag_news,R5,text,1,643.1308104,0.0,643.1308104,643.1308104,0,NVIDIA A100-SXM4-80GB,auto
matched_only,fixmatch,Hybrid,imdb,R5,text,1,129.0842398,0.0,129.0842398,129.0842398,0,NVIDIA A100-SXM4-80GB,auto
matched_only,flexmatch,Hybrid,ag_news,R5,text,1,692.103238,0.0,692.103238,692.103238,0,NVIDIA A100-SXM4-80GB,auto
matched_only,flexmatch,Hybrid,imdb,R5,text,1,132.7413498,0.0,132.7413498,132.7413498,0,NVIDIA A100-SXM4-80GB,auto
matched_only,free_match,Hybrid,ag_news,R5,text,1,700.786365,0.0,700.786365,700.786365,0,NVIDIA A100-SXM4-80GB,auto
matched_only,free_match,Hybrid,imdb,R5,text,1,140.0656376,0.0,140.0656376,140.0656376,0,NVIDIA A100-SXM4-80GB,auto
matched_only,meta_pseudo_labels,Hybrid,ag_news,R5,text,1,1596.281508,0.0,1596.281508,1596.281508,0,NVIDIA A100-SXM4-80GB,auto
matched_only,meta_pseudo_labels,Hybrid,imdb,R5,text,1,216.0662694,0.0,216.0662694,216.0662694,0,NVIDIA A100-SXM4-80GB,auto
matched_only,mixmatch,Hybrid,ag_news,R5,text,1,1040.1357678,0.0,1040.1357678,1040.1357678,0,NVIDIA A100-SXM4-80GB,auto
matched_only,mixmatch,Hybrid,imdb,R5,text,1,210.1753632,0.0,210.1753632,210.1753632,0,NVIDIA A100-SXM4-80GB,auto
matched_only,noisy_student,Hybrid,ag_news,R5,text,1,658.7653736,0.0,658.7653736,658.7653736,0,NVIDIA A100-SXM4-80GB,auto
matched_only,noisy_student,Hybrid,imdb,R5,text,1,131.8371306,0.0,131.8371306,131.8371306,0,NVIDIA A100-SXM4-80GB,auto
matched_only,simclr_v2,Hybrid,ag_news,R5,text,1,368.9063576,0.0,368.9063576,368.9063576,0,NVIDIA A100-SXM4-80GB,auto
matched_only,simclr_v2,Hybrid,imdb,R5,text,1,57.486112000000006,0.0,57.486112000000006,57.486112000000006,0,NVIDIA A100-SXM4-80GB,auto
matched_only,softmatch,Hybrid,ag_news,R5,text,1,657.847518,0.0,657.847518,657.847518,0,NVIDIA A100-SXM4-80GB,auto
matched_only,softmatch,Hybrid,imdb,R5,text,1,131.47873099999998,0.0,131.47873099999998,131.47873099999998,0,NVIDIA A100-SXM4-80GB,auto
matched_only,uda,Hybrid,ag_news,R5,text,1,648.054378,0.0,648.054378,648.054378,0,NVIDIA A100-SXM4-80GB,auto
matched_only,uda,Hybrid,imdb,R5,text,1,129.1361666,0.0,129.1361666,129.1361666,0,NVIDIA A100-SXM4-80GB,auto
matched_only,adsh,Margin-based inductive,ag_news,R5,text,1,771.2735988000001,0.0,771.2735988000001,771.2735988000001,0,NVIDIA A100-SXM4-80GB,auto
matched_only,adsh,Margin-based inductive,imdb,R5,text,1,153.8632744,0.0,153.8632744,153.8632744,0,NVIDIA A100-SXM4-80GB,auto
matched_only,tsvm,Margin-based inductive,imdb,R5,text,1,1.3581341999999998,0.0,1.3581341999999998,1.3581341999999998,0,CPU,auto
matched_only,laplace_learning,PDE/Variational,imdb,R5,text,1,6.5383434,0.0,6.5383434,6.5383434,0,Unknown,auto
matched_only,p_laplace_learning,PDE/Variational,ag_news,R5,text,1,40439.00617,0.0,40439.00617,40439.00617,0,CPU,auto
matched_only,p_laplace_learning,PDE/Variational,imdb,R5,text,1,7113.016967400001,0.0,7113.016967400001,7113.016967400001,0,CPU,auto
matched_only,poisson_learning,PDE/Variational,ag_news,R5,text,1,42.435819,0.0,42.435819,42.435819,0,Unknown,auto
matched_only,poisson_learning,PDE/Variational,imdb,R5,text,1,9.5177756,0.0,9.5177756,9.5177756,0,Unknown,auto
matched_only,poisson_mbo,PDE/Variational,ag_news,R5,text,1,153.133322,0.0,153.133322,153.133322,0,CPU,auto
matched_only,poisson_mbo,PDE/Variational,imdb,R5,text,1,41.877873199999996,0.0,41.877873199999996,41.877873199999996,0,CPU,auto
matched_only,co_training,Wrappers,ag_news,R5,text,1,5.275316200000001,0.0,5.275316200000001,5.275316200000001,0,Unknown,auto
matched_only,co_training,Wrappers,imdb,R5,text,1,1.9794556,0.0,1.9794556,1.9794556,0,Unknown,auto
matched_only,deep_co_training,Wrappers,ag_news,R5,text,1,1597.5524902,0.0,1597.5524902,1597.5524902,0,NVIDIA A100-SXM4-80GB,auto
matched_only,deep_co_training,Wrappers,imdb,R5,text,1,292.7968328,0.0,292.7968328,292.7968328,0,NVIDIA A100-SXM4-80GB,auto
matched_only,setred,Wrappers,ag_news,R5,text,1,18.046424,0.0,18.046424,18.046424,0,Unknown,auto
matched_only,setred,Wrappers,imdb,R5,text,1,1.4755994000000001,0.0,1.4755994000000001,1.4755994000000001,0,Unknown,auto
matched_only,supervised,Baseline,cifar10,R5,vision,1,4.7952672,0.0,4.7952672,4.7952672,0,NVIDIA A100-SXM4-80GB,auto
matched_only,supervised,Baseline,cifar100,R5,vision,1,4.9222576,0.0,4.9222576,4.9222576,0,NVIDIA A100-SXM4-80GB,auto
matched_only,supervised,Baseline,mnist,R5,vision,1,2.0223714,0.0,2.0223714,2.0223714,0,NVIDIA A100-SXM4-80GB,auto
matched_only,graph_mincuts,Classical transductive,cifar10,R5,vision,1,3.7770212,0.0,3.7770212,3.7770212,0,CPU,auto
matched_only,graph_mincuts,Classical transductive,mnist,R5,vision,1,0.48841,0.0,0.48841,0.48841,0,CPU,auto
matched_only,graphhop,Classical transductive,cifar10,R5,vision,1,19.7802478,0.0,19.7802478,19.7802478,0,Unknown,auto
matched_only,graphhop,Classical transductive,cifar100,R5,vision,1,33.483498,0.0,33.483498,33.483498,0,Unknown,auto
matched_only,graphhop,Classical transductive,mnist,R5,vision,1,18.0845316,0.0,18.0845316,18.0845316,0,Unknown,auto
matched_only,label_propagation,Classical transductive,cifar10,R5,vision,1,1.2039778,0.0,1.2039778,1.2039778,0,Unknown,auto
matched_only,label_propagation,Classical transductive,cifar100,R5,vision,1,1.209763,0.0,1.209763,1.209763,0,Unknown,auto
matched_only,label_propagation,Classical transductive,mnist,R5,vision,1,0.8236792,0.0,0.8236792,0.8236792,0,Unknown,auto
matched_only,label_spreading,Classical transductive,cifar10,R5,vision,1,0.3936924,0.0,0.3936924,0.3936924,0,Unknown,auto
matched_only,label_spreading,Classical transductive,cifar100,R5,vision,1,1.077991,0.0,1.077991,1.077991,0,Unknown,auto
matched_only,label_spreading,Classical transductive,mnist,R5,vision,1,0.3905756,0.0,0.3905756,0.3905756,0,Unknown,auto
matched_only,lazy_random_walk,Classical transductive,cifar10,R5,vision,1,2.0543776,0.0,2.0543776,2.0543776,0,Unknown,auto
matched_only,lazy_random_walk,Classical transductive,mnist,R5,vision,1,0.6733356,0.0,0.6733356,0.6733356,0,Unknown,auto
matched_only,mean_teacher,Consistency,cifar10,R5,vision,1,260.52524819999996,0.0,260.52524819999996,260.52524819999996,0,NVIDIA A100-SXM4-80GB,auto
matched_only,mean_teacher,Consistency,cifar100,R5,vision,1,327.8767446,0.0,327.8767446,327.8767446,0,NVIDIA A100-SXM4-80GB,auto
matched_only,mean_teacher,Consistency,mnist,R5,vision,1,310.1016902,0.0,310.1016902,310.1016902,0,NVIDIA A100-SXM4-80GB,auto
matched_only,pi_model,Consistency,cifar10,R5,vision,1,274.1098494,0.0,274.1098494,274.1098494,0,NVIDIA A100-SXM4-80GB,auto
matched_only,pi_model,Consistency,cifar100,R5,vision,1,289.1606048,0.0,289.1606048,289.1606048,0,NVIDIA A100-SXM4-80GB,auto
matched_only,pi_model,Consistency,mnist,R5,vision,1,321.01403719999996,0.0,321.01403719999996,321.01403719999996,0,NVIDIA A100-SXM4-80GB,auto
matched_only,temporal_ensembling,Consistency,cifar10,R5,vision,1,295.581234,0.0,295.581234,295.581234,0,NVIDIA A100-SXM4-80GB,auto
matched_only,temporal_ensembling,Consistency,cifar100,R5,vision,1,283.5070416,0.0,283.5070416,283.5070416,0,NVIDIA A100-SXM4-80GB,auto
matched_only,temporal_ensembling,Consistency,mnist,R5,vision,1,343.22093400000006,0.0,343.22093400000006,343.22093400000006,0,NVIDIA A100-SXM4-80GB,auto
matched_only,vat,Consistency,cifar10,R5,vision,1,365.0472322,0.0,365.0472322,365.0472322,0,NVIDIA A100-SXM4-80GB,auto
matched_only,vat,Consistency,cifar100,R5,vision,1,342.487983,0.0,342.487983,342.487983,0,NVIDIA A100-SXM4-80GB,auto
matched_only,vat,Consistency,mnist,R5,vision,1,431.7907494,0.0,431.7907494,431.7907494,0,NVIDIA A100-SXM4-80GB,auto
matched_only,appnp,GNN,cifar10,R5,vision,1,34.827317,0.0,34.827317,34.827317,0,Unknown,auto
matched_only,appnp,GNN,cifar100,R5,vision,1,28.413589,0.0,28.413589,28.413589,0,Unknown,auto
matched_only,appnp,GNN,mnist,R5,vision,1,2.3165814,0.0,2.3165814,2.3165814,0,Unknown,auto
matched_only,chebnet,GNN,cifar10,R5,vision,1,2.8502472,0.0,2.8502472,2.8502472,0,Unknown,auto
matched_only,chebnet,GNN,cifar100,R5,vision,1,11.542147,0.0,11.542147,11.542147,0,Unknown,auto
matched_only,chebnet,GNN,mnist,R5,vision,1,6.0995784,0.0,6.0995784,6.0995784,0,Unknown,auto
matched_only,gat,GNN,cifar10,R5,vision,1,3.3716742,0.0,3.3716742,3.3716742,0,Unknown,auto
matched_only,gat,GNN,cifar100,R5,vision,1,5.878625,0.0,5.878625,5.878625,0,Unknown,auto
matched_only,gat,GNN,mnist,R5,vision,1,4.1201886000000005,0.0,4.1201886000000005,4.1201886000000005,0,Unknown,auto
matched_only,gcn,GNN,cifar10,R5,vision,1,0.9317321999999999,0.0,0.9317321999999999,0.9317321999999999,0,Unknown,auto
matched_only,gcn,GNN,cifar100,R5,vision,1,3.374152,0.0,3.374152,3.374152,0,Unknown,auto
matched_only,gcn,GNN,mnist,R5,vision,1,1.5533536,0.0,1.5533536,1.5533536,0,Unknown,auto
matched_only,gcnii,GNN,cifar10,R5,vision,1,5.168627,0.0,5.168627,5.168627,0,Unknown,auto
matched_only,gcnii,GNN,cifar100,R5,vision,1,14.370985,0.0,14.370985,14.370985,0,Unknown,auto
matched_only,gcnii,GNN,mnist,R5,vision,1,14.0275994,0.0,14.0275994,14.0275994,0,Unknown,auto
matched_only,grafn,GNN,cifar10,R5,vision,1,3.8309284,0.0,3.8309284,3.8309284,0,Unknown,auto
matched_only,grafn,GNN,cifar100,R5,vision,1,7.081004,0.0,7.081004,7.081004,0,Unknown,auto
matched_only,grafn,GNN,mnist,R5,vision,1,6.7748282,0.0,6.7748282,6.7748282,0,Unknown,auto
matched_only,grand,GNN,cifar10,R5,vision,1,14.752085599999997,0.0,14.752085599999997,14.752085599999997,0,Unknown,auto
matched_only,grand,GNN,cifar100,R5,vision,1,45.809027,0.0,45.809027,45.809027,0,Unknown,auto
matched_only,grand,GNN,mnist,R5,vision,1,48.3819022,0.0,48.3819022,48.3819022,0,Unknown,auto
matched_only,graphsage,GNN,cifar10,R5,vision,1,1.6974756,0.0,1.6974756,1.6974756,0,Unknown,auto
matched_only,graphsage,GNN,cifar100,R5,vision,1,3.892944,0.0,3.892944,3.892944,0,Unknown,auto
matched_only,graphsage,GNN,mnist,R5,vision,1,2.9915552,0.0,2.9915552,2.9915552,0,Unknown,auto
matched_only,h_gcn,GNN,cifar10,R5,vision,1,493.3844642,0.0,493.3844642,493.3844642,0,Unknown,auto
matched_only,planetoid,GNN,cifar10,R5,vision,1,1279.743727,0.0,1279.743727,1279.743727,0,Unknown,auto
matched_only,planetoid,GNN,cifar100,R5,vision,1,1308.301557,0.0,1308.301557,1308.301557,0,Unknown,auto
matched_only,planetoid,GNN,mnist,R5,vision,1,1589.8858694,0.0,1589.8858694,1589.8858694,0,Unknown,auto
matched_only,sgc,GNN,cifar10,R5,vision,1,2.550698,0.0,2.550698,2.550698,0,Unknown,auto
matched_only,sgc,GNN,cifar100,R5,vision,1,2.543399,0.0,2.543399,2.543399,0,Unknown,auto
matched_only,sgc,GNN,mnist,R5,vision,1,0.9216236,0.0,0.9216236,0.9216236,0,Unknown,auto
matched_only,adamatch,Hybrid,cifar10,R5,vision,1,269.089081,0.0,269.089081,269.089081,0,NVIDIA A100-SXM4-80GB,auto
matched_only,adamatch,Hybrid,cifar100,R5,vision,1,269.5350374,0.0,269.5350374,269.5350374,0,NVIDIA A100-SXM4-80GB,auto
matched_only,adamatch,Hybrid,mnist,R5,vision,1,330.459793,0.0,330.459793,330.459793,0,NVIDIA A100-SXM4-80GB,auto
matched_only,comatch,Hybrid,cifar10,R5,vision,1,410.757999,0.0,410.757999,410.757999,0,NVIDIA A100-SXM4-80GB,auto
matched_only,comatch,Hybrid,cifar100,R5,vision,1,380.63016619999996,0.0,380.63016619999996,380.63016619999996,0,NVIDIA A100-SXM4-80GB,auto
matched_only,comatch,Hybrid,mnist,R5,vision,1,484.0364528,0.0,484.0364528,484.0364528,0,NVIDIA A100-SXM4-80GB,auto
matched_only,daso,Hybrid,cifar10,R5,vision,1,355.468197,0.0,355.468197,355.468197,0,NVIDIA A100-SXM4-80GB,auto
matched_only,daso,Hybrid,cifar100,R5,vision,1,492.98548659999994,0.0,492.98548659999994,492.98548659999994,0,NVIDIA A100-SXM4-80GB,auto
matched_only,daso,Hybrid,mnist,R5,vision,1,432.09116240000003,0.0,432.09116240000003,432.09116240000003,0,NVIDIA A100-SXM4-80GB,auto
matched_only,defixmatch,Hybrid,cifar10,R5,vision,1,368.507521,0.0,368.507521,368.507521,0,NVIDIA A100-SXM4-80GB,auto
matched_only,defixmatch,Hybrid,cifar100,R5,vision,1,353.4873004,0.0,353.4873004,353.4873004,0,NVIDIA A100-SXM4-80GB,auto
matched_only,defixmatch,Hybrid,mnist,R5,vision,1,447.5950818,0.0,447.5950818,447.5950818,0,NVIDIA A100-SXM4-80GB,auto
matched_only,fixmatch,Hybrid,cifar10,R5,vision,1,266.7592384,0.0,266.7592384,266.7592384,0,NVIDIA A100-SXM4-80GB,auto
matched_only,fixmatch,Hybrid,cifar100,R5,vision,1,253.38520880000002,0.0,253.38520880000002,253.38520880000002,0,NVIDIA A100-SXM4-80GB,auto
matched_only,fixmatch,Hybrid,mnist,R5,vision,1,326.01083600000004,0.0,326.01083600000004,326.01083600000004,0,NVIDIA A100-SXM4-80GB,auto
matched_only,flexmatch,Hybrid,cifar10,R5,vision,1,340.7400716,0.0,340.7400716,340.7400716,0,NVIDIA A100-SXM4-80GB,auto
matched_only,flexmatch,Hybrid,cifar100,R5,vision,1,331.0520088,0.0,331.0520088,331.0520088,0,NVIDIA A100-SXM4-80GB,auto
matched_only,flexmatch,Hybrid,mnist,R5,vision,1,397.30486959999996,0.0,397.30486959999996,397.30486959999996,0,NVIDIA A100-SXM4-80GB,auto
matched_only,free_match,Hybrid,cifar10,R5,vision,1,298.70693140000003,0.0,298.70693140000003,298.70693140000003,0,NVIDIA A100-SXM4-80GB,auto
matched_only,free_match,Hybrid,cifar100,R5,vision,1,298.1960654,0.0,298.1960654,298.1960654,0,NVIDIA A100-SXM4-80GB,auto
matched_only,free_match,Hybrid,mnist,R5,vision,1,352.006988,0.0,352.006988,352.006988,0,NVIDIA A100-SXM4-80GB,auto
matched_only,meta_pseudo_labels,Hybrid,cifar10,R5,vision,1,477.7855326,0.0,477.7855326,477.7855326,0,NVIDIA A100-SXM4-80GB,auto
matched_only,meta_pseudo_labels,Hybrid,cifar100,R5,vision,1,465.7591163999999,0.0,465.7591163999999,465.7591163999999,0,NVIDIA A100-SXM4-80GB,auto
matched_only,meta_pseudo_labels,Hybrid,mnist,R5,vision,1,578.7980916,0.0,578.7980916,578.7980916,0,NVIDIA A100-SXM4-80GB,auto
matched_only,mixmatch,Hybrid,cifar10,R5,vision,1,235.94134760000003,0.0,235.94134760000003,235.94134760000003,0,NVIDIA A100-SXM4-80GB,auto
matched_only,mixmatch,Hybrid,cifar100,R5,vision,1,218.19250240000002,0.0,218.19250240000002,218.19250240000002,0,NVIDIA A100-SXM4-80GB,auto
matched_only,mixmatch,Hybrid,mnist,R5,vision,1,273.731875,0.0,273.731875,273.731875,0,NVIDIA A100-SXM4-80GB,auto
matched_only,noisy_student,Hybrid,cifar10,R5,vision,1,251.27475420000002,0.0,251.27475420000002,251.27475420000002,0,NVIDIA A100-SXM4-80GB,auto
matched_only,noisy_student,Hybrid,cifar100,R5,vision,1,237.2391598,0.0,237.2391598,237.2391598,0,NVIDIA A100-SXM4-80GB,auto
matched_only,noisy_student,Hybrid,mnist,R5,vision,1,292.1829962,0.0,292.1829962,292.1829962,0,NVIDIA A100-SXM4-80GB,auto
matched_only,simclr_v2,Hybrid,cifar10,R5,vision,1,108.624125,0.0,108.624125,108.624125,0,NVIDIA A100-SXM4-80GB,auto
matched_only,simclr_v2,Hybrid,cifar100,R5,vision,1,109.7948038,0.0,109.7948038,109.7948038,0,NVIDIA A100-SXM4-80GB,auto
matched_only,simclr_v2,Hybrid,mnist,R5,vision,1,127.34433859999999,0.0,127.34433859999999,127.34433859999999,0,NVIDIA A100-SXM4-80GB,auto
matched_only,softmatch,Hybrid,cifar10,R5,vision,1,278.1364868,0.0,278.1364868,278.1364868,0,NVIDIA A100-SXM4-80GB,auto
matched_only,softmatch,Hybrid,cifar100,R5,vision,1,302.1671116,0.0,302.1671116,302.1671116,0,NVIDIA A100-SXM4-80GB,auto
matched_only,softmatch,Hybrid,mnist,R5,vision,1,319.725812,0.0,319.725812,319.725812,0,NVIDIA A100-SXM4-80GB,auto
matched_only,uda,Hybrid,cifar10,R5,vision,1,270.894276,0.0,270.894276,270.894276,0,NVIDIA A100-SXM4-80GB,auto
matched_only,uda,Hybrid,cifar100,R5,vision,1,261.46639,0.0,261.46639,261.46639,0,NVIDIA A100-SXM4-80GB,auto
matched_only,uda,Hybrid,mnist,R5,vision,1,332.0590612,0.0,332.0590612,332.0590612,0,NVIDIA A100-SXM4-80GB,auto
matched_only,adsh,Margin-based inductive,cifar10,R5,vision,1,316.294947,0.0,316.294947,316.294947,0,NVIDIA A100-SXM4-80GB,auto
matched_only,adsh,Margin-based inductive,cifar100,R5,vision,1,355.8175984,0.0,355.8175984,355.8175984,0,NVIDIA A100-SXM4-80GB,auto
matched_only,adsh,Margin-based inductive,mnist,R5,vision,1,384.1192254,0.0,384.1192254,384.1192254,0,NVIDIA A100-SXM4-80GB,auto
matched_only,laplace_learning,PDE/Variational,cifar10,R5,vision,1,28.1112594,0.0,28.1112594,28.1112594,0,Unknown,auto
matched_only,laplace_learning,PDE/Variational,mnist,R5,vision,1,13.4143996,0.0,13.4143996,13.4143996,0,Unknown,auto
matched_only,poisson_learning,PDE/Variational,cifar10,R5,vision,1,46.476916,0.0,46.476916,46.476916,0,Unknown,auto
matched_only,poisson_learning,PDE/Variational,cifar100,R5,vision,1,423.950389,0.0,423.950389,423.950389,0,Unknown,auto
matched_only,poisson_learning,PDE/Variational,mnist,R5,vision,1,58.498173799999996,0.0,58.498173799999996,58.498173799999996,0,Unknown,auto
matched_only,poisson_mbo,PDE/Variational,cifar10,R5,vision,1,123.524452,0.0,123.524452,123.524452,0,CPU,auto
matched_only,poisson_mbo,PDE/Variational,cifar100,R5,vision,1,936.614969,0.0,936.614969,936.614969,0,CPU,auto
matched_only,poisson_mbo,PDE/Variational,mnist,R5,vision,1,159.11230540000003,0.0,159.11230540000003,159.11230540000003,0,CPU,auto
matched_only,co_training,Wrappers,cifar10,R5,vision,1,8.720176,0.0,8.720176,8.720176,0,Unknown,auto
matched_only,co_training,Wrappers,cifar100,R5,vision,1,5872.6849526,0.0,5872.6849526,5872.6849526,0,Unknown,auto
matched_only,co_training,Wrappers,mnist,R5,vision,1,9.3793124,0.0,9.3793124,9.3793124,0,Unknown,auto
matched_only,deep_co_training,Wrappers,cifar10,R5,vision,1,641.8533354,0.0,641.8533354,641.8533354,0,NVIDIA A100-SXM4-80GB,auto
matched_only,deep_co_training,Wrappers,cifar100,R5,vision,1,621.2551496,0.0,621.2551496,621.2551496,0,NVIDIA A100-SXM4-80GB,auto
matched_only,deep_co_training,Wrappers,mnist,R5,vision,1,737.4922291999999,0.0,737.4922291999999,737.4922291999999,0,NVIDIA A100-SXM4-80GB,auto
matched_only,democratic_co_learning,Wrappers,cifar10,R5,vision,1,1274.5608398,0.0,1274.5608398,1274.5608398,0,NVIDIA A100-SXM4-80GB,auto
matched_only,democratic_co_learning,Wrappers,cifar100,R5,vision,1,165.5221372,0.0,165.5221372,165.5221372,0,NVIDIA A100-SXM4-80GB,auto
matched_only,democratic_co_learning,Wrappers,mnist,R5,vision,1,1194.9430726,0.0,1194.9430726,1194.9430726,0,NVIDIA A100-SXM4-80GB,auto
matched_only,pseudo_label,Wrappers,cifar10,R5,vision,1,4.5563792,0.0,4.5563792,4.5563792,0,NVIDIA A100-SXM4-80GB,auto
matched_only,pseudo_label,Wrappers,cifar100,R5,vision,1,12.815616,0.0,12.815616,12.815616,0,NVIDIA A100-SXM4-80GB,auto
matched_only,pseudo_label,Wrappers,mnist,R5,vision,1,396.281395,0.0,396.281395,396.281395,0,NVIDIA A100-SXM4-80GB,auto
matched_only,self_training,Wrappers,cifar10,R5,vision,1,2.2630977999999997,0.0,2.2630977999999997,2.2630977999999997,0,NVIDIA A100-SXM4-80GB,auto
matched_only,self_training,Wrappers,cifar100,R5,vision,1,9.0667236,0.0,9.0667236,9.0667236,0,NVIDIA A100-SXM4-80GB,auto
matched_only,self_training,Wrappers,mnist,R5,vision,1,394.3380432,0.0,394.3380432,394.3380432,0,NVIDIA A100-SXM4-80GB,auto
matched_only,setred,Wrappers,cifar10,R5,vision,1,12.3579162,0.0,12.3579162,12.3579162,0,Unknown,auto
matched_only,setred,Wrappers,cifar100,R5,vision,1,599.3957195999999,0.0,599.3957195999999,599.3957195999999,0,Unknown,auto
matched_only,setred,Wrappers,mnist,R5,vision,1,30.3061322,0.0,30.3061322,30.3061322,0,Unknown,auto
matched_only,tri_training,Wrappers,cifar10,R5,vision,1,2502.8753008,0.0,2502.8753008,2502.8753008,0,NVIDIA A100-SXM4-80GB,auto
matched_only,tri_training,Wrappers,cifar100,R5,vision,1,2445.798403,0.0,2445.798403,2445.798403,0,NVIDIA A100-SXM4-80GB,auto
matched_only,tri_training,Wrappers,mnist,R5,vision,1,3130.1218512,0.0,3130.1218512,3130.1218512,0,NVIDIA A100-SXM4-80GB,auto
matched_only,supervised,Baseline,adult,R6,tabular,1,1.0575124,0.0,1.0575124,1.0575124,0,NVIDIA A100-SXM4-80GB,auto
matched_only,dynamic_label_propagation,Classical transductive,adult,R6,tabular,1,764.8103084,0.0,764.8103084,764.8103084,0,Unknown,auto
matched_only,graph_mincuts,Classical transductive,adult,R6,tabular,1,0.9240349999999999,0.0,0.9240349999999999,0.9240349999999999,0,CPU,auto
matched_only,graphhop,Classical transductive,adult,R6,tabular,1,35.252411,0.0,35.252411,35.252411,0,Unknown,auto
matched_only,label_propagation,Classical transductive,adult,R6,tabular,1,0.8007508,0.0,0.8007508,0.8007508,0,Unknown,auto
matched_only,label_spreading,Classical transductive,adult,R6,tabular,1,0.7137131999999999,0.0,0.7137131999999999,0.7137131999999999,0,Unknown,auto
matched_only,lazy_random_walk,Classical transductive,adult,R6,tabular,1,5.4419678,0.0,5.4419678,5.4419678,0,Unknown,auto
matched_only,mean_teacher,Consistency,adult,R6,tabular,1,37.8717922,0.0,37.8717922,37.8717922,0,NVIDIA A100-SXM4-80GB,auto
matched_only,pi_model,Consistency,adult,R6,tabular,1,36.178455199999995,0.0,36.178455199999995,36.178455199999995,0,NVIDIA A100-SXM4-80GB,auto
matched_only,temporal_ensembling,Consistency,adult,R6,tabular,1,42.1213124,0.0,42.1213124,42.1213124,0,NVIDIA A100-SXM4-80GB,auto
matched_only,vat,Consistency,adult,R6,tabular,1,48.150477,0.0,48.150477,48.150477,0,NVIDIA A100-SXM4-80GB,auto
matched_only,appnp,GNN,adult,R6,tabular,1,14.857066,0.0,14.857066,14.857066,0,Unknown,auto
matched_only,chebnet,GNN,adult,R6,tabular,1,1.474858,0.0,1.474858,1.474858,0,Unknown,auto
matched_only,gat,GNN,adult,R6,tabular,1,3.1456598,0.0,3.1456598,3.1456598,0,Unknown,auto
matched_only,gcn,GNN,adult,R6,tabular,1,1.2762746,0.0,1.2762746,1.2762746,0,Unknown,auto
matched_only,gcnii,GNN,adult,R6,tabular,1,4.9497332,0.0,4.9497332,4.9497332,0,Unknown,auto
matched_only,grafn,GNN,adult,R6,tabular,1,3.321858,0.0,3.321858,3.321858,0,Unknown,auto
matched_only,grand,GNN,adult,R6,tabular,1,2.833171,0.0,2.833171,2.833171,0,Unknown,auto
matched_only,graphsage,GNN,adult,R6,tabular,1,1.29218,0.0,1.29218,1.29218,0,Unknown,auto
matched_only,h_gcn,GNN,adult,R6,tabular,1,247.16558519999998,0.0,247.16558519999998,247.16558519999998,0,Unknown,auto
matched_only,n_gcn,GNN,adult,R6,tabular,1,163.8202146,0.0,163.8202146,163.8202146,0,Unknown,auto
matched_only,planetoid,GNN,adult,R6,tabular,1,950.9933592,0.0,950.9933592,950.9933592,0,Unknown,auto
matched_only,sgc,GNN,adult,R6,tabular,1,1.6166170000000002,0.0,1.6166170000000002,1.6166170000000002,0,Unknown,auto
matched_only,adamatch,Hybrid,adult,R6,tabular,1,40.747406,0.0,40.747406,40.747406,0,NVIDIA A100-SXM4-80GB,auto
matched_only,comatch,Hybrid,adult,R6,tabular,1,66.8542376,0.0,66.8542376,66.8542376,0,NVIDIA A100-SXM4-80GB,auto
matched_only,daso,Hybrid,adult,R6,tabular,1,56.442221999999994,0.0,56.442221999999994,56.442221999999994,0,NVIDIA A100-SXM4-80GB,auto
matched_only,defixmatch,Hybrid,adult,R6,tabular,1,48.388279,0.0,48.388279,48.388279,0,NVIDIA A100-SXM4-80GB,auto
matched_only,fixmatch,Hybrid,adult,R6,tabular,1,37.604395999999994,0.0,37.604395999999994,37.604395999999994,0,NVIDIA A100-SXM4-80GB,auto
matched_only,flexmatch,Hybrid,adult,R6,tabular,1,50.72664640000001,0.0,50.72664640000001,50.72664640000001,0,NVIDIA A100-SXM4-80GB,auto
matched_only,free_match,Hybrid,adult,R6,tabular,1,56.518363,0.0,56.518363,56.518363,0,NVIDIA A100-SXM4-80GB,auto
matched_only,meta_pseudo_labels,Hybrid,adult,R6,tabular,1,61.157031,0.0,61.157031,61.157031,0,NVIDIA A100-SXM4-80GB,auto
matched_only,mixmatch,Hybrid,adult,R6,tabular,1,42.4224782,0.0,42.4224782,42.4224782,0,NVIDIA A100-SXM4-80GB,auto
matched_only,noisy_student,Hybrid,adult,R6,tabular,1,37.206381,0.0,37.206381,37.206381,0,NVIDIA A100-SXM4-80GB,auto
matched_only,simclr_v2,Hybrid,adult,R6,tabular,1,21.096849,0.0,21.096849,21.096849,0,NVIDIA A100-SXM4-80GB,auto
matched_only,softmatch,Hybrid,adult,R6,tabular,1,40.3104776,0.0,40.3104776,40.3104776,0,NVIDIA A100-SXM4-80GB,auto
matched_only,uda,Hybrid,adult,R6,tabular,1,37.5840194,0.0,37.5840194,37.5840194,0,NVIDIA A100-SXM4-80GB,auto
matched_only,adsh,Margin-based inductive,adult,R6,tabular,1,39.8667296,0.0,39.8667296,39.8667296,0,NVIDIA A100-SXM4-80GB,auto
matched_only,s4vm,Margin-based inductive,adult,R6,tabular,1,38.0888432,0.0,38.0888432,38.0888432,0,NVIDIA A100-SXM4-80GB,auto
matched_only,tsvm,Margin-based inductive,adult,R6,tabular,1,1.1121942,0.0,1.1121942,1.1121942,0,CPU,auto
matched_only,laplace_learning,PDE/Variational,adult,R6,tabular,1,5.3269744,0.0,5.3269744,5.3269744,0,Unknown,auto
matched_only,p_laplace_learning,PDE/Variational,adult,R6,tabular,1,11177.392794399999,0.0,11177.392794399999,11177.392794399999,0,CPU,auto
matched_only,poisson_learning,PDE/Variational,adult,R6,tabular,1,11.1730546,0.0,11.1730546,11.1730546,0,Unknown,auto
matched_only,poisson_mbo,PDE/Variational,adult,R6,tabular,1,54.51281759999999,0.0,54.51281759999999,54.51281759999999,0,CPU,auto
matched_only,co_training,Wrappers,adult,R6,tabular,1,3.1996478,0.0,3.1996478,3.1996478,0,NVIDIA A100-SXM4-80GB,auto
matched_only,deep_co_training,Wrappers,adult,R6,tabular,1,88.6047038,0.0,88.6047038,88.6047038,0,NVIDIA A100-SXM4-80GB,auto
matched_only,democratic_co_learning,Wrappers,adult,R6,tabular,1,77.1838372,0.0,77.1838372,77.1838372,0,NVIDIA A100-SXM4-80GB,auto
matched_only,pseudo_label,Wrappers,adult,R6,tabular,1,62.0738964,0.0,62.0738964,62.0738964,0,NVIDIA A100-SXM4-80GB,auto
matched_only,self_training,Wrappers,adult,R6,tabular,1,60.343180600000004,0.0,60.343180600000004,60.343180600000004,0,NVIDIA A100-SXM4-80GB,auto
matched_only,setred,Wrappers,adult,R6,tabular,1,2.3032186,0.0,2.3032186,2.3032186,0,NVIDIA A100-SXM4-80GB,auto
matched_only,tri_training,Wrappers,adult,R6,tabular,1,371.7435418,0.0,371.7435418,371.7435418,0,NVIDIA A100-SXM4-80GB,auto
matched_only,trinet,Wrappers,adult,R6,tabular,1,686.6929459999999,0.0,686.6929459999999,686.6929459999999,0,NVIDIA A100-SXM4-80GB,auto
matched_only,supervised,Baseline,ag_news,R6,text,1,3.87967,0.0,3.87967,3.87967,0,NVIDIA A100-SXM4-80GB,auto
matched_only,supervised,Baseline,imdb,R6,text,1,2.2692704,0.0,2.2692704,2.2692704,0,NVIDIA A100-SXM4-80GB,auto
matched_only,dynamic_label_propagation,Classical transductive,imdb,R6,text,1,821.3038646000001,0.0,821.3038646000001,821.3038646000001,0,Unknown,auto
matched_only,graph_mincuts,Classical transductive,imdb,R6,text,1,16.1749148,0.0,16.1749148,16.1749148,0,CPU,auto
matched_only,graphhop,Classical transductive,ag_news,R6,text,1,28.835951,0.0,28.835951,28.835951,0,Unknown,auto
matched_only,graphhop,Classical transductive,imdb,R6,text,1,32.4945516,0.0,32.4945516,32.4945516,0,Unknown,auto
matched_only,label_propagation,Classical transductive,ag_news,R6,text,1,1.491938,0.0,1.491938,1.491938,0,Unknown,auto
matched_only,label_propagation,Classical transductive,imdb,R6,text,1,1.1104597999999999,0.0,1.1104597999999999,1.1104597999999999,0,Unknown,auto
matched_only,label_spreading,Classical transductive,ag_news,R6,text,1,1.632947,0.0,1.632947,1.632947,0,Unknown,auto
matched_only,label_spreading,Classical transductive,imdb,R6,text,1,1.6809560000000001,0.0,1.6809560000000001,1.6809560000000001,0,Unknown,auto
matched_only,lazy_random_walk,Classical transductive,imdb,R6,text,1,20.2447736,0.0,20.2447736,20.2447736,0,Unknown,auto
matched_only,mean_teacher,Consistency,ag_news,R6,text,1,663.8007632,0.0,663.8007632,663.8007632,0,NVIDIA A100-SXM4-80GB,auto
matched_only,mean_teacher,Consistency,imdb,R6,text,1,137.57372800000002,0.0,137.57372800000002,137.57372800000002,0,NVIDIA A100-SXM4-80GB,auto
matched_only,pi_model,Consistency,ag_news,R6,text,1,661.1273610000001,0.0,661.1273610000001,661.1273610000001,0,NVIDIA A100-SXM4-80GB,auto
matched_only,pi_model,Consistency,imdb,R6,text,1,137.88049519999998,0.0,137.88049519999998,137.88049519999998,0,NVIDIA A100-SXM4-80GB,auto
matched_only,temporal_ensembling,Consistency,ag_news,R6,text,1,813.961845,0.0,813.961845,813.961845,0,NVIDIA A100-SXM4-80GB,auto
matched_only,temporal_ensembling,Consistency,imdb,R6,text,1,166.6654036,0.0,166.6654036,166.6654036,0,NVIDIA A100-SXM4-80GB,auto
matched_only,vat,Consistency,ag_news,R6,text,1,892.500325,0.0,892.500325,892.500325,0,NVIDIA A100-SXM4-80GB,auto
matched_only,vat,Consistency,imdb,R6,text,1,183.3214056,0.0,183.3214056,183.3214056,0,NVIDIA A100-SXM4-80GB,auto
matched_only,appnp,GNN,ag_news,R6,text,1,87.133258,0.0,87.133258,87.133258,0,Unknown,auto
matched_only,appnp,GNN,imdb,R6,text,1,16.1729474,0.0,16.1729474,16.1729474,0,Unknown,auto
matched_only,chebnet,GNN,ag_news,R6,text,1,85.291723,0.0,85.291723,85.291723,0,Unknown,auto
matched_only,chebnet,GNN,imdb,R6,text,1,1.9914708,0.0,1.9914708,1.9914708,0,Unknown,auto
matched_only,gat,GNN,ag_news,R6,text,1,82.79857,0.0,82.79857,82.79857,0,Unknown,auto
matched_only,gat,GNN,imdb,R6,text,1,3.1543096,0.0,3.1543096,3.1543096,0,Unknown,auto
matched_only,gcn,GNN,ag_news,R6,text,1,85.335738,0.0,85.335738,85.335738,0,Unknown,auto
matched_only,gcn,GNN,imdb,R6,text,1,4.6629046,0.0,4.6629046,4.6629046,0,Unknown,auto
matched_only,gcnii,GNN,ag_news,R6,text,1,93.843482,0.0,93.843482,93.843482,0,Unknown,auto
matched_only,gcnii,GNN,imdb,R6,text,1,7.6034016,0.0,7.6034016,7.6034016,0,Unknown,auto
matched_only,grafn,GNN,ag_news,R6,text,1,38.428081,0.0,38.428081,38.428081,0,Unknown,auto
matched_only,grafn,GNN,imdb,R6,text,1,5.8586402,0.0,5.8586402,5.8586402,0,Unknown,auto
matched_only,grand,GNN,ag_news,R6,text,1,31.543664,0.0,31.543664,31.543664,0,Unknown,auto
matched_only,grand,GNN,imdb,R6,text,1,6.5404268000000005,0.0,6.5404268000000005,6.5404268000000005,0,Unknown,auto
matched_only,graphsage,GNN,ag_news,R6,text,1,4.013628,0.0,4.013628,4.013628,0,Unknown,auto
matched_only,graphsage,GNN,imdb,R6,text,1,3.4576957999999998,0.0,3.4576957999999998,3.4576957999999998,0,Unknown,auto
matched_only,h_gcn,GNN,imdb,R6,text,1,282.9706526,0.0,282.9706526,282.9706526,0,Unknown,auto
matched_only,n_gcn,GNN,imdb,R6,text,1,259.603695,0.0,259.603695,259.603695,0,Unknown,auto
matched_only,planetoid,GNN,ag_news,R6,text,1,4113.471559,0.0,4113.471559,4113.471559,0,Unknown,auto
matched_only,planetoid,GNN,imdb,R6,text,1,978.3869268000001,0.0,978.3869268000001,978.3869268000001,0,Unknown,auto
matched_only,sgc,GNN,ag_news,R6,text,1,2.886267,0.0,2.886267,2.886267,0,Unknown,auto
matched_only,sgc,GNN,imdb,R6,text,1,2.3148108,0.0,2.3148108,2.3148108,0,Unknown,auto
matched_only,adamatch,Hybrid,ag_news,R6,text,1,677.0740098,0.0,677.0740098,677.0740098,0,NVIDIA A100-SXM4-80GB,auto
matched_only,adamatch,Hybrid,imdb,R6,text,1,141.9129714,0.0,141.9129714,141.9129714,0,NVIDIA A100-SXM4-80GB,auto
matched_only,comatch,Hybrid,ag_news,R6,text,1,1005.9802040000001,0.0,1005.9802040000001,1005.9802040000001,0,NVIDIA A100-SXM4-80GB,auto
matched_only,comatch,Hybrid,imdb,R6,text,1,207.959944,0.0,207.959944,207.959944,0,NVIDIA A100-SXM4-80GB,auto
matched_only,daso,Hybrid,ag_news,R6,text,1,843.9723334,0.0,843.9723334,843.9723334,0,NVIDIA A100-SXM4-80GB,auto
matched_only,daso,Hybrid,imdb,R6,text,1,165.315018,0.0,165.315018,165.315018,0,NVIDIA A100-SXM4-80GB,auto
matched_only,defixmatch,Hybrid,ag_news,R6,text,1,891.0025956,0.0,891.0025956,891.0025956,0,NVIDIA A100-SXM4-80GB,auto
matched_only,defixmatch,Hybrid,imdb,R6,text,1,180.1337322,0.0,180.1337322,180.1337322,0,NVIDIA A100-SXM4-80GB,auto
matched_only,fixmatch,Hybrid,ag_news,R6,text,1,664.781516,0.0,664.781516,664.781516,0,NVIDIA A100-SXM4-80GB,auto
matched_only,fixmatch,Hybrid,imdb,R6,text,1,137.1317214,0.0,137.1317214,137.1317214,0,NVIDIA A100-SXM4-80GB,auto
matched_only,flexmatch,Hybrid,ag_news,R6,text,1,751.2022844,0.0,751.2022844,751.2022844,0,NVIDIA A100-SXM4-80GB,auto
matched_only,flexmatch,Hybrid,imdb,R6,text,1,140.5955666,0.0,140.5955666,140.5955666,0,NVIDIA A100-SXM4-80GB,auto
matched_only,free_match,Hybrid,ag_news,R6,text,1,725.434254,0.0,725.434254,725.434254,0,NVIDIA A100-SXM4-80GB,auto
matched_only,free_match,Hybrid,imdb,R6,text,1,150.2231284,0.0,150.2231284,150.2231284,0,NVIDIA A100-SXM4-80GB,auto
matched_only,meta_pseudo_labels,Hybrid,ag_news,R6,text,1,1636.8903828,0.0,1636.8903828,1636.8903828,0,NVIDIA A100-SXM4-80GB,auto
matched_only,meta_pseudo_labels,Hybrid,imdb,R6,text,1,229.1450782,0.0,229.1450782,229.1450782,0,NVIDIA A100-SXM4-80GB,auto
matched_only,mixmatch,Hybrid,ag_news,R6,text,1,1059.8980284000002,0.0,1059.8980284000002,1059.8980284000002,0,NVIDIA A100-SXM4-80GB,auto
matched_only,mixmatch,Hybrid,imdb,R6,text,1,219.26745420000003,0.0,219.26745420000003,219.26745420000003,0,NVIDIA A100-SXM4-80GB,auto
matched_only,noisy_student,Hybrid,ag_news,R6,text,1,708.8713428,0.0,708.8713428,708.8713428,0,NVIDIA A100-SXM4-80GB,auto
matched_only,noisy_student,Hybrid,imdb,R6,text,1,140.62286,0.0,140.62286,140.62286,0,NVIDIA A100-SXM4-80GB,auto
matched_only,simclr_v2,Hybrid,ag_news,R6,text,1,370.0355902,0.0,370.0355902,370.0355902,0,NVIDIA A100-SXM4-80GB,auto
matched_only,simclr_v2,Hybrid,imdb,R6,text,1,59.46111499999999,0.0,59.46111499999999,59.46111499999999,0,NVIDIA A100-SXM4-80GB,auto
matched_only,softmatch,Hybrid,ag_news,R6,text,1,677.142958,0.0,677.142958,677.142958,0,NVIDIA A100-SXM4-80GB,auto
matched_only,softmatch,Hybrid,imdb,R6,text,1,139.5476334,0.0,139.5476334,139.5476334,0,NVIDIA A100-SXM4-80GB,auto
matched_only,uda,Hybrid,ag_news,R6,text,1,672.47539,0.0,672.47539,672.47539,0,NVIDIA A100-SXM4-80GB,auto
matched_only,uda,Hybrid,imdb,R6,text,1,138.5750828,0.0,138.5750828,138.5750828,0,NVIDIA A100-SXM4-80GB,auto
matched_only,adsh,Margin-based inductive,ag_news,R6,text,1,793.3611288,0.0,793.3611288,793.3611288,0,NVIDIA A100-SXM4-80GB,auto
matched_only,adsh,Margin-based inductive,imdb,R6,text,1,162.9135526,0.0,162.9135526,162.9135526,0,NVIDIA A100-SXM4-80GB,auto
matched_only,tsvm,Margin-based inductive,imdb,R6,text,1,4.3772554,0.0,4.3772554,4.3772554,0,CPU,auto
matched_only,laplace_learning,PDE/Variational,imdb,R6,text,1,9.44974,0.0,9.44974,9.44974,0,Unknown,auto
matched_only,p_laplace_learning,PDE/Variational,ag_news,R6,text,1,41424.24477,0.0,41424.24477,41424.24477,0,CPU,auto
matched_only,p_laplace_learning,PDE/Variational,imdb,R6,text,1,6982.668171,0.0,6982.668171,6982.668171,0,CPU,auto
matched_only,poisson_learning,PDE/Variational,ag_news,R6,text,1,48.469009,0.0,48.469009,48.469009,0,Unknown,auto
matched_only,poisson_learning,PDE/Variational,imdb,R6,text,1,14.4558144,0.0,14.4558144,14.4558144,0,Unknown,auto
matched_only,poisson_mbo,PDE/Variational,ag_news,R6,text,1,161.895403,0.0,161.895403,161.895403,0,CPU,auto
matched_only,poisson_mbo,PDE/Variational,imdb,R6,text,1,40.9149106,0.0,40.9149106,40.9149106,0,CPU,auto
matched_only,co_training,Wrappers,ag_news,R6,text,1,6.0414628,0.0,6.0414628,6.0414628,0,Unknown,auto
matched_only,co_training,Wrappers,imdb,R6,text,1,3.5881894,0.0,3.5881894,3.5881894,0,Unknown,auto
matched_only,deep_co_training,Wrappers,ag_news,R6,text,1,1827.8244746,0.0,1827.8244746,1827.8244746,0,NVIDIA A100-SXM4-80GB,auto
matched_only,deep_co_training,Wrappers,imdb,R6,text,1,418.8787088,0.0,418.8787088,418.8787088,0,NVIDIA A100-SXM4-80GB,auto
matched_only,setred,Wrappers,ag_news,R6,text,1,2.547094,0.0,2.547094,2.547094,0,Unknown,auto
matched_only,setred,Wrappers,imdb,R6,text,1,3.7917634,0.0,3.7917634,3.7917634,0,Unknown,auto
matched_only,supervised,Baseline,cifar10,R6,vision,1,5.449692199999999,0.0,5.449692199999999,5.449692199999999,0,NVIDIA A100-SXM4-80GB,auto
matched_only,supervised,Baseline,mnist,R6,vision,1,2.2682638,0.0,2.2682638,2.2682638,0,NVIDIA A100-SXM4-80GB,auto
matched_only,graph_mincuts,Classical transductive,cifar10,R6,vision,1,3.6471826,0.0,3.6471826,3.6471826,0,CPU,auto
matched_only,graph_mincuts,Classical transductive,mnist,R6,vision,1,0.4370832,0.0,0.4370832,0.4370832,0,CPU,auto
matched_only,graphhop,Classical transductive,cifar10,R6,vision,1,28.815416799999998,0.0,28.815416799999998,28.815416799999998,0,Unknown,auto
matched_only,graphhop,Classical transductive,mnist,R6,vision,1,28.6798768,0.0,28.6798768,28.6798768,0,Unknown,auto
matched_only,label_propagation,Classical transductive,cifar10,R6,vision,1,2.3476308,0.0,2.3476308,2.3476308,0,Unknown,auto
matched_only,label_propagation,Classical transductive,mnist,R6,vision,1,0.8168664,0.0,0.8168664,0.8168664,0,Unknown,auto
matched_only,label_spreading,Classical transductive,cifar10,R6,vision,1,0.41664520000000005,0.0,0.41664520000000005,0.41664520000000005,0,Unknown,auto
matched_only,label_spreading,Classical transductive,mnist,R6,vision,1,0.38763000000000003,0.0,0.38763000000000003,0.38763000000000003,0,Unknown,auto
matched_only,lazy_random_walk,Classical transductive,cifar10,R6,vision,1,2.037414,0.0,2.037414,2.037414,0,Unknown,auto
matched_only,lazy_random_walk,Classical transductive,mnist,R6,vision,1,0.6232409999999999,0.0,0.6232409999999999,0.6232409999999999,0,Unknown,auto
matched_only,mean_teacher,Consistency,cifar10,R6,vision,1,259.9205196,0.0,259.9205196,259.9205196,0,NVIDIA A100-SXM4-80GB,auto
matched_only,mean_teacher,Consistency,mnist,R6,vision,1,312.43129120000003,0.0,312.43129120000003,312.43129120000003,0,NVIDIA A100-SXM4-80GB,auto
matched_only,pi_model,Consistency,cifar10,R6,vision,1,272.607198,0.0,272.607198,272.607198,0,NVIDIA A100-SXM4-80GB,auto
matched_only,pi_model,Consistency,mnist,R6,vision,1,328.417101,0.0,328.417101,328.417101,0,NVIDIA A100-SXM4-80GB,auto
matched_only,temporal_ensembling,Consistency,cifar10,R6,vision,1,291.3221026,0.0,291.3221026,291.3221026,0,NVIDIA A100-SXM4-80GB,auto
matched_only,temporal_ensembling,Consistency,mnist,R6,vision,1,352.52915240000004,0.0,352.52915240000004,352.52915240000004,0,NVIDIA A100-SXM4-80GB,auto
matched_only,vat,Consistency,cifar10,R6,vision,1,361.9606028,0.0,361.9606028,361.9606028,0,NVIDIA A100-SXM4-80GB,auto
matched_only,vat,Consistency,mnist,R6,vision,1,437.0264754,0.0,437.0264754,437.0264754,0,NVIDIA A100-SXM4-80GB,auto
matched_only,appnp,GNN,cifar10,R6,vision,1,27.203966200000004,0.0,27.203966200000004,27.203966200000004,0,Unknown,auto
matched_only,appnp,GNN,mnist,R6,vision,1,2.6005081999999997,0.0,2.6005081999999997,2.6005081999999997,0,Unknown,auto
matched_only,chebnet,GNN,cifar10,R6,vision,1,3.6424984,0.0,3.6424984,3.6424984,0,Unknown,auto
matched_only,chebnet,GNN,mnist,R6,vision,1,7.3497844,0.0,7.3497844,7.3497844,0,Unknown,auto
matched_only,gat,GNN,cifar10,R6,vision,1,3.5856132,0.0,3.5856132,3.5856132,0,Unknown,auto
matched_only,gat,GNN,mnist,R6,vision,1,4.152177,0.0,4.152177,4.152177,0,Unknown,auto
matched_only,gcn,GNN,cifar10,R6,vision,1,1.0108442,0.0,1.0108442,1.0108442,0,Unknown,auto
matched_only,gcn,GNN,mnist,R6,vision,1,1.6475259999999998,0.0,1.6475259999999998,1.6475259999999998,0,Unknown,auto
matched_only,gcnii,GNN,cifar10,R6,vision,1,6.4002486,0.0,6.4002486,6.4002486,0,Unknown,auto
matched_only,gcnii,GNN,mnist,R6,vision,1,15.581698800000002,0.0,15.581698800000002,15.581698800000002,0,Unknown,auto
matched_only,grafn,GNN,cifar10,R6,vision,1,3.7206846,0.0,3.7206846,3.7206846,0,Unknown,auto
matched_only,grafn,GNN,mnist,R6,vision,1,6.445796199999999,0.0,6.445796199999999,6.445796199999999,0,Unknown,auto
matched_only,grand,GNN,cifar10,R6,vision,1,19.3940488,0.0,19.3940488,19.3940488,0,Unknown,auto
matched_only,grand,GNN,mnist,R6,vision,1,51.783260799999994,0.0,51.783260799999994,51.783260799999994,0,Unknown,auto
matched_only,graphsage,GNN,cifar10,R6,vision,1,1.7045938,0.0,1.7045938,1.7045938,0,Unknown,auto
matched_only,graphsage,GNN,mnist,R6,vision,1,3.8979854000000005,0.0,3.8979854000000005,3.8979854000000005,0,Unknown,auto
matched_only,h_gcn,GNN,cifar10,R6,vision,1,504.66770280000003,0.0,504.66770280000003,504.66770280000003,0,Unknown,auto
matched_only,planetoid,GNN,cifar10,R6,vision,1,1306.321506,0.0,1306.321506,1306.321506,0,Unknown,auto
matched_only,planetoid,GNN,mnist,R6,vision,1,1643.6429336,0.0,1643.6429336,1643.6429336,0,Unknown,auto
matched_only,sgc,GNN,cifar10,R6,vision,1,2.315098,0.0,2.315098,2.315098,0,Unknown,auto
matched_only,sgc,GNN,mnist,R6,vision,1,0.9696960000000001,0.0,0.9696960000000001,0.9696960000000001,0,Unknown,auto
matched_only,adamatch,Hybrid,cifar10,R6,vision,1,274.248103,0.0,274.248103,274.248103,0,NVIDIA A100-SXM4-80GB,auto
matched_only,adamatch,Hybrid,mnist,R6,vision,1,329.4916728,0.0,329.4916728,329.4916728,0,NVIDIA A100-SXM4-80GB,auto
matched_only,comatch,Hybrid,cifar10,R6,vision,1,397.440837,0.0,397.440837,397.440837,0,NVIDIA A100-SXM4-80GB,auto
matched_only,comatch,Hybrid,mnist,R6,vision,1,481.8384186,0.0,481.8384186,481.8384186,0,NVIDIA A100-SXM4-80GB,auto
matched_only,daso,Hybrid,cifar10,R6,vision,1,347.998016,0.0,347.998016,347.998016,0,NVIDIA A100-SXM4-80GB,auto
matched_only,daso,Hybrid,mnist,R6,vision,1,412.81540640000003,0.0,412.81540640000003,412.81540640000003,0,NVIDIA A100-SXM4-80GB,auto
matched_only,defixmatch,Hybrid,cifar10,R6,vision,1,373.876245,0.0,373.876245,373.876245,0,NVIDIA A100-SXM4-80GB,auto
matched_only,defixmatch,Hybrid,mnist,R6,vision,1,434.13685999999996,0.0,434.13685999999996,434.13685999999996,0,NVIDIA A100-SXM4-80GB,auto
matched_only,fixmatch,Hybrid,cifar10,R6,vision,1,272.2510074,0.0,272.2510074,272.2510074,0,NVIDIA A100-SXM4-80GB,auto
matched_only,fixmatch,Hybrid,mnist,R6,vision,1,327.7375872,0.0,327.7375872,327.7375872,0,NVIDIA A100-SXM4-80GB,auto
matched_only,flexmatch,Hybrid,cifar10,R6,vision,1,313.5328668,0.0,313.5328668,313.5328668,0,NVIDIA A100-SXM4-80GB,auto
matched_only,flexmatch,Hybrid,mnist,R6,vision,1,374.4159346,0.0,374.4159346,374.4159346,0,NVIDIA A100-SXM4-80GB,auto
matched_only,free_match,Hybrid,cifar10,R6,vision,1,287.9322366,0.0,287.9322366,287.9322366,0,NVIDIA A100-SXM4-80GB,auto
matched_only,free_match,Hybrid,mnist,R6,vision,1,354.93313520000004,0.0,354.93313520000004,354.93313520000004,0,NVIDIA A100-SXM4-80GB,auto
matched_only,meta_pseudo_labels,Hybrid,cifar10,R6,vision,1,479.8710926,0.0,479.8710926,479.8710926,0,NVIDIA A100-SXM4-80GB,auto
matched_only,meta_pseudo_labels,Hybrid,mnist,R6,vision,1,572.6374386,0.0,572.6374386,572.6374386,0,NVIDIA A100-SXM4-80GB,auto
matched_only,mixmatch,Hybrid,cifar10,R6,vision,1,225.92803199999997,0.0,225.92803199999997,225.92803199999997,0,NVIDIA A100-SXM4-80GB,auto
matched_only,mixmatch,Hybrid,mnist,R6,vision,1,272.2499382,0.0,272.2499382,272.2499382,0,NVIDIA A100-SXM4-80GB,auto
matched_only,noisy_student,Hybrid,cifar10,R6,vision,1,243.8297152,0.0,243.8297152,243.8297152,0,NVIDIA A100-SXM4-80GB,auto
matched_only,noisy_student,Hybrid,mnist,R6,vision,1,294.0094544,0.0,294.0094544,294.0094544,0,NVIDIA A100-SXM4-80GB,auto
matched_only,simclr_v2,Hybrid,cifar10,R6,vision,1,107.8918024,0.0,107.8918024,107.8918024,0,NVIDIA A100-SXM4-80GB,auto
matched_only,simclr_v2,Hybrid,mnist,R6,vision,1,127.0353734,0.0,127.0353734,127.0353734,0,NVIDIA A100-SXM4-80GB,auto
matched_only,softmatch,Hybrid,cifar10,R6,vision,1,268.73180560000003,0.0,268.73180560000003,268.73180560000003,0,NVIDIA A100-SXM4-80GB,auto
matched_only,softmatch,Hybrid,mnist,R6,vision,1,327.0837242,0.0,327.0837242,327.0837242,0,NVIDIA A100-SXM4-80GB,auto
matched_only,uda,Hybrid,cifar10,R6,vision,1,278.090412,0.0,278.090412,278.090412,0,NVIDIA A100-SXM4-80GB,auto
matched_only,uda,Hybrid,mnist,R6,vision,1,327.345138,0.0,327.345138,327.345138,0,NVIDIA A100-SXM4-80GB,auto
matched_only,adsh,Margin-based inductive,cifar10,R6,vision,1,310.592179,0.0,310.592179,310.592179,0,NVIDIA A100-SXM4-80GB,auto
matched_only,adsh,Margin-based inductive,mnist,R6,vision,1,381.52616980000005,0.0,381.52616980000005,381.52616980000005,0,NVIDIA A100-SXM4-80GB,auto
matched_only,laplace_learning,PDE/Variational,cifar10,R6,vision,1,28.9751932,0.0,28.9751932,28.9751932,0,Unknown,auto
matched_only,laplace_learning,PDE/Variational,mnist,R6,vision,1,13.2934462,0.0,13.2934462,13.2934462,0,Unknown,auto
matched_only,poisson_learning,PDE/Variational,cifar10,R6,vision,1,43.743631,0.0,43.743631,43.743631,0,Unknown,auto
matched_only,poisson_learning,PDE/Variational,mnist,R6,vision,1,54.593894399999996,0.0,54.593894399999996,54.593894399999996,0,Unknown,auto
matched_only,poisson_mbo,PDE/Variational,cifar10,R6,vision,1,123.234427,0.0,123.234427,123.234427,0,CPU,auto
matched_only,poisson_mbo,PDE/Variational,mnist,R6,vision,1,159.75325619999998,0.0,159.75325619999998,159.75325619999998,0,CPU,auto
matched_only,co_training,Wrappers,cifar10,R6,vision,1,15.061831,0.0,15.061831,15.061831,0,Unknown,auto
matched_only,co_training,Wrappers,mnist,R6,vision,1,12.7828456,0.0,12.7828456,12.7828456,0,Unknown,auto
matched_only,deep_co_training,Wrappers,cifar10,R6,vision,1,635.7224786,0.0,635.7224786,635.7224786,0,NVIDIA A100-SXM4-80GB,auto
matched_only,deep_co_training,Wrappers,mnist,R6,vision,1,737.0308172,0.0,737.0308172,737.0308172,0,NVIDIA A100-SXM4-80GB,auto
matched_only,democratic_co_learning,Wrappers,cifar10,R6,vision,1,1973.204008,0.0,1973.204008,1973.204008,0,NVIDIA A100-SXM4-80GB,auto
matched_only,democratic_co_learning,Wrappers,mnist,R6,vision,1,805.5878046,0.0,805.5878046,805.5878046,0,NVIDIA A100-SXM4-80GB,auto
matched_only,pseudo_label,Wrappers,cifar10,R6,vision,1,98.47899079999999,0.0,98.47899079999999,98.47899079999999,0,NVIDIA A100-SXM4-80GB,auto
matched_only,pseudo_label,Wrappers,mnist,R6,vision,1,485.0992056,0.0,485.0992056,485.0992056,0,NVIDIA A100-SXM4-80GB,auto
matched_only,self_training,Wrappers,cifar10,R6,vision,1,125.683043,0.0,125.683043,125.683043,0,NVIDIA A100-SXM4-80GB,auto
matched_only,self_training,Wrappers,mnist,R6,vision,1,492.2725864,0.0,492.2725864,492.2725864,0,NVIDIA A100-SXM4-80GB,auto
matched_only,setred,Wrappers,cifar10,R6,vision,1,112.842949,0.0,112.842949,112.842949,0,Unknown,auto
matched_only,setred,Wrappers,mnist,R6,vision,1,187.7289628,0.0,187.7289628,187.7289628,0,Unknown,auto
matched_only,tri_training,Wrappers,cifar10,R6,vision,1,2513.5980738000003,0.0,2513.5980738000003,2513.5980738000003,0,NVIDIA A100-SXM4-80GB,auto
matched_only,tri_training,Wrappers,mnist,R6,vision,1,3178.3154986,0.0,3178.3154986,3178.3154986,0,NVIDIA A100-SXM4-80GB,auto
