hardware_filter,method_id,family,dataset_id,target_regime,modality,count,mean,std,min,max,hardware_mismatch_count,gpu_devices,hardware_profiles
all,supervised,Baseline,citeseer,R1,graph,6,1.0881273333333332,2.215081411452831,0.178744,5.609628,0,NVIDIA A100-SXM4-80GB|Unknown,auto
all,supervised,Baseline,cora,R1,graph,6,1.4010996666666669,2.866925829347573,0.212724,7.253123,0,Tesla V100-SXM2-32GB|Unknown,auto
all,supervised,Baseline,pubmed,R1,graph,6,1.0838871666666667,2.27377472842614,0.152509,5.725203,0,NVIDIA A100-SXM4-80GB|Unknown,auto
all,dynamic_label_propagation,Classical transductive,citeseer,R1,graph,6,0.4246206666666667,0.20078074710555957,0.340594,0.83445,0,Unknown,auto
all,dynamic_label_propagation,Classical transductive,cora,R1,graph,6,0.6154000000000001,0.20281561039229698,0.498235,1.025139,0,Unknown,auto
all,dynamic_label_propagation,Classical transductive,pubmed,R1,graph,6,52.80353716666667,0.193630689329369,52.661019,53.186917,0,Unknown,auto
all,graph_mincuts,Classical transductive,citeseer,R1,graph,6,0.17203483333333336,0.22859606514147765,0.077385,0.63865,0,CPU,auto
all,graph_mincuts,Classical transductive,cora,R1,graph,6,0.20275949999999998,0.3472757754435227,0.056949,0.911592,0,CPU,auto
all,graph_mincuts,Classical transductive,pubmed,R1,graph,6,0.20022766666666666,0.23412346668684594,0.102502,0.678064,0,CPU,auto
all,graphhop,Classical transductive,citeseer,R1,graph,6,10.739639333333335,0.8078725700350682,10.313897,12.373323,0,Unknown,auto
all,graphhop,Classical transductive,cora,R1,graph,6,15.916367666666666,0.8163104535294567,15.427346,17.563873,0,Unknown,auto
all,graphhop,Classical transductive,pubmed,R1,graph,6,17.513680666666666,8.988608622923298,11.039874,29.05982,0,Unknown,auto
all,label_propagation,Classical transductive,citeseer,R1,graph,6,0.18673266666666666,0.14068337506993023,0.128239,0.473893,0,Unknown,auto
all,label_propagation,Classical transductive,cora,R1,graph,6,0.210381,0.15788456611714774,0.141617,0.532404,0,Unknown,auto
all,label_propagation,Classical transductive,pubmed,R1,graph,6,0.18329533333333334,0.14804653209132143,0.121333,0.485481,0,Unknown,auto
all,label_spreading,Classical transductive,citeseer,R1,graph,6,0.16866516666666667,0.14944107281924426,0.106843,0.473706,0,Unknown,auto
all,label_spreading,Classical transductive,cora,R1,graph,6,0.19138616666666666,0.16707840843079236,0.113547,0.531098,0,Unknown,auto
all,label_spreading,Classical transductive,pubmed,R1,graph,6,0.164965,0.15474779693811475,0.10101,0.48084,0,Unknown,auto
all,lazy_random_walk,Classical transductive,citeseer,R1,graph,6,0.1887735,0.2826195790215179,0.059017,0.764703,0,Unknown,auto
all,lazy_random_walk,Classical transductive,cora,R1,graph,6,0.22805283333333334,0.22203816180415173,0.113532,0.680299,0,Unknown,auto
all,lazy_random_walk,Classical transductive,pubmed,R1,graph,6,1.764563,0.2614095735102293,1.642502,2.297844,0,Unknown,auto
all,mean_teacher,Consistency,citeseer,R1,graph,6,1.2425033333333333,2.275391797186644,0.310389,5.887126,0,NVIDIA A100-SXM4-80GB|Unknown,auto
all,mean_teacher,Consistency,cora,R1,graph,6,1.8717429999999997,2.867480342718394,0.697956,7.724955,0,Tesla V100-SXM2-32GB|Unknown,auto
all,mean_teacher,Consistency,pubmed,R1,graph,6,1.2019221666666666,2.258496097123873,0.275301,5.812045,0,NVIDIA A100-SXM4-80GB|Unknown,auto
all,pi_model,Consistency,citeseer,R1,graph,6,1.206744,2.2277756766299426,0.293493,5.754161,0,NVIDIA A100-SXM4-80GB|Unknown,auto
all,pi_model,Consistency,cora,R1,graph,6,1.8161001666666674,2.8827128618449955,0.628965,7.700387,0,Tesla V100-SXM2-32GB|Unknown,auto
all,pi_model,Consistency,pubmed,R1,graph,6,1.195150333333333,2.242867436974523,0.277669,5.773383,0,NVIDIA A100-SXM4-80GB|Unknown,auto
all,temporal_ensembling,Consistency,citeseer,R1,graph,6,1.2936198333333333,2.3318867637568013,0.337494,6.053556,0,NVIDIA A100-SXM4-80GB|Unknown,auto
all,temporal_ensembling,Consistency,cora,R1,graph,6,1.8881924999999997,2.809532546590891,0.738052,7.623124,0,Tesla V100-SXM2-32GB|Unknown,auto
all,temporal_ensembling,Consistency,pubmed,R1,graph,6,1.2357003333333336,2.2606430905677852,0.310105,5.850214,0,NVIDIA A100-SXM4-80GB|Unknown,auto
all,vat,Consistency,citeseer,R1,graph,6,1.2466241666666666,2.183308204226459,0.351695,5.703281,0,NVIDIA A100-SXM4-80GB|Unknown,auto
all,vat,Consistency,cora,R1,graph,6,1.963811,2.8056793956657273,0.815491,7.690879,0,Tesla V100-SXM2-32GB|Unknown,auto
all,vat,Consistency,pubmed,R1,graph,6,1.2552481666666668,2.2525689814227148,0.33405,5.853284,0,NVIDIA A100-SXM4-80GB|Unknown,auto
all,appnp,GNN,citeseer,R1,graph,6,0.9654303333333333,0.7822730724747379,0.417251,2.542449,0,Unknown,auto
all,appnp,GNN,cora,R1,graph,6,1.3120135,0.8757222129663607,0.529873,2.998961,0,Unknown,auto
all,appnp,GNN,pubmed,R1,graph,6,0.9529455000000002,0.8587744028532174,0.411737,2.650809,0,Unknown,auto
all,chebnet,GNN,citeseer,R1,graph,6,0.9615048333333333,0.8051590256639782,0.513178,2.567616,0,Unknown,auto
all,chebnet,GNN,cora,R1,graph,6,0.9350459999999999,1.004570532154313,0.457143,2.980987,0,Unknown,auto
all,chebnet,GNN,pubmed,R1,graph,6,1.190221,1.066983573441316,0.507719,3.294471,0,Unknown,auto
all,gat,GNN,citeseer,R1,graph,6,1.1124325,0.7162431607066834,0.587021,2.538954,0,Unknown,auto
all,gat,GNN,cora,R1,graph,6,1.7534786666666669,1.1184479275727892,1.018591,3.989188,0,Unknown,auto
all,gat,GNN,pubmed,R1,graph,6,1.5218858333333334,0.9163449404793844,0.940515,3.357392,0,Unknown,auto
all,gcn,GNN,citeseer,R1,graph,6,0.6452363333333333,0.9708829040879577,0.214373,2.625807,0,Unknown,auto
all,gcn,GNN,cora,R1,graph,6,0.8253333333333335,0.9258129669039349,0.275534,2.692274,0,Unknown,auto
all,gcn,GNN,pubmed,R1,graph,6,0.7131635,0.8665282990552012,0.21534,2.46437,0,Unknown,auto
all,gcnii,GNN,citeseer,R1,graph,6,1.5134458333333332,1.3926568360460398,0.806358,4.346105,0,Unknown,auto
all,gcnii,GNN,cora,R1,graph,6,3.4993184999999998,0.6681597471846834,2.589301,3.976478,0,Unknown,auto
all,gcnii,GNN,pubmed,R1,graph,6,2.166952833333333,0.9504489636281196,1.481554,3.966404,0,Unknown,auto
all,grafn,GNN,citeseer,R1,graph,6,1.1790770000000002,0.9834487007233269,0.657918,3.160014,0,Unknown,auto
all,grafn,GNN,cora,R1,graph,6,2.585168833333333,1.4265913946138074,1.104703,4.854565,0,Unknown,auto
all,grafn,GNN,pubmed,R1,graph,6,1.7464671666666665,0.9312772987490712,0.897322,3.177954,0,Unknown,auto
all,grand,GNN,citeseer,R1,graph,6,3.7733003333333333,1.0680134694232402,3.002905,5.55425,0,Unknown,auto
all,grand,GNN,cora,R1,graph,6,3.218355666666667,0.9900923121126973,2.301657,4.916278,0,Unknown,auto
all,grand,GNN,pubmed,R1,graph,6,4.039922,1.1498540629469465,2.732264,5.733887,0,Unknown,auto
all,graphsage,GNN,citeseer,R1,graph,6,0.6863828333333332,0.8180412529219823,0.28264,2.34664,0,Unknown,auto
all,graphsage,GNN,cora,R1,graph,6,0.8949628333333335,0.9352639383173965,0.29616,2.750049,0,Unknown,auto
all,graphsage,GNN,pubmed,R1,graph,6,0.8405480000000001,0.9157353134057897,0.31832,2.679595,0,Unknown,auto
all,h_gcn,GNN,citeseer,R1,graph,6,4.315947833333333,1.1471943260461877,3.026611,5.722027,0,Unknown,auto
all,h_gcn,GNN,cora,R1,graph,6,2.4898443333333327,1.3105526107645837,1.307929,4.778017,0,Unknown,auto
all,h_gcn,GNN,pubmed,R1,graph,6,30.123020166666663,1.139977961434241,28.915754,31.731282,0,Unknown,auto
all,n_gcn,GNN,citeseer,R1,graph,6,12.5680645,0.6319739118358443,12.093902,13.825897,0,Unknown,auto
all,n_gcn,GNN,cora,R1,graph,6,5.9046365,1.0781871802398224,5.39799,8.101346,0,Unknown,auto
all,n_gcn,GNN,pubmed,R1,graph,6,78.41728566666667,6.274187659260075,70.79555,84.681152,0,Unknown,auto
all,planetoid,GNN,citeseer,R1,graph,6,40.306030166666666,1.729431643060509,39.50691,43.830634,0,Unknown,auto
all,planetoid,GNN,cora,R1,graph,6,176.501924,26.541329108429395,165.519589,230.678635,0,Unknown,auto
all,planetoid,GNN,pubmed,R1,graph,6,292.83088999999995,2.307098682605422,289.874448,294.762157,0,Unknown,auto
all,sgc,GNN,citeseer,R1,graph,6,0.48475466666666667,0.8604961960603118,0.132122,2.241232,0,Unknown,auto
all,sgc,GNN,cora,R1,graph,6,2.7829298333333337,5.9727234036597885,0.322568,14.974611,0,Unknown,auto
all,sgc,GNN,pubmed,R1,graph,6,0.49517866666666666,0.8366205026805563,0.133584,2.201987,0,Unknown,auto
all,adamatch,Hybrid,citeseer,R1,graph,6,17.9745225,43.226280353099696,0.32355,106.209797,0,NVIDIA A100-SXM4-80GB|Unknown,auto
all,adamatch,Hybrid,cora,R1,graph,6,30.500072166666666,72.98258703148815,0.699962,179.475154,0,Tesla V100-SXM2-32GB|Unknown,auto
all,adamatch,Hybrid,pubmed,R1,graph,6,4.443867,10.146399322554402,0.295771,25.155117,0,NVIDIA A100-SXM4-80GB|Unknown,auto
all,comatch,Hybrid,citeseer,R1,graph,6,1.4658621666666667,2.494348662821412,0.444583,6.557429,0,NVIDIA A100-SXM4-80GB|Unknown,auto
all,comatch,Hybrid,cora,R1,graph,6,2.227990666666667,2.9759831968391666,1.005209,8.302685,0,Tesla V100-SXM2-32GB|Unknown,auto
all,comatch,Hybrid,pubmed,R1,graph,6,1.354881,2.3054078475963427,0.411571,6.060771,0,NVIDIA A100-SXM4-80GB|Unknown,auto
all,daso,Hybrid,citeseer,R1,graph,6,1.345072166666667,2.2747598091330357,0.413563,5.988404,0,NVIDIA A100-SXM4-80GB|Unknown,auto
all,daso,Hybrid,cora,R1,graph,6,2.0820740000000004,2.8576020345760536,0.91005,7.915122,0,Tesla V100-SXM2-32GB|Unknown,auto
all,daso,Hybrid,pubmed,R1,graph,6,1.2960423333333333,2.316619891803976,0.348672,6.024821,0,NVIDIA A100-SXM4-80GB|Unknown,auto
all,defixmatch,Hybrid,citeseer,R1,graph,6,1.3246886666666664,2.351410031318032,0.362346,6.124481,0,NVIDIA A100-SXM4-80GB|Unknown,auto
all,defixmatch,Hybrid,cora,R1,graph,6,2.0308905000000004,2.83754507802211,0.863696,7.822979,0,Tesla V100-SXM2-32GB|Unknown,auto
all,defixmatch,Hybrid,pubmed,R1,graph,6,1.2706133333333334,2.2232033011164467,0.360095,5.808707,0,NVIDIA A100-SXM4-80GB|Unknown,auto
all,fixmatch,Hybrid,citeseer,R1,graph,6,1.2128144999999997,2.2099321692806546,0.308723,5.723818,0,NVIDIA A100-SXM4-80GB|Unknown,auto
all,fixmatch,Hybrid,cora,R1,graph,6,1.8856376666666665,2.9623335788984786,0.664677,7.932429,0,Tesla V100-SXM2-32GB|Unknown,auto
all,fixmatch,Hybrid,pubmed,R1,graph,6,1.1999283333333335,2.2580847488289426,0.276741,5.809223,0,NVIDIA A100-SXM4-80GB|Unknown,auto
all,flexmatch,Hybrid,citeseer,R1,graph,6,1.2363615,2.2420595279301345,0.310084,5.812917,0,NVIDIA A100-SXM4-80GB|Unknown,auto
all,flexmatch,Hybrid,cora,R1,graph,6,1.8857453333333332,2.8293736438203183,0.713602,7.661127,0,Tesla V100-SXM2-32GB|Unknown,auto
all,flexmatch,Hybrid,pubmed,R1,graph,6,1.2023166666666667,2.2564931245161524,0.273898,5.808338,0,NVIDIA A100-SXM4-80GB|Unknown,auto
all,free_match,Hybrid,citeseer,R1,graph,6,1.3037361666666667,2.2807530110873833,0.370311,5.959301,0,NVIDIA A100-SXM4-80GB|Unknown,auto
all,free_match,Hybrid,cora,R1,graph,6,2.054794,2.8576046738881846,0.883864,7.887849,0,Tesla V100-SXM2-32GB|Unknown,auto
all,free_match,Hybrid,pubmed,R1,graph,6,1.3297106666666665,2.363039197205638,0.359446,6.1532,0,NVIDIA A100-SXM4-80GB|Unknown,auto
all,meta_pseudo_labels,Hybrid,citeseer,R1,graph,6,1.3713798333333334,2.2289922091892933,0.458323,5.921288,0,NVIDIA A100-SXM4-80GB|Unknown,auto
all,meta_pseudo_labels,Hybrid,cora,R1,graph,6,2.2947031666666664,2.8003604101414816,1.145064,8.010906,0,Tesla V100-SXM2-32GB|Unknown,auto
all,meta_pseudo_labels,Hybrid,pubmed,R1,graph,6,1.3698474999999999,2.271755552185732,0.437753,6.007038,0,NVIDIA A100-SXM4-80GB|Unknown,auto
all,mixmatch,Hybrid,citeseer,R1,graph,6,1.2216628333333333,2.205311995443676,0.318801,5.723232,0,NVIDIA A100-SXM4-80GB|Unknown,auto
all,mixmatch,Hybrid,cora,R1,graph,6,1.8933626666666667,2.8568928297780904,0.725148,7.724969,0,Tesla V100-SXM2-32GB|Unknown,auto
all,mixmatch,Hybrid,pubmed,R1,graph,6,1.2479433333333334,2.331531948236924,0.294498,6.007162,0,NVIDIA A100-SXM4-80GB|Unknown,auto
all,noisy_student,Hybrid,citeseer,R1,graph,6,1.1993716666666667,2.1875816207941283,0.302835,5.664743,0,NVIDIA A100-SXM4-80GB|Unknown,auto
all,noisy_student,Hybrid,cora,R1,graph,6,1.8129026666666668,2.764753989338702,0.6775,7.456428,0,Tesla V100-SXM2-32GB|Unknown,auto
all,noisy_student,Hybrid,pubmed,R1,graph,6,1.2156593333333334,2.242650262991059,0.291214,5.793412,0,NVIDIA A100-SXM4-80GB|Unknown,auto
all,simclr_v2,Hybrid,citeseer,R1,graph,6,1.2826953333333333,2.4773292832505462,0.265673,6.3395,0,NVIDIA A100-SXM4-80GB|Unknown,auto
all,simclr_v2,Hybrid,cora,R1,graph,6,1.5935050000000002,2.865693064589856,0.415933,7.443066,0,Tesla V100-SXM2-32GB|Unknown,auto
all,simclr_v2,Hybrid,pubmed,R1,graph,6,1.1932036666666668,2.3171508615199543,0.24487,5.923066,0,NVIDIA A100-SXM4-80GB|Unknown,auto
all,softmatch,Hybrid,citeseer,R1,graph,6,1.2391213333333335,2.2498629999937925,0.317245,5.831628,0,NVIDIA A100-SXM4-80GB|Unknown,auto
all,softmatch,Hybrid,cora,R1,graph,6,1.883311,2.864548016423115,0.701565,7.730508,0,Tesla V100-SXM2-32GB|Unknown,auto
all,softmatch,Hybrid,pubmed,R1,graph,6,1.227868,2.2601946153900108,0.301419,5.841467,0,NVIDIA A100-SXM4-80GB|Unknown,auto
all,uda,Hybrid,citeseer,R1,graph,6,1.2296993333333333,2.2011204009742555,0.319666,5.722692,0,NVIDIA A100-SXM4-80GB|Unknown,auto
all,uda,Hybrid,cora,R1,graph,6,1.799269,2.760732007045813,0.667788,7.434583,0,Tesla V100-SXM2-32GB|Unknown,auto
all,uda,Hybrid,pubmed,R1,graph,6,1.2035105,2.2307227469777366,0.289447,5.756947,0,NVIDIA A100-SXM4-80GB|Unknown,auto
all,adsh,Margin-based inductive,citeseer,R1,graph,6,1.3728879999999999,2.444983167675475,0.370022,6.363678,0,NVIDIA A100-SXM4-80GB|Unknown,auto
all,adsh,Margin-based inductive,cora,R1,graph,6,2.0473331666666668,2.940198076446852,0.831653,8.048883,0,Tesla V100-SXM2-32GB|Unknown,auto
all,adsh,Margin-based inductive,pubmed,R1,graph,6,1.2830151666666667,2.3356004223854234,0.325895,6.050531,0,NVIDIA A100-SXM4-80GB|Unknown,auto
all,laplace_learning,PDE/Variational,citeseer,R1,graph,6,0.18617966666666666,0.22505240067563526,0.093505,0.645561,0,Unknown,auto
all,laplace_learning,PDE/Variational,cora,R1,graph,6,0.22637183333333333,0.33145087046041477,0.082457,0.9028,0,Unknown,auto
all,laplace_learning,PDE/Variational,pubmed,R1,graph,6,0.6074726666666667,0.2703754302178115,0.494349,1.159338,0,Unknown,auto
all,p_laplace_learning,PDE/Variational,citeseer,R1,graph,6,234.52788299999997,45.62513057522115,182.539542,310.20065,0,CPU,auto
all,p_laplace_learning,PDE/Variational,cora,R1,graph,6,796.2196654999999,119.89077852744218,662.34632,934.437541,0,CPU,auto
all,p_laplace_learning,PDE/Variational,pubmed,R1,graph,6,2944.5401573333334,9.784257608118859,2934.184246,2963.250381,0,CPU,auto
all,poisson_learning,PDE/Variational,citeseer,R1,graph,6,0.26803333333333335,0.03682036321204161,0.222336,0.335515,0,Unknown,auto
all,poisson_learning,PDE/Variational,cora,R1,graph,6,0.7804793333333332,0.4668853017033912,0.429754,1.631764,0,Unknown,auto
all,poisson_learning,PDE/Variational,pubmed,R1,graph,6,0.26326466666666665,0.09835645696072357,0.182075,0.450229,0,Unknown,auto
all,poisson_mbo,PDE/Variational,citeseer,R1,graph,6,2.238477,0.10577497992625667,2.151417,2.405218,0,CPU,auto
all,poisson_mbo,PDE/Variational,cora,R1,graph,6,4.872763166666666,0.4041667009061567,4.571682,5.644813,0,CPU,auto
all,poisson_mbo,PDE/Variational,pubmed,R1,graph,6,12.385570666666668,0.029919619380377408,12.352374,12.427945,0,CPU,auto
all,co_training,Wrappers,citeseer,R1,graph,6,3.7871493333333333,2.3716966858650927,2.774724,8.627951,0,NVIDIA A100-SXM4-80GB|Unknown,auto
all,co_training,Wrappers,cora,R1,graph,6,6.131684500000001,3.3290999007995383,4.162018,12.847086,0,Tesla V100-SXM2-32GB|Unknown,auto
all,co_training,Wrappers,pubmed,R1,graph,6,3.6778625,2.357270571225607,2.460964,8.468795,0,NVIDIA A100-SXM4-80GB|Unknown,auto
all,deep_co_training,Wrappers,citeseer,R1,graph,6,1.565461,2.2045257701862324,0.659984,6.065426,0,NVIDIA A100-SXM4-80GB|Unknown,auto
all,deep_co_training,Wrappers,cora,R1,graph,6,2.9585135,3.036858741057262,1.711914,9.157471,0,Tesla V100-SXM2-32GB|Unknown,auto
all,deep_co_training,Wrappers,pubmed,R1,graph,6,1.5695949999999999,2.2618317750353585,0.643012,6.186536,0,NVIDIA A100-SXM4-80GB|Unknown,auto
all,democratic_co_learning,Wrappers,citeseer,R1,graph,6,4.661605,2.6183176434032602,2.886031,9.803421,0,NVIDIA A100-SXM4-80GB|Unknown,auto
all,democratic_co_learning,Wrappers,cora,R1,graph,6,6.363351166666667,4.591953458800793,4.043092,15.699802,0,Tesla V100-SXM2-32GB|Unknown,auto
all,democratic_co_learning,Wrappers,pubmed,R1,graph,6,2.6411706666666666,2.5696650824126217,0.893207,7.757357,0,NVIDIA A100-SXM4-80GB|Unknown,auto
all,pseudo_label,Wrappers,citeseer,R1,graph,6,1.2028843333333334,2.2610220114199393,0.279211,5.818176,0,NVIDIA A100-SXM4-80GB|Unknown,auto
all,pseudo_label,Wrappers,cora,R1,graph,6,1.5191168333333334,2.8246061763293246,0.353144,7.284716,0,Tesla V100-SXM2-32GB|Unknown,auto
all,pseudo_label,Wrappers,pubmed,R1,graph,6,1.1654863333333332,2.2511826967830633,0.243397,5.760691,0,NVIDIA A100-SXM4-80GB|Unknown,auto
all,self_training,Wrappers,citeseer,R1,graph,6,1.194697,2.2193251836222645,0.279541,5.72486,0,NVIDIA A100-SXM4-80GB|Unknown,auto
all,self_training,Wrappers,cora,R1,graph,6,1.5139569999999996,2.798408521194431,0.367726,7.226177,0,Tesla V100-SXM2-32GB|Unknown,auto
all,self_training,Wrappers,pubmed,R1,graph,6,1.1566345,2.232021071346841,0.244477,5.712728,0,NVIDIA A100-SXM4-80GB|Unknown,auto
all,setred,Wrappers,citeseer,R1,graph,6,1.1890028333333331,2.2448147524279514,0.26941,5.771204,0,NVIDIA A100-SXM4-80GB|Unknown,auto
all,setred,Wrappers,cora,R1,graph,6,1.5355854999999998,2.8445803629750204,0.368044,7.342049,0,Tesla V100-SXM2-32GB|Unknown,auto
all,setred,Wrappers,pubmed,R1,graph,6,1.161276,2.23937956819687,0.245571,5.73239,0,NVIDIA A100-SXM4-80GB|Unknown,auto
all,tri_training,Wrappers,citeseer,R1,graph,6,3.6822139999999997,3.1293259094899653,1.168458,9.852298,0,NVIDIA A100-SXM4-80GB|Unknown,auto
all,tri_training,Wrappers,cora,R1,graph,6,5.734684333333334,2.6490984161949642,3.502799,10.292038,0,Tesla V100-SXM2-32GB|Unknown,auto
all,tri_training,Wrappers,pubmed,R1,graph,6,2.5310349999999997,2.281931523999351,1.180579,7.083755,0,NVIDIA A100-SXM4-80GB|Unknown,auto
all,trinet,Wrappers,citeseer,R1,graph,6,1.7536106666666667,2.2464337475072496,0.835673,6.339124,0,NVIDIA A100-SXM4-80GB|Unknown,auto
all,trinet,Wrappers,cora,R1,graph,6,2.3734181666666667,2.846954736945104,1.191246,8.184682,0,Tesla V100-SXM2-32GB|Unknown,auto
all,trinet,Wrappers,pubmed,R1,graph,6,1.5644388333333332,2.3847407322358056,0.58186,6.432206,0,NVIDIA A100-SXM4-80GB|Unknown,auto
all,supervised,Baseline,adult,R1,tabular,6,0.9381996666666668,1.571861605852076,0.295331,4.146747,0,NVIDIA A100-SXM4-80GB|Unknown,auto
all,supervised,Baseline,breast_cancer,R1,tabular,6,0.9444723333333335,1.977524866009494,0.131967,4.981064,0,Tesla V100-SXM2-32GB|Unknown,auto
all,supervised,Baseline,iris,R1,tabular,6,0.7565511666666667,1.6244126055961787,0.092153,4.072368,0,NVIDIA A100-SXM4-80GB|Unknown,auto
all,dynamic_label_propagation,Classical transductive,adult,R1,tabular,6,765.9005733333333,1.7565534584162774,764.163842,769.307064,0,Unknown,auto
all,dynamic_label_propagation,Classical transductive,breast_cancer,R1,tabular,6,0.6305253333333333,1.1931073306878415,0.125747,3.065867,0,Unknown,auto
all,dynamic_label_propagation,Classical transductive,iris,R1,tabular,6,0.45320350000000004,0.9229132065674973,0.07178,2.337072,0,Unknown,auto
all,graph_mincuts,Classical transductive,adult,R1,tabular,6,0.6790688333333333,0.8637974331861416,0.30588,2.440583,0,CPU,auto
all,graph_mincuts,Classical transductive,breast_cancer,R1,tabular,6,0.5253123333333335,1.106845378317074,0.061707,2.784466,0,CPU,auto
all,graphhop,Classical transductive,adult,R1,tabular,6,17.777864333333337,7.667071901129367,11.484208,32.171787,0,Unknown,auto
all,graphhop,Classical transductive,breast_cancer,R1,tabular,6,15.050360500000002,1.8880354717246979,13.980228,18.828455,0,Unknown,auto
all,graphhop,Classical transductive,iris,R1,tabular,6,11.940780666666667,2.1225326869800303,9.965818,14.062511,0,Unknown,auto
all,label_propagation,Classical transductive,adult,R1,tabular,6,0.7305930000000002,0.9024817763961773,0.343196,2.572482,0,Unknown,auto
all,label_propagation,Classical transductive,breast_cancer,R1,tabular,6,0.5558695,1.1837965110487105,0.068765,2.972273,0,Unknown,auto
all,label_propagation,Classical transductive,iris,R1,tabular,6,0.4646088333333333,0.8872655679712622,0.10091,2.275731,0,Unknown,auto
all,label_spreading,Classical transductive,adult,R1,tabular,6,0.641126,0.868390412092165,0.28205,2.413714,0,Unknown,auto
all,label_spreading,Classical transductive,breast_cancer,R1,tabular,6,0.5503396666666667,1.1727756816304926,0.066978,2.944251,0,Unknown,auto
all,label_spreading,Classical transductive,iris,R1,tabular,6,0.4460638333333333,0.8941619319775176,0.079224,2.271261,0,Unknown,auto
all,lazy_random_walk,Classical transductive,adult,R1,tabular,6,5.325244499999999,0.971440724361245,4.92354,7.308169,0,Unknown,auto
all,lazy_random_walk,Classical transductive,breast_cancer,R1,tabular,6,0.5973711666666667,1.2877882661972686,0.064449,3.226012,0,Unknown,auto
all,mean_teacher,Consistency,adult,R1,tabular,6,37.945327,1.6912100522865865,36.865294,41.325863,0,NVIDIA A100-SXM4-80GB|Unknown,auto
all,mean_teacher,Consistency,breast_cancer,R1,tabular,6,1.6861463333333333,2.0399143749596615,0.840125,5.850041,0,Tesla V100-SXM2-32GB|Unknown,auto
all,mean_teacher,Consistency,iris,R1,tabular,6,0.8515786666666667,1.619577061279477,0.186585,4.157523,0,NVIDIA A100-SXM4-80GB|Unknown,auto
all,pi_model,Consistency,adult,R1,tabular,6,36.102221500000006,1.6923043782166085,35.185284,39.541758,0,NVIDIA A100-SXM4-80GB|Unknown,auto
all,pi_model,Consistency,breast_cancer,R1,tabular,6,1.6970063333333334,2.1053329793234767,0.830698,5.994492,0,Tesla V100-SXM2-32GB|Unknown,auto
all,pi_model,Consistency,iris,R1,tabular,6,0.8544301666666664,1.6512854579395306,0.179537,4.225102,0,NVIDIA A100-SXM4-80GB|Unknown,auto
all,temporal_ensembling,Consistency,adult,R1,tabular,6,41.662923166666666,1.5795139133475737,40.733638,44.782016,0,NVIDIA A100-SXM4-80GB|Unknown,auto
all,temporal_ensembling,Consistency,breast_cancer,R1,tabular,6,1.794885,2.043345211352991,0.938352,5.96577,0,Tesla V100-SXM2-32GB|Unknown,auto
all,temporal_ensembling,Consistency,iris,R1,tabular,6,0.8859120000000001,1.6535777028951497,0.207588,4.261259,0,NVIDIA A100-SXM4-80GB|Unknown,auto
all,vat,Consistency,adult,R1,tabular,6,48.610835,1.8673947938844648,47.555872,52.389521,0,NVIDIA A100-SXM4-80GB|Unknown,auto
all,vat,Consistency,breast_cancer,R1,tabular,6,1.9699708333333332,2.1503882661603617,1.062362,6.359177,0,Tesla V100-SXM2-32GB|Unknown,auto
all,vat,Consistency,iris,R1,tabular,6,0.8967299999999998,1.6322140493313981,0.22802,4.228472,0,NVIDIA A100-SXM4-80GB|Unknown,auto
all,appnp,GNN,adult,R1,tabular,6,15.24015733333333,2.293907220420362,13.615233,19.855903,0,Unknown,auto
all,appnp,GNN,breast_cancer,R1,tabular,6,1.6046634999999998,2.073227023875653,0.502943,5.761244,0,Unknown,auto
all,appnp,GNN,iris,R1,tabular,6,1.0389788333333334,1.6273655659834292,0.342158,4.360608,0,Unknown,auto
all,chebnet,GNN,adult,R1,tabular,6,1.3454313333333332,1.7253340321355362,0.605839,4.866951,0,Unknown,auto
all,chebnet,GNN,breast_cancer,R1,tabular,6,1.2455855,2.066904120177494,0.322337,5.456318,0,Unknown,auto
all,chebnet,GNN,iris,R1,tabular,6,0.8999771666666665,1.6051818845042347,0.234763,4.176512,0,Unknown,auto
all,gat,GNN,adult,R1,tabular,6,5.423408000000001,8.551949397170636,1.773505,22.878371,0,Unknown,auto
all,gat,GNN,breast_cancer,R1,tabular,6,1.8690584999999997,1.9836952561023833,0.83552,5.890846,0,Unknown,auto
all,gat,GNN,iris,R1,tabular,6,1.3031545,1.6539082042235296,0.599201,4.678427,0,Unknown,auto
all,gcn,GNN,adult,R1,tabular,6,1.16553,1.7157867029069784,0.451248,4.667809,0,Unknown,auto
all,gcn,GNN,breast_cancer,R1,tabular,6,1.2329130000000001,2.077015872141472,0.24721,5.461067,0,Unknown,auto
all,gcn,GNN,iris,R1,tabular,6,0.8671178333333334,1.6616385392990154,0.171614,4.258722,0,Unknown,auto
all,gcnii,GNN,adult,R1,tabular,6,4.522427166666667,1.7265093321707148,3.476002,8.004101,0,Unknown,auto
all,gcnii,GNN,breast_cancer,R1,tabular,6,2.1888563333333333,1.9861796498424473,1.23706,6.220518,0,Unknown,auto
all,gcnii,GNN,iris,R1,tabular,6,1.603541833333333,1.730379021339246,0.759209,5.132269,0,Unknown,auto
all,grafn,GNN,adult,R1,tabular,6,4.126827333333333,2.899514700629928,2.217432,9.987884,0,Unknown,auto
all,grafn,GNN,breast_cancer,R1,tabular,6,1.7498483333333334,2.158791093335589,0.775843,6.15114,0,Unknown,auto
all,grafn,GNN,iris,R1,tabular,6,1.4122713333333332,1.8705481887828141,0.537885,5.216906,0,Unknown,auto
all,grand,GNN,adult,R1,tabular,6,1.6755943333333334,2.5071502016694303,0.63285,6.793223,0,Unknown,auto
all,grand,GNN,breast_cancer,R1,tabular,6,1.4614528333333334,2.115544626914442,0.541707,5.779254,0,Unknown,auto
all,grand,GNN,iris,R1,tabular,6,1.387279333333333,1.5512147834074645,0.40557,4.478866,0,Unknown,auto
all,graphsage,GNN,adult,R1,tabular,6,1.1985600000000003,1.8088238661856493,0.44126,4.890675,0,Unknown,auto
all,graphsage,GNN,breast_cancer,R1,tabular,6,1.1813516666666668,2.0884621951949875,0.241528,5.430068,0,Unknown,auto
all,graphsage,GNN,iris,R1,tabular,6,0.8251623333333334,1.6318243788057176,0.147743,4.156072,0,Unknown,auto
all,h_gcn,GNN,adult,R1,tabular,6,250.63305233333335,1.666646315165728,249.515742,253.94238,0,Unknown,auto
all,h_gcn,GNN,breast_cancer,R1,tabular,6,2.026069833333333,2.07292987482813,1.045148,6.251222,0,Unknown,auto
all,h_gcn,GNN,iris,R1,tabular,6,1.6001443333333334,1.5523841457586027,0.784494,4.759264,0,Unknown,auto
all,n_gcn,GNN,adult,R1,tabular,6,157.31587116666665,1.5391043603838424,156.442515,160.439709,0,Unknown,auto
all,n_gcn,GNN,breast_cancer,R1,tabular,6,2.3261828333333336,2.040454010375085,1.088388,6.194384,0,Unknown,auto
all,n_gcn,GNN,iris,R1,tabular,6,1.4646576666666666,1.604961795781403,0.72796,4.739545,0,Unknown,auto
all,planetoid,GNN,adult,R1,tabular,6,952.8036076666667,50.58988372066249,902.929748,1051.240158,0,Unknown,auto
all,planetoid,GNN,breast_cancer,R1,tabular,6,40.388284500000005,5.070672280463597,33.020498,47.077319,0,Unknown,auto
all,planetoid,GNN,iris,R1,tabular,6,2.3925171666666665,1.6173244281677583,1.727731,5.693859,0,Unknown,auto
all,sgc,GNN,adult,R1,tabular,6,10.6735605,25.227629368385955,0.357271,62.16923,0,Unknown,auto
all,sgc,GNN,breast_cancer,R1,tabular,6,1.0806660000000001,1.9495712733456043,0.145017,5.053403,0,Unknown,auto
all,sgc,GNN,iris,R1,tabular,6,0.7829789999999998,1.6673966870311336,0.098221,4.18652,0,Unknown,auto
all,adamatch,Hybrid,adult,R1,tabular,6,52.960752333333325,31.419055354916214,39.941731,117.093952,0,NVIDIA A100-SXM4-80GB|Unknown,auto
all,adamatch,Hybrid,breast_cancer,R1,tabular,6,11.365792333333331,25.49992104592578,0.940555,63.417285,0,Tesla V100-SXM2-32GB|Unknown,auto
all,adamatch,Hybrid,iris,R1,tabular,6,6.624647999999998,15.659324793360039,0.225105,38.589102,0,NVIDIA A100-SXM4-80GB|Unknown,auto
all,comatch,Hybrid,adult,R1,tabular,6,67.46711,2.3105009576522546,65.956528,72.117504,0,NVIDIA A100-SXM4-80GB|Unknown,auto
all,comatch,Hybrid,breast_cancer,R1,tabular,6,2.449914666666667,2.417183018236283,1.451988,7.383949,0,Tesla V100-SXM2-32GB|Unknown,auto
all,comatch,Hybrid,iris,R1,tabular,6,1.1378581666666667,2.0130331852719583,0.307212,5.246931,0,NVIDIA A100-SXM4-80GB|Unknown,auto
all,daso,Hybrid,adult,R1,tabular,6,55.02052,1.656822276436069,54.141442,58.366803,0,NVIDIA A100-SXM4-80GB|Unknown,auto
all,daso,Hybrid,breast_cancer,R1,tabular,6,1.963526333333333,2.1238800701166403,1.087504,6.298826,0,Tesla V100-SXM2-32GB|Unknown,auto
all,daso,Hybrid,iris,R1,tabular,6,0.9214685000000001,1.6501491744230583,0.246276,4.289818,0,NVIDIA A100-SXM4-80GB|Unknown,auto
all,defixmatch,Hybrid,adult,R1,tabular,6,48.5223935,2.1981815980614314,47.214448,52.984959,0,NVIDIA A100-SXM4-80GB|Unknown,auto
all,defixmatch,Hybrid,breast_cancer,R1,tabular,6,1.9352428333333336,2.090292944108497,1.081348,6.202035,0,Tesla V100-SXM2-32GB|Unknown,auto
all,defixmatch,Hybrid,iris,R1,tabular,6,0.9211266666666668,1.6595272243805663,0.23941,4.308613,0,NVIDIA A100-SXM4-80GB|Unknown,auto
all,fixmatch,Hybrid,adult,R1,tabular,6,37.6227375,1.7390320777575958,36.622348,41.145572,0,NVIDIA A100-SXM4-80GB|Unknown,auto
all,fixmatch,Hybrid,breast_cancer,R1,tabular,6,1.7244123333333332,2.2106807849255548,0.813908,6.236928,0,Tesla V100-SXM2-32GB|Unknown,auto
all,fixmatch,Hybrid,iris,R1,tabular,6,0.8547326666666666,1.6372480116311843,0.184567,4.196749,0,NVIDIA A100-SXM4-80GB|Unknown,auto
all,flexmatch,Hybrid,adult,R1,tabular,6,51.241099166666665,1.7915939084794217,50.326301,54.876564,0,NVIDIA A100-SXM4-80GB|Unknown,auto
all,flexmatch,Hybrid,breast_cancer,R1,tabular,6,1.851161833333333,2.224673539755927,0.940567,6.392257,0,Tesla V100-SXM2-32GB|Unknown,auto
all,flexmatch,Hybrid,iris,R1,tabular,6,0.912999,1.7349394008303576,0.199778,4.454416,0,NVIDIA A100-SXM4-80GB|Unknown,auto
all,free_match,Hybrid,adult,R1,tabular,6,56.69931116666667,1.73891016920615,54.982933,59.717414,0,NVIDIA A100-SXM4-80GB|Unknown,auto
all,free_match,Hybrid,breast_cancer,R1,tabular,6,2.1620408333333336,2.1902731511566693,1.26079,6.632904,0,Tesla V100-SXM2-32GB|Unknown,auto
all,free_match,Hybrid,iris,R1,tabular,6,0.9734184999999999,1.6969409302582987,0.274834,4.43726,0,NVIDIA A100-SXM4-80GB|Unknown,auto
all,meta_pseudo_labels,Hybrid,adult,R1,tabular,6,62.43675783333333,2.200547574415369,61.204288,66.885099,0,NVIDIA A100-SXM4-80GB|Unknown,auto
all,meta_pseudo_labels,Hybrid,breast_cancer,R1,tabular,6,2.2437668333333334,2.1586536736144977,1.354893,6.650093,0,Tesla V100-SXM2-32GB|Unknown,auto
all,meta_pseudo_labels,Hybrid,iris,R1,tabular,6,0.9521815,1.630594783845913,0.282783,4.280613,0,NVIDIA A100-SXM4-80GB|Unknown,auto
all,mixmatch,Hybrid,adult,R1,tabular,6,42.80276433333333,1.51590376514351,41.74114,45.811638,0,NVIDIA A100-SXM4-80GB|Unknown,auto
all,mixmatch,Hybrid,breast_cancer,R1,tabular,6,1.8217574999999997,2.096411705351766,0.962684,6.101031,0,Tesla V100-SXM2-32GB|Unknown,auto
all,mixmatch,Hybrid,iris,R1,tabular,6,0.8790926666666667,1.6496741001645951,0.202879,4.246473,0,NVIDIA A100-SXM4-80GB|Unknown,auto
all,noisy_student,Hybrid,adult,R1,tabular,6,37.700798666666664,1.682370630728871,36.83214,41.125477,0,NVIDIA A100-SXM4-80GB|Unknown,auto
all,noisy_student,Hybrid,breast_cancer,R1,tabular,6,1.7105921666666666,2.0958273093141444,0.847274,5.988611,0,Tesla V100-SXM2-32GB|Unknown,auto
all,noisy_student,Hybrid,iris,R1,tabular,6,0.8885876666666667,1.69175485395227,0.196161,4.341867,0,NVIDIA A100-SXM4-80GB|Unknown,auto
all,simclr_v2,Hybrid,adult,R1,tabular,6,21.515276666666665,1.5916343535196356,20.344983,24.708638,0,NVIDIA A100-SXM4-80GB|Unknown,auto
all,simclr_v2,Hybrid,breast_cancer,R1,tabular,6,1.431152,2.121541076074088,0.563193,5.761728,0,Tesla V100-SXM2-32GB|Unknown,auto
all,simclr_v2,Hybrid,iris,R1,tabular,6,0.8609753333333333,1.6672048436468345,0.179266,4.264142,0,NVIDIA A100-SXM4-80GB|Unknown,auto
all,softmatch,Hybrid,adult,R1,tabular,6,40.43660783333333,1.6629243553163109,39.35481,43.774554,0,NVIDIA A100-SXM4-80GB|Unknown,auto
all,softmatch,Hybrid,breast_cancer,R1,tabular,6,1.806382166666667,2.1547270283062234,0.922598,6.204691,0,Tesla V100-SXM2-32GB|Unknown,auto
all,softmatch,Hybrid,iris,R1,tabular,6,0.9498951666666665,1.8248072544859542,0.197318,4.674719,0,NVIDIA A100-SXM4-80GB|Unknown,auto
all,uda,Hybrid,adult,R1,tabular,6,38.49345283333333,2.383007179896142,37.307364,43.315253,0,NVIDIA A100-SXM4-80GB|Unknown,auto
all,uda,Hybrid,breast_cancer,R1,tabular,6,1.7146419999999998,2.055917137472909,0.871843,5.911249,0,Tesla V100-SXM2-32GB|Unknown,auto
all,uda,Hybrid,iris,R1,tabular,6,0.8564328333333334,1.651118966322708,0.180923,4.226764,0,NVIDIA A100-SXM4-80GB|Unknown,auto
all,adsh,Margin-based inductive,adult,R1,tabular,6,41.05696316666666,2.290874002210809,39.905618,45.721969,0,NVIDIA A100-SXM4-80GB|Unknown,auto
all,adsh,Margin-based inductive,breast_cancer,R1,tabular,6,2.109690333333334,2.8432554519569764,0.938705,7.913449,0,Tesla V100-SXM2-32GB|Unknown,auto
all,adsh,Margin-based inductive,iris,R1,tabular,6,1.3476903333333334,2.7432216182875684,0.219928,6.947232,0,NVIDIA A100-SXM4-80GB|Unknown,auto
all,s4vm,Margin-based inductive,adult,R1,tabular,6,39.92385183333334,1.8164383082821633,38.743563,43.549421,0,NVIDIA A100-SXM4-80GB|Unknown,auto
all,s4vm,Margin-based inductive,breast_cancer,R1,tabular,6,2.5920724999999996,2.0831138057914886,1.737686,6.844198,0,Tesla V100-SXM2-32GB|Unknown,auto
all,tsvm,Margin-based inductive,adult,R1,tabular,6,0.8753825000000001,0.9252425991355455,0.47783,2.763887,0,CPU,auto
all,tsvm,Margin-based inductive,breast_cancer,R1,tabular,6,0.5088495000000001,1.0514757387945288,0.07306,2.655155,0,CPU,auto
all,laplace_learning,PDE/Variational,adult,R1,tabular,6,5.773711166666666,2.1436419972392233,4.892022,10.149396,0,Unknown,auto
all,laplace_learning,PDE/Variational,breast_cancer,R1,tabular,6,0.5728479999999999,1.236187608233637,0.06319,3.096197,0,Unknown,auto
all,laplace_learning,PDE/Variational,iris,R1,tabular,6,0.5941298333333334,1.3438465735805434,0.044379,3.337243,0,Unknown,auto
all,p_laplace_learning,PDE/Variational,adult,R1,tabular,6,12187.518051666666,1839.933865867043,9204.518051,13691.806472,0,CPU,auto
all,p_laplace_learning,PDE/Variational,breast_cancer,R1,tabular,6,9.281513333333335,8.756126869496757,0.494211,23.994146,0,CPU,auto
all,p_laplace_learning,PDE/Variational,iris,R1,tabular,6,2.1013949999999997,0.7869572318877309,1.307179,3.447894,0,CPU,auto
all,poisson_learning,PDE/Variational,adult,R1,tabular,6,21.6886075,25.415048739771454,10.17863,73.53379,0,Unknown,auto
all,poisson_learning,PDE/Variational,breast_cancer,R1,tabular,6,0.8274723333333335,1.0608200299610988,0.382812,2.992818,0,Unknown,auto
all,poisson_learning,PDE/Variational,iris,R1,tabular,6,0.5454153333333333,0.7704004087303346,0.225792,2.117974,0,Unknown,auto
all,poisson_mbo,PDE/Variational,adult,R1,tabular,6,65.46825166666666,9.913663996019347,54.255824,81.239012,0,CPU,auto
all,poisson_mbo,PDE/Variational,breast_cancer,R1,tabular,6,1.905869,1.0444908627349498,1.335614,4.029805,0,CPU,auto
all,poisson_mbo,PDE/Variational,iris,R1,tabular,6,0.6421986666666666,0.7711477090570046,0.289982,2.215629,0,CPU,auto
all,co_training,Wrappers,adult,R1,tabular,6,3.2755763333333334,1.9668226278695966,2.454319,7.290251,0,NVIDIA A100-SXM4-80GB|Unknown,auto
all,co_training,Wrappers,breast_cancer,R1,tabular,6,4.11748,2.147412249357444,3.21824,8.500725,0,Tesla V100-SXM2-32GB|Unknown,auto
all,co_training,Wrappers,iris,R1,tabular,6,2.896301,1.904863491779923,2.113444,6.784555,0,NVIDIA A100-SXM4-80GB|Unknown,auto
all,deep_co_training,Wrappers,adult,R1,tabular,6,85.17505333333334,1.4600707401568853,83.902515,88.024448,0,NVIDIA A100-SXM4-80GB|Unknown,auto
all,deep_co_training,Wrappers,breast_cancer,R1,tabular,6,2.685496166666667,2.13195021158107,1.795524,7.037145,0,Tesla V100-SXM2-32GB|Unknown,auto
all,deep_co_training,Wrappers,iris,R1,tabular,6,1.0291993333333334,1.6734626439293667,0.335452,4.445029,0,NVIDIA A100-SXM4-80GB|Unknown,auto
all,democratic_co_learning,Wrappers,adult,R1,tabular,6,247.8848326666667,41.71891456551605,202.725177,306.339028,0,NVIDIA A100-SXM4-80GB|Unknown,auto
all,democratic_co_learning,Wrappers,breast_cancer,R1,tabular,6,3.1164205000000003,2.3500465803871844,1.615501,7.859272,0,Tesla V100-SXM2-32GB|Unknown,auto
all,democratic_co_learning,Wrappers,iris,R1,tabular,6,1.927417,1.65600964207048,1.063425,5.295379,0,NVIDIA A100-SXM4-80GB|Unknown,auto
all,pseudo_label,Wrappers,adult,R1,tabular,6,63.61408333333333,1.2603982739338635,62.452503,65.75894,0,NVIDIA A100-SXM4-80GB|Unknown,auto
all,pseudo_label,Wrappers,breast_cancer,R1,tabular,6,2.4396165,1.9840635469692747,1.226181,6.437305,0,Tesla V100-SXM2-32GB|Unknown,auto
all,pseudo_label,Wrappers,iris,R1,tabular,6,1.0504731666666667,1.4823264173860518,0.301777,4.072223,0,NVIDIA A100-SXM4-80GB|Unknown,auto
all,self_training,Wrappers,adult,R1,tabular,6,61.569883833333336,3.4808691506251375,56.494712,65.458955,0,NVIDIA A100-SXM4-80GB|Unknown,auto
all,self_training,Wrappers,breast_cancer,R1,tabular,6,2.2146025,2.102929737756804,1.235452,6.499428,0,Tesla V100-SXM2-32GB|Unknown,auto
all,self_training,Wrappers,iris,R1,tabular,6,1.0602938333333334,1.4822776782528186,0.288618,4.081062,0,NVIDIA A100-SXM4-80GB|Unknown,auto
all,setred,Wrappers,adult,R1,tabular,6,1.9238748333333333,1.6234292476935872,1.225083,5.23684,0,NVIDIA A100-SXM4-80GB|Unknown,auto
all,setred,Wrappers,breast_cancer,R1,tabular,6,3.029799333333333,1.8923362427410904,2.227705,6.891889,0,Tesla V100-SXM2-32GB|Unknown,auto
all,setred,Wrappers,iris,R1,tabular,6,1.0174739999999998,1.6688717751960453,0.294541,4.423133,0,NVIDIA A100-SXM4-80GB|Unknown,auto
all,tri_training,Wrappers,adult,R1,tabular,6,114.24415550000002,119.5937419721774,38.243738,349.881286,0,NVIDIA A100-SXM4-80GB|Unknown,auto
all,tri_training,Wrappers,breast_cancer,R1,tabular,6,5.028225833333333,4.413204538883618,1.931215,13.551992,0,Tesla V100-SXM2-32GB|Unknown,auto
all,tri_training,Wrappers,iris,R1,tabular,6,1.6982271666666666,1.849816775283911,0.819308,5.466655,0,NVIDIA A100-SXM4-80GB|Unknown,auto
all,trinet,Wrappers,adult,R1,tabular,6,706.955837,12.0951313941829,691.957709,718.623972,0,NVIDIA A100-SXM4-80GB|Unknown,auto
all,trinet,Wrappers,breast_cancer,R1,tabular,6,15.356518666666664,2.1514901249805143,14.367496,19.744865,0,Tesla V100-SXM2-32GB|Unknown,auto
all,trinet,Wrappers,iris,R1,tabular,6,2.763662,1.6107229485391956,2.022935,6.049424,0,NVIDIA A100-SXM4-80GB|Unknown,auto
all,supervised,Baseline,ag_news,R1,text,6,1.7421501666666668,0.90241124717158,1.367713,3.584145,0,NVIDIA A100-SXM4-80GB|Unknown,auto
all,supervised,Baseline,imdb,R1,text,6,1.9437503333333332,1.0428740818531579,1.374609,4.039265,0,NVIDIA A100-SXM4-80GB|Unknown,auto
all,dynamic_label_propagation,Classical transductive,imdb,R1,text,6,820.7710296666668,0.34645773093619686,820.476397,821.441789,0,Unknown,auto
all,graph_mincuts,Classical transductive,ag_news,R1,text,6,70.30866866666666,81.05715339232748,36.572763,235.761726,0,CPU,auto
all,graph_mincuts,Classical transductive,imdb,R1,text,6,14.826851,0.37999498835642587,14.455184,15.330763,0,CPU,auto
all,graphhop,Classical transductive,ag_news,R1,text,6,53.51548366666666,46.95229398810685,19.782066,114.065865,0,Unknown,auto
all,graphhop,Classical transductive,imdb,R1,text,6,25.095102666666666,12.182039828082956,12.291568,41.762032,0,Unknown,auto
all,label_propagation,Classical transductive,ag_news,R1,text,6,1.1575958333333334,0.34002526759546364,1.009538,1.851602,0,Unknown,auto
all,label_propagation,Classical transductive,imdb,R1,text,6,1.0191551666666667,0.27204974961754086,0.824652,1.554728,0,Unknown,auto
all,label_spreading,Classical transductive,ag_news,R1,text,6,1.0668981666666666,0.36429094029493325,0.891888,1.807443,0,Unknown,auto
all,label_spreading,Classical transductive,imdb,R1,text,6,0.8982840000000002,0.17644631785446815,0.805901,1.256933,0,Unknown,auto
all,lazy_random_walk,Classical transductive,ag_news,R1,text,6,31.98370916666667,1.2774968847228425,30.710134,34.305475,0,Unknown,auto
all,lazy_random_walk,Classical transductive,imdb,R1,text,6,19.587046,0.22537204132722474,19.314479,19.888864,0,Unknown,auto
all,mean_teacher,Consistency,ag_news,R1,text,6,581.1075453333333,2.0233825750067607,579.480955,584.502989,0,NVIDIA A100-SXM4-80GB|Unknown,auto
all,mean_teacher,Consistency,imdb,R1,text,6,121.72968083333335,0.9944774746423182,121.168884,123.732045,0,NVIDIA A100-SXM4-80GB|Unknown,auto
all,pi_model,Consistency,ag_news,R1,text,6,574.3975656666667,2.658555002473552,572.293152,579.42565,0,NVIDIA A100-SXM4-80GB|Unknown,auto
all,pi_model,Consistency,imdb,R1,text,6,120.99017116666664,1.266869530608962,120.266279,123.548878,0,NVIDIA A100-SXM4-80GB|Unknown,auto
all,temporal_ensembling,Consistency,ag_news,R1,text,6,724.7025909999999,1.5476787610454419,723.117895,727.038296,0,NVIDIA A100-SXM4-80GB|Unknown,auto
all,temporal_ensembling,Consistency,imdb,R1,text,6,151.474725,0.9860425341405946,150.800298,153.380727,0,NVIDIA A100-SXM4-80GB|Unknown,auto
all,vat,Consistency,ag_news,R1,text,6,841.0689623333334,61.821814217853415,800.441245,920.87331,0,NVIDIA A100-SXM4-80GB|Unknown,auto
all,vat,Consistency,imdb,R1,text,6,168.1460885,1.020826568960414,167.664752,170.219429,0,NVIDIA A100-SXM4-80GB|Unknown,auto
all,appnp,GNN,ag_news,R1,text,6,84.13914066666668,3.5872266877982852,77.202427,87.005045,0,Unknown,auto
all,appnp,GNN,imdb,R1,text,6,15.245781333333333,0.8890052321793537,14.478982,17.005208,0,Unknown,auto
all,chebnet,GNN,ag_news,R1,text,6,2.8249619999999998,0.8701240157195984,2.360345,4.594041,0,Unknown,auto
all,chebnet,GNN,imdb,R1,text,6,1.5259671666666668,0.8601403719659755,1.110153,3.279963,0,Unknown,auto
all,gat,GNN,ag_news,R1,text,6,9.421269166666665,0.8012412956338227,8.89134,10.864067,0,Unknown,auto
all,gat,GNN,imdb,R1,text,6,3.4298121666666663,1.9722671356839487,2.294183,7.439402,0,Unknown,auto
all,gcn,GNN,ag_news,R1,text,6,3.039211333333333,0.8039279023578337,2.293095,4.582344,0,Unknown,auto
all,gcn,GNN,imdb,R1,text,6,1.4260713333333335,0.8293238904026984,0.933989,3.105869,0,Unknown,auto
all,gcnii,GNN,ag_news,R1,text,6,19.257437,1.0527596142911257,18.162242,21.11365,0,Unknown,auto
all,gcnii,GNN,imdb,R1,text,6,6.305886500000001,1.1336858230456532,4.730736,7.895596,0,Unknown,auto
all,grafn,GNN,ag_news,R1,text,6,9.404387333333334,1.8534894659001075,7.112566,11.3227,0,Unknown,auto
all,grafn,GNN,imdb,R1,text,6,4.022071666666666,1.0838569195669079,2.621509,5.158833,0,Unknown,auto
all,grand,GNN,ag_news,R1,text,6,9.8154125,1.3952664390793252,7.751323,12.064033,0,Unknown,auto
all,grand,GNN,imdb,R1,text,6,1.6096905,0.8565472908767501,1.176718,3.347304,0,Unknown,auto
all,graphsage,GNN,ag_news,R1,text,6,53.605255666666665,63.28278607529122,1.536462,131.521358,0,Unknown,auto
all,graphsage,GNN,imdb,R1,text,6,1.3427821666666668,0.8113047896526723,0.949094,2.997199,0,Unknown,auto
all,h_gcn,GNN,imdb,R1,text,6,268.77260816666666,4.116390570868541,264.379955,276.528155,0,Unknown,auto
all,n_gcn,GNN,imdb,R1,text,6,174.01176183333334,6.230327342991292,165.789803,180.628398,0,Unknown,auto
all,planetoid,GNN,ag_news,R1,text,2,4234.459557,0.0,4234.459557,4234.459557,0,Unknown,auto
all,planetoid,GNN,imdb,R1,text,6,971.1412631666667,10.565432515458257,955.187026,982.697868,0,Unknown,auto
all,sgc,GNN,ag_news,R1,text,2,7.315442,0.0,7.315442,7.315442,0,Unknown,auto
all,sgc,GNN,imdb,R1,text,6,1.3462048333333332,0.9158870004978598,0.961358,3.215687,0,Unknown,auto
all,adamatch,Hybrid,ag_news,R1,text,2,661.685107,0.0,661.685107,661.685107,0,NVIDIA A100-SXM4-80GB|Unknown,auto
all,adamatch,Hybrid,imdb,R1,text,6,126.19651933333334,1.3306683190577109,125.351105,128.851806,0,NVIDIA A100-SXM4-80GB|Unknown,auto
all,comatch,Hybrid,ag_news,R1,text,2,935.767199,0.0,935.767199,935.767199,0,NVIDIA A100-SXM4-80GB|Unknown,auto
all,comatch,Hybrid,imdb,R1,text,6,193.02388633333337,0.8250227463886479,192.214021,194.502397,0,NVIDIA A100-SXM4-80GB|Unknown,auto
all,daso,Hybrid,ag_news,R1,text,6,715.3987738333334,3.414496473313544,713.626857,722.344687,0,NVIDIA A100-SXM4-80GB|Unknown,auto
all,daso,Hybrid,imdb,R1,text,6,145.24680350000003,0.9846223496065328,144.606589,146.948063,0,NVIDIA A100-SXM4-80GB|Unknown,auto
all,defixmatch,Hybrid,ag_news,R1,text,6,703.1833656666668,1.6506243775081928,702.00359,706.306223,0,NVIDIA A100-SXM4-80GB|Unknown,auto
all,defixmatch,Hybrid,imdb,R1,text,6,147.2643068333333,0.9434910562563723,146.696296,149.165665,0,NVIDIA A100-SXM4-80GB|Unknown,auto
all,fixmatch,Hybrid,ag_news,R1,text,6,580.1415973333334,1.0787607706655975,578.412011,581.790007,0,NVIDIA A100-SXM4-80GB|Unknown,auto
all,fixmatch,Hybrid,imdb,R1,text,6,121.49968033333333,1.025206547955416,120.915613,123.58258,0,NVIDIA A100-SXM4-80GB|Unknown,auto
all,flexmatch,Hybrid,ag_news,R1,text,6,638.6311443333333,7.862310919983121,623.687071,643.910878,0,NVIDIA A100-SXM4-80GB|Unknown,auto
all,flexmatch,Hybrid,imdb,R1,text,6,125.81841199999998,0.9768991758888916,125.10235,127.740596,0,NVIDIA A100-SXM4-80GB|Unknown,auto
all,free_match,Hybrid,ag_news,R1,text,6,635.4228125,1.6511030151865136,634.073057,637.982167,0,NVIDIA A100-SXM4-80GB|Unknown,auto
all,free_match,Hybrid,imdb,R1,text,6,133.41383299999998,0.8290016234575245,132.816713,134.993264,0,NVIDIA A100-SXM4-80GB|Unknown,auto
all,meta_pseudo_labels,Hybrid,ag_news,R1,text,6,1507.5557288333332,4.012512100819977,1505.155222,1515.31164,0,NVIDIA A100-SXM4-80GB|Unknown,auto
all,meta_pseudo_labels,Hybrid,imdb,R1,text,6,203.98950033333335,0.9050375261951609,203.451996,205.784812,0,NVIDIA A100-SXM4-80GB|Unknown,auto
all,mixmatch,Hybrid,ag_news,R1,text,6,975.9778561666667,1.0466969267027735,975.055672,977.865308,0,NVIDIA A100-SXM4-80GB|Unknown,auto
all,mixmatch,Hybrid,imdb,R1,text,6,203.12864449999998,1.1652442675492147,202.485198,205.477821,0,NVIDIA A100-SXM4-80GB|Unknown,auto
all,noisy_student,Hybrid,ag_news,R1,text,6,594.6500003333333,1.2402879643898241,593.457589,596.184542,0,NVIDIA A100-SXM4-80GB|Unknown,auto
all,noisy_student,Hybrid,imdb,R1,text,6,125.11516883333331,0.7700774572245086,124.600296,126.656938,0,NVIDIA A100-SXM4-80GB|Unknown,auto
all,simclr_v2,Hybrid,ag_news,R1,text,6,359.1807935,0.4070304756092618,358.892147,359.975905,0,NVIDIA A100-SXM4-80GB|Unknown,auto
all,simclr_v2,Hybrid,imdb,R1,text,6,56.49692883333333,0.9704929080001379,55.996876,58.449495,0,NVIDIA A100-SXM4-80GB|Unknown,auto
all,softmatch,Hybrid,ag_news,R1,text,6,587.6715253333333,1.7020415914030675,585.58122,590.566448,0,NVIDIA A100-SXM4-80GB|Unknown,auto
all,softmatch,Hybrid,imdb,R1,text,6,123.51879350000002,0.9032236334276785,122.873887,125.321428,0,NVIDIA A100-SXM4-80GB|Unknown,auto
all,uda,Hybrid,ag_news,R1,text,6,580.7014875,2.1006905201991,578.748065,584.488382,0,NVIDIA A100-SXM4-80GB|Unknown,auto
all,uda,Hybrid,imdb,R1,text,6,122.383799,0.5765244154562775,121.734161,123.334843,0,NVIDIA A100-SXM4-80GB|Unknown,auto
all,adsh,Margin-based inductive,ag_news,R1,text,2,712.690368,0.0,712.690368,712.690368,0,NVIDIA A100-SXM4-80GB|Unknown,auto
all,adsh,Margin-based inductive,imdb,R1,text,6,146.60239583333333,1.0826878019418897,145.990261,148.783447,0,NVIDIA A100-SXM4-80GB|Unknown,auto
all,tsvm,Margin-based inductive,imdb,R1,text,6,1.0895256666666668,0.0735952426415367,1.051827,1.239536,0,CPU,auto
all,laplace_learning,PDE/Variational,imdb,R1,text,6,5.843327833333333,0.27094167215724974,5.708229,6.393056,0,Unknown,auto
all,p_laplace_learning,PDE/Variational,ag_news,R1,text,2,20832.124558,0.0,20832.124558,20832.124558,0,CPU,auto
all,p_laplace_learning,PDE/Variational,imdb,R1,text,2,10581.252774,0.0,10581.252774,10581.252774,0,CPU,auto
all,poisson_learning,PDE/Variational,ag_news,R1,text,2,8.996386,0.0,8.996386,8.996386,0,Unknown,auto
all,poisson_learning,PDE/Variational,imdb,R1,text,6,12.15185516666667,1.0348555483900963,10.610531,12.978659,0,Unknown,auto
all,poisson_mbo,PDE/Variational,ag_news,R1,text,2,262.89371,0.0,262.89371,262.89371,0,CPU,auto
all,poisson_mbo,PDE/Variational,imdb,R1,text,6,66.40242483333334,6.93433678681177,52.444593,70.043216,0,CPU,auto
all,co_training,Wrappers,ag_news,R1,text,2,63.387865,0.0,63.387865,63.387865,0,Unknown,auto
all,co_training,Wrappers,imdb,R1,text,6,41.16664183333333,14.458166623087594,35.142643,70.678974,0,Unknown,auto
all,deep_co_training,Wrappers,ag_news,R1,text,6,1355.6412101666667,1.215035200589719,1354.764083,1357.902903,0,NVIDIA A100-SXM4-80GB|Unknown,auto
all,deep_co_training,Wrappers,imdb,R1,text,6,282.44682033333333,0.9086513609739844,281.890459,284.219125,0,NVIDIA A100-SXM4-80GB|Unknown,auto
all,democratic_co_learning,Wrappers,ag_news,R1,text,1,133.015316,0.0,133.015316,133.015316,0,CPU,auto
all,democratic_co_learning,Wrappers,imdb,R1,text,1,4363.249991,0.0,4363.249991,4363.249991,0,CPU,auto
all,pseudo_label,Wrappers,ag_news,R1,text,1,96.190971,0.0,96.190971,96.190971,0,CPU,auto
all,pseudo_label,Wrappers,imdb,R1,text,1,13605.585081,0.0,13605.585081,13605.585081,0,CPU,auto
all,setred,Wrappers,ag_news,R1,text,6,8.177552500000001,18.453038458872975,0.630752,45.844654,0,Unknown,auto
all,setred,Wrappers,imdb,R1,text,6,1.642374,1.8474917954635686,0.878516,5.413451,0,Unknown,auto
all,tri_training,Wrappers,ag_news,R1,text,1,234.938355,0.0,234.938355,234.938355,0,CPU,auto
all,supervised,Baseline,cifar10,R1,vision,6,1.7623526666666665,0.9800304675971389,1.328296,3.761994,0,NVIDIA A100-SXM4-80GB|Unknown,auto
all,supervised,Baseline,cifar100,R1,vision,6,1.8135513333333335,0.9482625796579062,1.379062,3.747261,0,NVIDIA A100-SXM4-80GB|Unknown,auto
all,supervised,Baseline,mnist,R1,vision,6,1.738709,1.0491885907746041,1.244566,3.875343,0,NVIDIA A100-SXM4-80GB|Unknown,auto
all,graph_mincuts,Classical transductive,cifar10,R1,vision,6,8.696637833333332,1.233949243748448,8.126692,11.20936,0,CPU,auto
all,graph_mincuts,Classical transductive,cifar100,R1,vision,6,1.7673078333333336,1.9097760442959189,0.954935,5.665139,0,CPU,auto
all,graph_mincuts,Classical transductive,mnist,R1,vision,6,0.47235283333333333,0.36590088672284826,0.303898,1.218524,0,CPU,auto
all,graphhop,Classical transductive,cifar10,R1,vision,6,17.411956500000002,6.558048395023652,14.100484,30.689629,0,Unknown,auto
all,graphhop,Classical transductive,cifar100,R1,vision,6,30.883783333333337,1.5069284552935713,29.925886,33.579788,0,Unknown,auto
all,graphhop,Classical transductive,mnist,R1,vision,6,15.147228833333331,2.1722163712947586,14.139304,19.576785,0,Unknown,auto
all,label_propagation,Classical transductive,cifar10,R1,vision,6,0.7430116666666667,0.23376684168347456,0.647386,1.220186,0,Unknown,auto
all,label_propagation,Classical transductive,cifar100,R1,vision,6,0.998761,0.18819668382200577,0.915115,1.382546,0,Unknown,auto
all,label_propagation,Classical transductive,mnist,R1,vision,6,0.7795886666666667,0.15804268176371433,0.705865,1.101471,0,Unknown,auto
all,label_spreading,Classical transductive,cifar10,R1,vision,6,0.33219649999999995,0.15366908654996295,0.267738,0.64586,0,Unknown,auto
all,label_spreading,Classical transductive,cifar100,R1,vision,6,0.6409281666666666,0.23570676135437155,0.539911,1.12194,0,Unknown,auto
all,label_spreading,Classical transductive,mnist,R1,vision,6,0.3816381666666666,0.18021914542957598,0.306222,0.749471,0,Unknown,auto
all,lazy_random_walk,Classical transductive,cifar10,R1,vision,6,2.1530353333333334,0.5388591316704827,1.877328,3.249414,0,Unknown,auto
all,lazy_random_walk,Classical transductive,cifar100,R1,vision,6,0.29914666666666667,0.2284188877511373,0.203678,0.765385,0,Unknown,auto
all,lazy_random_walk,Classical transductive,mnist,R1,vision,6,0.6046595,0.2382611306140807,0.504193,1.090993,0,Unknown,auto
all,mean_teacher,Consistency,cifar10,R1,vision,6,255.27347650000002,2.9681851940926314,253.044195,261.193217,0,NVIDIA A100-SXM4-80GB|Unknown,auto
all,mean_teacher,Consistency,cifar100,R1,vision,6,258.0698551666666,1.8590204640278023,256.754999,261.640248,0,NVIDIA A100-SXM4-80GB|Unknown,auto
all,mean_teacher,Consistency,mnist,R1,vision,6,316.76862950000003,10.37355934578918,311.01937,337.711059,0,NVIDIA A100-SXM4-80GB|Unknown,auto
all,pi_model,Consistency,cifar10,R1,vision,6,271.3149356666667,4.498213103598172,268.419421,280.107031,0,NVIDIA A100-SXM4-80GB|Unknown,auto
all,pi_model,Consistency,cifar100,R1,vision,6,272.67732383333333,6.850291065020691,268.277245,286.450121,0,NVIDIA A100-SXM4-80GB|Unknown,auto
all,pi_model,Consistency,mnist,R1,vision,6,330.5299016666666,3.660597272203425,328.010929,336.896611,0,NVIDIA A100-SXM4-80GB|Unknown,auto
all,temporal_ensembling,Consistency,cifar10,R1,vision,6,293.9893225,7.073426784991399,286.84469,302.351453,0,NVIDIA A100-SXM4-80GB|Unknown,auto
all,temporal_ensembling,Consistency,cifar100,R1,vision,6,295.63165116666664,9.448734530831768,288.383596,313.711451,0,NVIDIA A100-SXM4-80GB|Unknown,auto
all,temporal_ensembling,Consistency,mnist,R1,vision,6,350.9740971666667,5.352642639801203,346.86709,361.315707,0,NVIDIA A100-SXM4-80GB|Unknown,auto
all,vat,Consistency,cifar10,R1,vision,6,374.69505899999996,17.672003661506675,354.05726,394.521317,0,NVIDIA A100-SXM4-80GB|Unknown,auto
all,vat,Consistency,cifar100,R1,vision,6,366.27080616666666,3.9759599638766168,361.646997,371.90937,0,NVIDIA A100-SXM4-80GB|Unknown,auto
all,vat,Consistency,mnist,R1,vision,6,440.74980316666665,8.979688576697447,430.554096,457.395592,0,NVIDIA A100-SXM4-80GB|Unknown,auto
all,appnp,GNN,cifar10,R1,vision,6,32.76841283333333,2.389706835960295,29.082705,34.729391,0,Unknown,auto
all,appnp,GNN,cifar100,R1,vision,6,26.373781666666662,0.880793168535194,25.859719,28.104121,0,Unknown,auto
all,appnp,GNN,mnist,R1,vision,6,2.07199,2.085149239600562,1.212088,6.328255,0,Unknown,auto
all,chebnet,GNN,cifar10,R1,vision,6,2.2693503333333336,0.999590325032944,1.80912,4.308542,0,Unknown,auto
all,chebnet,GNN,cifar100,R1,vision,6,2.2511498333333333,0.9187376625462605,1.797733,4.114679,0,Unknown,auto
all,chebnet,GNN,mnist,R1,vision,6,2.728752333333333,0.8754846024861126,2.295114,4.513153,0,Unknown,auto
all,gat,GNN,cifar10,R1,vision,6,2.471594833333333,0.909393136994868,1.6697,4.030823,0,Unknown,auto
all,gat,GNN,cifar100,R1,vision,6,3.104867833333333,1.0130694240458384,2.651772,5.172301,0,Unknown,auto
all,gat,GNN,mnist,R1,vision,6,3.4570648333333334,0.7124021613185677,2.886509,4.858847,0,Unknown,auto
all,gcn,GNN,cifar10,R1,vision,6,0.8347486666666667,0.9211436865578935,0.449254,2.714984,0,Unknown,auto
all,gcn,GNN,cifar100,R1,vision,6,0.9977233333333332,0.8635895770780625,0.617082,2.760155,0,Unknown,auto
all,gcn,GNN,mnist,R1,vision,6,0.8912781666666666,0.8155712985365331,0.546696,2.555955,0,Unknown,auto
all,gcnii,GNN,cifar10,R1,vision,6,3.8933999999999997,0.9523750702537315,3.404691,5.82954,0,Unknown,auto
all,gcnii,GNN,cifar100,R1,vision,6,4.596185666666666,0.8588114255587586,4.119734,6.343257,0,Unknown,auto
all,gcnii,GNN,mnist,R1,vision,6,5.704663666666666,0.8134747731750916,4.882742,7.26895,0,Unknown,auto
all,grafn,GNN,cifar10,R1,vision,6,2.906113,1.3529480518135206,2.163479,5.604561,0,Unknown,auto
all,grafn,GNN,cifar100,R1,vision,6,3.678454,1.209512930434892,2.654532,5.265637,0,Unknown,auto
all,grafn,GNN,mnist,R1,vision,6,5.1696651666666655,1.345437243242273,3.333872,6.49676,0,Unknown,auto
all,grand,GNN,cifar10,R1,vision,6,12.121811999999998,0.9271898336183376,11.631302,13.987187,0,Unknown,auto
all,grand,GNN,cifar100,R1,vision,6,13.648353999999998,0.945502998869702,12.877794,15.528654,0,Unknown,auto
all,grand,GNN,mnist,R1,vision,6,17.645168333333334,0.8639913305705477,16.242111,18.442092,0,Unknown,auto
all,graphsage,GNN,cifar10,R1,vision,6,1.4393201666666666,0.8908275086849118,1.062344,3.257575,0,Unknown,auto
all,graphsage,GNN,cifar100,R1,vision,6,1.4913083333333332,0.9071080455651723,1.074751,3.341877,0,Unknown,auto
all,graphsage,GNN,mnist,R1,vision,6,1.7227080000000001,0.8121108348345071,1.337188,3.379065,0,Unknown,auto
all,h_gcn,GNN,cifar10,R1,vision,6,517.3558400000001,22.83277843600919,496.003047,548.170231,0,Unknown,auto
all,h_gcn,GNN,cifar100,R1,vision,6,528.4068508333334,27.32867164746546,491.553496,547.934861,0,Unknown,auto
all,planetoid,GNN,cifar10,R1,vision,2,1261.674875,0.0,1261.674875,1261.674875,0,Unknown,auto
all,planetoid,GNN,cifar100,R1,vision,2,1264.445777,0.0,1264.445777,1264.445777,0,Unknown,auto
all,planetoid,GNN,mnist,R1,vision,6,1596.4410236666665,14.40037248417211,1585.270917,1616.937195,0,Unknown,auto
all,sgc,GNN,cifar10,R1,vision,2,5.406648,0.0,5.406648,5.406648,0,Unknown,auto
all,sgc,GNN,cifar100,R1,vision,2,2.902589,0.0,2.902589,2.902589,0,Unknown,auto
all,sgc,GNN,mnist,R1,vision,6,1.4382715,1.6901874707350957,0.74609,4.888344,0,Unknown,auto
all,adamatch,Hybrid,cifar10,R1,vision,2,271.720262,0.0,271.720262,271.720262,0,NVIDIA A100-SXM4-80GB|Unknown,auto
all,adamatch,Hybrid,cifar100,R1,vision,2,302.761494,0.0,302.761494,302.761494,0,NVIDIA A100-SXM4-80GB|Unknown,auto
all,adamatch,Hybrid,mnist,R1,vision,6,344.6378511666667,12.403413105541249,319.765466,353.491246,0,NVIDIA A100-SXM4-80GB|Unknown,auto
all,comatch,Hybrid,cifar10,R1,vision,2,400.91675,0.0,400.91675,400.91675,0,NVIDIA A100-SXM4-80GB|Unknown,auto
all,comatch,Hybrid,cifar100,R1,vision,2,407.207544,0.0,407.207544,407.207544,0,NVIDIA A100-SXM4-80GB|Unknown,auto
all,comatch,Hybrid,mnist,R1,vision,6,467.00800116666665,3.7953442908204598,464.701892,474.569718,0,NVIDIA A100-SXM4-80GB|Unknown,auto
all,daso,Hybrid,cifar10,R1,vision,2,345.645828,0.0,345.645828,345.645828,0,NVIDIA A100-SXM4-80GB|Unknown,auto
all,daso,Hybrid,cifar100,R1,vision,2,574.542732,0.0,574.542732,574.542732,0,NVIDIA A100-SXM4-80GB|Unknown,auto
all,daso,Hybrid,mnist,R1,vision,6,419.4309315,4.332138597453853,417.222138,428.234923,0,NVIDIA A100-SXM4-80GB|Unknown,auto
all,defixmatch,Hybrid,cifar10,R1,vision,2,394.316873,0.0,394.316873,394.316873,0,NVIDIA A100-SXM4-80GB|Unknown,auto
all,defixmatch,Hybrid,cifar100,R1,vision,2,371.513843,0.0,371.513843,371.513843,0,NVIDIA A100-SXM4-80GB|Unknown,auto
all,defixmatch,Hybrid,mnist,R1,vision,6,436.2648538333333,3.9126985665606004,433.803002,443.940656,0,NVIDIA A100-SXM4-80GB|Unknown,auto
all,fixmatch,Hybrid,cifar10,R1,vision,2,269.410766,0.0,269.410766,269.410766,0,NVIDIA A100-SXM4-80GB|Unknown,auto
all,fixmatch,Hybrid,cifar100,R1,vision,6,267.35381083333334,1.7206274326459492,265.205815,270.25862,0,NVIDIA A100-SXM4-80GB|Unknown,auto
all,fixmatch,Hybrid,mnist,R1,vision,6,323.6954896666667,6.90426620599507,315.901472,332.223778,0,NVIDIA A100-SXM4-80GB|Unknown,auto
all,flexmatch,Hybrid,cifar10,R1,vision,2,323.455801,0.0,323.455801,323.455801,0,NVIDIA A100-SXM4-80GB|Unknown,auto
all,flexmatch,Hybrid,cifar100,R1,vision,6,332.1346308333333,10.726106105278795,318.283894,342.188901,0,NVIDIA A100-SXM4-80GB|Unknown,auto
all,flexmatch,Hybrid,mnist,R1,vision,6,423.9208185,6.888842163656581,417.178375,434.539673,0,NVIDIA A100-SXM4-80GB|Unknown,auto
all,free_match,Hybrid,cifar10,R1,vision,6,292.441298,5.001432866474321,289.524252,302.609895,0,NVIDIA A100-SXM4-80GB|Unknown,auto
all,free_match,Hybrid,cifar100,R1,vision,6,288.3554186666667,2.1088736722969137,286.972016,292.2126,0,NVIDIA A100-SXM4-80GB|Unknown,auto
all,free_match,Hybrid,mnist,R1,vision,6,348.1310745,6.6505201546682855,341.409872,359.694862,0,NVIDIA A100-SXM4-80GB|Unknown,auto
all,meta_pseudo_labels,Hybrid,cifar10,R1,vision,6,470.91158033333335,3.030433300273385,466.499726,473.796549,0,NVIDIA A100-SXM4-80GB|Unknown,auto
all,meta_pseudo_labels,Hybrid,cifar100,R1,vision,6,479.19006516666667,8.455785636179366,470.526499,491.79925,0,NVIDIA A100-SXM4-80GB|Unknown,auto
all,meta_pseudo_labels,Hybrid,mnist,R1,vision,6,575.0005555,3.2750956362086314,569.439255,578.757006,0,NVIDIA A100-SXM4-80GB|Unknown,auto
all,mixmatch,Hybrid,cifar10,R1,vision,6,231.64101366666662,1.2611882562240602,230.817694,234.151192,0,NVIDIA A100-SXM4-80GB|Unknown,auto
all,mixmatch,Hybrid,cifar100,R1,vision,6,238.66862966666667,2.3391617231728685,236.003218,241.819614,0,NVIDIA A100-SXM4-80GB|Unknown,auto
all,mixmatch,Hybrid,mnist,R1,vision,6,280.54746016666667,3.981512098046237,276.879724,285.713128,0,NVIDIA A100-SXM4-80GB|Unknown,auto
all,noisy_student,Hybrid,cifar10,R1,vision,6,242.35692600000002,1.61219009759606,240.554166,244.541275,0,NVIDIA A100-SXM4-80GB|Unknown,auto
all,noisy_student,Hybrid,cifar100,R1,vision,6,242.867,1.0118976526728365,241.264306,244.462086,0,NVIDIA A100-SXM4-80GB|Unknown,auto
all,noisy_student,Hybrid,mnist,R1,vision,6,300.84850716666665,7.0118561323362645,294.562335,310.592867,0,NVIDIA A100-SXM4-80GB|Unknown,auto
all,simclr_v2,Hybrid,cifar10,R1,vision,6,106.01856316666668,2.0385171206888035,104.122435,109.77637,0,NVIDIA A100-SXM4-80GB|Unknown,auto
all,simclr_v2,Hybrid,cifar100,R1,vision,6,103.55780166666666,1.6225141878374663,102.487911,106.641636,0,NVIDIA A100-SXM4-80GB|Unknown,auto
all,simclr_v2,Hybrid,mnist,R1,vision,6,129.2341593333333,2.3401863582032645,126.785979,132.275547,0,NVIDIA A100-SXM4-80GB|Unknown,auto
all,softmatch,Hybrid,cifar10,R1,vision,6,266.75831833333336,2.1273833429075837,263.766879,269.447601,0,NVIDIA A100-SXM4-80GB|Unknown,auto
all,softmatch,Hybrid,cifar100,R1,vision,6,271.0300776666666,1.8947408699155266,269.028686,274.518469,0,NVIDIA A100-SXM4-80GB|Unknown,auto
all,softmatch,Hybrid,mnist,R1,vision,6,331.7193926666667,2.9561539036244846,329.113356,335.756341,0,NVIDIA A100-SXM4-80GB|Unknown,auto
all,uda,Hybrid,cifar10,R1,vision,6,265.44324566666666,1.3504965209530253,263.717884,266.576596,0,NVIDIA A100-SXM4-80GB|Unknown,auto
all,uda,Hybrid,cifar100,R1,vision,6,271.037763,3.4014863223341707,268.141276,277.345339,0,NVIDIA A100-SXM4-80GB|Unknown,auto
all,uda,Hybrid,mnist,R1,vision,6,325.3746065,2.732616206334768,320.577306,328.520361,0,NVIDIA A100-SXM4-80GB|Unknown,auto
all,adsh,Margin-based inductive,cifar10,R1,vision,2,306.691948,0.0,306.691948,306.691948,0,NVIDIA A100-SXM4-80GB|Unknown,auto
all,adsh,Margin-based inductive,cifar100,R1,vision,2,370.181853,0.0,370.181853,370.181853,0,NVIDIA A100-SXM4-80GB|Unknown,auto
all,adsh,Margin-based inductive,mnist,R1,vision,6,371.34469683333333,16.800798059539968,362.660921,405.510041,0,NVIDIA A100-SXM4-80GB|Unknown,auto
all,laplace_learning,PDE/Variational,cifar10,R1,vision,6,28.559673500000002,9.517984261656323,9.152703,33.303045,0,Unknown,auto
all,laplace_learning,PDE/Variational,cifar100,R1,vision,6,29.376078166666662,9.769510162791057,9.581596,34.809596,0,Unknown,auto
all,laplace_learning,PDE/Variational,mnist,R1,vision,6,13.646886,0.22498204795138665,13.539164,14.105746,0,Unknown,auto
all,poisson_learning,PDE/Variational,cifar10,R1,vision,2,46.771616,0.0,46.771616,46.771616,0,Unknown,auto
all,poisson_learning,PDE/Variational,cifar100,R1,vision,2,441.590934,0.0,441.590934,441.590934,0,Unknown,auto
all,poisson_learning,PDE/Variational,mnist,R1,vision,6,56.474102833333326,0.5610637309862104,56.002524,57.448118,0,Unknown,auto
all,poisson_mbo,PDE/Variational,cifar10,R1,vision,2,121.646568,0.0,121.646568,121.646568,0,CPU,auto
all,poisson_mbo,PDE/Variational,cifar100,R1,vision,2,946.427838,0.0,946.427838,946.427838,0,CPU,auto
all,poisson_mbo,PDE/Variational,mnist,R1,vision,6,159.48964616666666,0.44113731990636046,158.896253,160.268811,0,CPU,auto
all,co_training,Wrappers,cifar10,R1,vision,2,7.487956,0.0,7.487956,7.487956,0,Unknown,auto
all,co_training,Wrappers,cifar100,R1,vision,2,1957.474347,0.0,1957.474347,1957.474347,0,Unknown,auto
all,co_training,Wrappers,mnist,R1,vision,6,7.500999833333332,4.719763893106875,5.456774,17.133467,0,Unknown,auto
all,deep_co_training,Wrappers,cifar10,R1,vision,6,603.8598581666666,4.1302837899255564,599.405531,609.939387,0,NVIDIA A100-SXM4-80GB|Unknown,auto
all,deep_co_training,Wrappers,cifar100,R1,vision,6,612.225742,5.180167449092967,606.623024,621.802555,0,NVIDIA A100-SXM4-80GB|Unknown,auto
all,deep_co_training,Wrappers,mnist,R1,vision,6,731.0789778333333,9.108833036622807,723.668722,746.907195,0,NVIDIA A100-SXM4-80GB|Unknown,auto
all,democratic_co_learning,Wrappers,cifar10,R1,vision,2,176.920226,0.0,176.920226,176.920226,0,NVIDIA A100-SXM4-80GB|Unknown,auto
all,democratic_co_learning,Wrappers,cifar100,R1,vision,6,461.30874700000004,626.0260645414152,178.40346,1736.03689,0,NVIDIA A100-SXM4-80GB|Unknown,auto
all,democratic_co_learning,Wrappers,mnist,R1,vision,6,893.9597646666667,741.0405452512997,179.52778,1807.466059,0,NVIDIA A100-SXM4-80GB|Unknown,auto
all,pseudo_label,Wrappers,cifar10,R1,vision,6,2.1487418333333332,1.0145262972714737,1.663841,4.216195,0,NVIDIA A100-SXM4-80GB|Unknown,auto
all,pseudo_label,Wrappers,cifar100,R1,vision,6,2.3268485,1.0487533133302132,1.86589,4.466337,0,NVIDIA A100-SXM4-80GB|Unknown,auto
all,pseudo_label,Wrappers,mnist,R1,vision,6,2.1542083333333335,1.1712411795634008,1.613452,4.542974,0,NVIDIA A100-SXM4-80GB|Unknown,auto
all,self_training,Wrappers,cifar10,R1,vision,6,1.7646556666666668,0.9878526189015578,1.357884,3.781091,0,NVIDIA A100-SXM4-80GB|Unknown,auto
all,self_training,Wrappers,cifar100,R1,vision,6,1.9698145000000002,1.0161360308346024,1.548882,4.043867,0,NVIDIA A100-SXM4-80GB|Unknown,auto
all,self_training,Wrappers,mnist,R1,vision,6,1.787172166666667,0.9447954976352112,1.397434,3.715718,0,NVIDIA A100-SXM4-80GB|Unknown,auto
all,setred,Wrappers,cifar10,R1,vision,6,2.9271514999999995,1.7068921924735319,2.125111,6.409245,0,Unknown,auto
all,setred,Wrappers,cifar100,R1,vision,6,256.9954553333334,66.4004624167608,166.84687,317.231149,0,Unknown,auto
all,setred,Wrappers,mnist,R1,vision,6,5.019962333333334,5.242749079845026,2.459857,15.711026,0,Unknown,auto
all,tri_training,Wrappers,cifar10,R1,vision,6,2430.1195795,96.92567917785676,2249.712652,2494.919264,0,NVIDIA A100-SXM4-80GB|Unknown,auto
all,tri_training,Wrappers,cifar100,R1,vision,6,761.3354005,647.5654438778789,370.827882,2043.688071,0,NVIDIA A100-SXM4-80GB|Unknown,auto
all,tri_training,Wrappers,mnist,R1,vision,6,2861.879804166667,121.6360190132488,2729.405333,3007.326421,0,NVIDIA A100-SXM4-80GB|Unknown,auto
all,supervised,Baseline,citeseer,R2,graph,6,1.3092913333333336,2.7542510771252258,0.170027,6.931299,0,NVIDIA A100-SXM4-80GB|Unknown,auto
all,supervised,Baseline,cora,R2,graph,6,3.896152666666667,8.565108201446696,0.329822,21.379006,0,Tesla V100-SXM2-32GB|Unknown,auto
all,supervised,Baseline,pubmed,R2,graph,6,1.1237038333333333,2.3386006282116165,0.158748,5.897267,0,NVIDIA A100-SXM4-80GB|Unknown,auto
all,dynamic_label_propagation,Classical transductive,citeseer,R2,graph,6,0.7520276666666666,0.33549336423343257,0.611624,1.436782,0,Unknown,auto
all,dynamic_label_propagation,Classical transductive,cora,R2,graph,6,1.1194655,0.3156742003102249,0.866902,1.705197,0,Unknown,auto
all,dynamic_label_propagation,Classical transductive,pubmed,R2,graph,6,52.73655016666667,0.2314553071203314,52.627784,53.207774,0,Unknown,auto
all,graph_mincuts,Classical transductive,citeseer,R2,graph,6,0.11396833333333334,0.15343196788240274,0.050558,0.427155,0,CPU,auto
all,graph_mincuts,Classical transductive,cora,R2,graph,6,0.8785291666666669,1.5649516949787834,0.170371,4.068799,0,CPU,auto
all,graph_mincuts,Classical transductive,pubmed,R2,graph,6,0.2263736666666667,0.23338830715069395,0.122391,0.702596,0,CPU,auto
all,graphhop,Classical transductive,citeseer,R2,graph,6,10.722503666666668,0.7719737460558269,10.150738,12.275357,0,Unknown,auto
all,graphhop,Classical transductive,cora,R2,graph,6,16.60025116666667,1.9357782026131425,15.511493,20.531476,0,Unknown,auto
all,graphhop,Classical transductive,pubmed,R2,graph,6,14.476733000000001,3.872167032401314,11.161348,19.402133,0,Unknown,auto
all,label_propagation,Classical transductive,citeseer,R2,graph,6,0.250213,0.2970184322004276,0.126061,0.856483,0,Unknown,auto
all,label_propagation,Classical transductive,cora,R2,graph,6,0.331609,0.1928414017984727,0.209638,0.72003,0,Unknown,auto
all,label_propagation,Classical transductive,pubmed,R2,graph,6,0.27053449999999996,0.35265318768486975,0.125226,0.990381,0,Unknown,auto
all,label_spreading,Classical transductive,citeseer,R2,graph,6,0.28851449999999995,0.4423783247537112,0.10639,1.191513,0,Unknown,auto
all,label_spreading,Classical transductive,cora,R2,graph,6,0.32115066666666664,0.25010682918998167,0.204329,0.830107,0,Unknown,auto
all,label_spreading,Classical transductive,pubmed,R2,graph,6,0.24258850000000007,0.34770228520546137,0.099323,0.952327,0,Unknown,auto
all,lazy_random_walk,Classical transductive,citeseer,R2,graph,6,0.252543,0.30701011101655923,0.115032,0.877553,0,Unknown,auto
all,lazy_random_walk,Classical transductive,cora,R2,graph,6,0.49320800000000004,0.2853173557209585,0.309434,1.057523,0,Unknown,auto
all,lazy_random_walk,Classical transductive,pubmed,R2,graph,6,1.7727188333333332,0.30289687129279946,1.59603,2.387675,0,Unknown,auto
all,mean_teacher,Consistency,citeseer,R2,graph,6,1.4212203333333333,2.7776059033260037,0.285763,7.090984,0,NVIDIA A100-SXM4-80GB|Unknown,auto
all,mean_teacher,Consistency,cora,R2,graph,6,4.891549666666667,10.394994465348997,0.596756,26.109755,0,Tesla V100-SXM2-32GB|Unknown,auto
all,mean_teacher,Consistency,pubmed,R2,graph,6,1.2620493333333334,2.3481635563132026,0.298625,6.055205,0,NVIDIA A100-SXM4-80GB|Unknown,auto
all,pi_model,Consistency,citeseer,R2,graph,6,1.4464953333333337,2.8498751870451215,0.280943,7.263778,0,NVIDIA A100-SXM4-80GB|Unknown,auto
all,pi_model,Consistency,cora,R2,graph,6,4.161362333333334,8.828012222108592,0.478949,22.181222,0,Tesla V100-SXM2-32GB|Unknown,auto
all,pi_model,Consistency,pubmed,R2,graph,6,1.2254271666666667,2.278151910678954,0.29332,5.875682,0,NVIDIA A100-SXM4-80GB|Unknown,auto
all,temporal_ensembling,Consistency,citeseer,R2,graph,6,1.424769666666667,2.736892800235016,0.304404,7.011426,0,NVIDIA A100-SXM4-80GB|Unknown,auto
all,temporal_ensembling,Consistency,cora,R2,graph,6,3.9788878333333333,8.346873684497314,0.506682,21.016616,0,Tesla V100-SXM2-32GB|Unknown,auto
all,temporal_ensembling,Consistency,pubmed,R2,graph,6,1.2666205000000001,2.291629486679446,0.328795,5.944388,0,NVIDIA A100-SXM4-80GB|Unknown,auto
all,vat,Consistency,citeseer,R2,graph,6,1.6141496666666664,3.1057152744945995,0.343371,7.953662,0,NVIDIA A100-SXM4-80GB|Unknown,auto
all,vat,Consistency,cora,R2,graph,6,3.862790166666667,7.9005176916592355,0.597394,19.989305,0,Tesla V100-SXM2-32GB|Unknown,auto
all,vat,Consistency,pubmed,R2,graph,6,1.2659475,2.311002399073506,0.319774,5.983259,0,NVIDIA A100-SXM4-80GB|Unknown,auto
all,appnp,GNN,citeseer,R2,graph,6,0.8984271666666667,0.8912323651318813,0.364084,2.68324,0,Unknown,auto
all,appnp,GNN,cora,R2,graph,6,2.250997333333333,2.559100741391527,0.714353,7.40431,0,Unknown,auto
all,appnp,GNN,pubmed,R2,graph,6,1.1039321666666666,0.817600404437135,0.508144,2.738052,0,Unknown,auto
all,chebnet,GNN,citeseer,R2,graph,6,1.1992336666666665,0.8803969652520769,0.561933,2.836525,0,Unknown,auto
all,chebnet,GNN,cora,R2,graph,6,1.7124591666666669,2.404370263867478,0.578108,6.617139,0,Unknown,auto
all,chebnet,GNN,pubmed,R2,graph,6,1.1631848333333334,0.8496323466719983,0.593618,2.881268,0,Unknown,auto
all,gat,GNN,citeseer,R2,graph,6,1.3621315,0.9908238445935279,0.684733,3.364781,0,Unknown,auto
all,gat,GNN,cora,R2,graph,6,2.660324166666667,2.33249195178808,1.631006,7.419026,0,Unknown,auto
all,gat,GNN,pubmed,R2,graph,6,1.5656271666666666,0.8979999196991985,0.821394,3.354988,0,Unknown,auto
all,gcn,GNN,citeseer,R2,graph,6,0.6153476666666666,0.8744732065813491,0.218043,2.39785,0,Unknown,auto
all,gcn,GNN,cora,R2,graph,6,1.5957953333333332,2.455500077904431,0.499045,6.606959,0,Unknown,auto
all,gcn,GNN,pubmed,R2,graph,6,0.7965006666666667,0.8171959821332131,0.247773,2.449247,0,Unknown,auto
all,gcnii,GNN,citeseer,R2,graph,6,1.6634463333333336,0.8380627688579578,0.954832,3.184972,0,Unknown,auto
all,gcnii,GNN,cora,R2,graph,6,3.252646166666666,2.2399185294671247,1.914653,7.708871,0,Unknown,auto
all,gcnii,GNN,pubmed,R2,graph,6,2.7067103333333336,0.954529415627128,1.659512,4.42411,0,Unknown,auto
all,grafn,GNN,citeseer,R2,graph,6,1.5441565000000004,1.2319612391683026,0.776722,3.983263,0,Unknown,auto
all,grafn,GNN,cora,R2,graph,6,2.801769833333333,2.5596327872546425,1.24408,7.970894,0,Unknown,auto
all,grafn,GNN,pubmed,R2,graph,6,2.0012553333333334,0.7752432028760178,1.03787,3.238336,0,Unknown,auto
all,grand,GNN,citeseer,R2,graph,6,3.5566896666666667,0.9240244548196042,3.10501,5.437105,0,Unknown,auto
all,grand,GNN,cora,R2,graph,6,3.672172666666667,2.004483228846145,2.673088,7.744515,0,Unknown,auto
all,grand,GNN,pubmed,R2,graph,6,6.543349166666666,2.0560193207333843,3.658537,9.533191,0,Unknown,auto
all,graphsage,GNN,citeseer,R2,graph,6,0.8829588333333332,0.9773698540887,0.308718,2.868147,0,Unknown,auto
all,graphsage,GNN,cora,R2,graph,6,1.4801451666666665,2.1637221245252745,0.476977,5.890618,0,Unknown,auto
all,graphsage,GNN,pubmed,R2,graph,6,0.8279709999999999,0.8535132498980904,0.353142,2.563749,0,Unknown,auto
all,h_gcn,GNN,citeseer,R2,graph,6,2.5376143333333334,1.7757892787933671,1.619921,6.12641,0,Unknown,auto
all,h_gcn,GNN,cora,R2,graph,6,4.102817666666667,2.1118998699766682,2.158139,8.07555,0,Unknown,auto
all,h_gcn,GNN,pubmed,R2,graph,6,32.90203283333333,4.051801615807833,28.817939,39.767753,0,Unknown,auto
all,n_gcn,GNN,citeseer,R2,graph,6,13.020093833333334,1.0967784489706967,12.526128,15.251148,0,Unknown,auto
all,n_gcn,GNN,cora,R2,graph,6,6.631176666666668,1.928533170897993,5.81051,10.56762,0,Unknown,auto
all,n_gcn,GNN,pubmed,R2,graph,6,89.308732,6.095584751666832,78.920941,97.165369,0,Unknown,auto
all,planetoid,GNN,citeseer,R2,graph,6,40.48744250000001,1.0695439642550002,39.925508,42.659452,0,Unknown,auto
all,planetoid,GNN,cora,R2,graph,6,164.67350216666668,2.200983511395061,163.64864,169.146416,0,Unknown,auto
all,planetoid,GNN,pubmed,R2,graph,6,288.17083283333335,2.1783875927062533,286.453573,292.38014,0,Unknown,auto
all,sgc,GNN,citeseer,R2,graph,6,0.4810755,0.8423617842297335,0.133664,2.200534,0,Unknown,auto
all,sgc,GNN,cora,R2,graph,6,0.5950415,1.0729333028164891,0.149587,2.785132,0,Unknown,auto
all,sgc,GNN,pubmed,R2,graph,6,0.5181956666666666,0.836162640257185,0.128913,2.223926,0,Unknown,auto
all,adamatch,Hybrid,citeseer,R2,graph,6,29.770698499999998,72.15440701477186,0.311419,177.055265,0,NVIDIA A100-SXM4-80GB|Unknown,auto
all,adamatch,Hybrid,cora,R2,graph,6,33.38901016666667,79.94165883003436,0.605441,196.569164,0,Tesla V100-SXM2-32GB|Unknown,auto
all,adamatch,Hybrid,pubmed,R2,graph,6,4.025367666666667,9.052316203057726,0.321956,22.503326,0,NVIDIA A100-SXM4-80GB|Unknown,auto
all,comatch,Hybrid,citeseer,R2,graph,6,1.5802876666666668,2.855628846507169,0.408711,7.409305,0,NVIDIA A100-SXM4-80GB|Unknown,auto
all,comatch,Hybrid,cora,R2,graph,6,5.144493333333333,10.70490195721225,0.652627,26.994126,0,Tesla V100-SXM2-32GB|Unknown,auto
all,comatch,Hybrid,pubmed,R2,graph,6,1.3705198333333335,2.3630880253083606,0.398068,6.194072,0,NVIDIA A100-SXM4-80GB|Unknown,auto
all,daso,Hybrid,citeseer,R2,graph,6,1.6604271666666668,3.142869554161828,0.373382,8.075779,0,NVIDIA A100-SXM4-80GB|Unknown,auto
all,daso,Hybrid,cora,R2,graph,6,5.145445,10.798685716962598,0.689612,27.188078,0,Tesla V100-SXM2-32GB|Unknown,auto
all,daso,Hybrid,pubmed,R2,graph,6,1.3228541666666667,2.3337760897640045,0.368462,6.086654,0,NVIDIA A100-SXM4-80GB|Unknown,auto
all,defixmatch,Hybrid,citeseer,R2,graph,6,1.5576435000000004,2.9297402041200002,0.357035,7.537944,0,NVIDIA A100-SXM4-80GB|Unknown,auto
all,defixmatch,Hybrid,cora,R2,graph,6,5.189239,10.942697697616506,0.671326,27.525719,0,Tesla V100-SXM2-32GB|Unknown,auto
all,defixmatch,Hybrid,pubmed,R2,graph,6,1.3118273333333332,2.2970184216298017,0.371457,6.000592,0,NVIDIA A100-SXM4-80GB|Unknown,auto
all,fixmatch,Hybrid,citeseer,R2,graph,6,1.4540576666666667,2.8634796618081766,0.28145,7.299108,0,NVIDIA A100-SXM4-80GB|Unknown,auto
all,fixmatch,Hybrid,cora,R2,graph,6,4.956338333333333,10.673213476430774,0.481709,26.742563,0,Tesla V100-SXM2-32GB|Unknown,auto
all,fixmatch,Hybrid,pubmed,R2,graph,6,1.2498766666666665,2.3112205941176334,0.297492,5.967623,0,NVIDIA A100-SXM4-80GB|Unknown,auto
all,flexmatch,Hybrid,citeseer,R2,graph,6,1.5063768333333334,2.9408754175600444,0.300204,7.509405,0,NVIDIA A100-SXM4-80GB|Unknown,auto
all,flexmatch,Hybrid,cora,R2,graph,6,4.685020166666667,9.885141029040009,0.54608,24.8611,0,Tesla V100-SXM2-32GB|Unknown,auto
all,flexmatch,Hybrid,pubmed,R2,graph,6,1.2478621666666667,2.281317166146997,0.309928,5.904572,0,NVIDIA A100-SXM4-80GB|Unknown,auto
all,free_match,Hybrid,citeseer,R2,graph,6,1.5386426666666668,2.8893363822247253,0.355455,7.436474,0,NVIDIA A100-SXM4-80GB|Unknown,auto
all,free_match,Hybrid,cora,R2,graph,6,4.542619333333334,9.430090674561272,0.604881,23.791435,0,Tesla V100-SXM2-32GB|Unknown,auto
all,free_match,Hybrid,pubmed,R2,graph,6,1.3339860000000001,2.3570696663611788,0.369957,6.145333,0,NVIDIA A100-SXM4-80GB|Unknown,auto
all,meta_pseudo_labels,Hybrid,citeseer,R2,graph,6,1.6544588333333332,2.9482189175278974,0.442743,7.67247,0,NVIDIA A100-SXM4-80GB|Unknown,auto
all,meta_pseudo_labels,Hybrid,cora,R2,graph,6,5.1506498333333335,10.467157835847445,0.727833,26.514991,0,Tesla V100-SXM2-32GB|Unknown,auto
all,meta_pseudo_labels,Hybrid,pubmed,R2,graph,6,1.4173541666666667,2.335912243160382,0.461643,6.185514,0,NVIDIA A100-SXM4-80GB|Unknown,auto
all,mixmatch,Hybrid,citeseer,R2,graph,6,1.4925266666666666,2.91299071359822,0.302804,7.438644,0,NVIDIA A100-SXM4-80GB|Unknown,auto
all,mixmatch,Hybrid,cora,R2,graph,6,4.283835833333334,8.908920910956892,0.563873,22.468799,0,Tesla V100-SXM2-32GB|Unknown,auto
all,mixmatch,Hybrid,pubmed,R2,graph,6,1.2422300000000002,2.3095365074503587,0.296522,5.956548,0,NVIDIA A100-SXM4-80GB|Unknown,auto
all,noisy_student,Hybrid,citeseer,R2,graph,6,1.4422226666666667,2.82027688617268,0.286797,7.199086,0,NVIDIA A100-SXM4-80GB|Unknown,auto
all,noisy_student,Hybrid,cora,R2,graph,6,4.4003586666666665,9.17390297768163,0.552537,23.12524,0,Tesla V100-SXM2-32GB|Unknown,auto
all,noisy_student,Hybrid,pubmed,R2,graph,6,1.2521233333333335,2.3129204894600823,0.306806,5.973352,0,NVIDIA A100-SXM4-80GB|Unknown,auto
all,simclr_v2,Hybrid,citeseer,R2,graph,6,1.4276305,2.87921956909151,0.248161,7.30481,0,NVIDIA A100-SXM4-80GB|Unknown,auto
all,simclr_v2,Hybrid,cora,R2,graph,6,4.387124,9.481703925138286,0.491458,23.74149,0,Tesla V100-SXM2-32GB|Unknown,auto
all,simclr_v2,Hybrid,pubmed,R2,graph,6,1.2032186666666667,2.3163018260065042,0.25091,5.931334,0,NVIDIA A100-SXM4-80GB|Unknown,auto
all,softmatch,Hybrid,citeseer,R2,graph,6,1.4514195,2.8093544922738922,0.301504,7.185988,0,NVIDIA A100-SXM4-80GB|Unknown,auto
all,softmatch,Hybrid,cora,R2,graph,6,4.5495065,9.675660957048397,0.553031,24.299406,0,Tesla V100-SXM2-32GB|Unknown,auto
all,softmatch,Hybrid,pubmed,R2,graph,6,1.2660051666666665,2.3504537556707144,0.303342,6.063846,0,NVIDIA A100-SXM4-80GB|Unknown,auto
all,uda,Hybrid,citeseer,R2,graph,6,1.4532516666666666,2.8393691110627843,0.292725,7.249089,0,NVIDIA A100-SXM4-80GB|Unknown,auto
all,uda,Hybrid,cora,R2,graph,6,3.753653,7.821310596501535,0.54239,19.718764,0,Tesla V100-SXM2-32GB|Unknown,auto
all,uda,Hybrid,pubmed,R2,graph,6,1.2261436666666667,2.306769289427156,0.279628,5.93481,0,NVIDIA A100-SXM4-80GB|Unknown,auto
all,adsh,Margin-based inductive,citeseer,R2,graph,6,1.749930833333333,3.4015068846381844,0.358301,8.693225,0,NVIDIA A100-SXM4-80GB|Unknown,auto
all,adsh,Margin-based inductive,cora,R2,graph,6,5.753447999999999,12.356131742163774,0.64241,30.97505,0,Tesla V100-SXM2-32GB|Unknown,auto
all,adsh,Margin-based inductive,pubmed,R2,graph,6,1.3017858333333334,2.376699048563399,0.326302,6.153199,0,NVIDIA A100-SXM4-80GB|Unknown,auto
all,laplace_learning,PDE/Variational,citeseer,R2,graph,6,0.26257383333333334,0.4094462850823862,0.09428,1.098349,0,Unknown,auto
all,laplace_learning,PDE/Variational,cora,R2,graph,6,0.4721418333333333,0.7441573076704728,0.117972,1.990154,0,Unknown,auto
all,laplace_learning,PDE/Variational,pubmed,R2,graph,6,0.6000755,0.25418755593124537,0.485989,1.117775,0,Unknown,auto
all,p_laplace_learning,PDE/Variational,citeseer,R2,graph,6,355.48124766666666,6.68150683471732,342.452179,360.607076,0,CPU,auto
all,p_laplace_learning,PDE/Variational,cora,R2,graph,6,924.2388965,3.8812425541242104,920.556729,928.79435,0,CPU,auto
all,p_laplace_learning,PDE/Variational,pubmed,R2,graph,6,2966.5575198333336,19.849045510590145,2943.370102,2995.682268,0,CPU,auto
all,poisson_learning,PDE/Variational,citeseer,R2,graph,6,0.282511,0.025898840514586755,0.256582,0.331212,0,Unknown,auto
all,poisson_learning,PDE/Variational,cora,R2,graph,6,0.3394725,0.04015836049815778,0.314471,0.417686,0,Unknown,auto
all,poisson_learning,PDE/Variational,pubmed,R2,graph,6,0.287379,0.062431333492085524,0.212722,0.367305,0,Unknown,auto
all,poisson_mbo,PDE/Variational,citeseer,R2,graph,6,2.1456645,0.030598638641285984,2.104614,2.170464,0,CPU,auto
all,poisson_mbo,PDE/Variational,cora,R2,graph,6,4.541462666666667,0.04510691325137053,4.510301,4.626477,0,CPU,auto
all,poisson_mbo,PDE/Variational,pubmed,R2,graph,6,12.630666666666665,0.5937819768263999,12.212105,13.533177,0,CPU,auto
all,co_training,Wrappers,citeseer,R2,graph,6,4.540422166666666,2.96151952590412,2.416482,10.287154,0,NVIDIA A100-SXM4-80GB|Unknown,auto
all,co_training,Wrappers,cora,R2,graph,6,9.124995833333335,10.570420927146118,4.353057,30.627836,0,Tesla V100-SXM2-32GB|Unknown,auto
all,co_training,Wrappers,pubmed,R2,graph,6,3.611777,2.3552853154242697,2.452874,8.41228,0,NVIDIA A100-SXM4-80GB|Unknown,auto
all,deep_co_training,Wrappers,citeseer,R2,graph,6,2.010574666666667,3.3197909594416135,0.653776,8.787069,0,NVIDIA A100-SXM4-80GB|Unknown,auto
all,deep_co_training,Wrappers,cora,R2,graph,6,5.2425905,10.057465558414442,1.083189,25.772013,0,Tesla V100-SXM2-32GB|Unknown,auto
all,deep_co_training,Wrappers,pubmed,R2,graph,6,1.6312308333333332,2.3041711998652716,0.68892,6.3346,0,NVIDIA A100-SXM4-80GB|Unknown,auto
all,democratic_co_learning,Wrappers,citeseer,R2,graph,6,5.164062666666667,3.566051579173339,3.392631,12.42179,0,NVIDIA A100-SXM4-80GB|Unknown,auto
all,democratic_co_learning,Wrappers,cora,R2,graph,6,10.416897166666665,9.785022279508725,6.237159,30.387506,0,Tesla V100-SXM2-32GB|Unknown,auto
all,democratic_co_learning,Wrappers,pubmed,R2,graph,6,2.5796106666666665,2.308249311539346,1.463894,7.234912,0,NVIDIA A100-SXM4-80GB|Unknown,auto
all,pseudo_label,Wrappers,citeseer,R2,graph,6,1.4632943333333337,2.797611237683869,0.255928,7.173397,0,NVIDIA A100-SXM4-80GB|Unknown,auto
all,pseudo_label,Wrappers,cora,R2,graph,6,4.3965293333333335,9.252709893393236,0.489778,23.282001,0,Tesla V100-SXM2-32GB|Unknown,auto
all,pseudo_label,Wrappers,pubmed,R2,graph,6,1.2055553333333333,2.3158764519234327,0.256872,5.932817,0,NVIDIA A100-SXM4-80GB|Unknown,auto
all,self_training,Wrappers,citeseer,R2,graph,6,1.4552161666666665,2.75768296308995,0.261824,7.083825,0,NVIDIA A100-SXM4-80GB|Unknown,auto
all,self_training,Wrappers,cora,R2,graph,6,4.606456333333333,9.788734531215109,0.452328,24.58687,0,Tesla V100-SXM2-32GB|Unknown,auto
all,self_training,Wrappers,pubmed,R2,graph,6,1.1833378333333333,2.2893605085831648,0.245506,5.856464,0,NVIDIA A100-SXM4-80GB|Unknown,auto
all,setred,Wrappers,citeseer,R2,graph,6,1.4750391666666667,2.8885658838012622,0.25468,7.37111,0,NVIDIA A100-SXM4-80GB|Unknown,auto
all,setred,Wrappers,cora,R2,graph,6,4.5615733333333335,9.646019624021998,0.49996,24.249475,0,Tesla V100-SXM2-32GB|Unknown,auto
all,setred,Wrappers,pubmed,R2,graph,6,1.1845295,2.284399865317782,0.249976,5.847538,0,NVIDIA A100-SXM4-80GB|Unknown,auto
all,tri_training,Wrappers,citeseer,R2,graph,6,3.9835991666666666,2.5864583820775016,2.620936,9.227684,0,NVIDIA A100-SXM4-80GB|Unknown,auto
all,tri_training,Wrappers,cora,R2,graph,6,8.171460333333334,8.062001389985708,4.248704,24.614408,0,Tesla V100-SXM2-32GB|Unknown,auto
all,tri_training,Wrappers,pubmed,R2,graph,6,2.4284221666666665,2.635731244476751,1.17963,7.80186,0,NVIDIA A100-SXM4-80GB|Unknown,auto
all,trinet,Wrappers,citeseer,R2,graph,6,2.189422,3.0027787226097096,0.925027,8.318385,0,NVIDIA A100-SXM4-80GB|Unknown,auto
all,trinet,Wrappers,cora,R2,graph,6,5.122736166666667,8.826226426816943,1.499885,23.139125,0,Tesla V100-SXM2-32GB|Unknown,auto
all,trinet,Wrappers,pubmed,R2,graph,6,1.5366796666666664,2.3320345941719363,0.58331,6.296924,0,NVIDIA A100-SXM4-80GB|Unknown,auto
all,supervised,Baseline,adult,R2,tabular,6,0.9311986666666666,1.538008396185231,0.292424,4.070564,0,NVIDIA A100-SXM4-80GB|Unknown,auto
all,supervised,Baseline,breast_cancer,R2,tabular,6,0.9430823333333334,1.9677726596925438,0.131702,4.959768,0,Tesla V100-SXM2-32GB|Unknown,auto
all,supervised,Baseline,iris,R2,tabular,6,0.7669178333333332,1.6487560934566903,0.092366,4.132425,0,NVIDIA A100-SXM4-80GB|Unknown,auto
all,dynamic_label_propagation,Classical transductive,adult,R2,tabular,6,766.8296795,0.7123033163311244,766.084059,768.085585,0,Unknown,auto
all,dynamic_label_propagation,Classical transductive,breast_cancer,R2,tabular,6,0.5925941666666666,1.138070493830398,0.119302,2.915637,0,Unknown,auto
all,dynamic_label_propagation,Classical transductive,iris,R2,tabular,6,0.5052341666666668,1.048845706280846,0.075591,2.646179,0,Unknown,auto
all,graph_mincuts,Classical transductive,adult,R2,tabular,6,0.7089154999999999,0.7346255161895072,0.388809,2.206326,0,CPU,auto
all,graph_mincuts,Classical transductive,breast_cancer,R2,tabular,6,0.4860341666666666,1.0381405179848084,0.060136,2.605121,0,CPU,auto
all,graphhop,Classical transductive,adult,R2,tabular,6,12.72048833333333,1.7360987905581482,11.825069,16.255788,0,Unknown,auto
all,graphhop,Classical transductive,breast_cancer,R2,tabular,6,16.770945166666667,3.828636116181971,14.215976,23.240892,0,Unknown,auto
all,graphhop,Classical transductive,iris,R2,tabular,6,10.640482833333332,2.4788777044409764,9.345166,15.673022,0,Unknown,auto
all,label_propagation,Classical transductive,adult,R2,tabular,6,1.2572176666666666,2.194634328886675,0.347105,5.736933,0,Unknown,auto
all,label_propagation,Classical transductive,breast_cancer,R2,tabular,6,0.5978593333333334,1.142272350076402,0.073145,2.928735,0,Unknown,auto
all,label_propagation,Classical transductive,iris,R2,tabular,6,0.48923249999999996,0.953776277628407,0.098902,2.436119,0,Unknown,auto
all,label_spreading,Classical transductive,adult,R2,tabular,6,0.6272158333333334,0.8426809427647968,0.28201,2.347329,0,Unknown,auto
all,label_spreading,Classical transductive,breast_cancer,R2,tabular,6,0.5746505,1.149265791711691,0.064941,2.920213,0,Unknown,auto
all,label_spreading,Classical transductive,iris,R2,tabular,6,0.4449438333333333,0.8950709254412003,0.078972,2.271999,0,Unknown,auto
all,lazy_random_walk,Classical transductive,adult,R2,tabular,6,5.332165666666666,0.9287454829690786,4.948584,7.227954,0,Unknown,auto
all,lazy_random_walk,Classical transductive,breast_cancer,R2,tabular,6,0.5504255,1.1850496891345528,0.064375,2.969395,0,Unknown,auto
all,mean_teacher,Consistency,adult,R2,tabular,6,37.5662405,1.6059421293941762,36.670571,40.816848,0,NVIDIA A100-SXM4-80GB|Unknown,auto
all,mean_teacher,Consistency,breast_cancer,R2,tabular,6,1.677093,2.0012886480673395,0.852269,5.762177,0,Tesla V100-SXM2-32GB|Unknown,auto
all,mean_teacher,Consistency,iris,R2,tabular,6,0.8517928333333334,1.6171174844826106,0.188207,4.152715,0,NVIDIA A100-SXM4-80GB|Unknown,auto
all,pi_model,Consistency,adult,R2,tabular,6,35.5033095,1.603400194883704,34.504365,38.739227,0,NVIDIA A100-SXM4-80GB|Unknown,auto
all,pi_model,Consistency,breast_cancer,R2,tabular,6,1.6968586666666667,2.097297486678289,0.822372,5.977711,0,Tesla V100-SXM2-32GB|Unknown,auto
all,pi_model,Consistency,iris,R2,tabular,6,0.8402189999999999,1.622693546750464,0.175293,4.152525,0,NVIDIA A100-SXM4-80GB|Unknown,auto
all,temporal_ensembling,Consistency,adult,R2,tabular,6,40.34557733333333,1.9684285646482236,39.295466,44.33882,0,NVIDIA A100-SXM4-80GB|Unknown,auto
all,temporal_ensembling,Consistency,breast_cancer,R2,tabular,6,1.763756833333333,2.064267445101959,0.913134,5.977394,0,Tesla V100-SXM2-32GB|Unknown,auto
all,temporal_ensembling,Consistency,iris,R2,tabular,6,0.8728895,1.6331086538441648,0.203029,4.206449,0,NVIDIA A100-SXM4-80GB|Unknown,auto
all,vat,Consistency,adult,R2,tabular,6,47.34434016666666,2.2591691377169982,46.292528,51.951426,0,NVIDIA A100-SXM4-80GB|Unknown,auto
all,vat,Consistency,breast_cancer,R2,tabular,6,1.9139388333333331,2.11201950585182,1.045585,6.22504,0,Tesla V100-SXM2-32GB|Unknown,auto
all,vat,Consistency,iris,R2,tabular,6,0.9240313333333333,1.7179064336655439,0.221455,4.430691,0,NVIDIA A100-SXM4-80GB|Unknown,auto
all,appnp,GNN,adult,R2,tabular,6,15.050962166666666,3.0429778291280667,13.542716,21.240999,0,Unknown,auto
all,appnp,GNN,breast_cancer,R2,tabular,6,1.5625211666666667,2.1955447436166198,0.56493,6.031563,0,Unknown,auto
all,appnp,GNN,iris,R2,tabular,6,1.3031958333333333,2.026163988055499,0.406853,5.436805,0,Unknown,auto
all,chebnet,GNN,adult,R2,tabular,6,1.3760341666666667,1.7672163237560268,0.625649,4.982676,0,Unknown,auto
all,chebnet,GNN,breast_cancer,R2,tabular,6,1.2208925,1.996612631818576,0.323921,5.285443,0,Unknown,auto
all,chebnet,GNN,iris,R2,tabular,6,0.9333753333333333,1.6399667378986278,0.242999,4.280441,0,Unknown,auto
all,gat,GNN,adult,R2,tabular,6,3.9432816666666675,4.230327656769375,1.873812,12.535715,0,Unknown,auto
all,gat,GNN,breast_cancer,R2,tabular,6,1.8603811666666665,2.087381622562335,0.784237,6.085199,0,Unknown,auto
all,gat,GNN,iris,R2,tabular,6,1.4398975,1.7378099483454166,0.624894,4.978377,0,Unknown,auto
all,gcn,GNN,adult,R2,tabular,6,1.1162668333333332,1.5840349097767277,0.428587,4.349161,0,Unknown,auto
all,gcn,GNN,breast_cancer,R2,tabular,6,1.1641241666666666,2.0252575187222406,0.276633,5.294606,0,Unknown,auto
all,gcn,GNN,iris,R2,tabular,6,0.8950024999999999,1.6496960921551278,0.188904,4.261868,0,Unknown,auto
all,gcnii,GNN,adult,R2,tabular,6,4.495106833333334,1.4964085990571447,3.528183,7.493574,0,Unknown,auto
all,gcnii,GNN,breast_cancer,R2,tabular,6,2.394092166666667,2.040439313230797,1.149233,6.240355,0,Unknown,auto
all,gcnii,GNN,iris,R2,tabular,6,1.7651423333333334,1.9316844794122736,0.888884,5.70247,0,Unknown,auto
all,grafn,GNN,adult,R2,tabular,6,3.4636020000000003,1.5411265122871647,2.087231,6.324867,0,Unknown,auto
all,grafn,GNN,breast_cancer,R2,tabular,6,1.641913,2.069843024115887,0.788375,5.866933,0,Unknown,auto
all,grafn,GNN,iris,R2,tabular,6,1.3748823333333335,1.5961704316074352,0.561912,4.621512,0,Unknown,auto
all,grand,GNN,adult,R2,tabular,6,1.546362,1.4915357550296942,0.810103,4.575718,0,Unknown,auto
all,grand,GNN,breast_cancer,R2,tabular,6,1.6186033333333334,1.8624109117891967,0.671937,5.384714,0,Unknown,auto
all,grand,GNN,iris,R2,tabular,6,1.1555678333333332,1.6083909058116956,0.477558,4.438122,0,Unknown,auto
all,graphsage,GNN,adult,R2,tabular,6,1.2841581666666668,1.9019422376171595,0.490595,5.166406,0,Unknown,auto
all,graphsage,GNN,breast_cancer,R2,tabular,6,1.1112563333333334,2.0214445708839675,0.23679,5.233286,0,Unknown,auto
all,graphsage,GNN,iris,R2,tabular,6,0.8689308333333333,1.7104488503061899,0.162778,4.360334,0,Unknown,auto
all,h_gcn,GNN,adult,R2,tabular,6,247.35787000000002,2.951799390599703,244.452227,252.328455,0,Unknown,auto
all,h_gcn,GNN,breast_cancer,R2,tabular,6,2.650141666666667,2.026660914486157,1.499998,6.768422,0,Unknown,auto
all,h_gcn,GNN,iris,R2,tabular,6,1.6010928333333334,1.5889508832849955,0.786975,4.804903,0,Unknown,auto
all,n_gcn,GNN,adult,R2,tabular,6,163.462906,4.866773350659632,157.154552,170.548847,0,Unknown,auto
all,n_gcn,GNN,breast_cancer,R2,tabular,6,2.075852166666667,2.0223755975937223,1.124888,6.195477,0,Unknown,auto
all,n_gcn,GNN,iris,R2,tabular,6,1.8083243333333332,2.229554741846064,0.795368,6.352076,0,Unknown,auto
all,planetoid,GNN,adult,R2,tabular,6,970.7616561666667,30.647041442416207,955.73294,1033.118389,0,Unknown,auto
all,planetoid,GNN,breast_cancer,R2,tabular,6,43.903152,1.1865050591747168,42.400893,45.936544,0,Unknown,auto
all,planetoid,GNN,iris,R2,tabular,6,2.503846166666667,1.6297451673826087,1.833137,5.83053,0,Unknown,auto
all,sgc,GNN,adult,R2,tabular,6,5.182335,11.902925243120466,0.30582,29.479036,0,Unknown,auto
all,sgc,GNN,breast_cancer,R2,tabular,6,2.3145568333333335,4.699093530075154,0.287978,11.904375,0,Unknown,auto
all,sgc,GNN,iris,R2,tabular,6,0.8025645,1.6386832255234385,0.098352,4.145304,0,Unknown,auto
all,adamatch,Hybrid,adult,R2,tabular,6,40.04488133333333,4.06233529220938,38.049104,48.314203,0,NVIDIA A100-SXM4-80GB|Unknown,auto
all,adamatch,Hybrid,breast_cancer,R2,tabular,6,1.7674248333333333,2.0403607773852563,0.932316,5.93229,0,Tesla V100-SXM2-32GB|Unknown,auto
all,adamatch,Hybrid,iris,R2,tabular,6,1.419335666666667,2.9340516928589837,0.218203,7.408439,0,NVIDIA A100-SXM4-80GB|Unknown,auto
all,comatch,Hybrid,adult,R2,tabular,6,68.19671833333332,1.6165432972431812,66.111044,71.069915,0,NVIDIA A100-SXM4-80GB|Unknown,auto
all,comatch,Hybrid,breast_cancer,R2,tabular,6,2.3372875,2.113728813201708,1.469653,6.651905,0,Tesla V100-SXM2-32GB|Unknown,auto
all,comatch,Hybrid,iris,R2,tabular,6,1.1555995000000001,2.088813459016937,0.298135,5.419366,0,NVIDIA A100-SXM4-80GB|Unknown,auto
all,daso,Hybrid,adult,R2,tabular,6,56.117535666666676,1.7580043028805898,54.275115,59.456825,0,NVIDIA A100-SXM4-80GB|Unknown,auto
all,daso,Hybrid,breast_cancer,R2,tabular,6,1.9977493333333332,2.155388715105344,1.101599,6.397366,0,Tesla V100-SXM2-32GB|Unknown,auto
all,daso,Hybrid,iris,R2,tabular,6,0.9920520000000002,1.8410527951449955,0.237883,4.750079,0,NVIDIA A100-SXM4-80GB|Unknown,auto
all,defixmatch,Hybrid,adult,R2,tabular,6,48.10877283333334,3.7176754026474894,46.430695,55.691766,0,NVIDIA A100-SXM4-80GB|Unknown,auto
all,defixmatch,Hybrid,breast_cancer,R2,tabular,6,1.907678,2.0670803739505628,1.047932,6.127043,0,Tesla V100-SXM2-32GB|Unknown,auto
all,defixmatch,Hybrid,iris,R2,tabular,6,0.8821878333333332,1.6378773677381853,0.210933,4.225489,0,NVIDIA A100-SXM4-80GB|Unknown,auto
all,fixmatch,Hybrid,adult,R2,tabular,6,37.39562166666667,3.9464257581418494,35.485866,45.437575,0,NVIDIA A100-SXM4-80GB|Unknown,auto
all,fixmatch,Hybrid,breast_cancer,R2,tabular,6,1.6590734999999999,2.038997527942371,0.82404,5.821148,0,Tesla V100-SXM2-32GB|Unknown,auto
all,fixmatch,Hybrid,iris,R2,tabular,6,0.8799971666666667,1.6912259337970688,0.186206,4.332193,0,NVIDIA A100-SXM4-80GB|Unknown,auto
all,flexmatch,Hybrid,adult,R2,tabular,6,50.27800316666666,1.789558453652009,48.979594,53.855063,0,NVIDIA A100-SXM4-80GB|Unknown,auto
all,flexmatch,Hybrid,breast_cancer,R2,tabular,6,1.7751933333333334,2.066412595896247,0.927469,5.993233,0,Tesla V100-SXM2-32GB|Unknown,auto
all,flexmatch,Hybrid,iris,R2,tabular,6,0.8894660000000002,1.6748417119391312,0.202683,4.308214,0,NVIDIA A100-SXM4-80GB|Unknown,auto
all,free_match,Hybrid,adult,R2,tabular,6,55.53767333333334,2.723251824970482,54.233579,61.090162,0,NVIDIA A100-SXM4-80GB|Unknown,auto
all,free_match,Hybrid,breast_cancer,R2,tabular,6,2.105921333333333,2.0744538031964623,1.223863,6.339935,0,Tesla V100-SXM2-32GB|Unknown,auto
all,free_match,Hybrid,iris,R2,tabular,6,1.0016088333333333,1.8375982416507062,0.249408,4.752588,0,NVIDIA A100-SXM4-80GB|Unknown,auto
all,meta_pseudo_labels,Hybrid,adult,R2,tabular,6,60.1169705,2.3809778692903243,58.863999,64.961987,0,NVIDIA A100-SXM4-80GB|Unknown,auto
all,meta_pseudo_labels,Hybrid,breast_cancer,R2,tabular,6,2.254283833333333,2.0800604747248497,1.393488,6.500152,0,Tesla V100-SXM2-32GB|Unknown,auto
all,meta_pseudo_labels,Hybrid,iris,R2,tabular,6,1.0209435,1.8174103574109786,0.277975,4.730716,0,NVIDIA A100-SXM4-80GB|Unknown,auto
all,mixmatch,Hybrid,adult,R2,tabular,6,42.140343333333334,1.9905293270242121,40.972059,45.983942,0,NVIDIA A100-SXM4-80GB|Unknown,auto
all,mixmatch,Hybrid,breast_cancer,R2,tabular,6,1.8344738333333332,2.096046097583488,0.970382,6.112993,0,Tesla V100-SXM2-32GB|Unknown,auto
all,mixmatch,Hybrid,iris,R2,tabular,6,0.8861179999999999,1.6632383792420136,0.203856,4.281187,0,NVIDIA A100-SXM4-80GB|Unknown,auto
all,noisy_student,Hybrid,adult,R2,tabular,6,37.19834166666667,2.0662073344519585,36.19199,41.406242,0,NVIDIA A100-SXM4-80GB|Unknown,auto
all,noisy_student,Hybrid,breast_cancer,R2,tabular,6,1.7046508333333337,2.079587350344334,0.845176,5.949557,0,Tesla V100-SXM2-32GB|Unknown,auto
all,noisy_student,Hybrid,iris,R2,tabular,6,0.8470304999999999,1.6130975828744831,0.186049,4.139747,0,NVIDIA A100-SXM4-80GB|Unknown,auto
all,simclr_v2,Hybrid,adult,R2,tabular,6,20.787839333333334,1.8806879085619357,19.797196,24.580731,0,NVIDIA A100-SXM4-80GB|Unknown,auto
all,simclr_v2,Hybrid,breast_cancer,R2,tabular,6,1.4348281666666667,2.1445218885141197,0.556821,5.812311,0,Tesla V100-SXM2-32GB|Unknown,auto
all,simclr_v2,Hybrid,iris,R2,tabular,6,0.9460544999999998,1.8802860681452436,0.177807,4.784172,0,NVIDIA A100-SXM4-80GB|Unknown,auto
all,softmatch,Hybrid,adult,R2,tabular,6,39.94958916666666,1.9306693018363776,38.890591,43.870191,0,NVIDIA A100-SXM4-80GB|Unknown,auto
all,softmatch,Hybrid,breast_cancer,R2,tabular,6,1.7178320000000002,1.9739994189969763,0.907096,5.747236,0,Tesla V100-SXM2-32GB|Unknown,auto
all,softmatch,Hybrid,iris,R2,tabular,6,0.9347595000000001,1.794036508619348,0.199837,4.596815,0,NVIDIA A100-SXM4-80GB|Unknown,auto
all,uda,Hybrid,adult,R2,tabular,6,40.97532916666666,10.976839642365254,36.409943,63.381233,0,NVIDIA A100-SXM4-80GB|Unknown,auto
all,uda,Hybrid,breast_cancer,R2,tabular,6,1.736477,2.1534603830856978,0.856559,6.132209,0,Tesla V100-SXM2-32GB|Unknown,auto
all,uda,Hybrid,iris,R2,tabular,6,0.8710895000000001,1.667283731499201,0.188481,4.274414,0,NVIDIA A100-SXM4-80GB|Unknown,auto
all,adsh,Margin-based inductive,adult,R2,tabular,6,39.488385,1.7396004814139359,38.376081,42.964383,0,NVIDIA A100-SXM4-80GB|Unknown,auto
all,adsh,Margin-based inductive,breast_cancer,R2,tabular,6,1.8374998333333332,2.1592042565414156,0.942784,6.244894,0,Tesla V100-SXM2-32GB|Unknown,auto
all,adsh,Margin-based inductive,iris,R2,tabular,6,1.3407580000000001,2.746215668684454,0.215592,6.946442,0,NVIDIA A100-SXM4-80GB|Unknown,auto
all,s4vm,Margin-based inductive,adult,R2,tabular,6,37.931485333333335,1.721756386174148,37.020159,41.431363,0,NVIDIA A100-SXM4-80GB|Unknown,auto
all,s4vm,Margin-based inductive,breast_cancer,R2,tabular,6,2.596653,2.0315870861277894,1.758314,6.743597,0,Tesla V100-SXM2-32GB|Unknown,auto
all,tsvm,Margin-based inductive,adult,R2,tabular,6,0.8644154999999999,0.896373660962157,0.452845,2.693321,0,CPU,auto
all,tsvm,Margin-based inductive,breast_cancer,R2,tabular,6,1.3078809999999998,2.163303178569661,0.359366,5.721633,0,CPU,auto
all,laplace_learning,PDE/Variational,adult,R2,tabular,6,5.344714333333333,1.0540523047448198,4.90896,7.496282,0,Unknown,auto
all,laplace_learning,PDE/Variational,breast_cancer,R2,tabular,6,0.5477501666666668,1.1827285513730386,0.061782,2.961977,0,Unknown,auto
all,laplace_learning,PDE/Variational,iris,R2,tabular,6,0.8694601666666668,2.02107997604948,0.042695,4.99497,0,Unknown,auto
all,p_laplace_learning,PDE/Variational,adult,R2,tabular,6,9821.069419833335,957.42826296895,8934.689272,10998.85246,0,CPU,auto
all,p_laplace_learning,PDE/Variational,breast_cancer,R2,tabular,6,46.999373999999996,19.04952198521659,16.164311,69.606783,0,CPU,auto
all,p_laplace_learning,PDE/Variational,iris,R2,tabular,6,0.7158454999999999,1.1430552957922466,0.231291,3.048986,0,CPU,auto
all,poisson_learning,PDE/Variational,adult,R2,tabular,6,16.594418333333333,15.131592038131792,10.093607,47.46494,0,Unknown,auto
all,poisson_learning,PDE/Variational,breast_cancer,R2,tabular,6,1.6337181666666665,2.2956800021735972,0.592965,6.318402,0,Unknown,auto
all,poisson_learning,PDE/Variational,iris,R2,tabular,6,0.5330056666666666,0.7464794262983185,0.226318,2.056745,0,Unknown,auto
all,poisson_mbo,PDE/Variational,adult,R2,tabular,6,56.15211983333333,1.2833413595835554,54.987176,58.267322,0,CPU,auto
all,poisson_mbo,PDE/Variational,breast_cancer,R2,tabular,6,2.6133353333333336,2.5385929007595265,1.513745,7.793871,0,CPU,auto
all,poisson_mbo,PDE/Variational,iris,R2,tabular,6,0.6337689999999999,0.7678137180472878,0.31505,2.201035,0,CPU,auto
all,co_training,Wrappers,adult,R2,tabular,6,3.1543878333333333,1.9069446835754218,2.343262,7.045877,0,NVIDIA A100-SXM4-80GB|Unknown,auto
all,co_training,Wrappers,breast_cancer,R2,tabular,6,3.8583483333333337,1.937114759466425,3.053408,7.812223,0,Tesla V100-SXM2-32GB|Unknown,auto
all,co_training,Wrappers,iris,R2,tabular,6,2.887635166666667,1.900388307969865,2.09819,6.766684,0,NVIDIA A100-SXM4-80GB|Unknown,auto
all,deep_co_training,Wrappers,adult,R2,tabular,6,82.79945966666666,2.134287693002111,81.587231,87.081517,0,NVIDIA A100-SXM4-80GB|Unknown,auto
all,deep_co_training,Wrappers,breast_cancer,R2,tabular,6,2.710210333333333,2.152899807031314,1.822151,7.104756,0,Tesla V100-SXM2-32GB|Unknown,auto
all,deep_co_training,Wrappers,iris,R2,tabular,6,1.0414091666666667,1.6590290091739102,0.358568,4.427881,0,NVIDIA A100-SXM4-80GB|Unknown,auto
all,democratic_co_learning,Wrappers,adult,R2,tabular,6,195.5316333333333,6.075180135382311,186.246056,201.796839,0,NVIDIA A100-SXM4-80GB|Unknown,auto
all,democratic_co_learning,Wrappers,breast_cancer,R2,tabular,6,2.859071333333333,3.178793302987954,1.201187,9.334,0,Tesla V100-SXM2-32GB|Unknown,auto
all,democratic_co_learning,Wrappers,iris,R2,tabular,6,1.8254541666666666,1.4771298119315601,1.13541,4.83827,0,NVIDIA A100-SXM4-80GB|Unknown,auto
all,pseudo_label,Wrappers,adult,R2,tabular,6,60.33729300000001,1.9630252193479345,59.139546,64.312081,0,NVIDIA A100-SXM4-80GB|Unknown,auto
all,pseudo_label,Wrappers,breast_cancer,R2,tabular,6,2.555374,2.0623859655251726,1.547067,6.756276,0,Tesla V100-SXM2-32GB|Unknown,auto
all,pseudo_label,Wrappers,iris,R2,tabular,6,0.9832833333333334,1.5495407466914404,0.238695,4.142578,0,NVIDIA A100-SXM4-80GB|Unknown,auto
all,self_training,Wrappers,adult,R2,tabular,6,60.345236,1.5329967108297404,59.52111,63.44413,0,NVIDIA A100-SXM4-80GB|Unknown,auto
all,self_training,Wrappers,breast_cancer,R2,tabular,6,2.5753661666666665,1.9882419873239185,1.532602,6.610541,0,Tesla V100-SXM2-32GB|Unknown,auto
all,self_training,Wrappers,iris,R2,tabular,6,1.0165809999999997,1.5992867478069088,0.247905,4.277314,0,NVIDIA A100-SXM4-80GB|Unknown,auto
all,setred,Wrappers,adult,R2,tabular,6,1.9210095000000003,1.5902456533144496,1.208283,5.166426,0,NVIDIA A100-SXM4-80GB|Unknown,auto
all,setred,Wrappers,breast_cancer,R2,tabular,6,3.1137189999999997,2.0016167302765036,2.210082,7.197834,0,Tesla V100-SXM2-32GB|Unknown,auto
all,setred,Wrappers,iris,R2,tabular,6,1.0325218333333332,1.666010772743372,0.308345,4.432951,0,NVIDIA A100-SXM4-80GB|Unknown,auto
all,tri_training,Wrappers,adult,R2,tabular,6,328.5738593333333,39.214569601552206,274.642516,368.13358,0,NVIDIA A100-SXM4-80GB|Unknown,auto
all,tri_training,Wrappers,breast_cancer,R2,tabular,6,5.0938315,2.1968336052478574,3.522887,9.522958,0,Tesla V100-SXM2-32GB|Unknown,auto
all,tri_training,Wrappers,iris,R2,tabular,6,1.6029145,1.628727056305844,0.814222,4.913586,0,NVIDIA A100-SXM4-80GB|Unknown,auto
all,trinet,Wrappers,adult,R2,tabular,6,616.2331371666666,56.82547150652362,562.606097,678.570623,0,NVIDIA A100-SXM4-80GB|Unknown,auto
all,trinet,Wrappers,breast_cancer,R2,tabular,6,15.035354500000002,2.451880713834484,12.964837,19.659784,0,Tesla V100-SXM2-32GB|Unknown,auto
all,trinet,Wrappers,iris,R2,tabular,6,2.7522420000000003,1.631348123278168,1.957788,6.076437,0,NVIDIA A100-SXM4-80GB|Unknown,auto
all,supervised,Baseline,ag_news,R2,text,6,33.69574533333333,79.01862748121587,1.391259,194.991832,0,NVIDIA A100-SXM4-80GB|Unknown,auto
all,supervised,Baseline,imdb,R2,text,6,1.9386948333333336,0.9270524679797615,1.435478,3.80408,0,NVIDIA A100-SXM4-80GB|Unknown,auto
all,dynamic_label_propagation,Classical transductive,imdb,R2,text,6,820.0486683333332,0.2740759159675872,819.568817,820.258957,0,Unknown,auto
all,graph_mincuts,Classical transductive,imdb,R2,text,6,53.69612933333334,10.775231755715506,48.894175,75.685473,0,CPU,auto
all,graphhop,Classical transductive,ag_news,R2,text,2,20.959236,0.0,20.959236,20.959236,0,Unknown,auto
all,graphhop,Classical transductive,imdb,R2,text,6,14.590137666666669,1.776961869917716,13.412861,17.790622,0,Unknown,auto
all,label_propagation,Classical transductive,ag_news,R2,text,2,1.897402,0.0,1.897402,1.897402,0,Unknown,auto
all,label_propagation,Classical transductive,imdb,R2,text,6,1.028786,0.19876004813241518,0.924065,1.432528,0,Unknown,auto
all,label_spreading,Classical transductive,ag_news,R2,text,2,1.710515,0.0,1.710515,1.710515,0,Unknown,auto
all,label_spreading,Classical transductive,imdb,R2,text,6,0.8754766666666667,0.21933911969976233,0.782894,1.323167,0,Unknown,auto
all,lazy_random_walk,Classical transductive,imdb,R2,text,6,20.085519166666668,0.2288228626902628,19.745375,20.410913,0,Unknown,auto
all,mean_teacher,Consistency,ag_news,R2,text,6,592.817903,1.1379671384343293,592.004325,594.966175,0,NVIDIA A100-SXM4-80GB|Unknown,auto
all,mean_teacher,Consistency,imdb,R2,text,6,122.924175,1.174987076393438,122.267458,125.313,0,NVIDIA A100-SXM4-80GB|Unknown,auto
all,pi_model,Consistency,ag_news,R2,text,6,588.841522,1.5937711420848135,587.229985,591.42115,0,NVIDIA A100-SXM4-80GB|Unknown,auto
all,pi_model,Consistency,imdb,R2,text,6,122.16065466666669,0.8952150881672356,121.661678,123.963328,0,NVIDIA A100-SXM4-80GB|Unknown,auto
all,temporal_ensembling,Consistency,ag_news,R2,text,6,752.9983066666667,35.36917680826776,736.799827,824.999321,0,NVIDIA A100-SXM4-80GB|Unknown,auto
all,temporal_ensembling,Consistency,imdb,R2,text,6,152.44539716666668,0.8870865947438129,151.83336,154.200002,0,NVIDIA A100-SXM4-80GB|Unknown,auto
all,vat,Consistency,ag_news,R2,text,2,817.586586,0.0,817.586586,817.586586,0,NVIDIA A100-SXM4-80GB|Unknown,auto
all,vat,Consistency,imdb,R2,text,6,168.51308566666665,0.9566613701298287,167.671632,170.172737,0,NVIDIA A100-SXM4-80GB|Unknown,auto
all,appnp,GNN,ag_news,R2,text,2,81.077869,0.0,81.077869,81.077869,0,Unknown,auto
all,appnp,GNN,imdb,R2,text,6,15.843278166666666,0.8435430649453332,15.151924,17.50029,0,Unknown,auto
all,chebnet,GNN,ag_news,R2,text,2,87.651194,0.0,87.651194,87.651194,0,Unknown,auto
all,chebnet,GNN,imdb,R2,text,6,1.5626410000000002,0.8936928228824487,1.155921,3.385271,0,Unknown,auto
all,gat,GNN,ag_news,R2,text,2,90.521552,0.0,90.521552,90.521552,0,Unknown,auto
all,gat,GNN,imdb,R2,text,6,3.2845295,1.2223326648237376,2.571677,5.759251,0,Unknown,auto
all,gcn,GNN,ag_news,R2,text,2,4.186059,0.0,4.186059,4.186059,0,Unknown,auto
all,gcn,GNN,imdb,R2,text,6,1.4697196666666665,0.8956350774853934,0.997878,3.291228,0,Unknown,auto
all,gcnii,GNN,ag_news,R2,text,2,38.345927,0.0,38.345927,38.345927,0,Unknown,auto
all,gcnii,GNN,imdb,R2,text,6,6.276324333333334,1.2802566591626332,4.282136,7.984816,0,Unknown,auto
all,grafn,GNN,ag_news,R2,text,2,12.412497,0.0,12.412497,12.412497,0,Unknown,auto
all,grafn,GNN,imdb,R2,text,6,4.343975666666667,2.0411584222084938,2.782077,7.033957,0,Unknown,auto
all,grand,GNN,ag_news,R2,text,2,11.853122,0.0,11.853122,11.853122,0,Unknown,auto
all,grand,GNN,imdb,R2,text,6,1.8511406666666668,0.8659310947228228,1.3176,3.593987,0,Unknown,auto
all,graphsage,GNN,ag_news,R2,text,2,6.835728,0.0,6.835728,6.835728,0,Unknown,auto
all,graphsage,GNN,imdb,R2,text,6,1.3805313333333336,0.8207744898213313,0.988334,3.05414,0,Unknown,auto
all,h_gcn,GNN,imdb,R2,text,6,263.78391550000003,1.1259622342359012,262.478986,265.011922,0,Unknown,auto
all,n_gcn,GNN,imdb,R2,text,6,178.8868035,9.734232261420594,164.738854,188.27471,0,Unknown,auto
all,planetoid,GNN,ag_news,R2,text,2,4327.104754,0.0,4327.104754,4327.104754,0,Unknown,auto
all,planetoid,GNN,imdb,R2,text,6,985.3975700000001,5.863494264666176,979.77916,993.889266,0,Unknown,auto
all,sgc,GNN,ag_news,R2,text,2,2.893515,0.0,2.893515,2.893515,0,Unknown,auto
all,sgc,GNN,imdb,R2,text,6,1.8172181666666667,2.437182691079142,0.804041,6.792003,0,Unknown,auto
all,adamatch,Hybrid,ag_news,R2,text,6,604.5752728333333,2.2373074987386525,602.604111,608.62152,0,NVIDIA A100-SXM4-80GB|Unknown,auto
all,adamatch,Hybrid,imdb,R2,text,6,127.16042283333333,0.5292767192557826,126.857753,128.235783,0,NVIDIA A100-SXM4-80GB|Unknown,auto
all,comatch,Hybrid,ag_news,R2,text,6,936.0862318333334,2.6125710108802505,933.433986,941.071664,0,NVIDIA A100-SXM4-80GB|Unknown,auto
all,comatch,Hybrid,imdb,R2,text,6,194.46596366666668,0.7106465054981079,193.65727,195.567135,0,NVIDIA A100-SXM4-80GB|Unknown,auto
all,daso,Hybrid,ag_news,R2,text,6,729.9568905000001,3.623161082701379,725.97353,734.190445,0,NVIDIA A100-SXM4-80GB|Unknown,auto
all,daso,Hybrid,imdb,R2,text,6,146.96520933333332,1.1269205907631006,145.572868,148.888626,0,NVIDIA A100-SXM4-80GB|Unknown,auto
all,defixmatch,Hybrid,ag_news,R2,text,6,729.8137513333332,2.6731528837464884,727.580456,733.280135,0,NVIDIA A100-SXM4-80GB|Unknown,auto
all,defixmatch,Hybrid,imdb,R2,text,6,149.130502,0.8666305748797509,148.649116,150.876011,0,NVIDIA A100-SXM4-80GB|Unknown,auto
all,fixmatch,Hybrid,ag_news,R2,text,6,592.661112,1.4979876607053673,591.218061,595.068265,0,NVIDIA A100-SXM4-80GB|Unknown,auto
all,fixmatch,Hybrid,imdb,R2,text,6,122.29003433333334,0.6694348003854208,121.861287,123.610307,0,NVIDIA A100-SXM4-80GB|Unknown,auto
all,flexmatch,Hybrid,ag_news,R2,text,6,634.92539,2.9311090738953647,631.64586,640.23377,0,NVIDIA A100-SXM4-80GB|Unknown,auto
all,flexmatch,Hybrid,imdb,R2,text,6,126.97011966666666,0.9667409642022345,126.390422,128.926232,0,NVIDIA A100-SXM4-80GB|Unknown,auto
all,free_match,Hybrid,ag_news,R2,text,6,648.7448198333333,0.6723355301390443,648.025856,649.613075,0,NVIDIA A100-SXM4-80GB|Unknown,auto
all,free_match,Hybrid,imdb,R2,text,6,135.10052050000002,1.0986764182141664,134.01411,136.990498,0,NVIDIA A100-SXM4-80GB|Unknown,auto
all,meta_pseudo_labels,Hybrid,ag_news,R2,text,6,1545.5652476666667,2.5459767837824554,1543.500055,1549.843,0,NVIDIA A100-SXM4-80GB|Unknown,auto
all,meta_pseudo_labels,Hybrid,imdb,R2,text,6,204.89367833333336,0.9750199026876678,204.117521,206.755488,0,NVIDIA A100-SXM4-80GB|Unknown,auto
all,mixmatch,Hybrid,ag_news,R2,text,6,989.3804215,2.333421973217172,988.169231,994.123597,0,NVIDIA A100-SXM4-80GB|Unknown,auto
all,mixmatch,Hybrid,imdb,R2,text,6,204.487722,1.0495849080948128,203.947258,206.624778,0,NVIDIA A100-SXM4-80GB|Unknown,auto
all,noisy_student,Hybrid,ag_news,R2,text,6,608.598816,1.7468787950480191,606.010151,611.020079,0,NVIDIA A100-SXM4-80GB|Unknown,auto
all,noisy_student,Hybrid,imdb,R2,text,6,126.502972,0.9390049650475779,125.884844,128.326706,0,NVIDIA A100-SXM4-80GB|Unknown,auto
all,simclr_v2,Hybrid,ag_news,R2,text,6,364.31556383333333,1.549994393772627,363.224989,366.900462,0,NVIDIA A100-SXM4-80GB|Unknown,auto
all,simclr_v2,Hybrid,imdb,R2,text,6,56.400152999999996,0.6822718435169377,56.010244,57.787725,0,NVIDIA A100-SXM4-80GB|Unknown,auto
all,softmatch,Hybrid,ag_news,R2,text,6,616.1728598333334,33.58555518074726,601.311086,684.706883,0,NVIDIA A100-SXM4-80GB|Unknown,auto
all,softmatch,Hybrid,imdb,R2,text,6,124.69922966666667,0.8274350196803782,124.2049,126.378125,0,NVIDIA A100-SXM4-80GB|Unknown,auto
all,uda,Hybrid,ag_news,R2,text,2,606.280588,0.0,606.280588,606.280588,0,NVIDIA A100-SXM4-80GB|Unknown,auto
all,uda,Hybrid,imdb,R2,text,6,123.747697,0.8320479491815348,122.498152,124.896451,0,NVIDIA A100-SXM4-80GB|Unknown,auto
all,adsh,Margin-based inductive,ag_news,R2,text,6,714.956454,0.8776932462909477,713.923477,716.016141,0,NVIDIA A100-SXM4-80GB|Unknown,auto
all,adsh,Margin-based inductive,imdb,R2,text,6,148.817353,1.2631064142392763,147.837185,151.16039,0,NVIDIA A100-SXM4-80GB|Unknown,auto
all,tsvm,Margin-based inductive,imdb,R2,text,6,1.1025711666666669,0.13904597098861457,1.032828,1.385892,0,CPU,auto
all,laplace_learning,PDE/Variational,imdb,R2,text,6,6.269261166666666,1.2958534581257894,5.738226,8.91441,0,Unknown,auto
all,p_laplace_learning,PDE/Variational,ag_news,R2,text,2,38842.250028,0.0,38842.250028,38842.250028,0,CPU,auto
all,p_laplace_learning,PDE/Variational,imdb,R2,text,6,2047.6774071666666,372.61634427022716,1829.928469,2795.80769,0,CPU,auto
all,poisson_learning,PDE/Variational,ag_news,R2,text,2,52.356129,0.0,52.356129,52.356129,0,Unknown,auto
all,poisson_learning,PDE/Variational,imdb,R2,text,6,36.34634383333333,85.47439387535144,1.308518,210.819894,0,Unknown,auto
all,poisson_mbo,PDE/Variational,ag_news,R2,text,2,177.795558,0.0,177.795558,177.795558,0,CPU,auto
all,poisson_mbo,PDE/Variational,imdb,R2,text,6,64.45096116666666,1.3093161851046389,63.474032,66.904342,0,CPU,auto
all,co_training,Wrappers,ag_news,R2,text,6,3.0275365,2.5603739309891242,1.818658,8.246598,0,Unknown,auto
all,co_training,Wrappers,imdb,R2,text,6,33.85536183333333,3.0883971013075002,27.577495,35.45065,0,Unknown,auto
all,deep_co_training,Wrappers,ag_news,R2,text,6,1370.5358671666665,0.902342036168888,1369.822158,1372.325663,0,NVIDIA A100-SXM4-80GB|Unknown,auto
all,deep_co_training,Wrappers,imdb,R2,text,6,281.76824016666666,1.000094086679327,281.208701,283.796566,0,NVIDIA A100-SXM4-80GB|Unknown,auto
all,setred,Wrappers,ag_news,R2,text,6,4.299230666666667,8.970028502932056,0.634162,22.609224,0,Unknown,auto
all,setred,Wrappers,imdb,R2,text,6,1.5925126666666667,1.7821370576624755,0.860519,5.230268,0,Unknown,auto
all,supervised,Baseline,cifar10,R2,vision,6,2.1328825,1.491401554393551,1.307499,5.15141,0,NVIDIA A100-SXM4-80GB|Unknown,auto
all,supervised,Baseline,cifar100,R2,vision,6,2.9299353333333333,3.033081793579637,1.677067,9.121167,0,NVIDIA A100-SXM4-80GB|Unknown,auto
all,supervised,Baseline,mnist,R2,vision,6,1.63745,0.931462057542657,1.197407,3.536544,0,NVIDIA A100-SXM4-80GB|Unknown,auto
all,graph_mincuts,Classical transductive,cifar10,R2,vision,6,3.7326416666666673,3.5272274328944353,1.762757,10.801265,0,CPU,auto
all,graph_mincuts,Classical transductive,cifar100,R2,vision,6,0.38623766666666665,0.40873089057944545,0.200903,1.217296,0,CPU,auto
all,graph_mincuts,Classical transductive,mnist,R2,vision,6,0.48036116666666656,0.3109833751739258,0.345031,1.114964,0,CPU,auto
all,graphhop,Classical transductive,cifar10,R2,vision,6,13.945125833333334,0.9191022918651471,13.332121,15.67437,0,Unknown,auto
all,graphhop,Classical transductive,cifar100,R2,vision,6,30.004653,0.8636604820659558,29.127872,31.652547,0,Unknown,auto
all,graphhop,Classical transductive,mnist,R2,vision,6,14.436346333333333,0.8948644784318273,13.987499,16.25395,0,Unknown,auto
all,label_propagation,Classical transductive,cifar10,R2,vision,2,1.622249,0.0,1.622249,1.622249,0,Unknown,auto
all,label_propagation,Classical transductive,cifar100,R2,vision,6,1.1190095,0.42422286387687785,0.91437,1.980321,0,Unknown,auto
all,label_propagation,Classical transductive,mnist,R2,vision,6,0.8219463333333334,0.27150136957346405,0.707008,1.3761,0,Unknown,auto
all,label_spreading,Classical transductive,cifar10,R2,vision,2,1.004399,0.0,1.004399,1.004399,0,Unknown,auto
all,label_spreading,Classical transductive,cifar100,R2,vision,6,0.6305155000000001,0.23010678362251738,0.526875,1.098912,0,Unknown,auto
all,label_spreading,Classical transductive,mnist,R2,vision,6,0.37436283333333337,0.1763619831941302,0.300329,0.734339,0,Unknown,auto
all,lazy_random_walk,Classical transductive,cifar100,R2,vision,6,0.6737929999999999,0.5819355029138539,0.359952,1.853657,0,Unknown,auto
all,lazy_random_walk,Classical transductive,mnist,R2,vision,6,0.5967846666666667,0.23270771851888936,0.500815,1.071794,0,Unknown,auto
all,mean_teacher,Consistency,cifar10,R2,vision,2,260.167241,0.0,260.167241,260.167241,0,NVIDIA A100-SXM4-80GB|Unknown,auto
all,mean_teacher,Consistency,cifar100,R2,vision,6,268.0412445,10.116655991541036,260.739594,286.814704,0,NVIDIA A100-SXM4-80GB|Unknown,auto
all,mean_teacher,Consistency,mnist,R2,vision,6,310.36980800000003,3.0271921326238234,307.581907,315.80438,0,NVIDIA A100-SXM4-80GB|Unknown,auto
all,pi_model,Consistency,cifar10,R2,vision,6,285.29375266666665,6.6185058980310085,276.422597,291.377218,0,NVIDIA A100-SXM4-80GB|Unknown,auto
all,pi_model,Consistency,cifar100,R2,vision,6,277.738893,9.035030555487952,270.833192,291.54918,0,NVIDIA A100-SXM4-80GB|Unknown,auto
all,pi_model,Consistency,mnist,R2,vision,6,332.664513,7.303156962477802,326.71933,343.652322,0,NVIDIA A100-SXM4-80GB|Unknown,auto
all,temporal_ensembling,Consistency,cifar10,R2,vision,6,292.11933483333337,2.6890551762802097,289.47395,296.637354,0,NVIDIA A100-SXM4-80GB|Unknown,auto
all,temporal_ensembling,Consistency,cifar100,R2,vision,6,299.29807016666666,6.210113974567098,293.622989,308.367084,0,NVIDIA A100-SXM4-80GB|Unknown,auto
all,temporal_ensembling,Consistency,mnist,R2,vision,6,361.3132948333334,8.001479823574273,351.671032,368.757307,0,NVIDIA A100-SXM4-80GB|Unknown,auto
all,vat,Consistency,cifar10,R2,vision,6,383.3817516666666,43.8555819103315,360.802175,471.269971,0,NVIDIA A100-SXM4-80GB|Unknown,auto
all,vat,Consistency,cifar100,R2,vision,6,357.98130433333336,2.811244756109134,354.527719,361.088864,0,NVIDIA A100-SXM4-80GB|Unknown,auto
all,vat,Consistency,mnist,R2,vision,6,439.5460063333333,5.8816285466035145,433.893551,446.998434,0,NVIDIA A100-SXM4-80GB|Unknown,auto
all,appnp,GNN,cifar10,R2,vision,6,27.85676766666667,6.031004560655237,24.344511,39.12138,0,Unknown,auto
all,appnp,GNN,cifar100,R2,vision,6,27.454956,2.733785120294937,26.208066,33.024397,0,Unknown,auto
all,appnp,GNN,mnist,R2,vision,6,2.0110281666666667,1.88479882031313,1.228023,5.858115,0,Unknown,auto
all,chebnet,GNN,cifar10,R2,vision,6,2.314311333333333,0.9890434017762149,1.806317,4.319289,0,Unknown,auto
all,chebnet,GNN,cifar100,R2,vision,6,2.7594065000000003,1.0082950136623212,2.157396,4.796312,0,Unknown,auto
all,chebnet,GNN,mnist,R2,vision,6,3.316493833333334,0.9209089493865107,2.62831,4.62868,0,Unknown,auto
all,gat,GNN,cifar10,R2,vision,6,2.6221558333333337,1.347861024066564,1.841993,5.362906,0,Unknown,auto
all,gat,GNN,cifar100,R2,vision,6,3.7862908333333336,1.036587598720227,3.240295,5.895574,0,Unknown,auto
all,gat,GNN,mnist,R2,vision,6,3.7963715000000007,0.885253675357691,2.664586,5.40294,0,Unknown,auto
all,gcn,GNN,cifar10,R2,vision,6,0.8184975,0.8766561870443282,0.429446,2.607448,0,Unknown,auto
all,gcn,GNN,cifar100,R2,vision,6,1.1543218333333332,0.8309881652686556,0.796379,2.849248,0,Unknown,auto
all,gcn,GNN,mnist,R2,vision,6,0.9817203333333334,0.8016277713127624,0.587985,2.604278,0,Unknown,auto
all,gcnii,GNN,cifar10,R2,vision,6,4.112500166666667,0.8402394122644847,3.651659,5.814374,0,Unknown,auto
all,gcnii,GNN,cifar100,R2,vision,6,5.3854421666666665,0.8041605912697826,4.780209,6.970044,0,Unknown,auto
all,gcnii,GNN,mnist,R2,vision,6,6.7171528333333335,0.623457283467734,6.055182,7.493631,0,Unknown,auto
all,grafn,GNN,cifar10,R2,vision,6,3.535989666666667,2.0053522173673795,2.252707,7.595985,0,Unknown,auto
all,grafn,GNN,cifar100,R2,vision,6,3.6465196666666677,1.284599426817974,2.879585,6.25386,0,Unknown,auto
all,grafn,GNN,mnist,R2,vision,6,5.129194333333333,1.6186373124308813,3.223375,6.894475,0,Unknown,auto
all,grand,GNN,cifar10,R2,vision,6,12.232570833333332,0.6145391327973886,11.851968,13.467562,0,Unknown,auto
all,grand,GNN,cifar100,R2,vision,6,16.116635666666667,0.7860016531238759,15.064671,17.290515,0,Unknown,auto
all,grand,GNN,mnist,R2,vision,6,21.798563166666668,2.1086299891822096,18.671013,23.87795,0,Unknown,auto
all,graphsage,GNN,cifar10,R2,vision,6,1.6344568333333334,0.9167179505331869,1.050114,3.185361,0,Unknown,auto
all,graphsage,GNN,cifar100,R2,vision,6,1.6076296666666667,0.8008748512292458,1.272049,3.242337,0,Unknown,auto
all,graphsage,GNN,mnist,R2,vision,6,1.823470666666667,0.7737448304829355,1.416406,3.379918,0,Unknown,auto
all,h_gcn,GNN,cifar100,R2,vision,6,493.350493,2.6251410306776304,489.538222,497.241729,0,Unknown,auto
all,planetoid,GNN,cifar10,R2,vision,2,1272.343949,0.0,1272.343949,1272.343949,0,Unknown,auto
all,planetoid,GNN,cifar100,R2,vision,2,1295.196583,0.0,1295.196583,1295.196583,0,Unknown,auto
all,planetoid,GNN,mnist,R2,vision,6,1627.8715321666668,10.733322907051281,1618.214363,1642.217327,0,Unknown,auto
all,sgc,GNN,cifar10,R2,vision,2,5.616163,0.0,5.616163,5.616163,0,Unknown,auto
all,sgc,GNN,cifar100,R2,vision,2,2.589816,0.0,2.589816,2.589816,0,Unknown,auto
all,sgc,GNN,mnist,R2,vision,6,0.7211111666666667,0.8091750320783302,0.371567,2.371687,0,Unknown,auto
all,adamatch,Hybrid,cifar10,R2,vision,2,273.736273,0.0,273.736273,273.736273,0,NVIDIA A100-SXM4-80GB|Unknown,auto
all,adamatch,Hybrid,cifar100,R2,vision,2,282.375273,0.0,282.375273,282.375273,0,NVIDIA A100-SXM4-80GB|Unknown,auto
all,adamatch,Hybrid,mnist,R2,vision,6,324.016798,2.7783546351748503,321.208833,326.998577,0,NVIDIA A100-SXM4-80GB|Unknown,auto
all,comatch,Hybrid,cifar10,R2,vision,2,391.188578,0.0,391.188578,391.188578,0,NVIDIA A100-SXM4-80GB|Unknown,auto
all,comatch,Hybrid,cifar100,R2,vision,2,394.68675,0.0,394.68675,394.68675,0,NVIDIA A100-SXM4-80GB|Unknown,auto
all,comatch,Hybrid,mnist,R2,vision,6,470.87478933333324,6.680534078836594,462.918294,482.383825,0,NVIDIA A100-SXM4-80GB|Unknown,auto
all,daso,Hybrid,cifar10,R2,vision,2,355.501324,0.0,355.501324,355.501324,0,NVIDIA A100-SXM4-80GB|Unknown,auto
all,daso,Hybrid,cifar100,R2,vision,2,502.53442,0.0,502.53442,502.53442,0,NVIDIA A100-SXM4-80GB|Unknown,auto
all,daso,Hybrid,mnist,R2,vision,6,427.9014368333333,7.921111436298549,418.913403,435.328392,0,NVIDIA A100-SXM4-80GB|Unknown,auto
all,defixmatch,Hybrid,cifar10,R2,vision,2,365.038239,0.0,365.038239,365.038239,0,NVIDIA A100-SXM4-80GB|Unknown,auto
all,defixmatch,Hybrid,cifar100,R2,vision,6,379.58017483333333,19.990525805047298,365.559825,416.931616,0,NVIDIA A100-SXM4-80GB|Unknown,auto
all,defixmatch,Hybrid,mnist,R2,vision,6,440.2974276666667,2.5793316221001708,437.8438,444.739799,0,NVIDIA A100-SXM4-80GB|Unknown,auto
all,fixmatch,Hybrid,cifar10,R2,vision,2,271.206863,0.0,271.206863,271.206863,0,NVIDIA A100-SXM4-80GB|Unknown,auto
all,fixmatch,Hybrid,cifar100,R2,vision,6,275.9492823333333,8.780739902176553,269.749034,289.252272,0,NVIDIA A100-SXM4-80GB|Unknown,auto
all,fixmatch,Hybrid,mnist,R2,vision,6,319.6479003333333,5.192736108011363,316.950846,330.127705,0,NVIDIA A100-SXM4-80GB|Unknown,auto
all,flexmatch,Hybrid,cifar10,R2,vision,2,321.622503,0.0,321.622503,321.622503,0,NVIDIA A100-SXM4-80GB|Unknown,auto
all,flexmatch,Hybrid,cifar100,R2,vision,6,341.994338,14.465496705230393,326.061051,359.861944,0,NVIDIA A100-SXM4-80GB|Unknown,auto
all,flexmatch,Hybrid,mnist,R2,vision,6,417.1036259999999,12.879264227789108,399.388991,432.392149,0,NVIDIA A100-SXM4-80GB|Unknown,auto
all,free_match,Hybrid,cifar10,R2,vision,2,299.267393,0.0,299.267393,299.267393,0,NVIDIA A100-SXM4-80GB|Unknown,auto
all,free_match,Hybrid,cifar100,R2,vision,6,296.7306996666667,3.2959520606349573,292.744794,299.778775,0,NVIDIA A100-SXM4-80GB|Unknown,auto
all,free_match,Hybrid,mnist,R2,vision,6,345.8293985,2.4877312167149053,342.587708,349.929134,0,NVIDIA A100-SXM4-80GB|Unknown,auto
all,meta_pseudo_labels,Hybrid,cifar10,R2,vision,6,483.81863883333335,2.1211198376632465,482.196572,487.973935,0,NVIDIA A100-SXM4-80GB|Unknown,auto
all,meta_pseudo_labels,Hybrid,cifar100,R2,vision,6,497.0752663333333,16.603177203985727,475.091555,515.48282,0,NVIDIA A100-SXM4-80GB|Unknown,auto
all,meta_pseudo_labels,Hybrid,mnist,R2,vision,6,593.9008136666666,27.963857386966524,571.931556,640.251432,0,NVIDIA A100-SXM4-80GB|Unknown,auto
all,mixmatch,Hybrid,cifar10,R2,vision,2,244.603822,0.0,244.603822,244.603822,0,NVIDIA A100-SXM4-80GB|Unknown,auto
all,mixmatch,Hybrid,cifar100,R2,vision,6,234.80002516666664,7.535921683899437,228.812857,245.505279,0,NVIDIA A100-SXM4-80GB|Unknown,auto
all,mixmatch,Hybrid,mnist,R2,vision,6,280.8340561666667,3.568936563264423,278.329607,287.546228,0,NVIDIA A100-SXM4-80GB|Unknown,auto
all,noisy_student,Hybrid,cifar10,R2,vision,6,250.4403203333333,5.67123222343668,245.564049,260.94289,0,NVIDIA A100-SXM4-80GB|Unknown,auto
all,noisy_student,Hybrid,cifar100,R2,vision,6,256.015628,6.702087470342214,247.186167,263.820688,0,NVIDIA A100-SXM4-80GB|Unknown,auto
all,noisy_student,Hybrid,mnist,R2,vision,6,294.3766151666667,2.04034415254823,290.921831,296.511935,0,NVIDIA A100-SXM4-80GB|Unknown,auto
all,simclr_v2,Hybrid,cifar10,R2,vision,6,109.79877166666667,3.1312689440114605,106.928082,113.039891,0,NVIDIA A100-SXM4-80GB|Unknown,auto
all,simclr_v2,Hybrid,cifar100,R2,vision,6,110.52770783333334,6.430107097587178,106.380648,122.278114,0,NVIDIA A100-SXM4-80GB|Unknown,auto
all,simclr_v2,Hybrid,mnist,R2,vision,6,128.279861,4.7671419627392275,123.968827,135.635163,0,NVIDIA A100-SXM4-80GB|Unknown,auto
all,softmatch,Hybrid,cifar10,R2,vision,6,284.0245533333333,5.762276287995653,276.948694,289.965023,0,NVIDIA A100-SXM4-80GB|Unknown,auto
all,softmatch,Hybrid,cifar100,R2,vision,6,277.0626265,4.992138991481209,271.198712,284.931065,0,NVIDIA A100-SXM4-80GB|Unknown,auto
all,softmatch,Hybrid,mnist,R2,vision,6,327.47743349999996,0.859594473593637,326.416317,329.004496,0,NVIDIA A100-SXM4-80GB|Unknown,auto
all,uda,Hybrid,cifar10,R2,vision,6,278.0602823333333,9.496581668722323,270.145129,292.873803,0,NVIDIA A100-SXM4-80GB|Unknown,auto
all,uda,Hybrid,cifar100,R2,vision,6,270.4963653333333,2.276022980361111,267.615873,274.22948,0,NVIDIA A100-SXM4-80GB|Unknown,auto
all,uda,Hybrid,mnist,R2,vision,6,323.98934533333335,1.6620199124589015,322.907625,327.322179,0,NVIDIA A100-SXM4-80GB|Unknown,auto
all,adsh,Margin-based inductive,cifar10,R2,vision,2,320.529086,0.0,320.529086,320.529086,0,NVIDIA A100-SXM4-80GB|Unknown,auto
all,adsh,Margin-based inductive,cifar100,R2,vision,2,365.891546,0.0,365.891546,365.891546,0,NVIDIA A100-SXM4-80GB|Unknown,auto
all,adsh,Margin-based inductive,mnist,R2,vision,6,369.1624478333333,4.056939711963895,364.741864,374.146669,0,NVIDIA A100-SXM4-80GB|Unknown,auto
all,laplace_learning,PDE/Variational,cifar100,R2,vision,6,29.224280333333336,9.619833746728364,9.740749,35.078055,0,Unknown,auto
all,laplace_learning,PDE/Variational,mnist,R2,vision,6,13.660225333333335,0.22722873923134526,13.524545,14.121444,0,Unknown,auto
all,poisson_learning,PDE/Variational,cifar10,R2,vision,2,44.274254,0.0,44.274254,44.274254,0,Unknown,auto
all,poisson_learning,PDE/Variational,cifar100,R2,vision,2,445.677751,0.0,445.677751,445.677751,0,Unknown,auto
all,poisson_learning,PDE/Variational,mnist,R2,vision,6,55.64646866666667,0.24102729526812192,55.402348,56.032501,0,Unknown,auto
all,poisson_mbo,PDE/Variational,cifar10,R2,vision,2,123.052244,0.0,123.052244,123.052244,0,CPU,auto
all,poisson_mbo,PDE/Variational,cifar100,R2,vision,2,928.894767,0.0,928.894767,928.894767,0,CPU,auto
all,poisson_mbo,PDE/Variational,mnist,R2,vision,6,160.0661501666667,0.5638574318951316,159.350059,160.621406,0,CPU,auto
all,co_training,Wrappers,cifar10,R2,vision,2,9.100124,0.0,9.100124,9.100124,0,Unknown,auto
all,co_training,Wrappers,cifar100,R2,vision,2,1821.682261,0.0,1821.682261,1821.682261,0,Unknown,auto
all,co_training,Wrappers,mnist,R2,vision,6,6.738302999999999,1.756076728307166,5.751536,10.301977,0,Unknown,auto
all,deep_co_training,Wrappers,cifar10,R2,vision,6,649.8560373333333,55.374656771110786,623.591092,762.65648,0,NVIDIA A100-SXM4-80GB|Unknown,auto
all,deep_co_training,Wrappers,cifar100,R2,vision,6,629.0988166666667,7.751071707156528,620.961884,641.402512,0,NVIDIA A100-SXM4-80GB|Unknown,auto
all,deep_co_training,Wrappers,mnist,R2,vision,6,731.8152095,9.650504054190373,721.506687,743.094709,0,NVIDIA A100-SXM4-80GB|Unknown,auto
all,democratic_co_learning,Wrappers,cifar10,R2,vision,2,162.68162,0.0,162.68162,162.68162,0,NVIDIA A100-SXM4-80GB|Unknown,auto
all,democratic_co_learning,Wrappers,cifar100,R2,vision,6,1837.5940423333334,325.66638559011176,1281.076015,2191.85674,0,NVIDIA A100-SXM4-80GB|Unknown,auto
all,democratic_co_learning,Wrappers,mnist,R2,vision,6,548.2069031666666,865.1476832943348,169.936712,2313.995691,0,NVIDIA A100-SXM4-80GB|Unknown,auto
all,pseudo_label,Wrappers,cifar10,R2,vision,6,2.270504666666667,1.3556836526707354,1.639783,5.034512,0,NVIDIA A100-SXM4-80GB|Unknown,auto
all,pseudo_label,Wrappers,cifar100,R2,vision,6,3.1300193333333333,1.989722085534527,2.205582,7.187051,0,NVIDIA A100-SXM4-80GB|Unknown,auto
all,pseudo_label,Wrappers,mnist,R2,vision,6,2.0559148333333335,0.9766786456491031,1.594782,4.046771,0,NVIDIA A100-SXM4-80GB|Unknown,auto
all,self_training,Wrappers,cifar10,R2,vision,6,1.8444501666666664,1.1223043121664313,1.384428,4.135342,0,NVIDIA A100-SXM4-80GB|Unknown,auto
all,self_training,Wrappers,cifar100,R2,vision,6,2.365884,0.930190196205701,1.981595,4.264592,0,NVIDIA A100-SXM4-80GB|Unknown,auto
all,self_training,Wrappers,mnist,R2,vision,6,1.8325808333333333,1.0503271033258956,1.402108,3.976543,0,NVIDIA A100-SXM4-80GB|Unknown,auto
all,setred,Wrappers,cifar10,R2,vision,6,3.508279333333333,2.520854723700092,2.31015,8.650915,0,Unknown,auto
all,setred,Wrappers,cifar100,R2,vision,6,242.604076,38.60038638721231,209.998424,318.821327,0,Unknown,auto
all,setred,Wrappers,mnist,R2,vision,6,3.6652278333333332,1.537379336241439,2.850233,6.794538,0,Unknown,auto
all,tri_training,Wrappers,cifar10,R2,vision,6,2203.837034333333,314.84260706701616,1801.329342,2455.708561,0,NVIDIA A100-SXM4-80GB|Unknown,auto
all,tri_training,Wrappers,cifar100,R2,vision,6,1427.3432383333331,606.4070032488893,678.062864,2103.217954,0,NVIDIA A100-SXM4-80GB|Unknown,auto
all,tri_training,Wrappers,mnist,R2,vision,6,2661.6033841666667,194.71115729629193,2412.012085,2819.291664,0,NVIDIA A100-SXM4-80GB|Unknown,auto
all,supervised,Baseline,citeseer,R3,graph,6,1.3178048333333332,2.7634486742576874,0.163772,6.958609,0,NVIDIA A100-SXM4-80GB|Unknown,auto
all,supervised,Baseline,cora,R3,graph,6,1.340186166666667,2.6574076137342133,0.210683,6.764393,0,Tesla V100-SXM2-32GB|Unknown,auto
all,supervised,Baseline,pubmed,R3,graph,6,1.1101861666666666,2.334338852625078,0.155643,5.875135,0,NVIDIA A100-SXM4-80GB|Unknown,auto
all,dynamic_label_propagation,Classical transductive,citeseer,R3,graph,6,0.7024263333333334,0.22455766057266152,0.603619,1.16062,0,Unknown,auto
all,dynamic_label_propagation,Classical transductive,cora,R3,graph,6,0.8174358333333333,0.341414136912587,0.544337,1.394477,0,Unknown,auto
all,dynamic_label_propagation,Classical transductive,pubmed,R3,graph,6,54.13557116666667,1.8233914324101026,52.565139,57.394942,0,Unknown,auto
all,graph_mincuts,Classical transductive,citeseer,R3,graph,6,0.10988649999999998,0.15032833428432577,0.048051,0.416741,0,CPU,auto
all,graph_mincuts,Classical transductive,cora,R3,graph,6,0.20316883333333335,0.30119357973397554,0.071293,0.817632,0,CPU,auto
all,graph_mincuts,Classical transductive,pubmed,R3,graph,6,0.22432133333333334,0.28323847778906497,0.100512,0.802349,0,CPU,auto
all,graphhop,Classical transductive,citeseer,R3,graph,6,11.014168499999998,0.9008458384508974,10.394446,12.65726,0,Unknown,auto
all,graphhop,Classical transductive,cora,R3,graph,6,17.32869133333333,1.3438684246930817,16.027577,19.645625,0,Unknown,auto
all,graphhop,Classical transductive,pubmed,R3,graph,6,14.290988500000003,3.469856868775066,11.347845,20.965074,0,Unknown,auto
all,label_propagation,Classical transductive,citeseer,R3,graph,6,0.19334600000000002,0.16009958893388826,0.126024,0.520119,0,Unknown,auto
all,label_propagation,Classical transductive,cora,R3,graph,6,0.20202066666666663,0.151260187578446,0.13865,0.510761,0,Unknown,auto
all,label_propagation,Classical transductive,pubmed,R3,graph,6,0.29784666666666665,0.3204604756319672,0.131022,0.949136,0,Unknown,auto
all,label_spreading,Classical transductive,citeseer,R3,graph,6,0.20390866666666665,0.23489180599302878,0.106383,0.683368,0,Unknown,auto
all,label_spreading,Classical transductive,cora,R3,graph,6,0.18761016666666666,0.16964193144552048,0.116784,0.533882,0,Unknown,auto
all,label_spreading,Classical transductive,pubmed,R3,graph,6,0.16580683333333332,0.15441871484300945,0.100695,0.480987,0,Unknown,auto
all,lazy_random_walk,Classical transductive,citeseer,R3,graph,6,0.20834933333333336,0.23895536316698704,0.10669,0.696096,0,Unknown,auto
all,lazy_random_walk,Classical transductive,cora,R3,graph,6,0.21905916666666667,0.21991839996454746,0.10821,0.667412,0,Unknown,auto
all,lazy_random_walk,Classical transductive,pubmed,R3,graph,6,1.6881488333333332,0.26130077251505907,1.575448,2.221462,0,Unknown,auto
all,mean_teacher,Consistency,citeseer,R3,graph,6,1.4323781666666668,2.7846090396513774,0.293131,7.116437,0,NVIDIA A100-SXM4-80GB|Unknown,auto
all,mean_teacher,Consistency,cora,R3,graph,6,1.5177551666666667,2.729982930301244,0.398174,7.090304,0,Tesla V100-SXM2-32GB|Unknown,auto
all,mean_teacher,Consistency,pubmed,R3,graph,6,1.2184968333333333,2.302027342763627,0.276788,5.917488,0,NVIDIA A100-SXM4-80GB|Unknown,auto
all,pi_model,Consistency,citeseer,R3,graph,6,1.4175321666666667,2.7614784716717544,0.285591,7.054374,0,NVIDIA A100-SXM4-80GB|Unknown,auto
all,pi_model,Consistency,cora,R3,graph,6,1.5137913333333335,2.730160813852742,0.392599,7.086696,0,Tesla V100-SXM2-32GB|Unknown,auto
all,pi_model,Consistency,pubmed,R3,graph,6,1.2104975,2.2973449613487955,0.271128,5.899933,0,NVIDIA A100-SXM4-80GB|Unknown,auto
all,temporal_ensembling,Consistency,citeseer,R3,graph,6,1.4419739999999999,2.746930371597067,0.312997,7.049105,0,NVIDIA A100-SXM4-80GB|Unknown,auto
all,temporal_ensembling,Consistency,cora,R3,graph,6,1.531033,2.6935056549652168,0.425916,7.029109,0,Tesla V100-SXM2-32GB|Unknown,auto
all,temporal_ensembling,Consistency,pubmed,R3,graph,6,3.7394955000000007,8.376590568422328,0.306694,20.838073,0,NVIDIA A100-SXM4-80GB|Unknown,auto
all,vat,Consistency,citeseer,R3,graph,6,1.5149268333333332,2.8424612606830313,0.350559,7.317072,0,NVIDIA A100-SXM4-80GB|Unknown,auto
all,vat,Consistency,cora,R3,graph,6,1.5579900000000002,2.6315588780470027,0.477261,6.929631,0,Tesla V100-SXM2-32GB|Unknown,auto
all,vat,Consistency,pubmed,R3,graph,6,1.2649571666666668,2.2850680543961412,0.327028,5.929328,0,NVIDIA A100-SXM4-80GB|Unknown,auto
all,appnp,GNN,citeseer,R3,graph,6,0.8388971666666666,1.1309372353202307,0.368391,3.147382,0,Unknown,auto
all,appnp,GNN,cora,R3,graph,6,0.9506988333333334,0.9345056081009715,0.540133,2.856949,0,Unknown,auto
all,appnp,GNN,pubmed,R3,graph,6,1.1302515,0.8356440912991008,0.616581,2.788166,0,Unknown,auto
all,chebnet,GNN,citeseer,R3,graph,6,0.9548494999999999,0.902166210272974,0.572492,2.796022,0,Unknown,auto
all,chebnet,GNN,cora,R3,graph,6,1.2549103333333333,0.8632344500717442,0.486794,2.791479,0,Unknown,auto
all,chebnet,GNN,pubmed,R3,graph,6,1.5949633333333333,0.877485855550428,0.744673,3.295582,0,Unknown,auto
all,gat,GNN,citeseer,R3,graph,6,1.3557231666666667,0.984486663057335,0.694654,3.336105,0,Unknown,auto
all,gat,GNN,cora,R3,graph,6,1.9184031666666668,0.9602524577054549,1.487951,3.878071,0,Unknown,auto
all,gat,GNN,pubmed,R3,graph,6,2.118324833333333,1.957054185410656,1.316668,6.113144,0,Unknown,auto
all,gcn,GNN,citeseer,R3,graph,6,0.7672246666666666,0.9091850393198662,0.292555,2.617006,0,Unknown,auto
all,gcn,GNN,cora,R3,graph,6,0.8645565,0.999038279660144,0.342128,2.890493,0,Unknown,auto
all,gcn,GNN,pubmed,R3,graph,6,0.7499993333333334,0.836878173551364,0.373904,2.456259,0,Unknown,auto
all,gcnii,GNN,citeseer,R3,graph,6,1.4434813333333334,1.148488147541396,0.951057,3.787627,0,Unknown,auto
all,gcnii,GNN,cora,R3,graph,6,2.1131381666666664,0.9774430963470797,1.677626,4.107747,0,Unknown,auto
all,gcnii,GNN,pubmed,R3,graph,6,2.7626445,1.0493657710399649,1.830888,4.347192,0,Unknown,auto
all,grafn,GNN,citeseer,R3,graph,6,1.34209,0.8346254683861499,0.691852,2.968681,0,Unknown,auto
all,grafn,GNN,cora,R3,graph,6,2.071241666666667,1.058349044159566,1.293416,4.01473,0,Unknown,auto
all,grafn,GNN,pubmed,R3,graph,6,1.8484931666666666,1.0772848827036265,1.139044,3.996612,0,Unknown,auto
all,grand,GNN,citeseer,R3,graph,6,3.663572166666667,0.9606662584773997,3.177432,5.620333,0,Unknown,auto
all,grand,GNN,cora,R3,graph,6,3.0336538333333336,0.9689337832110955,2.436005,4.944958,0,Unknown,auto
all,grand,GNN,pubmed,R3,graph,6,6.985171333333334,1.8348256795061126,5.076971,9.160194,0,Unknown,auto
all,graphsage,GNN,citeseer,R3,graph,6,0.8767360000000001,0.7957105049194714,0.311088,2.413643,0,Unknown,auto
all,graphsage,GNN,cora,R3,graph,6,1.0675223333333335,1.4234639966162357,0.398915,3.96297,0,Unknown,auto
all,graphsage,GNN,pubmed,R3,graph,6,0.8393751666666667,0.8859306075137977,0.395401,2.644892,0,Unknown,auto
all,h_gcn,GNN,citeseer,R3,graph,6,2.687522833333334,0.8689120047761839,2.096011,4.441829,0,Unknown,auto
all,h_gcn,GNN,cora,R3,graph,6,2.9328915,2.347957763609367,1.744547,7.705095,0,Unknown,auto
all,h_gcn,GNN,pubmed,R3,graph,6,32.837517166666665,6.4619144587422515,29.410739,45.926902,0,Unknown,auto
all,n_gcn,GNN,citeseer,R3,graph,6,13.155851,0.862627074556555,12.736525,14.905739,0,Unknown,auto
all,n_gcn,GNN,cora,R3,graph,6,6.051763333333334,0.9256864316135711,5.650686,7.93935,0,Unknown,auto
all,n_gcn,GNN,pubmed,R3,graph,6,91.43719599999999,5.108451112708511,86.058189,101.027691,0,Unknown,auto
all,planetoid,GNN,citeseer,R3,graph,6,39.852047500000005,1.4623358402152022,39.20591,42.834836,0,Unknown,auto
all,planetoid,GNN,cora,R3,graph,6,161.46983066666667,3.122035052716397,159.897219,167.826165,0,Unknown,auto
all,planetoid,GNN,pubmed,R3,graph,6,310.259867,10.215084761305745,303.315263,328.358269,0,Unknown,auto
all,sgc,GNN,citeseer,R3,graph,6,0.49324983333333333,0.8655643565268656,0.137807,2.260065,0,Unknown,auto
all,sgc,GNN,cora,R3,graph,6,0.6082643333333332,1.0942201346768696,0.160493,2.841831,0,Unknown,auto
all,sgc,GNN,pubmed,R3,graph,6,0.9640720000000002,1.9406583573081586,0.160004,4.925378,0,Unknown,auto
all,adamatch,Hybrid,citeseer,R3,graph,6,29.89390966666667,72.43716320236422,0.310753,177.755649,0,NVIDIA A100-SXM4-80GB|Unknown,auto
all,adamatch,Hybrid,cora,R3,graph,6,3.481393166666667,7.468442557742127,0.419255,18.726277,0,Tesla V100-SXM2-32GB|Unknown,auto
all,adamatch,Hybrid,pubmed,R3,graph,6,4.032298333333333,9.138799707819024,0.299506,22.686795,0,NVIDIA A100-SXM4-80GB|Unknown,auto
all,comatch,Hybrid,citeseer,R3,graph,6,1.675173,3.0719652514133036,0.416442,7.945789,0,NVIDIA A100-SXM4-80GB|Unknown,auto
all,comatch,Hybrid,cora,R3,graph,6,1.693418,2.7363034333926493,0.573773,7.278873,0,Tesla V100-SXM2-32GB|Unknown,auto
all,comatch,Hybrid,pubmed,R3,graph,6,1.3401515,2.352848932982545,0.378736,6.142884,0,NVIDIA A100-SXM4-80GB|Unknown,auto
all,daso,Hybrid,citeseer,R3,graph,6,1.6870375,3.197616528153728,0.378688,8.214143,0,NVIDIA A100-SXM4-80GB|Unknown,auto
all,daso,Hybrid,cora,R3,graph,6,1.619064,2.662457639933376,0.52313,7.053772,0,Tesla V100-SXM2-32GB|Unknown,auto
all,daso,Hybrid,pubmed,R3,graph,6,1.2989888333333333,2.342497989546067,0.340478,6.080592,0,NVIDIA A100-SXM4-80GB|Unknown,auto
all,defixmatch,Hybrid,citeseer,R3,graph,6,1.5095516666666666,2.768458622124135,0.373811,7.160641,0,NVIDIA A100-SXM4-80GB|Unknown,auto
all,defixmatch,Hybrid,cora,R3,graph,6,1.6376716666666666,2.7543380388444456,0.498557,7.259916,0,Tesla V100-SXM2-32GB|Unknown,auto
all,defixmatch,Hybrid,pubmed,R3,graph,6,1.3033033333333333,2.3377674095088814,0.348255,6.075251,0,NVIDIA A100-SXM4-80GB|Unknown,auto
all,fixmatch,Hybrid,citeseer,R3,graph,6,1.4363381666666666,2.7793326405127847,0.299783,7.109625,0,NVIDIA A100-SXM4-80GB|Unknown,auto
all,fixmatch,Hybrid,cora,R3,graph,6,1.5100793333333336,2.7457265932456325,0.379039,7.11476,0,Tesla V100-SXM2-32GB|Unknown,auto
all,fixmatch,Hybrid,pubmed,R3,graph,6,4.846290166666666,7.30825486489442,1.047292,19.732307,0,NVIDIA A100-SXM4-80GB|Unknown,auto
all,flexmatch,Hybrid,citeseer,R3,graph,6,1.4296066666666667,2.7442257335877214,0.306232,7.031233,0,NVIDIA A100-SXM4-80GB|Unknown,auto
all,flexmatch,Hybrid,cora,R3,graph,6,1.566476,2.8329423284631834,0.401973,7.349188,0,Tesla V100-SXM2-32GB|Unknown,auto
all,flexmatch,Hybrid,pubmed,R3,graph,6,2.796516,6.161474291867523,0.277284,15.373571,0,NVIDIA A100-SXM4-80GB|Unknown,auto
all,free_match,Hybrid,citeseer,R3,graph,6,1.5276105,2.845447754739683,0.362094,7.335854,0,NVIDIA A100-SXM4-80GB|Unknown,auto
all,free_match,Hybrid,cora,R3,graph,6,1.6453008333333337,2.7741861242302703,0.502154,7.308071,0,Tesla V100-SXM2-32GB|Unknown,auto
all,free_match,Hybrid,pubmed,R3,graph,6,1.398739,2.5710842531542992,0.347356,6.646942,0,NVIDIA A100-SXM4-80GB|Unknown,auto
all,meta_pseudo_labels,Hybrid,citeseer,R3,graph,6,1.595637,2.78015205380159,0.454804,7.270595,0,NVIDIA A100-SXM4-80GB|Unknown,auto
all,meta_pseudo_labels,Hybrid,cora,R3,graph,6,1.7415399999999999,2.694374228430639,0.626494,7.241385,0,Tesla V100-SXM2-32GB|Unknown,auto
all,meta_pseudo_labels,Hybrid,pubmed,R3,graph,6,1.3674283333333337,2.3014771055608323,0.421401,6.065286,0,NVIDIA A100-SXM4-80GB|Unknown,auto
all,mixmatch,Hybrid,citeseer,R3,graph,6,1.4424843333333335,2.782937221696434,0.305458,7.123131,0,NVIDIA A100-SXM4-80GB|Unknown,auto
all,mixmatch,Hybrid,cora,R3,graph,6,1.5011388333333333,2.632140909113296,0.417071,6.87392,0,Tesla V100-SXM2-32GB|Unknown,auto
all,mixmatch,Hybrid,pubmed,R3,graph,6,1.2297693333333333,2.309782559744849,0.284789,5.944591,0,NVIDIA A100-SXM4-80GB|Unknown,auto
all,noisy_student,Hybrid,citeseer,R3,graph,6,1.4132821666666666,2.732317893942461,0.295514,6.990602,0,NVIDIA A100-SXM4-80GB|Unknown,auto
all,noisy_student,Hybrid,cora,R3,graph,6,1.4852376666666667,2.642355074586659,0.401257,6.878914,0,Tesla V100-SXM2-32GB|Unknown,auto
all,noisy_student,Hybrid,pubmed,R3,graph,6,1.233854,2.3266621025144154,0.281367,5.983132,0,NVIDIA A100-SXM4-80GB|Unknown,auto
all,simclr_v2,Hybrid,citeseer,R3,graph,6,1.3929533333333335,2.7763888382313215,0.255786,7.060232,0,NVIDIA A100-SXM4-80GB|Unknown,auto
all,simclr_v2,Hybrid,cora,R3,graph,6,1.453188,2.7524944628201524,0.327203,7.071692,0,Tesla V100-SXM2-32GB|Unknown,auto
all,simclr_v2,Hybrid,pubmed,R3,graph,6,1.2037603333333335,2.3516071209816203,0.241037,6.003957,0,NVIDIA A100-SXM4-80GB|Unknown,auto
all,softmatch,Hybrid,citeseer,R3,graph,6,1.4353868333333333,2.7541998214235233,0.308939,7.057373,0,NVIDIA A100-SXM4-80GB|Unknown,auto
all,softmatch,Hybrid,cora,R3,graph,6,1.5034551666666667,2.6494086323863604,0.415,6.911517,0,Tesla V100-SXM2-32GB|Unknown,auto
all,softmatch,Hybrid,pubmed,R3,graph,6,1.2482875000000002,2.3274880977414902,0.296152,5.999251,0,NVIDIA A100-SXM4-80GB|Unknown,auto
all,uda,Hybrid,citeseer,R3,graph,6,1.4532105,2.822556866908637,0.299329,7.21473,0,NVIDIA A100-SXM4-80GB|Unknown,auto
all,uda,Hybrid,cora,R3,graph,6,1.456752833333333,2.5869782585511163,0.395652,6.737384,0,Tesla V100-SXM2-32GB|Unknown,auto
all,uda,Hybrid,pubmed,R3,graph,6,1.2191891666666665,2.3114539836756793,0.27112,5.937413,0,NVIDIA A100-SXM4-80GB|Unknown,auto
all,adsh,Margin-based inductive,citeseer,R3,graph,6,1.7968626666666667,3.524924841855081,0.34963,8.992062,0,NVIDIA A100-SXM4-80GB|Unknown,auto
all,adsh,Margin-based inductive,cora,R3,graph,6,1.655913166666667,2.829476959126433,0.490322,7.431515,0,Tesla V100-SXM2-32GB|Unknown,auto
all,adsh,Margin-based inductive,pubmed,R3,graph,6,1.2828845,2.3609205735521686,0.316622,6.102089,0,NVIDIA A100-SXM4-80GB|Unknown,auto
all,laplace_learning,PDE/Variational,citeseer,R3,graph,6,0.21990150000000006,0.3109011940168452,0.091952,0.854523,0,Unknown,auto
all,laplace_learning,PDE/Variational,cora,R3,graph,6,0.19691583333333332,0.27512253336534737,0.078608,0.758359,0,Unknown,auto
all,laplace_learning,PDE/Variational,pubmed,R3,graph,6,0.6539223333333334,0.4014290835789886,0.486528,1.473326,0,Unknown,auto
all,p_laplace_learning,PDE/Variational,citeseer,R3,graph,6,454.91308966666674,13.898461005493008,426.721213,462.292999,0,CPU,auto
all,p_laplace_learning,PDE/Variational,cora,R3,graph,6,916.2673406666668,3.8327315202799777,911.377464,920.376236,0,CPU,auto
all,p_laplace_learning,PDE/Variational,pubmed,R3,graph,6,3168.8981406666667,36.24810640184301,3121.281516,3211.195165,0,CPU,auto
all,poisson_learning,PDE/Variational,citeseer,R3,graph,6,0.3134341666666667,0.05929585201822019,0.267781,0.420989,0,Unknown,auto
all,poisson_learning,PDE/Variational,cora,R3,graph,6,0.3652181666666667,0.06137875972815568,0.318796,0.47967,0,Unknown,auto
all,poisson_learning,PDE/Variational,pubmed,R3,graph,6,0.30385616666666665,0.0836592898282472,0.265329,0.474518,0,Unknown,auto
all,poisson_mbo,PDE/Variational,citeseer,R3,graph,6,2.1030953333333335,0.02731091100396814,2.084395,2.157299,0,CPU,auto
all,poisson_mbo,PDE/Variational,cora,R3,graph,6,4.54674,0.06245668582305642,4.496043,4.644111,0,CPU,auto
all,poisson_mbo,PDE/Variational,pubmed,R3,graph,6,12.525936166666668,0.046491855735888744,12.496601,12.6195,0,CPU,auto
all,co_training,Wrappers,citeseer,R3,graph,6,4.369327833333333,3.397693955042238,2.550705,11.287874,0,NVIDIA A100-SXM4-80GB|Unknown,auto
all,co_training,Wrappers,cora,R3,graph,6,6.543712,3.090173239703366,3.64071,12.469577,0,Tesla V100-SXM2-32GB|Unknown,auto
all,co_training,Wrappers,pubmed,R3,graph,6,3.1754848333333334,2.32929800533718,2.064362,7.920923,0,NVIDIA A100-SXM4-80GB|Unknown,auto
all,deep_co_training,Wrappers,citeseer,R3,graph,6,2.1501566666666667,3.589680483635148,0.674861,9.477541,0,NVIDIA A100-SXM4-80GB|Unknown,auto
all,deep_co_training,Wrappers,cora,R3,graph,6,2.5858715,4.030269973349466,0.937578,10.812623,0,Tesla V100-SXM2-32GB|Unknown,auto
all,deep_co_training,Wrappers,pubmed,R3,graph,6,1.5709735,2.2711633323108003,0.639373,6.206955,0,NVIDIA A100-SXM4-80GB|Unknown,auto
all,democratic_co_learning,Wrappers,citeseer,R3,graph,6,5.2983855,3.051037587027387,3.571207,11.45511,0,NVIDIA A100-SXM4-80GB|Unknown,auto
all,democratic_co_learning,Wrappers,cora,R3,graph,6,7.702870666666667,3.194009554743484,5.530621,14.140757,0,Tesla V100-SXM2-32GB|Unknown,auto
all,democratic_co_learning,Wrappers,pubmed,R3,graph,6,3.5598343333333333,2.4546995462021557,1.467314,8.313195,0,NVIDIA A100-SXM4-80GB|Unknown,auto
all,pseudo_label,Wrappers,citeseer,R3,graph,6,1.4664485,2.7415580163970814,0.26154,7.060887,0,NVIDIA A100-SXM4-80GB|Unknown,auto
all,pseudo_label,Wrappers,cora,R3,graph,6,2.2201238333333335,4.326899146177245,0.363739,11.051864,0,Tesla V100-SXM2-32GB|Unknown,auto
all,pseudo_label,Wrappers,pubmed,R3,graph,6,1.1842536666666668,2.297971994188412,0.242037,5.874963,0,NVIDIA A100-SXM4-80GB|Unknown,auto
all,self_training,Wrappers,citeseer,R3,graph,6,1.452833,2.71943673642966,0.263975,7.002198,0,NVIDIA A100-SXM4-80GB|Unknown,auto
all,self_training,Wrappers,cora,R3,graph,6,1.5471934999999999,2.6833693965711656,0.367345,7.023905,0,Tesla V100-SXM2-32GB|Unknown,auto
all,self_training,Wrappers,pubmed,R3,graph,6,1.1848613333333333,2.298819045633446,0.24583,5.877306,0,NVIDIA A100-SXM4-80GB|Unknown,auto
all,setred,Wrappers,citeseer,R3,graph,6,1.4631699999999999,2.7487643316886228,0.262834,7.072411,0,NVIDIA A100-SXM4-80GB|Unknown,auto
all,setred,Wrappers,cora,R3,graph,6,1.5447508333333335,2.6948010768738695,0.359695,7.044802,0,Tesla V100-SXM2-32GB|Unknown,auto
all,setred,Wrappers,pubmed,R3,graph,6,1.1970201666666667,2.3062031166754084,0.245022,5.904429,0,NVIDIA A100-SXM4-80GB|Unknown,auto
all,tri_training,Wrappers,citeseer,R3,graph,6,4.315800833333333,2.8914585175206247,2.698109,10.172723,0,NVIDIA A100-SXM4-80GB|Unknown,auto
all,tri_training,Wrappers,cora,R3,graph,6,5.577408666666667,2.3978543067931106,4.151388,10.356329,0,Tesla V100-SXM2-32GB|Unknown,auto
all,tri_training,Wrappers,pubmed,R3,graph,6,3.1865210000000004,3.4120950702759734,1.445915,10.135704,0,NVIDIA A100-SXM4-80GB|Unknown,auto
all,trinet,Wrappers,citeseer,R3,graph,6,2.154943,2.7869167757769158,0.943581,7.843122,0,NVIDIA A100-SXM4-80GB|Unknown,auto
all,trinet,Wrappers,cora,R3,graph,6,2.7229321666666664,2.790305187816373,1.503336,8.415799,0,Tesla V100-SXM2-32GB|Unknown,auto
all,trinet,Wrappers,pubmed,R3,graph,6,1.472213,2.2975401175944676,0.530912,6.162043,0,NVIDIA A100-SXM4-80GB|Unknown,auto
all,supervised,Baseline,adult,R3,tabular,6,0.9333603333333332,1.5554970982604457,0.295933,4.108503,0,NVIDIA A100-SXM4-80GB|Unknown,auto
all,supervised,Baseline,breast_cancer,R3,tabular,6,2.2558455,4.477088357572218,0.346147,11.39354,0,Tesla V100-SXM2-32GB|Unknown,auto
all,supervised,Baseline,iris,R3,tabular,6,0.7680483333333332,1.64499033239915,0.093153,4.125868,0,NVIDIA A100-SXM4-80GB|Unknown,auto
all,dynamic_label_propagation,Classical transductive,adult,R3,tabular,6,765.1444231666668,0.9769315072375346,764.532599,767.089723,0,Unknown,auto
all,dynamic_label_propagation,Classical transductive,breast_cancer,R3,tabular,6,2.2170229999999997,3.4658240648578227,0.470856,9.275418,0,Unknown,auto
all,dynamic_label_propagation,Classical transductive,iris,R3,tabular,6,0.4549358333333333,0.9240173769765191,0.076826,2.341077,0,Unknown,auto
all,graph_mincuts,Classical transductive,adult,R3,tabular,6,0.8359353333333334,0.7288173886313817,0.441605,2.315105,0,CPU,auto
all,graph_mincuts,Classical transductive,breast_cancer,R3,tabular,6,1.367096166666667,2.553679733360894,0.268968,6.578514,0,CPU,auto
all,graphhop,Classical transductive,adult,R3,tabular,6,15.1193745,2.5719635865433825,11.869188,17.781056,0,Unknown,auto
all,graphhop,Classical transductive,breast_cancer,R3,tabular,6,18.221656166666666,4.70167593348965,15.253204,26.954694,0,Unknown,auto
all,graphhop,Classical transductive,iris,R3,tabular,6,10.749137166666669,1.841721803356459,9.621694,14.433818,0,Unknown,auto
all,label_propagation,Classical transductive,adult,R3,tabular,6,0.7352518333333332,0.9094184665165793,0.326013,2.590496,0,Unknown,auto
all,label_propagation,Classical transductive,breast_cancer,R3,tabular,6,1.8333103333333334,3.2363876582092987,0.350892,8.434563,0,Unknown,auto
all,label_propagation,Classical transductive,iris,R3,tabular,6,0.46036400000000005,0.9079354525592666,0.077787,2.313631,0,Unknown,auto
all,label_spreading,Classical transductive,adult,R3,tabular,6,0.6625031666666668,0.9019342101959359,0.292266,2.503561,0,Unknown,auto
all,label_spreading,Classical transductive,breast_cancer,R3,tabular,6,1.6173969999999995,3.040513872288498,0.262137,7.817124,0,Unknown,auto
all,label_spreading,Classical transductive,iris,R3,tabular,6,0.44105750000000005,0.8831811213912466,0.079427,2.243842,0,Unknown,auto
all,lazy_random_walk,Classical transductive,adult,R3,tabular,6,5.3451061666666675,0.9276305052753314,4.951261,7.238548,0,Unknown,auto
all,lazy_random_walk,Classical transductive,breast_cancer,R3,tabular,6,1.7446076666666668,3.0031458747694337,0.266102,7.866202,0,Unknown,auto
all,mean_teacher,Consistency,adult,R3,tabular,6,38.22727783333334,1.766317839105228,37.410054,41.824205,0,NVIDIA A100-SXM4-80GB|Unknown,auto
all,mean_teacher,Consistency,breast_cancer,R3,tabular,6,3.2587493333333337,5.053618144940303,1.14736,13.574267,0,Tesla V100-SXM2-32GB|Unknown,auto
all,mean_teacher,Consistency,iris,R3,tabular,6,0.8534341666666667,1.6349497571921183,0.184971,4.19076,0,NVIDIA A100-SXM4-80GB|Unknown,auto
all,pi_model,Consistency,adult,R3,tabular,6,36.15028316666666,1.5885731199977435,35.377778,39.3902,0,NVIDIA A100-SXM4-80GB|Unknown,auto
all,pi_model,Consistency,breast_cancer,R3,tabular,6,3.4099313333333328,5.538153490770102,1.075028,14.714214,0,Tesla V100-SXM2-32GB|Unknown,auto
all,pi_model,Consistency,iris,R3,tabular,6,0.8418880000000001,1.6336063509681884,0.172386,4.176465,0,NVIDIA A100-SXM4-80GB|Unknown,auto
all,temporal_ensembling,Consistency,adult,R3,tabular,6,41.2366415,1.910476137928526,40.38002,45.133334,0,NVIDIA A100-SXM4-80GB|Unknown,auto
all,temporal_ensembling,Consistency,breast_cancer,R3,tabular,6,3.425721166666667,5.332379489300116,1.200192,14.309544,0,Tesla V100-SXM2-32GB|Unknown,auto
all,temporal_ensembling,Consistency,iris,R3,tabular,6,0.8684803333333333,1.6469817019323156,0.194325,4.230365,0,NVIDIA A100-SXM4-80GB|Unknown,auto
all,vat,Consistency,adult,R3,tabular,6,48.7912385,1.4515884141079043,47.983552,51.714047,0,NVIDIA A100-SXM4-80GB|Unknown,auto
all,vat,Consistency,breast_cancer,R3,tabular,6,3.693892333333333,5.57694665380481,1.302832,15.0762,0,Tesla V100-SXM2-32GB|Unknown,auto
all,vat,Consistency,iris,R3,tabular,6,0.9117514999999999,1.6951796535641583,0.218217,4.372018,0,NVIDIA A100-SXM4-80GB|Unknown,auto
all,appnp,GNN,adult,R3,tabular,6,14.771116833333332,1.7103783734083418,13.955338,18.256085,0,Unknown,auto
all,appnp,GNN,breast_cancer,R3,tabular,6,3.7077383333333334,4.841459746617529,1.523152,13.579726,0,Unknown,auto
all,appnp,GNN,iris,R3,tabular,6,1.2774243333333333,1.7330802814683073,0.383111,4.783819,0,Unknown,auto
all,chebnet,GNN,adult,R3,tabular,6,1.2924478333333334,1.6325467126422346,0.611008,4.624708,0,Unknown,auto
all,chebnet,GNN,breast_cancer,R3,tabular,6,2.7619054999999997,4.4368823100719155,0.74493,11.805746,0,Unknown,auto
all,chebnet,GNN,iris,R3,tabular,6,1.0753044999999999,1.739583217020186,0.235018,4.611024,0,Unknown,auto
all,gat,GNN,adult,R3,tabular,6,2.9650521666666663,2.0592866954282414,1.855046,7.050609,0,Unknown,auto
all,gat,GNN,breast_cancer,R3,tabular,6,3.8065723333333334,4.905710527529673,1.616599,13.816282,0,Unknown,auto
all,gat,GNN,iris,R3,tabular,6,1.5106856666666664,1.7100485983889075,0.624585,4.978416,0,Unknown,auto
all,gcn,GNN,adult,R3,tabular,6,1.1435518333333332,1.6772229546328556,0.426787,4.566844,0,Unknown,auto
all,gcn,GNN,breast_cancer,R3,tabular,6,2.6284636666666668,4.5766305681178014,0.432674,11.962512,0,Unknown,auto
all,gcn,GNN,iris,R3,tabular,6,0.9564714999999998,1.6304559717949758,0.18898,4.275312,0,Unknown,auto
all,gcnii,GNN,adult,R3,tabular,6,4.445112333333334,1.6966600251903936,3.51853,7.894565,0,Unknown,auto
all,gcnii,GNN,breast_cancer,R3,tabular,6,4.062802166666668,4.7714261949196874,1.945599,13.793317,0,Unknown,auto
all,gcnii,GNN,iris,R3,tabular,6,2.4145165,2.205180451613949,0.886208,6.571578,0,Unknown,auto
all,grafn,GNN,adult,R3,tabular,6,3.868759500000001,2.6400799900015715,2.162666,9.094526,0,Unknown,auto
all,grafn,GNN,breast_cancer,R3,tabular,6,3.28843,4.730051436520664,1.278176,12.942074,0,Unknown,auto
all,grafn,GNN,iris,R3,tabular,6,1.2866508333333335,1.6390295570807032,0.55837,4.62999,0,Unknown,auto
all,grand,GNN,adult,R3,tabular,6,1.815157666666667,1.8840379879274907,0.837604,5.631783,0,Unknown,auto
all,grand,GNN,breast_cancer,R3,tabular,6,3.1018931666666667,4.364365746416238,1.15009,12.00078,0,Unknown,auto
all,grand,GNN,iris,R3,tabular,6,1.4866585,1.8098840689184212,0.418157,5.099431,0,Unknown,auto
all,graphsage,GNN,adult,R3,tabular,6,1.1363021666666668,1.632966065575083,0.460997,4.469553,0,Unknown,auto
all,graphsage,GNN,breast_cancer,R3,tabular,6,2.6907860000000006,4.890496862854571,0.569133,12.669847,0,Unknown,auto
all,graphsage,GNN,iris,R3,tabular,6,0.9227218333333335,1.6620340950013532,0.165537,4.309052,0,Unknown,auto
all,h_gcn,GNN,adult,R3,tabular,6,252.2983851666667,2.5217382462464717,250.051214,256.398742,0,Unknown,auto
all,h_gcn,GNN,breast_cancer,R3,tabular,6,3.966002,5.181744140792134,1.529915,14.517098,0,Unknown,auto
all,h_gcn,GNN,iris,R3,tabular,6,1.8092468333333336,1.7040913349388775,0.756243,4.956942,0,Unknown,auto
all,n_gcn,GNN,adult,R3,tabular,6,161.31001633333332,4.875445055679642,157.025883,167.953298,0,Unknown,auto
all,n_gcn,GNN,breast_cancer,R3,tabular,6,4.043017333333334,4.993458004874164,1.631357,14.195757,0,Unknown,auto
all,n_gcn,GNN,iris,R3,tabular,6,2.086088833333333,1.7858280264022532,0.823685,5.354166,0,Unknown,auto
all,planetoid,GNN,adult,R3,tabular,6,950.0331511666668,7.010064768509551,939.330914,957.626428,0,Unknown,auto
all,planetoid,GNN,breast_cancer,R3,tabular,6,43.52290516666667,5.181493454975753,40.936138,54.075356,0,Unknown,auto
all,planetoid,GNN,iris,R3,tabular,6,2.432991833333334,1.62179022749965,1.760011,5.743264,0,Unknown,auto
all,sgc,GNN,adult,R3,tabular,6,1.4297345000000001,2.618691014389498,0.358105,6.775113,0,Unknown,auto
all,sgc,GNN,breast_cancer,R3,tabular,6,2.3604938333333334,4.747220370188029,0.368458,12.050116,0,Unknown,auto
all,sgc,GNN,iris,R3,tabular,6,0.8343253333333335,1.6351949888422075,0.104687,4.168599,0,Unknown,auto
all,adamatch,Hybrid,adult,R3,tabular,6,40.353555166666666,3.9101037204049924,38.503452,48.326473,0,NVIDIA A100-SXM4-80GB|Unknown,auto
all,adamatch,Hybrid,breast_cancer,R3,tabular,6,3.5739671666666664,5.000590264800364,1.321842,13.778916,0,Tesla V100-SXM2-32GB|Unknown,auto
all,adamatch,Hybrid,iris,R3,tabular,6,2.0404671666666667,4.463171328052708,0.21437,11.150872,0,NVIDIA A100-SXM4-80GB|Unknown,auto
all,comatch,Hybrid,adult,R3,tabular,6,68.51874149999999,2.1350566456534796,67.233815,72.720469,0,NVIDIA A100-SXM4-80GB|Unknown,auto
all,comatch,Hybrid,breast_cancer,R3,tabular,6,3.9947413333333333,5.026353408789583,1.744076,14.250887,0,Tesla V100-SXM2-32GB|Unknown,auto
all,comatch,Hybrid,iris,R3,tabular,6,1.0181406666666668,1.736775101250898,0.302883,4.563294,0,NVIDIA A100-SXM4-80GB|Unknown,auto
all,daso,Hybrid,adult,R3,tabular,6,55.23407316666667,1.7540506068665669,53.941207,58.751012,0,NVIDIA A100-SXM4-80GB|Unknown,auto
all,daso,Hybrid,breast_cancer,R3,tabular,6,3.5615260000000006,5.318626270727809,1.211165,14.416562,0,Tesla V100-SXM2-32GB|Unknown,auto
all,daso,Hybrid,iris,R3,tabular,6,0.9130281666666665,1.652064868999691,0.236822,4.285289,0,NVIDIA A100-SXM4-80GB|Unknown,auto
all,defixmatch,Hybrid,adult,R3,tabular,6,48.443215333333335,1.6173523474579898,47.182266,51.591608,0,NVIDIA A100-SXM4-80GB|Unknown,auto
all,defixmatch,Hybrid,breast_cancer,R3,tabular,6,3.3966695000000002,4.705077614768485,1.360023,12.997746,0,Tesla V100-SXM2-32GB|Unknown,auto
all,defixmatch,Hybrid,iris,R3,tabular,6,0.9039098333333332,1.668200040951494,0.220907,4.309104,0,NVIDIA A100-SXM4-80GB|Unknown,auto
all,fixmatch,Hybrid,adult,R3,tabular,6,37.11372533333333,1.7025304846114981,36.083002,40.562639,0,NVIDIA A100-SXM4-80GB|Unknown,auto
all,fixmatch,Hybrid,breast_cancer,R3,tabular,6,3.465881166666667,5.590935838363965,1.019,14.876991,0,Tesla V100-SXM2-32GB|Unknown,auto
all,fixmatch,Hybrid,iris,R3,tabular,6,0.8504151666666666,1.643989188124717,0.177549,4.206193,0,NVIDIA A100-SXM4-80GB|Unknown,auto
all,flexmatch,Hybrid,adult,R3,tabular,6,49.59329966666667,1.8809361208707385,48.674877,53.421893,0,NVIDIA A100-SXM4-80GB|Unknown,auto
all,flexmatch,Hybrid,breast_cancer,R3,tabular,6,3.3794465000000002,4.914382187394658,1.295554,13.410468,0,Tesla V100-SXM2-32GB|Unknown,auto
all,flexmatch,Hybrid,iris,R3,tabular,6,0.8770136666666666,1.6561641521671293,0.197072,4.257642,0,NVIDIA A100-SXM4-80GB|Unknown,auto
all,free_match,Hybrid,adult,R3,tabular,6,56.000052333333336,1.637522163995183,54.96808,59.292901,0,NVIDIA A100-SXM4-80GB|Unknown,auto
all,free_match,Hybrid,breast_cancer,R3,tabular,6,3.986412333333334,5.901100155016679,1.494336,16.030218,0,Tesla V100-SXM2-32GB|Unknown,auto
all,free_match,Hybrid,iris,R3,tabular,6,0.9530716666666667,1.7137581797185584,0.251758,4.451265,0,NVIDIA A100-SXM4-80GB|Unknown,auto
all,meta_pseudo_labels,Hybrid,adult,R3,tabular,6,61.102466166666666,1.523162512465618,60.287888,64.17606,0,NVIDIA A100-SXM4-80GB|Unknown,auto
all,meta_pseudo_labels,Hybrid,breast_cancer,R3,tabular,6,3.6332861666666663,4.723704861157327,1.598018,13.272696,0,Tesla V100-SXM2-32GB|Unknown,auto
all,meta_pseudo_labels,Hybrid,iris,R3,tabular,6,0.9516413333333333,1.6428194914314438,0.278918,4.305029,0,NVIDIA A100-SXM4-80GB|Unknown,auto
all,mixmatch,Hybrid,adult,R3,tabular,6,42.48474766666667,1.6770612375963692,41.399592,45.869566,0,NVIDIA A100-SXM4-80GB|Unknown,auto
all,mixmatch,Hybrid,breast_cancer,R3,tabular,6,3.6078956666666673,5.588100819842952,1.293525,15.014338,0,Tesla V100-SXM2-32GB|Unknown,auto
all,mixmatch,Hybrid,iris,R3,tabular,6,0.8761045,1.6589059269228923,0.196357,4.262331,0,NVIDIA A100-SXM4-80GB|Unknown,auto
all,noisy_student,Hybrid,adult,R3,tabular,6,37.545308666666664,2.098859426669321,36.614417,41.826379,0,NVIDIA A100-SXM4-80GB|Unknown,auto
all,noisy_student,Hybrid,breast_cancer,R3,tabular,6,3.578171333333333,5.5634358131790345,1.111629,14.930903,0,Tesla V100-SXM2-32GB|Unknown,auto
all,noisy_student,Hybrid,iris,R3,tabular,6,0.8532448333333335,1.6384862666631559,0.180491,4.197774,0,NVIDIA A100-SXM4-80GB|Unknown,auto
all,simclr_v2,Hybrid,adult,R3,tabular,6,20.855491,1.751852983529268,20.007241,24.416645,0,NVIDIA A100-SXM4-80GB|Unknown,auto
all,simclr_v2,Hybrid,breast_cancer,R3,tabular,6,3.222736333333333,5.711073495838788,0.825328,14.880178,0,Tesla V100-SXM2-32GB|Unknown,auto
all,simclr_v2,Hybrid,iris,R3,tabular,6,0.8643865000000001,1.6908547390534465,0.173246,4.315829,0,NVIDIA A100-SXM4-80GB|Unknown,auto
all,softmatch,Hybrid,adult,R3,tabular,6,39.891467,1.5375409904208723,38.727224,42.960702,0,NVIDIA A100-SXM4-80GB|Unknown,auto
all,softmatch,Hybrid,breast_cancer,R3,tabular,6,3.2618709999999993,4.93105868609896,1.153867,13.325519,0,Tesla V100-SXM2-32GB|Unknown,auto
all,softmatch,Hybrid,iris,R3,tabular,6,0.8753573333333334,1.658658138064341,0.197123,4.261078,0,NVIDIA A100-SXM4-80GB|Unknown,auto
all,uda,Hybrid,adult,R3,tabular,6,37.68592066666667,2.3926864963110965,36.562173,42.557315,0,NVIDIA A100-SXM4-80GB|Unknown,auto
all,uda,Hybrid,breast_cancer,R3,tabular,6,3.374553,5.259515906065272,1.049876,14.105141,0,Tesla V100-SXM2-32GB|Unknown,auto
all,uda,Hybrid,iris,R3,tabular,6,0.8767363333333332,1.689138834065414,0.185726,4.324675,0,NVIDIA A100-SXM4-80GB|Unknown,auto
all,adsh,Margin-based inductive,adult,R3,tabular,6,40.20917,1.8047276191310404,39.109332,43.839012,0,NVIDIA A100-SXM4-80GB|Unknown,auto
all,adsh,Margin-based inductive,breast_cancer,R3,tabular,6,3.464350666666667,5.1475399719803505,1.322992,13.971512,0,Tesla V100-SXM2-32GB|Unknown,auto
all,adsh,Margin-based inductive,iris,R3,tabular,6,0.9223511666666667,1.7065320169121254,0.224255,4.405794,0,NVIDIA A100-SXM4-80GB|Unknown,auto
all,s4vm,Margin-based inductive,adult,R3,tabular,6,38.589193,1.7002429823586986,37.676916,41.990409,0,NVIDIA A100-SXM4-80GB|Unknown,auto
all,s4vm,Margin-based inductive,breast_cancer,R3,tabular,6,4.389662833333333,5.401848239336549,2.089664,15.412004,0,Tesla V100-SXM2-32GB|Unknown,auto
all,tsvm,Margin-based inductive,adult,R3,tabular,6,0.7855805,0.6871280633103992,0.469297,2.187043,0,CPU,auto
all,tsvm,Margin-based inductive,breast_cancer,R3,tabular,6,1.4659943333333334,2.7091018153466044,0.237254,6.994436,0,CPU,auto
all,laplace_learning,PDE/Variational,adult,R3,tabular,6,5.3191820000000005,1.0354115514016635,4.8905,7.432694,0,Unknown,auto
all,laplace_learning,PDE/Variational,breast_cancer,R3,tabular,6,1.6402988333333333,3.090947953643892,0.324684,7.948522,0,Unknown,auto
all,laplace_learning,PDE/Variational,iris,R3,tabular,6,0.45818983333333335,1.0133707468827815,0.042907,2.526722,0,Unknown,auto
all,p_laplace_learning,PDE/Variational,adult,R3,tabular,6,11032.933792999998,217.00943948689292,10676.679677,11261.075106,0,CPU,auto
all,p_laplace_learning,PDE/Variational,breast_cancer,R3,tabular,6,34.54388716666667,21.570532396093252,7.218408,67.249356,0,CPU,auto
all,p_laplace_learning,PDE/Variational,iris,R3,tabular,6,0.5067781666666666,0.7750820133878521,0.16893,2.088688,0,CPU,auto
all,poisson_learning,PDE/Variational,adult,R3,tabular,6,10.494158166666667,0.6787315526063064,10.000573,11.834364,0,Unknown,auto
all,poisson_learning,PDE/Variational,breast_cancer,R3,tabular,6,1.8859461666666668,2.926021616367618,0.6139,7.856245,0,Unknown,auto
all,poisson_learning,PDE/Variational,iris,R3,tabular,6,0.5543033333333334,0.7776044888321226,0.235312,2.141579,0,Unknown,auto
all,poisson_mbo,PDE/Variational,adult,R3,tabular,6,56.01400633333333,1.8951059101408194,53.556351,59.050397,0,CPU,auto
all,poisson_mbo,PDE/Variational,breast_cancer,R3,tabular,6,2.5705576666666667,2.6433929752789815,1.415617,7.964888,0,CPU,auto
all,poisson_mbo,PDE/Variational,iris,R3,tabular,6,0.6723951666666667,0.7649281967945533,0.332909,2.230699,0,CPU,auto
all,co_training,Wrappers,adult,R3,tabular,6,3.081984333333333,1.5663229206462717,2.436671,6.279217,0,NVIDIA A100-SXM4-80GB|Unknown,auto
all,co_training,Wrappers,breast_cancer,R3,tabular,6,5.605844500000001,4.6104473856069,3.631846,15.016215,0,Tesla V100-SXM2-32GB|Unknown,auto
all,co_training,Wrappers,iris,R3,tabular,6,2.7258166666666668,1.6857626262769816,1.96946,6.16256,0,NVIDIA A100-SXM4-80GB|Unknown,auto
all,deep_co_training,Wrappers,adult,R3,tabular,6,84.24788533333333,1.683924983835759,83.110842,87.500202,0,NVIDIA A100-SXM4-80GB|Unknown,auto
all,deep_co_training,Wrappers,breast_cancer,R3,tabular,6,4.575147333333334,5.564921438185149,2.212197,15.93389,0,Tesla V100-SXM2-32GB|Unknown,auto
all,deep_co_training,Wrappers,iris,R3,tabular,6,1.0201275,1.6171882231424703,0.356436,4.321195,0,NVIDIA A100-SXM4-80GB|Unknown,auto
all,democratic_co_learning,Wrappers,adult,R3,tabular,6,163.25695883333333,17.949138034837475,134.771098,186.700428,0,NVIDIA A100-SXM4-80GB|Unknown,auto
all,democratic_co_learning,Wrappers,breast_cancer,R3,tabular,6,4.269485,4.771870375366038,1.786241,13.971823,0,Tesla V100-SXM2-32GB|Unknown,auto
all,democratic_co_learning,Wrappers,iris,R3,tabular,6,1.3645545,1.6938766482340737,0.344408,4.763259,0,NVIDIA A100-SXM4-80GB|Unknown,auto
all,pseudo_label,Wrappers,adult,R3,tabular,6,62.11620766666667,1.830211851886407,60.660805,65.656,0,NVIDIA A100-SXM4-80GB|Unknown,auto
all,pseudo_label,Wrappers,breast_cancer,R3,tabular,6,4.199183833333334,5.547035884600691,1.716385,15.513871,0,Tesla V100-SXM2-32GB|Unknown,auto
all,pseudo_label,Wrappers,iris,R3,tabular,6,0.9183471666666668,1.5773866613053906,0.250527,4.137705,0,NVIDIA A100-SXM4-80GB|Unknown,auto
all,self_training,Wrappers,adult,R3,tabular,6,62.48940083333333,1.2720106857331672,61.24215,64.82274,0,NVIDIA A100-SXM4-80GB|Unknown,auto
all,self_training,Wrappers,breast_cancer,R3,tabular,6,3.9154975000000003,4.762369298817837,1.383901,13.596463,0,Tesla V100-SXM2-32GB|Unknown,auto
all,self_training,Wrappers,iris,R3,tabular,6,0.9289405,1.5788820439513205,0.251213,4.150677,0,NVIDIA A100-SXM4-80GB|Unknown,auto
all,setred,Wrappers,adult,R3,tabular,6,1.9297821666666666,1.546076920110952,1.218677,5.084291,0,NVIDIA A100-SXM4-80GB|Unknown,auto
all,setred,Wrappers,breast_cancer,R3,tabular,6,4.912614166666667,5.184904912310984,2.731713,15.495651,0,Tesla V100-SXM2-32GB|Unknown,auto
all,setred,Wrappers,iris,R3,tabular,6,1.013822,1.6077939137139436,0.313953,4.295141,0,NVIDIA A100-SXM4-80GB|Unknown,auto
all,tri_training,Wrappers,adult,R3,tabular,6,330.587195,56.19098255574763,222.274803,374.751555,0,NVIDIA A100-SXM4-80GB|Unknown,auto
all,tri_training,Wrappers,breast_cancer,R3,tabular,6,6.7292629999999996,4.497856815920134,4.33451,15.890574,0,Tesla V100-SXM2-32GB|Unknown,auto
all,tri_training,Wrappers,iris,R3,tabular,6,1.756323,1.598068945768611,0.977335,5.009766,0,NVIDIA A100-SXM4-80GB|Unknown,auto
all,trinet,Wrappers,adult,R3,tabular,6,654.4237286666665,55.46432927174141,582.905,695.174268,0,NVIDIA A100-SXM4-80GB|Unknown,auto
all,trinet,Wrappers,breast_cancer,R3,tabular,6,16.98346216666667,5.635982373049065,13.738189,28.371464,0,Tesla V100-SXM2-32GB|Unknown,auto
all,trinet,Wrappers,iris,R3,tabular,6,2.905851833333333,2.3101728178536267,1.89385,7.620144,0,NVIDIA A100-SXM4-80GB|Unknown,auto
all,supervised,Baseline,ag_news,R3,text,6,4.546025166666667,4.9561014641525825,1.389665,12.496543,0,NVIDIA A100-SXM4-80GB|Unknown,auto
all,supervised,Baseline,imdb,R3,text,6,1.9982568333333335,0.935419500753628,1.479172,3.892167,0,NVIDIA A100-SXM4-80GB|Unknown,auto
all,dynamic_label_propagation,Classical transductive,imdb,R3,text,6,826.2538721666666,0.5210123438957759,825.412323,826.872536,0,Unknown,auto
all,graph_mincuts,Classical transductive,imdb,R3,text,6,15.335558,0.22492914785238466,15.107872,15.761458,0,CPU,auto
all,graphhop,Classical transductive,ag_news,R3,text,2,20.154991,0.0,20.154991,20.154991,0,Unknown,auto
all,graphhop,Classical transductive,imdb,R3,text,6,22.432563333333334,12.83826964535015,13.383058,41.495925,0,Unknown,auto
all,label_propagation,Classical transductive,ag_news,R3,text,2,1.474731,0.0,1.474731,1.474731,0,Unknown,auto
all,label_propagation,Classical transductive,imdb,R3,text,6,0.9899168333333334,0.20552401076021912,0.848708,1.396388,0,Unknown,auto
all,label_spreading,Classical transductive,ag_news,R3,text,2,1.381705,0.0,1.381705,1.381705,0,Unknown,auto
all,label_spreading,Classical transductive,imdb,R3,text,6,0.8785786666666665,0.20851917640031734,0.789947,1.304198,0,Unknown,auto
all,lazy_random_walk,Classical transductive,imdb,R3,text,6,20.27052583333333,0.1946127037245176,19.993799,20.56776,0,Unknown,auto
all,mean_teacher,Consistency,ag_news,R3,text,6,600.123117,0.9413075780480857,599.510231,601.863356,0,NVIDIA A100-SXM4-80GB|Unknown,auto
all,mean_teacher,Consistency,imdb,R3,text,6,123.3232105,1.5050896487372112,122.617945,126.391361,0,NVIDIA A100-SXM4-80GB|Unknown,auto
all,pi_model,Consistency,ag_news,R3,text,6,596.6773973333334,0.6585931996756565,596.160596,597.916806,0,NVIDIA A100-SXM4-80GB|Unknown,auto
all,pi_model,Consistency,imdb,R3,text,6,122.53914200000001,0.899811715427845,122.08224,124.366714,0,NVIDIA A100-SXM4-80GB|Unknown,auto
all,temporal_ensembling,Consistency,ag_news,R3,text,6,750.7556291666668,2.575731011272823,747.413189,752.948487,0,NVIDIA A100-SXM4-80GB|Unknown,auto
all,temporal_ensembling,Consistency,imdb,R3,text,6,152.8740635,1.4198568377543939,151.961268,155.747062,0,NVIDIA A100-SXM4-80GB|Unknown,auto
all,vat,Consistency,ag_news,R3,text,2,827.332606,0.0,827.332606,827.332606,0,NVIDIA A100-SXM4-80GB|Unknown,auto
all,vat,Consistency,imdb,R3,text,6,169.83763583333334,0.8809642197622793,169.376092,171.627954,0,NVIDIA A100-SXM4-80GB|Unknown,auto
all,appnp,GNN,ag_news,R3,text,2,79.336539,0.0,79.336539,79.336539,0,Unknown,auto
all,appnp,GNN,imdb,R3,text,6,15.877166000000003,0.8998179070700912,15.309189,17.701448,0,Unknown,auto
all,chebnet,GNN,ag_news,R3,text,2,82.690849,0.0,82.690849,82.690849,0,Unknown,auto
all,chebnet,GNN,imdb,R3,text,6,1.5636364999999997,0.8499421966641615,1.156546,3.297031,0,Unknown,auto
all,gat,GNN,ag_news,R3,text,2,21.235568,0.0,21.235568,21.235568,0,Unknown,auto
all,gat,GNN,imdb,R3,text,6,2.983801666666667,0.9414594141303527,2.291239,4.851251,0,Unknown,auto
all,gcn,GNN,ag_news,R3,text,2,16.221908,0.0,16.221908,16.221908,0,Unknown,auto
all,gcn,GNN,imdb,R3,text,6,1.4399253333333333,0.9107423331734759,0.959117,3.294149,0,Unknown,auto
all,gcnii,GNN,ag_news,R3,text,2,33.578536,0.0,33.578536,33.578536,0,Unknown,auto
all,gcnii,GNN,imdb,R3,text,6,5.8719616666666665,1.2773301134553536,4.241,8.061384,0,Unknown,auto
all,grafn,GNN,ag_news,R3,text,2,28.116752,0.0,28.116752,28.116752,0,Unknown,auto
all,grafn,GNN,imdb,R3,text,6,3.1464736666666666,0.9494116575851943,2.611711,5.021951,0,Unknown,auto
all,grand,GNN,ag_news,R3,text,2,8.273104,0.0,8.273104,8.273104,0,Unknown,auto
all,grand,GNN,imdb,R3,text,6,2.0833836666666667,0.8834839220222781,1.410229,3.83697,0,Unknown,auto
all,graphsage,GNN,ag_news,R3,text,2,3.328236,0.0,3.328236,3.328236,0,Unknown,auto
all,graphsage,GNN,imdb,R3,text,6,1.3760285,0.8854511225366989,0.968199,3.182026,0,Unknown,auto
all,h_gcn,GNN,imdb,R3,text,6,256.02891566666665,3.157099431959376,254.377125,262.461394,0,Unknown,auto
all,n_gcn,GNN,imdb,R3,text,6,178.48326133333333,6.471750425873202,165.370423,182.147228,0,Unknown,auto
all,planetoid,GNN,ag_news,R3,text,2,4233.365791,0.0,4233.365791,4233.365791,0,Unknown,auto
all,planetoid,GNN,imdb,R3,text,6,993.6031846666668,11.54393986532966,985.861495,1015.764383,0,Unknown,auto
all,sgc,GNN,ag_news,R3,text,2,2.679291,0.0,2.679291,2.679291,0,Unknown,auto
all,sgc,GNN,imdb,R3,text,6,2.389825166666667,3.577745228829433,0.901311,9.692792,0,Unknown,auto
all,adamatch,Hybrid,ag_news,R3,text,6,612.5842361666665,2.040956727082831,610.64866,616.271747,0,NVIDIA A100-SXM4-80GB|Unknown,auto
all,adamatch,Hybrid,imdb,R3,text,6,129.87756583333334,2.67138467098256,127.217924,134.253847,0,NVIDIA A100-SXM4-80GB|Unknown,auto
all,comatch,Hybrid,ag_news,R3,text,6,944.4677596666666,3.221657630904732,941.234529,949.58409,0,NVIDIA A100-SXM4-80GB|Unknown,auto
all,comatch,Hybrid,imdb,R3,text,6,193.60000016666666,1.1885795414762024,193.073442,196.023366,0,NVIDIA A100-SXM4-80GB|Unknown,auto
all,daso,Hybrid,ag_news,R3,text,6,743.8920608333333,1.4337557942619634,742.118428,745.205377,0,NVIDIA A100-SXM4-80GB|Unknown,auto
all,daso,Hybrid,imdb,R3,text,6,146.61536933333332,0.8625154086564832,146.0996,148.367695,0,NVIDIA A100-SXM4-80GB|Unknown,auto
all,defixmatch,Hybrid,ag_news,R3,text,6,747.4391101666666,1.9105271329672955,745.357531,749.860987,0,NVIDIA A100-SXM4-80GB|Unknown,auto
all,defixmatch,Hybrid,imdb,R3,text,6,151.05099616666666,1.9933633102020685,150.052851,155.100588,0,NVIDIA A100-SXM4-80GB|Unknown,auto
all,fixmatch,Hybrid,ag_news,R3,text,6,601.263552,2.9121484070647488,599.447553,607.102465,0,NVIDIA A100-SXM4-80GB|Unknown,auto
all,fixmatch,Hybrid,imdb,R3,text,6,122.93950366666667,0.9037027982859552,122.214285,124.674262,0,NVIDIA A100-SXM4-80GB|Unknown,auto
all,flexmatch,Hybrid,ag_news,R3,text,6,639.5679265,3.303392587682475,636.481005,643.73118,0,NVIDIA A100-SXM4-80GB|Unknown,auto
all,flexmatch,Hybrid,imdb,R3,text,6,126.89328816666666,1.2026469590840683,126.306057,129.341548,0,NVIDIA A100-SXM4-80GB|Unknown,auto
all,free_match,Hybrid,ag_news,R3,text,6,658.4084986666667,1.1105008057745347,657.460617,660.491089,0,NVIDIA A100-SXM4-80GB|Unknown,auto
all,free_match,Hybrid,imdb,R3,text,6,136.114817,1.538593267843971,135.415019,139.250927,0,NVIDIA A100-SXM4-80GB|Unknown,auto
all,meta_pseudo_labels,Hybrid,ag_news,R3,text,6,1580.965402,3.1085306502219776,1578.74723,1585.927149,0,NVIDIA A100-SXM4-80GB|Unknown,auto
all,meta_pseudo_labels,Hybrid,imdb,R3,text,6,206.519102,0.8294967400526693,206.04359,208.172299,0,NVIDIA A100-SXM4-80GB|Unknown,auto
all,mixmatch,Hybrid,ag_news,R3,text,6,999.0485723333333,2.0590715697152966,997.292006,1002.649598,0,NVIDIA A100-SXM4-80GB|Unknown,auto
all,mixmatch,Hybrid,imdb,R3,text,6,205.1540825,1.6864772420269136,203.904859,208.18541,0,NVIDIA A100-SXM4-80GB|Unknown,auto
all,noisy_student,Hybrid,ag_news,R3,text,6,614.914408,1.725984190634671,613.3507,617.636623,0,NVIDIA A100-SXM4-80GB|Unknown,auto
all,noisy_student,Hybrid,imdb,R3,text,6,126.4836345,1.3927770944161486,125.797568,129.32044,0,NVIDIA A100-SXM4-80GB|Unknown,auto
all,simclr_v2,Hybrid,ag_news,R3,text,6,397.2635626666667,45.888869175112944,367.013583,456.501949,0,NVIDIA A100-SXM4-80GB|Unknown,auto
all,simclr_v2,Hybrid,imdb,R3,text,6,56.44778349999999,0.8737223769680497,56.077459,58.230968,0,NVIDIA A100-SXM4-80GB|Unknown,auto
all,softmatch,Hybrid,ag_news,R3,text,6,609.7085493333333,0.4917045104746292,609.019067,610.193705,0,NVIDIA A100-SXM4-80GB|Unknown,auto
all,softmatch,Hybrid,imdb,R3,text,6,124.85394716666666,0.8980264809310275,124.396213,126.679642,0,NVIDIA A100-SXM4-80GB|Unknown,auto
all,uda,Hybrid,ag_news,R3,text,2,613.273859,0.0,613.273859,613.273859,0,NVIDIA A100-SXM4-80GB|Unknown,auto
all,uda,Hybrid,imdb,R3,text,6,123.47550666666666,0.8435062637680102,123.042552,125.188619,0,NVIDIA A100-SXM4-80GB|Unknown,auto
all,adsh,Margin-based inductive,ag_news,R3,text,6,724.1951911666666,1.5777062200772742,722.881737,726.613173,0,NVIDIA A100-SXM4-80GB|Unknown,auto
all,adsh,Margin-based inductive,imdb,R3,text,6,148.8436621666667,1.3782970704789872,147.682744,151.345114,0,NVIDIA A100-SXM4-80GB|Unknown,auto
all,tsvm,Margin-based inductive,imdb,R3,text,6,1.1194469999999999,0.0786107256676848,1.078088,1.279461,0,CPU,auto
all,laplace_learning,PDE/Variational,imdb,R3,text,6,5.873956000000001,0.2855603275428854,5.752691,6.456817,0,Unknown,auto
all,p_laplace_learning,PDE/Variational,ag_news,R3,text,2,38165.030654,0.0,38165.030654,38165.030654,0,CPU,auto
all,p_laplace_learning,PDE/Variational,imdb,R3,text,6,3669.1263218333333,949.922195326606,2456.226958,4798.684287,0,CPU,auto
all,poisson_learning,PDE/Variational,ag_news,R3,text,2,42.40517,0.0,42.40517,42.40517,0,Unknown,auto
all,poisson_learning,PDE/Variational,imdb,R3,text,6,1.5515773333333331,0.29271828219410323,1.306408,2.04873,0,Unknown,auto
all,poisson_mbo,PDE/Variational,ag_news,R3,text,2,156.218155,0.0,156.218155,156.218155,0,CPU,auto
all,poisson_mbo,PDE/Variational,imdb,R3,text,6,60.72860266666666,8.104372301819694,55.658307,77.091746,0,CPU,auto
all,co_training,Wrappers,ag_news,R3,text,6,3.318091500000001,0.8224883632705691,2.723237,4.878263,0,Unknown,auto
all,co_training,Wrappers,imdb,R3,text,6,30.437184499999997,12.536387578452509,4.875577,36.706918,0,Unknown,auto
all,deep_co_training,Wrappers,ag_news,R3,text,6,1380.5348494999998,1.4585252847700383,1379.401748,1382.780704,0,NVIDIA A100-SXM4-80GB|Unknown,auto
all,deep_co_training,Wrappers,imdb,R3,text,6,281.645788,0.9089943150152399,281.1812,283.491819,0,NVIDIA A100-SXM4-80GB|Unknown,auto
all,setred,Wrappers,ag_news,R3,text,6,0.9498414999999999,0.7415070992919084,0.641806,2.463362,0,Unknown,auto
all,setred,Wrappers,imdb,R3,text,6,1.6256153333333334,1.8377262443463842,0.869988,5.376846,0,Unknown,auto
all,supervised,Baseline,cifar10,R3,vision,6,2.2259308333333334,1.9373062265000252,1.407982,6.180092,0,NVIDIA A100-SXM4-80GB|Unknown,auto
all,supervised,Baseline,cifar100,R3,vision,6,2.126213333333333,1.1276997282145043,1.218282,4.379234,0,NVIDIA A100-SXM4-80GB|Unknown,auto
all,supervised,Baseline,mnist,R3,vision,6,2.389626666666666,2.518489793960076,1.348992,7.530422,0,NVIDIA A100-SXM4-80GB|Unknown,auto
all,graph_mincuts,Classical transductive,cifar100,R3,vision,6,0.378287,0.3835869591328672,0.218614,1.161274,0,CPU,auto
all,graph_mincuts,Classical transductive,mnist,R3,vision,6,0.4106889999999999,0.1682553495387294,0.333808,0.754023,0,CPU,auto
all,graphhop,Classical transductive,cifar10,R3,vision,2,16.545007,0.0,16.545007,16.545007,0,Unknown,auto
all,graphhop,Classical transductive,cifar100,R3,vision,6,30.77065783333333,1.5577323283977156,29.590515,33.890602,0,Unknown,auto
all,graphhop,Classical transductive,mnist,R3,vision,6,16.684472333333336,2.2840106333999124,15.2571,21.146646,0,Unknown,auto
all,label_propagation,Classical transductive,cifar10,R3,vision,2,0.794416,0.0,0.794416,0.794416,0,Unknown,auto
all,label_propagation,Classical transductive,cifar100,R3,vision,6,0.9857076666666665,0.3037193972815478,0.636237,1.549378,0,Unknown,auto
all,label_propagation,Classical transductive,mnist,R3,vision,6,0.9408753333333334,0.411733606806958,0.763564,1.781187,0,Unknown,auto
all,label_spreading,Classical transductive,cifar10,R3,vision,2,0.679316,0.0,0.679316,0.679316,0,Unknown,auto
all,label_spreading,Classical transductive,cifar100,R3,vision,6,0.685378,0.19872887180477825,0.535681,1.073921,0,Unknown,auto
all,label_spreading,Classical transductive,mnist,R3,vision,6,0.49277533333333334,0.2860598331976488,0.368884,1.076587,0,Unknown,auto
all,lazy_random_walk,Classical transductive,cifar100,R3,vision,6,0.3661348333333334,0.2875843994895527,0.222843,0.943873,0,Unknown,auto
all,lazy_random_walk,Classical transductive,mnist,R3,vision,6,0.6364656666666666,0.2531748637686346,0.531229,1.153219,0,Unknown,auto
all,mean_teacher,Consistency,cifar10,R3,vision,2,266.953367,0.0,266.953367,266.953367,0,NVIDIA A100-SXM4-80GB|Unknown,auto
all,mean_teacher,Consistency,cifar100,R3,vision,6,255.38261666666668,3.141088379829692,251.870849,259.363305,0,NVIDIA A100-SXM4-80GB|Unknown,auto
all,mean_teacher,Consistency,mnist,R3,vision,6,309.49931083333337,4.54224576853677,305.891641,318.467261,0,NVIDIA A100-SXM4-80GB|Unknown,auto
all,pi_model,Consistency,cifar10,R3,vision,6,282.415285,3.285089486789481,279.402028,287.291813,0,NVIDIA A100-SXM4-80GB|Unknown,auto
all,pi_model,Consistency,cifar100,R3,vision,6,261.460736,1.0540739281126421,260.213861,263.23531,0,NVIDIA A100-SXM4-80GB|Unknown,auto
all,pi_model,Consistency,mnist,R3,vision,6,348.8653918333334,15.264872720005524,333.310525,373.661996,0,NVIDIA A100-SXM4-80GB|Unknown,auto
all,temporal_ensembling,Consistency,cifar10,R3,vision,6,298.32579749999996,7.961476824794799,293.726892,314.333929,0,NVIDIA A100-SXM4-80GB|Unknown,auto
all,temporal_ensembling,Consistency,cifar100,R3,vision,6,288.8249236666667,2.596149682402435,287.079223,293.200821,0,NVIDIA A100-SXM4-80GB|Unknown,auto
all,temporal_ensembling,Consistency,mnist,R3,vision,6,371.7671485000001,13.028466474730974,352.766959,387.182183,0,NVIDIA A100-SXM4-80GB|Unknown,auto
all,vat,Consistency,cifar10,R3,vision,6,377.41445016666665,5.807625306154092,371.014786,386.990494,0,NVIDIA A100-SXM4-80GB|Unknown,auto
all,vat,Consistency,cifar100,R3,vision,6,358.7509176666667,2.530027546913577,356.489584,363.743781,0,NVIDIA A100-SXM4-80GB|Unknown,auto
all,vat,Consistency,mnist,R3,vision,6,439.3206268333333,3.985660441314166,436.896837,446.93441,0,NVIDIA A100-SXM4-80GB|Unknown,auto
all,appnp,GNN,cifar10,R3,vision,2,26.3574,0.0,26.3574,26.3574,0,Unknown,auto
all,appnp,GNN,cifar100,R3,vision,6,27.087269333333328,1.1480442515718063,26.604131,29.430572,0,Unknown,auto
all,appnp,GNN,mnist,R3,vision,6,1.5765909999999999,0.8200945603882518,1.214548,3.248908,0,Unknown,auto
all,chebnet,GNN,cifar10,R3,vision,2,3.839889,0.0,3.839889,3.839889,0,Unknown,auto
all,chebnet,GNN,cifar100,R3,vision,6,3.239307333333333,0.8507753386293392,2.342722,4.80928,0,Unknown,auto
all,chebnet,GNN,mnist,R3,vision,6,3.3819518333333334,0.8703897567690964,2.546599,5.063791,0,Unknown,auto
all,gat,GNN,cifar10,R3,vision,2,4.296054,0.0,4.296054,4.296054,0,Unknown,auto
all,gat,GNN,cifar100,R3,vision,6,3.9471971666666668,0.9952938704799538,3.484762,5.972189,0,Unknown,auto
all,gat,GNN,mnist,R3,vision,6,3.8657601666666666,0.8600627245917396,3.306419,5.584159,0,Unknown,auto
all,gcn,GNN,cifar10,R3,vision,2,2.42952,0.0,2.42952,2.42952,0,Unknown,auto
all,gcn,GNN,cifar100,R3,vision,6,1.2762296666666668,0.9181242188450682,0.82784,3.146643,0,Unknown,auto
all,gcn,GNN,mnist,R3,vision,6,1.0510138333333334,0.8057130698811872,0.6126,2.689261,0,Unknown,auto
all,gcnii,GNN,cifar10,R3,vision,2,9.276538,0.0,9.276538,9.276538,0,Unknown,auto
all,gcnii,GNN,cifar100,R3,vision,6,6.036210166666666,0.9871996990747952,5.342368,8.023824,0,Unknown,auto
all,gcnii,GNN,mnist,R3,vision,6,8.399462166666666,0.5509315573885437,7.744283,9.08128,0,Unknown,auto
all,grafn,GNN,cifar10,R3,vision,2,5.097146,0.0,5.097146,5.097146,0,Unknown,auto
all,grafn,GNN,cifar100,R3,vision,6,3.8543185,1.149802899145371,2.947312,5.340296,0,Unknown,auto
all,grafn,GNN,mnist,R3,vision,6,6.358625833333334,2.143764330609913,4.920185,10.352249,0,Unknown,auto
all,grand,GNN,cifar10,R3,vision,2,14.077974,0.0,14.077974,14.077974,0,Unknown,auto
all,grand,GNN,cifar100,R3,vision,6,18.66433316666667,1.6708590878610217,17.11202,21.678618,0,Unknown,auto
all,grand,GNN,mnist,R3,vision,6,30.87347166666667,4.411907813163039,26.927063,38.422735,0,Unknown,auto
all,graphsage,GNN,cifar10,R3,vision,2,6.585875,0.0,6.585875,6.585875,0,Unknown,auto
all,graphsage,GNN,cifar100,R3,vision,6,1.8473081666666669,1.3132961540870232,1.272433,4.525961,0,Unknown,auto
all,graphsage,GNN,mnist,R3,vision,6,2.118871,1.0637661385727597,1.532421,4.283307,0,Unknown,auto
all,h_gcn,GNN,cifar100,R3,vision,6,517.2393863333333,3.66025158781318,512.954864,521.955374,0,Unknown,auto
all,planetoid,GNN,cifar10,R3,vision,2,1288.227765,0.0,1288.227765,1288.227765,0,Unknown,auto
all,planetoid,GNN,cifar100,R3,vision,2,1305.177611,0.0,1305.177611,1305.177611,0,Unknown,auto
all,planetoid,GNN,mnist,R3,vision,6,1591.6067423333334,8.602075154601392,1583.003422,1603.379193,0,Unknown,auto
all,sgc,GNN,cifar10,R3,vision,2,2.246212,0.0,2.246212,2.246212,0,Unknown,auto
all,sgc,GNN,cifar100,R3,vision,2,5.834072,0.0,5.834072,5.834072,0,Unknown,auto
all,sgc,GNN,mnist,R3,vision,6,0.7242801666666666,0.8072003851444612,0.373715,2.371463,0,Unknown,auto
all,adamatch,Hybrid,cifar10,R3,vision,2,282.416376,0.0,282.416376,282.416376,0,NVIDIA A100-SXM4-80GB|Unknown,auto
all,adamatch,Hybrid,cifar100,R3,vision,2,272.560033,0.0,272.560033,272.560033,0,NVIDIA A100-SXM4-80GB|Unknown,auto
all,adamatch,Hybrid,mnist,R3,vision,6,333.4834101666667,7.148953976632086,325.761788,343.946991,0,NVIDIA A100-SXM4-80GB|Unknown,auto
all,comatch,Hybrid,cifar10,R3,vision,2,391.961756,0.0,391.961756,391.961756,0,NVIDIA A100-SXM4-80GB|Unknown,auto
all,comatch,Hybrid,cifar100,R3,vision,2,384.680078,0.0,384.680078,384.680078,0,NVIDIA A100-SXM4-80GB|Unknown,auto
all,comatch,Hybrid,mnist,R3,vision,6,494.501243,12.124213252065676,485.820914,518.189996,0,NVIDIA A100-SXM4-80GB|Unknown,auto
all,daso,Hybrid,cifar10,R3,vision,2,355.577912,0.0,355.577912,355.577912,0,NVIDIA A100-SXM4-80GB|Unknown,auto
all,daso,Hybrid,cifar100,R3,vision,2,512.833004,0.0,512.833004,512.833004,0,NVIDIA A100-SXM4-80GB|Unknown,auto
all,daso,Hybrid,mnist,R3,vision,6,446.8150008333334,10.28460399252609,429.184721,458.434962,0,NVIDIA A100-SXM4-80GB|Unknown,auto
all,defixmatch,Hybrid,cifar10,R3,vision,2,369.684361,0.0,369.684361,369.684361,0,NVIDIA A100-SXM4-80GB|Unknown,auto
all,defixmatch,Hybrid,cifar100,R3,vision,6,356.800246,2.6589344687581193,355.082709,361.772942,0,NVIDIA A100-SXM4-80GB|Unknown,auto
all,defixmatch,Hybrid,mnist,R3,vision,6,458.163482,5.456706405911181,453.125858,466.666588,0,NVIDIA A100-SXM4-80GB|Unknown,auto
all,fixmatch,Hybrid,cifar10,R3,vision,2,271.637851,0.0,271.637851,271.637851,0,NVIDIA A100-SXM4-80GB|Unknown,auto
all,fixmatch,Hybrid,cifar100,R3,vision,6,259.5926876666667,2.066412623550734,257.80622,263.159142,0,NVIDIA A100-SXM4-80GB|Unknown,auto
all,fixmatch,Hybrid,mnist,R3,vision,6,330.53841616666665,16.13525602449156,318.7569,354.271327,0,NVIDIA A100-SXM4-80GB|Unknown,auto
all,flexmatch,Hybrid,cifar10,R3,vision,2,342.66342,0.0,342.66342,342.66342,0,NVIDIA A100-SXM4-80GB|Unknown,auto
all,flexmatch,Hybrid,cifar100,R3,vision,6,334.350718,10.799301253231114,320.22255,345.429053,0,NVIDIA A100-SXM4-80GB|Unknown,auto
all,flexmatch,Hybrid,mnist,R3,vision,6,370.0130186666667,5.272519137504334,362.092215,376.913886,0,NVIDIA A100-SXM4-80GB|Unknown,auto
all,free_match,Hybrid,cifar10,R3,vision,2,305.467318,0.0,305.467318,305.467318,0,NVIDIA A100-SXM4-80GB|Unknown,auto
all,free_match,Hybrid,cifar100,R3,vision,6,284.28448149999997,2.9047212920500782,282.080532,289.831324,0,NVIDIA A100-SXM4-80GB|Unknown,auto
all,free_match,Hybrid,mnist,R3,vision,6,345.61177649999996,3.186475369969273,341.494381,349.976285,0,NVIDIA A100-SXM4-80GB|Unknown,auto
all,meta_pseudo_labels,Hybrid,cifar10,R3,vision,6,493.99314783333335,1.9702563197426237,492.270502,497.103125,0,NVIDIA A100-SXM4-80GB|Unknown,auto
all,meta_pseudo_labels,Hybrid,cifar100,R3,vision,6,472.71580816666665,11.496439566973303,464.332771,494.174948,0,NVIDIA A100-SXM4-80GB|Unknown,auto
all,meta_pseudo_labels,Hybrid,mnist,R3,vision,6,594.5056933333334,5.9929918136006295,586.376152,603.72739,0,NVIDIA A100-SXM4-80GB|Unknown,auto
all,mixmatch,Hybrid,cifar10,R3,vision,6,237.84726666666666,3.064775346138624,235.257793,243.940478,0,NVIDIA A100-SXM4-80GB|Unknown,auto
all,mixmatch,Hybrid,cifar100,R3,vision,6,225.62562233333333,2.437464720189462,222.018039,229.494067,0,NVIDIA A100-SXM4-80GB|Unknown,auto
all,mixmatch,Hybrid,mnist,R3,vision,6,289.07014699999996,3.499113866575031,284.169422,293.074679,0,NVIDIA A100-SXM4-80GB|Unknown,auto
all,noisy_student,Hybrid,cifar10,R3,vision,6,256.22573266666666,3.69883082044181,251.666651,262.02587,0,NVIDIA A100-SXM4-80GB|Unknown,auto
all,noisy_student,Hybrid,cifar100,R3,vision,6,237.80742733333332,1.8332417787466728,235.356719,240.188222,0,NVIDIA A100-SXM4-80GB|Unknown,auto
all,noisy_student,Hybrid,mnist,R3,vision,6,300.9089325,10.066186053239937,290.978185,319.428296,0,NVIDIA A100-SXM4-80GB|Unknown,auto
all,simclr_v2,Hybrid,cifar10,R3,vision,6,126.80305133333333,48.14966044308768,105.760501,225.069101,0,NVIDIA A100-SXM4-80GB|Unknown,auto
all,simclr_v2,Hybrid,cifar100,R3,vision,6,107.47477599999998,3.994447532266858,104.305477,115.358753,0,NVIDIA A100-SXM4-80GB|Unknown,auto
all,simclr_v2,Hybrid,mnist,R3,vision,6,130.87054683333332,3.310347129736246,128.942695,137.315389,0,NVIDIA A100-SXM4-80GB|Unknown,auto
all,softmatch,Hybrid,cifar10,R3,vision,6,275.02722466666665,1.7942975241675732,273.565537,278.272799,0,NVIDIA A100-SXM4-80GB|Unknown,auto
all,softmatch,Hybrid,cifar100,R3,vision,6,261.8154656666666,1.7347457835079592,258.887418,264.026762,0,NVIDIA A100-SXM4-80GB|Unknown,auto
all,softmatch,Hybrid,mnist,R3,vision,6,343.66652483333337,5.753258318413594,335.800383,351.654121,0,NVIDIA A100-SXM4-80GB|Unknown,auto
all,uda,Hybrid,cifar10,R3,vision,6,271.43316483333336,5.170576011880509,267.649522,281.519813,0,NVIDIA A100-SXM4-80GB|Unknown,auto
all,uda,Hybrid,cifar100,R3,vision,6,279.2161791666667,5.495308558882,273.106019,285.820224,0,NVIDIA A100-SXM4-80GB|Unknown,auto
all,uda,Hybrid,mnist,R3,vision,6,326.34358033333336,1.4361233921542473,324.067874,327.754919,0,NVIDIA A100-SXM4-80GB|Unknown,auto
all,adsh,Margin-based inductive,cifar10,R3,vision,2,304.907328,0.0,304.907328,304.907328,0,NVIDIA A100-SXM4-80GB|Unknown,auto
all,adsh,Margin-based inductive,cifar100,R3,vision,2,356.614303,0.0,356.614303,356.614303,0,NVIDIA A100-SXM4-80GB|Unknown,auto
all,adsh,Margin-based inductive,mnist,R3,vision,6,378.4815878333333,1.3364880117522127,376.659203,380.818351,0,NVIDIA A100-SXM4-80GB|Unknown,auto
all,laplace_learning,PDE/Variational,cifar100,R3,vision,6,113.19755216666665,133.20259640681752,11.415828,284.831601,0,Unknown,auto
all,laplace_learning,PDE/Variational,mnist,R3,vision,6,13.639917166666665,0.4218281406124616,13.443718,14.500619,0,Unknown,auto
all,poisson_learning,PDE/Variational,cifar10,R3,vision,2,44.838155,0.0,44.838155,44.838155,0,Unknown,auto
all,poisson_learning,PDE/Variational,cifar100,R3,vision,2,443.183553,0.0,443.183553,443.183553,0,Unknown,auto
all,poisson_learning,PDE/Variational,mnist,R3,vision,6,56.23935649999999,0.21618662688681645,55.925586,56.420282,0,Unknown,auto
all,poisson_mbo,PDE/Variational,cifar10,R3,vision,2,124.051754,0.0,124.051754,124.051754,0,CPU,auto
all,poisson_mbo,PDE/Variational,cifar100,R3,vision,2,947.475879,0.0,947.475879,947.475879,0,CPU,auto
all,poisson_mbo,PDE/Variational,mnist,R3,vision,6,161.92930783333335,1.0978353311107136,160.478393,163.539699,0,CPU,auto
all,co_training,Wrappers,cifar10,R3,vision,2,9.474669,0.0,9.474669,9.474669,0,Unknown,auto
all,co_training,Wrappers,cifar100,R3,vision,2,2991.817496,0.0,2991.817496,2991.817496,0,Unknown,auto
all,co_training,Wrappers,mnist,R3,vision,6,7.453515833333333,2.1811072515659027,6.358757,11.899261,0,Unknown,auto
all,deep_co_training,Wrappers,cifar10,R3,vision,6,677.7319558333332,109.43516308008684,617.599741,899.465683,0,NVIDIA A100-SXM4-80GB|Unknown,auto
all,deep_co_training,Wrappers,cifar100,R3,vision,6,608.16428,4.65684138795042,603.898279,616.077898,0,NVIDIA A100-SXM4-80GB|Unknown,auto
all,deep_co_training,Wrappers,mnist,R3,vision,6,768.2989284999999,11.970084756381407,752.694906,789.220829,0,NVIDIA A100-SXM4-80GB|Unknown,auto
all,democratic_co_learning,Wrappers,cifar10,R3,vision,2,2087.309075,0.0,2087.309075,2087.309075,0,NVIDIA A100-SXM4-80GB|Unknown,auto
all,democratic_co_learning,Wrappers,cifar100,R3,vision,6,915.5421201666668,877.998827479153,166.455399,2115.326594,0,NVIDIA A100-SXM4-80GB|Unknown,auto
all,democratic_co_learning,Wrappers,mnist,R3,vision,6,1643.1940021666667,1217.5194056600421,3.256696,2535.571434,0,NVIDIA A100-SXM4-80GB|Unknown,auto
all,pseudo_label,Wrappers,cifar10,R3,vision,6,2.624276333333333,1.8683849364068064,1.761343,6.43291,0,NVIDIA A100-SXM4-80GB|Unknown,auto
all,pseudo_label,Wrappers,cifar100,R3,vision,6,3.023642,1.0475305902695158,2.529687,5.157923,0,NVIDIA A100-SXM4-80GB|Unknown,auto
all,pseudo_label,Wrappers,mnist,R3,vision,6,3.003843666666667,2.9936994842992957,1.77158,9.114682,0,NVIDIA A100-SXM4-80GB|Unknown,auto
all,self_training,Wrappers,cifar10,R3,vision,6,1.9290061666666667,1.2438711172483132,1.413757,4.468032,0,NVIDIA A100-SXM4-80GB|Unknown,auto
all,self_training,Wrappers,cifar100,R3,vision,6,2.7933226666666666,0.9690434648649496,2.388307,4.771315,0,NVIDIA A100-SXM4-80GB|Unknown,auto
all,self_training,Wrappers,mnist,R3,vision,6,1.8546965000000002,0.9571529129644333,1.462922,3.808476,0,NVIDIA A100-SXM4-80GB|Unknown,auto
all,setred,Wrappers,cifar10,R3,vision,6,4.24695,4.410373018365045,2.306807,13.247743,0,Unknown,auto
all,setred,Wrappers,cifar100,R3,vision,6,301.2058196666667,34.45732638383663,282.138582,371.012642,0,Unknown,auto
all,setred,Wrappers,mnist,R3,vision,6,4.376257666666667,2.010738446964166,3.340319,8.464338,0,Unknown,auto
all,tri_training,Wrappers,cifar10,R3,vision,6,2471.059811333333,78.15813743644557,2394.363206,2579.721035,0,NVIDIA A100-SXM4-80GB|Unknown,auto
all,tri_training,Wrappers,cifar100,R3,vision,6,2344.4682651666667,141.3900760224925,2197.820756,2550.591889,0,NVIDIA A100-SXM4-80GB|Unknown,auto
all,tri_training,Wrappers,mnist,R3,vision,6,2937.4409045000007,46.21825747254062,2852.354271,2992.38607,0,NVIDIA A100-SXM4-80GB|Unknown,auto
all,supervised,Baseline,citeseer,R4,graph,6,1.1514575,2.3306619038736396,0.170776,5.9088,0,NVIDIA A100-SXM4-80GB|Unknown,auto
all,supervised,Baseline,cora,R4,graph,6,1.4478594999999999,2.887009297342269,0.265918,7.34094,0,Tesla V100-SXM2-32GB|Unknown,auto
all,supervised,Baseline,pubmed,R4,graph,6,1.113803833333333,2.3432819058001035,0.154501,5.897004,0,NVIDIA A100-SXM4-80GB|Unknown,auto
all,dynamic_label_propagation,Classical transductive,citeseer,R4,graph,6,0.4436436666666667,0.22045283185358874,0.351341,0.893622,0,Unknown,auto
all,dynamic_label_propagation,Classical transductive,cora,R4,graph,6,0.6155836666666666,0.20253706339005378,0.515116,1.028225,0,Unknown,auto
all,dynamic_label_propagation,Classical transductive,pubmed,R4,graph,6,52.767753333333324,0.2532818132244529,52.534893,53.125251,0,Unknown,auto
all,graph_mincuts,Classical transductive,citeseer,R4,graph,6,0.1860555,0.2684282271392112,0.07493,0.733968,0,CPU,auto
all,graph_mincuts,Classical transductive,cora,R4,graph,6,0.1889436666666667,0.2895135106668887,0.064936,0.779655,0,CPU,auto
all,graph_mincuts,Classical transductive,pubmed,R4,graph,6,0.1619235,0.14378576118204472,0.097249,0.454934,0,CPU,auto
all,graphhop,Classical transductive,citeseer,R4,graph,6,12.235293166666667,1.7191345681382149,10.612162,14.270677,0,Unknown,auto
all,graphhop,Classical transductive,cora,R4,graph,6,15.959380666666668,1.3565767439054333,15.023887,18.684221,0,Unknown,auto
all,graphhop,Classical transductive,pubmed,R4,graph,6,15.112225333333335,1.8802538440624097,13.097992,18.25655,0,Unknown,auto
all,label_propagation,Classical transductive,citeseer,R4,graph,6,0.19448166666666666,0.14706942329888514,0.133348,0.494668,0,Unknown,auto
all,label_propagation,Classical transductive,cora,R4,graph,6,0.21046333333333334,0.14345108687586397,0.144706,0.503013,0,Unknown,auto
all,label_propagation,Classical transductive,pubmed,R4,graph,6,0.18233816666666666,0.14126579724111094,0.121777,0.470608,0,Unknown,auto
all,label_spreading,Classical transductive,citeseer,R4,graph,6,0.1743055,0.15805529346118086,0.107412,0.496892,0,Unknown,auto
all,label_spreading,Classical transductive,cora,R4,graph,6,0.19604666666666667,0.16794582263416574,0.120214,0.538671,0,Unknown,auto
all,label_spreading,Classical transductive,pubmed,R4,graph,6,0.1745711666666667,0.15402466637576812,0.110811,0.488968,0,Unknown,auto
all,lazy_random_walk,Classical transductive,citeseer,R4,graph,6,0.15028066666666667,0.19614704977405767,0.056529,0.549487,0,Unknown,auto
all,lazy_random_walk,Classical transductive,cora,R4,graph,6,0.22246333333333335,0.2299580556255133,0.124528,0.691836,0,Unknown,auto
all,lazy_random_walk,Classical transductive,pubmed,R4,graph,6,1.7005321666666664,0.33231049859516426,1.539213,2.375962,0,Unknown,auto
all,mean_teacher,Consistency,citeseer,R4,graph,6,1.2485643333333332,2.2577237696222863,0.320777,5.857117,0,NVIDIA A100-SXM4-80GB|Unknown,auto
all,mean_teacher,Consistency,cora,R4,graph,6,1.6021271666666668,2.906051318022751,0.412121,7.534078,0,Tesla V100-SXM2-32GB|Unknown,auto
all,mean_teacher,Consistency,pubmed,R4,graph,6,1.2509959999999998,2.3561419861360644,0.283458,6.060413,0,NVIDIA A100-SXM4-80GB|Unknown,auto
all,pi_model,Consistency,citeseer,R4,graph,6,1.203802,2.207303054977816,0.298262,5.709437,0,NVIDIA A100-SXM4-80GB|Unknown,auto
all,pi_model,Consistency,cora,R4,graph,6,1.5260230000000001,2.7888179726990425,0.385108,7.218672,0,Tesla V100-SXM2-32GB|Unknown,auto
all,pi_model,Consistency,pubmed,R4,graph,6,1.2417090000000002,2.362702722019256,0.275098,6.064555,0,NVIDIA A100-SXM4-80GB|Unknown,auto
all,temporal_ensembling,Consistency,citeseer,R4,graph,6,1.2674755000000002,2.3064571951523183,0.317539,5.975475,0,NVIDIA A100-SXM4-80GB|Unknown,auto
all,temporal_ensembling,Consistency,cora,R4,graph,6,1.5941285,2.826730901670037,0.436816,7.364163,0,Tesla V100-SXM2-32GB|Unknown,auto
all,temporal_ensembling,Consistency,pubmed,R4,graph,6,1.2500171666666664,2.3570506085672758,0.284177,6.061317,0,NVIDIA A100-SXM4-80GB|Unknown,auto
all,vat,Consistency,citeseer,R4,graph,6,1.3662115000000001,2.4793685179703115,0.348441,6.427195,0,NVIDIA A100-SXM4-80GB|Unknown,auto
all,vat,Consistency,cora,R4,graph,6,1.6350395000000002,2.808809988327352,0.473905,7.368469,0,Tesla V100-SXM2-32GB|Unknown,auto
all,vat,Consistency,pubmed,R4,graph,6,1.2972724999999998,2.3823840468912434,0.323181,6.160293,0,NVIDIA A100-SXM4-80GB|Unknown,auto
all,appnp,GNN,citeseer,R4,graph,6,0.8609796666666667,0.7935449798262647,0.484758,2.466397,0,Unknown,auto
all,appnp,GNN,cora,R4,graph,6,0.9873191666666665,0.9966130971399918,0.560899,3.021326,0,Unknown,auto
all,appnp,GNN,pubmed,R4,graph,6,1.0557916666666667,0.8001310551687559,0.603367,2.674565,0,Unknown,auto
all,chebnet,GNN,citeseer,R4,graph,6,0.9220955000000001,0.8303324820277116,0.579807,2.616981,0,Unknown,auto
all,chebnet,GNN,cora,R4,graph,6,1.1664981666666667,1.3772139724281653,0.505129,3.965603,0,Unknown,auto
all,chebnet,GNN,pubmed,R4,graph,6,1.5290793333333337,0.6578651876512898,1.01167,2.783593,0,Unknown,auto
all,gat,GNN,citeseer,R4,graph,6,1.356308,0.7755162372654747,0.848171,2.926209,0,Unknown,auto
all,gat,GNN,cora,R4,graph,6,1.881823,1.0223810150138746,1.255827,3.957517,0,Unknown,auto
all,gat,GNN,pubmed,R4,graph,6,1.5987216666666664,0.8422645346679787,1.244055,3.317931,0,Unknown,auto
all,gcn,GNN,citeseer,R4,graph,6,0.630551,0.7889993368309,0.235401,2.236962,0,Unknown,auto
all,gcn,GNN,cora,R4,graph,6,0.8794706666666666,1.0821780614524885,0.310584,3.084335,0,Unknown,auto
all,gcn,GNN,pubmed,R4,graph,6,0.7922253333333334,0.8022599879684058,0.378591,2.427442,0,Unknown,auto
all,gcnii,GNN,citeseer,R4,graph,6,1.5223673333333332,0.8577524540977232,0.959901,2.968099,0,Unknown,auto
all,gcnii,GNN,cora,R4,graph,6,1.9918411666666664,0.9658613479727652,1.466767,3.953009,0,Unknown,auto
all,gcnii,GNN,pubmed,R4,graph,6,2.9292599999999998,1.0544284837560107,2.02666,4.552597,0,Unknown,auto
all,grafn,GNN,citeseer,R4,graph,6,1.3547208333333334,0.9690073447922707,0.830184,3.290241,0,Unknown,auto
all,grafn,GNN,cora,R4,graph,6,2.010182833333333,0.9957508380516518,1.291547,3.991073,0,Unknown,auto
all,grafn,GNN,pubmed,R4,graph,6,1.5354970000000001,0.8761836583280928,0.974422,3.306041,0,Unknown,auto
all,grand,GNN,citeseer,R4,graph,6,3.5781188333333334,0.798193324953151,3.219571,5.206509,0,Unknown,auto
all,grand,GNN,cora,R4,graph,6,2.983362833333333,1.0277775814559136,2.470619,5.075756,0,Unknown,auto
all,grand,GNN,pubmed,R4,graph,6,8.408553666666664,2.3477744454476595,5.279129,10.380759,0,Unknown,auto
all,graphsage,GNN,citeseer,R4,graph,6,0.655895,0.8037527333241237,0.325515,2.296541,0,Unknown,auto
all,graphsage,GNN,cora,R4,graph,6,1.0700661666666667,1.5064447314870089,0.333497,4.122842,0,Unknown,auto
all,graphsage,GNN,pubmed,R4,graph,6,0.9100621666666667,0.7627692582115293,0.41197,2.419889,0,Unknown,auto
all,h_gcn,GNN,citeseer,R4,graph,6,3.550244333333333,1.5425124070904153,1.868146,5.985044,0,Unknown,auto
all,h_gcn,GNN,cora,R4,graph,6,3.2393208333333336,1.2166564445404326,1.751122,4.838784,0,Unknown,auto
all,h_gcn,GNN,pubmed,R4,graph,6,34.744581000000004,6.106619410905711,28.56641,41.037824,0,Unknown,auto
all,n_gcn,GNN,citeseer,R4,graph,6,13.218315333333335,0.7988714646614101,12.847824,14.838562,0,Unknown,auto
all,n_gcn,GNN,cora,R4,graph,6,6.257129333333334,1.0169884578829138,5.757885,8.324804,0,Unknown,auto
all,n_gcn,GNN,pubmed,R4,graph,6,90.41006283333333,1.228679253755579,88.103273,91.61443,0,Unknown,auto
all,planetoid,GNN,citeseer,R4,graph,6,42.77532983333333,1.0527674629883683,42.011039,44.879056,0,Unknown,auto
all,planetoid,GNN,cora,R4,graph,6,173.879802,2.9097971751594676,172.451757,179.798889,0,Unknown,auto
all,planetoid,GNN,pubmed,R4,graph,6,287.5062858333334,2.6264858567171023,284.963104,290.807701,0,Unknown,auto
all,sgc,GNN,citeseer,R4,graph,6,0.5649101666666666,1.0174479072413323,0.148274,2.641766,0,Unknown,auto
all,sgc,GNN,cora,R4,graph,6,0.5690771666666666,1.0108012377421025,0.152018,2.632308,0,Unknown,auto
all,sgc,GNN,pubmed,R4,graph,6,0.5056046666666667,0.7701709858231915,0.172014,2.077373,0,Unknown,auto
all,adamatch,Hybrid,citeseer,R4,graph,6,18.2664715,43.898597433316446,0.340263,107.874108,0,NVIDIA A100-SXM4-80GB|Unknown,auto
all,adamatch,Hybrid,cora,R4,graph,6,4.5711565,10.125200251825023,0.4329,25.239132,0,Tesla V100-SXM2-32GB|Unknown,auto
all,adamatch,Hybrid,pubmed,R4,graph,6,3.975925833333333,8.978228338785184,0.306458,22.302657,0,NVIDIA A100-SXM4-80GB|Unknown,auto
all,comatch,Hybrid,citeseer,R4,graph,6,1.3425283333333333,2.2482782753980137,0.420787,5.931802,0,NVIDIA A100-SXM4-80GB|Unknown,auto
all,comatch,Hybrid,cora,R4,graph,6,1.7413278333333333,2.8204118723255593,0.584353,7.498448,0,Tesla V100-SXM2-32GB|Unknown,auto
all,comatch,Hybrid,pubmed,R4,graph,6,1.3828373333333335,2.429943552088457,0.385707,6.342932,0,NVIDIA A100-SXM4-80GB|Unknown,auto
all,daso,Hybrid,citeseer,R4,graph,6,1.3254985,2.230391031181102,0.406797,5.878255,0,NVIDIA A100-SXM4-80GB|Unknown,auto
all,daso,Hybrid,cora,R4,graph,6,1.6481816666666667,2.7303156530430446,0.53141,7.221414,0,Tesla V100-SXM2-32GB|Unknown,auto
all,daso,Hybrid,pubmed,R4,graph,6,1.3743313333333331,2.503972715148523,0.351043,6.485544,0,NVIDIA A100-SXM4-80GB|Unknown,auto
all,defixmatch,Hybrid,citeseer,R4,graph,6,1.3490168333333334,2.3531735077981324,0.381535,6.152406,0,NVIDIA A100-SXM4-80GB|Unknown,auto
all,defixmatch,Hybrid,cora,R4,graph,6,2.4322623333333335,3.6102386882713264,0.809095,9.799283,0,Tesla V100-SXM2-32GB|Unknown,auto
all,defixmatch,Hybrid,pubmed,R4,graph,6,1.3131228333333334,2.348488325515323,0.351605,6.106951,0,NVIDIA A100-SXM4-80GB|Unknown,auto
all,fixmatch,Hybrid,citeseer,R4,graph,6,1.2168303333333335,2.2010000292782976,0.315615,5.709602,0,NVIDIA A100-SXM4-80GB|Unknown,auto
all,fixmatch,Hybrid,cora,R4,graph,6,1.5951993333333334,2.9210218499637186,0.400715,7.557709,0,Tesla V100-SXM2-32GB|Unknown,auto
all,fixmatch,Hybrid,pubmed,R4,graph,6,1.2281195,2.341469307798482,0.269231,6.00762,0,NVIDIA A100-SXM4-80GB|Unknown,auto
all,flexmatch,Hybrid,citeseer,R4,graph,6,1.2228351666666666,2.1968224330770494,0.320889,5.707077,0,NVIDIA A100-SXM4-80GB|Unknown,auto
all,flexmatch,Hybrid,cora,R4,graph,6,1.6525056666666664,2.9455474848348087,0.42587,7.664941,0,Tesla V100-SXM2-32GB|Unknown,auto
all,flexmatch,Hybrid,pubmed,R4,graph,6,1.2511546666666666,2.363926644526997,0.28461,6.076499,0,NVIDIA A100-SXM4-80GB|Unknown,auto
all,free_match,Hybrid,citeseer,R4,graph,6,1.3074875000000001,2.2358418872959467,0.384314,5.871361,0,NVIDIA A100-SXM4-80GB|Unknown,auto
all,free_match,Hybrid,cora,R4,graph,6,1.7504665,3.0130932236372474,0.509274,7.900885,0,Tesla V100-SXM2-32GB|Unknown,auto
all,free_match,Hybrid,pubmed,R4,graph,6,1.3458966666666665,2.4087149225333135,0.359534,6.262663,0,NVIDIA A100-SXM4-80GB|Unknown,auto
all,meta_pseudo_labels,Hybrid,citeseer,R4,graph,6,1.4218184999999999,2.223891784941952,0.497556,5.961278,0,NVIDIA A100-SXM4-80GB|Unknown,auto
all,meta_pseudo_labels,Hybrid,cora,R4,graph,6,1.8280145,2.931807625321535,0.626949,7.812538,0,Tesla V100-SXM2-32GB|Unknown,auto
all,meta_pseudo_labels,Hybrid,pubmed,R4,graph,6,1.3907488333333333,2.3572615268295043,0.426811,6.202488,0,NVIDIA A100-SXM4-80GB|Unknown,auto
all,mixmatch,Hybrid,citeseer,R4,graph,6,1.216502,2.206102746609958,0.314854,5.71969,0,NVIDIA A100-SXM4-80GB|Unknown,auto
all,mixmatch,Hybrid,cora,R4,graph,6,1.5412204999999999,2.7401778613816843,0.419772,7.134583,0,Tesla V100-SXM2-32GB|Unknown,auto
all,mixmatch,Hybrid,pubmed,R4,graph,6,1.3282746666666667,2.512850516596693,0.301839,6.457609,0,NVIDIA A100-SXM4-80GB|Unknown,auto
all,noisy_student,Hybrid,citeseer,R4,graph,6,1.2152895,2.214451297393713,0.307695,5.735517,0,NVIDIA A100-SXM4-80GB|Unknown,auto
all,noisy_student,Hybrid,cora,R4,graph,6,1.5207468333333336,2.7277185513167166,0.401358,7.088675,0,Tesla V100-SXM2-32GB|Unknown,auto
all,noisy_student,Hybrid,pubmed,R4,graph,6,1.2600875,2.3781301999105726,0.287217,6.114425,0,NVIDIA A100-SXM4-80GB|Unknown,auto
all,simclr_v2,Hybrid,citeseer,R4,graph,6,1.2137603333333333,2.252479082004862,0.286454,5.811602,0,NVIDIA A100-SXM4-80GB|Unknown,auto
all,simclr_v2,Hybrid,cora,R4,graph,6,1.5142783333333334,2.8751669647003575,0.335732,7.383183,0,Tesla V100-SXM2-32GB|Unknown,auto
all,simclr_v2,Hybrid,pubmed,R4,graph,6,1.2230363333333332,2.397160896190297,0.242431,6.116218,0,NVIDIA A100-SXM4-80GB|Unknown,auto
all,softmatch,Hybrid,citeseer,R4,graph,6,1.2347145000000002,2.230726256523445,0.318647,5.788158,0,NVIDIA A100-SXM4-80GB|Unknown,auto
all,softmatch,Hybrid,cora,R4,graph,6,1.6134761666666666,2.888084083167207,0.431969,7.50875,0,Tesla V100-SXM2-32GB|Unknown,auto
all,softmatch,Hybrid,pubmed,R4,graph,6,1.2497565000000002,2.3698644077772677,0.279935,6.087221,0,NVIDIA A100-SXM4-80GB|Unknown,auto
all,uda,Hybrid,citeseer,R4,graph,6,1.3810286666666667,2.5978011743690983,0.31907,6.683766,0,NVIDIA A100-SXM4-80GB|Unknown,auto
all,uda,Hybrid,cora,R4,graph,6,1.5226578333333334,2.741493795915024,0.400191,7.118707,0,Tesla V100-SXM2-32GB|Unknown,auto
all,uda,Hybrid,pubmed,R4,graph,6,1.2361771666666665,2.3522014414787193,0.272668,6.037584,0,NVIDIA A100-SXM4-80GB|Unknown,auto
all,adsh,Margin-based inductive,citeseer,R4,graph,6,1.3916528333333333,2.478548658142213,0.372661,6.450939,0,NVIDIA A100-SXM4-80GB|Unknown,auto
all,adsh,Margin-based inductive,cora,R4,graph,6,1.7051543333333334,2.953014998312651,0.49038,7.732899,0,Tesla V100-SXM2-32GB|Unknown,auto
all,adsh,Margin-based inductive,pubmed,R4,graph,6,1.304251833333333,2.4141771972479913,0.317638,6.23217,0,NVIDIA A100-SXM4-80GB|Unknown,auto
all,laplace_learning,PDE/Variational,citeseer,R4,graph,6,0.20772333333333334,0.2814113232097576,0.091436,0.782147,0,Unknown,auto
all,laplace_learning,PDE/Variational,cora,R4,graph,6,0.21031866666666665,0.30155526391072446,0.08493,0.825802,0,Unknown,auto
all,laplace_learning,PDE/Variational,pubmed,R4,graph,6,0.5778463333333334,0.22361647980116914,0.48521,1.034294,0,Unknown,auto
all,p_laplace_learning,PDE/Variational,citeseer,R4,graph,6,354.72841383333326,6.0657683347744165,346.979514,361.874538,0,CPU,auto
all,p_laplace_learning,PDE/Variational,cora,R4,graph,6,890.0932808333336,5.2555515637632615,884.5674,899.030084,0,CPU,auto
all,p_laplace_learning,PDE/Variational,pubmed,R4,graph,6,2977.651089333333,13.097613636534758,2952.260429,2987.713182,0,CPU,auto
all,poisson_learning,PDE/Variational,citeseer,R4,graph,6,0.32997316666666665,0.044681644004743906,0.309559,0.420817,0,Unknown,auto
all,poisson_learning,PDE/Variational,cora,R4,graph,6,0.3469533333333334,0.05445728473093995,0.309676,0.453138,0,Unknown,auto
all,poisson_learning,PDE/Variational,pubmed,R4,graph,6,0.29699666666666663,0.04295147329564687,0.277612,0.384496,0,Unknown,auto
all,poisson_mbo,PDE/Variational,citeseer,R4,graph,6,2.1440375,0.04775888937883715,2.119932,2.241203,0,CPU,auto
all,poisson_mbo,PDE/Variational,cora,R4,graph,6,4.537098333333334,0.03578532122905522,4.504405,4.586261,0,CPU,auto
all,poisson_mbo,PDE/Variational,pubmed,R4,graph,6,12.3378745,0.025842986698522044,12.299958,12.378756,0,CPU,auto
all,co_training,Wrappers,citeseer,R4,graph,6,3.5307368333333335,2.246548170061031,1.8995,8.04331,0,NVIDIA A100-SXM4-80GB|Unknown,auto
all,co_training,Wrappers,cora,R4,graph,6,5.039791999999999,2.882180593646623,3.71885,10.911798,0,Tesla V100-SXM2-32GB|Unknown,auto
all,co_training,Wrappers,pubmed,R4,graph,6,2.7196625,2.361039486624292,1.749482,7.539084,0,NVIDIA A100-SXM4-80GB|Unknown,auto
all,deep_co_training,Wrappers,citeseer,R4,graph,6,1.5793068333333335,2.2128831568962166,0.670467,6.09633,0,NVIDIA A100-SXM4-80GB|Unknown,auto
all,deep_co_training,Wrappers,cora,R4,graph,6,2.166002833333333,2.92718929430513,0.962451,8.141059,0,Tesla V100-SXM2-32GB|Unknown,auto
all,deep_co_training,Wrappers,pubmed,R4,graph,6,1.6085716666666665,2.3672383575347595,0.640162,6.440676,0,NVIDIA A100-SXM4-80GB|Unknown,auto
all,democratic_co_learning,Wrappers,citeseer,R4,graph,6,4.765434333333333,2.5646376943722613,3.057286,9.706913,0,NVIDIA A100-SXM4-80GB|Unknown,auto
all,democratic_co_learning,Wrappers,cora,R4,graph,6,7.822895666666667,2.2951967988926496,6.306356,12.444657,0,Tesla V100-SXM2-32GB|Unknown,auto
all,democratic_co_learning,Wrappers,pubmed,R4,graph,6,3.205133,2.034561209266804,1.76351,7.080487,0,NVIDIA A100-SXM4-80GB|Unknown,auto
all,pseudo_label,Wrappers,citeseer,R4,graph,6,1.3246443333333333,2.178469589517895,0.285307,5.76719,0,NVIDIA A100-SXM4-80GB|Unknown,auto
all,pseudo_label,Wrappers,cora,R4,graph,6,1.6862141666666668,2.699653399520199,0.47502,7.193087,0,Tesla V100-SXM2-32GB|Unknown,auto
all,pseudo_label,Wrappers,pubmed,R4,graph,6,1.263953,2.4545231812685735,0.259338,6.274226,0,NVIDIA A100-SXM4-80GB|Unknown,auto
all,self_training,Wrappers,citeseer,R4,graph,6,1.2923391666666666,2.1714421760134823,0.268178,5.721127,0,NVIDIA A100-SXM4-80GB|Unknown,auto
all,self_training,Wrappers,cora,R4,graph,6,1.9712906666666665,3.694260812071755,0.45547,9.512163,0,Tesla V100-SXM2-32GB|Unknown,auto
all,self_training,Wrappers,pubmed,R4,graph,6,1.2566515,2.4539052970293493,0.252413,6.265662,0,NVIDIA A100-SXM4-80GB|Unknown,auto
all,setred,Wrappers,citeseer,R4,graph,6,1.2767121666666668,2.1915542557349035,0.266415,5.746797,0,NVIDIA A100-SXM4-80GB|Unknown,auto
all,setred,Wrappers,cora,R4,graph,6,1.6509903333333333,2.8910105836462563,0.467579,7.552238,0,Tesla V100-SXM2-32GB|Unknown,auto
all,setred,Wrappers,pubmed,R4,graph,6,1.215198166666667,2.387884388972583,0.2376,6.089445,0,NVIDIA A100-SXM4-80GB|Unknown,auto
all,tri_training,Wrappers,citeseer,R4,graph,6,3.653796,2.606653585160253,2.252764,8.948629,0,NVIDIA A100-SXM4-80GB|Unknown,auto
all,tri_training,Wrappers,cora,R4,graph,6,5.680566166666666,3.097535960305831,4.231989,11.980806,0,Tesla V100-SXM2-32GB|Unknown,auto
all,tri_training,Wrappers,pubmed,R4,graph,6,2.6810004999999997,2.265221495597351,1.540112,7.295407,0,NVIDIA A100-SXM4-80GB|Unknown,auto
all,trinet,Wrappers,citeseer,R4,graph,6,2.409443,2.7010492173424017,1.189377,7.921489,0,NVIDIA A100-SXM4-80GB|Unknown,auto
all,trinet,Wrappers,cora,R4,graph,6,3.2683505,2.9694439792707827,2.019678,9.328841,0,Tesla V100-SXM2-32GB|Unknown,auto
all,trinet,Wrappers,pubmed,R4,graph,6,1.6106368333333334,2.3796791648952524,0.631087,6.468126,0,NVIDIA A100-SXM4-80GB|Unknown,auto
all,supervised,Baseline,adult,R4,tabular,6,1.2352591666666666,2.276879006154997,0.298256,5.882886,0,NVIDIA A100-SXM4-80GB|Unknown,auto
all,supervised,Baseline,breast_cancer,R4,tabular,6,2.4730713333333334,5.046135376447947,0.362862,12.772644,0,Tesla V100-SXM2-32GB|Unknown,auto
all,supervised,Baseline,iris,R4,tabular,6,0.7373238333333334,1.5754422082948543,0.09312,3.95318,0,NVIDIA A100-SXM4-80GB|Unknown,auto
all,dynamic_label_propagation,Classical transductive,adult,R4,tabular,6,766.4918638333334,1.096359540344756,765.518236,768.499137,0,Unknown,auto
all,dynamic_label_propagation,Classical transductive,breast_cancer,R4,tabular,6,2.0009475,3.106324661492082,0.624132,8.335773,0,Unknown,auto
all,dynamic_label_propagation,Classical transductive,iris,R4,tabular,6,0.4495183333333334,0.9098875688454408,0.076107,2.306814,0,Unknown,auto
all,graph_mincuts,Classical transductive,adult,R4,tabular,6,0.8307526666666667,0.7327386088088075,0.347902,2.297904,0,CPU,auto
all,graph_mincuts,Classical transductive,breast_cancer,R4,tabular,6,1.3910548333333335,2.5829201193026794,0.2578,6.662396,0,CPU,auto
all,graphhop,Classical transductive,adult,R4,tabular,6,33.585244833333334,10.620317664982764,12.317872,40.334889,0,Unknown,auto
all,graphhop,Classical transductive,breast_cancer,R4,tabular,6,19.938682,6.8346553360226725,15.448481,33.273987,0,Unknown,auto
all,graphhop,Classical transductive,iris,R4,tabular,6,10.742466166666667,1.8106518482809904,9.782102,14.420558,0,Unknown,auto
all,label_propagation,Classical transductive,adult,R4,tabular,6,0.7417854999999999,0.9291612704422736,0.321574,2.637187,0,Unknown,auto
all,label_propagation,Classical transductive,breast_cancer,R4,tabular,6,1.8750536666666662,3.466428066275466,0.404974,8.950215,0,Unknown,auto
all,label_propagation,Classical transductive,iris,R4,tabular,6,0.4184218333333334,0.8679923623579684,0.061615,2.190194,0,Unknown,auto
all,label_spreading,Classical transductive,adult,R4,tabular,6,0.6585721666666666,0.8962752291684551,0.29091,2.488083,0,Unknown,auto
all,label_spreading,Classical transductive,breast_cancer,R4,tabular,6,1.9531953333333332,3.7461266536891498,0.362228,9.598831,0,Unknown,auto
all,label_spreading,Classical transductive,iris,R4,tabular,6,0.4455015,0.8958607711828329,0.078989,2.274169,0,Unknown,auto
all,lazy_random_walk,Classical transductive,adult,R4,tabular,6,5.342198166666667,0.9133208669858403,4.957602,7.206444,0,Unknown,auto
all,lazy_random_walk,Classical transductive,breast_cancer,R4,tabular,6,1.6567399999999999,3.0757882558678835,0.27333,7.933795,0,Unknown,auto
all,mean_teacher,Consistency,adult,R4,tabular,6,37.32280766666666,1.6652510439515904,36.39092,40.686547,0,NVIDIA A100-SXM4-80GB|Unknown,auto
all,mean_teacher,Consistency,breast_cancer,R4,tabular,6,3.288592166666667,5.377634105938648,1.069341,14.265479,0,Tesla V100-SXM2-32GB|Unknown,auto
all,mean_teacher,Consistency,iris,R4,tabular,6,0.8422003333333333,1.631473995021884,0.174836,4.172431,0,NVIDIA A100-SXM4-80GB|Unknown,auto
all,pi_model,Consistency,adult,R4,tabular,6,36.210093,1.7099720634251323,35.075934,39.6381,0,NVIDIA A100-SXM4-80GB|Unknown,auto
all,pi_model,Consistency,breast_cancer,R4,tabular,6,3.408409333333333,5.392363546798442,1.122403,14.414932,0,Tesla V100-SXM2-32GB|Unknown,auto
all,pi_model,Consistency,iris,R4,tabular,6,0.8417676666666666,1.635310755871026,0.172439,4.17983,0,NVIDIA A100-SXM4-80GB|Unknown,auto
all,temporal_ensembling,Consistency,adult,R4,tabular,6,40.759064333333335,1.6393635013250303,39.428379,43.764635,0,NVIDIA A100-SXM4-80GB|Unknown,auto
all,temporal_ensembling,Consistency,breast_cancer,R4,tabular,6,3.074425333333334,4.800049376927811,1.099373,12.872462,0,Tesla V100-SXM2-32GB|Unknown,auto
all,temporal_ensembling,Consistency,iris,R4,tabular,6,0.8561821666666667,1.620808349881554,0.192786,4.164641,0,NVIDIA A100-SXM4-80GB|Unknown,auto
all,vat,Consistency,adult,R4,tabular,6,48.29534783333333,1.9141279295431044,47.172194,52.026724,0,NVIDIA A100-SXM4-80GB|Unknown,auto
all,vat,Consistency,breast_cancer,R4,tabular,6,3.3736681666666666,4.885593812873494,1.334014,13.346228,0,Tesla V100-SXM2-32GB|Unknown,auto
all,vat,Consistency,iris,R4,tabular,6,0.8806405,1.6217244752410627,0.217599,4.190971,0,NVIDIA A100-SXM4-80GB|Unknown,auto
all,appnp,GNN,adult,R4,tabular,6,14.730570333333333,1.7967567055304576,13.934398,18.395424,0,Unknown,auto
all,appnp,GNN,breast_cancer,R4,tabular,6,3.6343219999999996,5.1214695424757135,1.331256,14.084432,0,Unknown,auto
all,appnp,GNN,iris,R4,tabular,6,1.4293784999999997,1.6429923024956326,0.447295,4.758404,0,Unknown,auto
all,chebnet,GNN,adult,R4,tabular,6,1.3750956666666667,1.5937440435001686,0.652672,4.620008,0,Unknown,auto
all,chebnet,GNN,breast_cancer,R4,tabular,6,2.8825621666666663,5.29815698642003,0.605729,13.695907,0,Unknown,auto
all,chebnet,GNN,iris,R4,tabular,6,1.0521386666666668,1.6054203299350194,0.28344,4.32578,0,Unknown,auto
all,gat,GNN,adult,R4,tabular,6,2.9084643333333333,1.9453544069737694,1.782865,6.730211,0,Unknown,auto
all,gat,GNN,breast_cancer,R4,tabular,6,3.6277698333333332,5.184210651140148,1.230662,14.189036,0,Unknown,auto
all,gat,GNN,iris,R4,tabular,6,1.6526853333333331,1.6775680857482556,0.658327,5.062118,0,Unknown,auto
all,gcn,GNN,adult,R4,tabular,6,1.1447118333333333,1.6214710858283494,0.4631,4.454356,0,Unknown,auto
all,gcn,GNN,breast_cancer,R4,tabular,6,2.8572426666666666,5.335452399130656,0.518689,13.745386,0,Unknown,auto
all,gcn,GNN,iris,R4,tabular,6,1.0802146666666665,1.6913634205370134,0.30972,4.531165,0,Unknown,auto
all,gcnii,GNN,adult,R4,tabular,6,4.369978333333333,1.5670082079756524,3.453485,7.530695,0,Unknown,auto
all,gcnii,GNN,breast_cancer,R4,tabular,6,4.011523333333334,5.386824841479427,1.624175,14.998799,0,Unknown,auto
all,gcnii,GNN,iris,R4,tabular,6,2.1695243333333334,1.6125545279785942,0.975137,5.070033,0,Unknown,auto
all,grafn,GNN,adult,R4,tabular,6,2.8426873333333336,1.5780280081113474,2.026707,6.012197,0,Unknown,auto
all,grafn,GNN,breast_cancer,R4,tabular,6,3.400308666666667,5.7544280281073865,0.950042,15.144052,0,Unknown,auto
all,grafn,GNN,iris,R4,tabular,6,1.3193965,1.6080983913092817,0.557796,4.599188,0,Unknown,auto
all,grand,GNN,adult,R4,tabular,6,2.154194,1.800233276637114,1.162319,5.775159,0,Unknown,auto
all,grand,GNN,breast_cancer,R4,tabular,6,4.084993833333334,5.29322828624039,1.278043,14.83261,0,Unknown,auto
all,grand,GNN,iris,R4,tabular,6,1.1494431666666665,1.6023023833532068,0.466905,4.419963,0,Unknown,auto
all,graphsage,GNN,adult,R4,tabular,6,1.4077328333333334,2.215545904461961,0.477874,5.929973,0,Unknown,auto
all,graphsage,GNN,breast_cancer,R4,tabular,6,3.0104825,5.7398163897215655,0.542568,14.726088,0,Unknown,auto
all,graphsage,GNN,iris,R4,tabular,6,1.057528,1.8307862157540953,0.172841,4.790248,0,Unknown,auto
all,h_gcn,GNN,adult,R4,tabular,6,249.76164333333335,2.838950009008806,245.385051,252.005422,0,Unknown,auto
all,h_gcn,GNN,breast_cancer,R4,tabular,6,3.9445938333333337,5.231130179395746,1.546826,14.595626,0,Unknown,auto
all,h_gcn,GNN,iris,R4,tabular,6,2.305500166666667,1.7634174976459112,0.673511,5.68942,0,Unknown,auto
all,n_gcn,GNN,adult,R4,tabular,6,159.62950566666666,1.894535489465495,156.747429,161.894295,0,Unknown,auto
all,n_gcn,GNN,breast_cancer,R4,tabular,6,4.097841833333334,5.38088299934936,1.695575,15.07601,0,Unknown,auto
all,n_gcn,GNN,iris,R4,tabular,6,2.591654,1.8888407948267107,0.906273,6.277255,0,Unknown,auto
all,planetoid,GNN,adult,R4,tabular,6,954.6694021666666,9.974401474354691,943.282363,964.329102,0,Unknown,auto
all,planetoid,GNN,breast_cancer,R4,tabular,6,46.1583325,6.677721503631363,42.917189,59.771166,0,Unknown,auto
all,planetoid,GNN,iris,R4,tabular,6,2.3784216666666667,1.599418873143451,1.708033,5.643134,0,Unknown,auto
all,sgc,GNN,adult,R4,tabular,6,1.3034125,2.42612240551764,0.310049,6.255708,0,Unknown,auto
all,sgc,GNN,breast_cancer,R4,tabular,6,3.070565,6.0550369704842595,0.492704,15.429275,0,Unknown,auto
all,sgc,GNN,iris,R4,tabular,6,0.9106139999999999,1.6074370159649802,0.25329,4.19178,0,Unknown,auto
all,adamatch,Hybrid,adult,R4,tabular,6,40.92087016666667,3.475277841870915,38.865416,47.969606,0,NVIDIA A100-SXM4-80GB|Unknown,auto
all,adamatch,Hybrid,breast_cancer,R4,tabular,6,3.2875043333333327,4.282569218386956,1.434934,12.024294,0,Tesla V100-SXM2-32GB|Unknown,auto
all,adamatch,Hybrid,iris,R4,tabular,6,1.994801,4.334475722476341,0.221171,10.842508,0,NVIDIA A100-SXM4-80GB|Unknown,auto
all,comatch,Hybrid,adult,R4,tabular,6,68.17983100000002,1.9987545595184042,66.585273,71.798111,0,NVIDIA A100-SXM4-80GB|Unknown,auto
all,comatch,Hybrid,breast_cancer,R4,tabular,6,3.7106541666666666,5.036038273597588,1.570741,13.989304,0,Tesla V100-SXM2-32GB|Unknown,auto
all,comatch,Hybrid,iris,R4,tabular,6,0.9784521666666667,1.7041467391887846,0.273855,4.456966,0,NVIDIA A100-SXM4-80GB|Unknown,auto
all,daso,Hybrid,adult,R4,tabular,6,53.94489116666666,1.8221299992293,53.143905,57.66333,0,NVIDIA A100-SXM4-80GB|Unknown,auto
all,daso,Hybrid,breast_cancer,R4,tabular,6,3.4654520000000004,4.982667219173682,1.342219,13.635353,0,Tesla V100-SXM2-32GB|Unknown,auto
all,daso,Hybrid,iris,R4,tabular,6,0.903665,1.6392412841426367,0.23182,4.249748,0,NVIDIA A100-SXM4-80GB|Unknown,auto
all,defixmatch,Hybrid,adult,R4,tabular,6,48.559459,1.8292961106827963,47.799065,52.293384,0,NVIDIA A100-SXM4-80GB|Unknown,auto
all,defixmatch,Hybrid,breast_cancer,R4,tabular,6,3.5611675,5.169358120388091,1.313865,14.111271,0,Tesla V100-SXM2-32GB|Unknown,auto
all,defixmatch,Hybrid,iris,R4,tabular,6,0.8952416666666666,1.6481556594546116,0.220263,4.259522,0,NVIDIA A100-SXM4-80GB|Unknown,auto
all,fixmatch,Hybrid,adult,R4,tabular,6,36.825505666666665,2.5845019471567556,35.177044,41.814259,0,NVIDIA A100-SXM4-80GB|Unknown,auto
all,fixmatch,Hybrid,breast_cancer,R4,tabular,6,3.500641833333333,5.83120027503417,1.082082,15.403298,0,Tesla V100-SXM2-32GB|Unknown,auto
all,fixmatch,Hybrid,iris,R4,tabular,6,0.8472703333333333,1.6383634602294652,0.177373,4.191564,0,NVIDIA A100-SXM4-80GB|Unknown,auto
all,flexmatch,Hybrid,adult,R4,tabular,6,51.89625083333333,1.4894860944092667,51.087679,54.917689,0,NVIDIA A100-SXM4-80GB|Unknown,auto
all,flexmatch,Hybrid,breast_cancer,R4,tabular,6,3.4722031666666666,5.456349228409978,1.123343,14.6092,0,Tesla V100-SXM2-32GB|Unknown,auto
all,flexmatch,Hybrid,iris,R4,tabular,6,0.8845393333333332,1.6705015003318813,0.200409,4.294435,0,NVIDIA A100-SXM4-80GB|Unknown,auto
all,free_match,Hybrid,adult,R4,tabular,6,56.28622216666667,1.4619471964540196,54.787671,59.086446,0,NVIDIA A100-SXM4-80GB|Unknown,auto
all,free_match,Hybrid,breast_cancer,R4,tabular,6,4.0698696666666665,6.088952869453424,1.48755,16.498207,0,Tesla V100-SXM2-32GB|Unknown,auto
all,free_match,Hybrid,iris,R4,tabular,6,0.9577826666666668,1.7109172178413157,0.256538,4.450173,0,NVIDIA A100-SXM4-80GB|Unknown,auto
all,meta_pseudo_labels,Hybrid,adult,R4,tabular,6,61.082196333333336,1.5202521002841187,60.148083,64.168197,0,NVIDIA A100-SXM4-80GB|Unknown,auto
all,meta_pseudo_labels,Hybrid,breast_cancer,R4,tabular,6,3.9316796666666662,5.488597395023967,1.632623,15.134211,0,Tesla V100-SXM2-32GB|Unknown,auto
all,meta_pseudo_labels,Hybrid,iris,R4,tabular,6,0.9353978333333334,1.6363436217142677,0.265384,4.275569,0,NVIDIA A100-SXM4-80GB|Unknown,auto
all,mixmatch,Hybrid,adult,R4,tabular,6,42.0417935,1.7549750525202061,41.033861,45.588822,0,NVIDIA A100-SXM4-80GB|Unknown,auto
all,mixmatch,Hybrid,breast_cancer,R4,tabular,6,3.5416078333333334,5.387063092709623,1.287881,14.536958,0,Tesla V100-SXM2-32GB|Unknown,auto
all,mixmatch,Hybrid,iris,R4,tabular,6,0.8640825000000002,1.6262855593324008,0.196258,4.183715,0,NVIDIA A100-SXM4-80GB|Unknown,auto
all,noisy_student,Hybrid,adult,R4,tabular,6,37.18035583333334,1.7377184377710246,36.340382,40.717621,0,NVIDIA A100-SXM4-80GB|Unknown,auto
all,noisy_student,Hybrid,breast_cancer,R4,tabular,6,3.282548833333333,5.058022845113195,1.010505,13.604573,0,Tesla V100-SXM2-32GB|Unknown,auto
all,noisy_student,Hybrid,iris,R4,tabular,6,0.8464200000000001,1.6239999298996288,0.181736,4.161395,0,NVIDIA A100-SXM4-80GB|Unknown,auto
all,simclr_v2,Hybrid,adult,R4,tabular,6,21.100760833333336,1.8844677232237663,19.743448,24.872601,0,NVIDIA A100-SXM4-80GB|Unknown,auto
all,simclr_v2,Hybrid,breast_cancer,R4,tabular,6,2.756160833333333,4.803833840570193,0.719534,12.561617,0,Tesla V100-SXM2-32GB|Unknown,auto
all,simclr_v2,Hybrid,iris,R4,tabular,6,0.8581035,1.6860554023602843,0.168883,4.299749,0,NVIDIA A100-SXM4-80GB|Unknown,auto
all,softmatch,Hybrid,adult,R4,tabular,6,40.47623533333333,2.177969267867082,39.174684,44.73928,0,NVIDIA A100-SXM4-80GB|Unknown,auto
all,softmatch,Hybrid,breast_cancer,R4,tabular,6,3.2351503333333334,4.911609959757377,1.080432,13.259371,0,Tesla V100-SXM2-32GB|Unknown,auto
all,softmatch,Hybrid,iris,R4,tabular,6,0.8687923333333334,1.6497963231054513,0.19358,4.236423,0,NVIDIA A100-SXM4-80GB|Unknown,auto
all,uda,Hybrid,adult,R4,tabular,6,37.54420233333333,2.3216252439688594,36.320586,42.21812,0,NVIDIA A100-SXM4-80GB|Unknown,auto
all,uda,Hybrid,breast_cancer,R4,tabular,6,3.0221471666666666,4.7496658502343685,1.019895,12.716119,0,Tesla V100-SXM2-32GB|Unknown,auto
all,uda,Hybrid,iris,R4,tabular,6,0.8465221666666666,1.6229039059591197,0.182143,4.159258,0,NVIDIA A100-SXM4-80GB|Unknown,auto
all,adsh,Margin-based inductive,adult,R4,tabular,6,39.28806816666667,1.555683058821355,38.526817,42.459077,0,NVIDIA A100-SXM4-80GB|Unknown,auto
all,adsh,Margin-based inductive,breast_cancer,R4,tabular,6,3.197395166666667,4.692747850768775,1.124903,12.771448,0,Tesla V100-SXM2-32GB|Unknown,auto
all,adsh,Margin-based inductive,iris,R4,tabular,6,0.9123093333333334,1.695889430121394,0.217839,4.374028,0,NVIDIA A100-SXM4-80GB|Unknown,auto
all,s4vm,Margin-based inductive,adult,R4,tabular,6,37.997553833333335,2.665448036919303,36.837451,43.436489,0,NVIDIA A100-SXM4-80GB|Unknown,auto
all,s4vm,Margin-based inductive,breast_cancer,R4,tabular,6,3.8831873333333333,4.579887362754576,1.923978,13.229806,0,Tesla V100-SXM2-32GB|Unknown,auto
all,tsvm,Margin-based inductive,adult,R4,tabular,6,1.0099375000000002,0.7515787886340991,0.637727,2.542613,0,CPU,auto
all,tsvm,Margin-based inductive,breast_cancer,R4,tabular,6,1.8626106666666662,3.420075341897524,0.379527,8.840252,0,CPU,auto
all,laplace_learning,PDE/Variational,adult,R4,tabular,6,5.348512666666667,1.0471105771074356,4.914216,7.485881,0,Unknown,auto
all,laplace_learning,PDE/Variational,breast_cancer,R4,tabular,6,2.2932788333333334,4.101165785592746,0.586937,10.664421,0,Unknown,auto
all,laplace_learning,PDE/Variational,iris,R4,tabular,6,0.45777266666666666,1.0122372462283071,0.043785,2.523993,0,Unknown,auto
all,p_laplace_learning,PDE/Variational,adult,R4,tabular,6,11230.6719355,119.4148605229532,11073.510313,11349.541451,0,CPU,auto
all,p_laplace_learning,PDE/Variational,breast_cancer,R4,tabular,6,37.984715333333334,32.52828329692377,8.588446,77.727265,0,CPU,auto
all,p_laplace_learning,PDE/Variational,iris,R4,tabular,6,0.47799416666666666,0.7858892195815937,0.14547,2.082108,0,CPU,auto
all,poisson_learning,PDE/Variational,adult,R4,tabular,6,10.697701333333335,0.9421035270029864,10.191373,12.611591,0,Unknown,auto
all,poisson_learning,PDE/Variational,breast_cancer,R4,tabular,6,2.233881333333333,3.5849839833636454,0.759079,9.551652,0,Unknown,auto
all,poisson_learning,PDE/Variational,iris,R4,tabular,6,0.5497124999999999,0.7621058865033781,0.237694,2.105354,0,Unknown,auto
all,poisson_mbo,PDE/Variational,adult,R4,tabular,6,55.80524449999999,1.1533592069125307,54.370577,57.681981,0,CPU,auto
all,poisson_mbo,PDE/Variational,breast_cancer,R4,tabular,6,2.850482166666667,3.201696245192752,1.482256,9.385527,0,CPU,auto
all,poisson_mbo,PDE/Variational,iris,R4,tabular,6,0.6346755000000001,0.7663081565124437,0.318895,2.198887,0,CPU,auto
all,co_training,Wrappers,adult,R4,tabular,6,3.0830726666666664,1.6076185866311283,2.423053,6.364599,0,NVIDIA A100-SXM4-80GB|Unknown,auto
all,co_training,Wrappers,breast_cancer,R4,tabular,6,5.797436,5.196288359304591,3.590066,16.402992,0,Tesla V100-SXM2-32GB|Unknown,auto
all,co_training,Wrappers,iris,R4,tabular,6,2.357529,1.6252082530484513,1.614525,5.671632,0,NVIDIA A100-SXM4-80GB|Unknown,auto
all,deep_co_training,Wrappers,adult,R4,tabular,6,83.77168016666667,4.235657001269078,81.034281,91.997694,0,NVIDIA A100-SXM4-80GB|Unknown,auto
all,deep_co_training,Wrappers,breast_cancer,R4,tabular,6,4.274739666666666,5.3334905039685845,2.066229,15.161409,0,Tesla V100-SXM2-32GB|Unknown,auto
all,deep_co_training,Wrappers,iris,R4,tabular,6,0.9928006666666667,1.6160230761671277,0.328968,4.291491,0,NVIDIA A100-SXM4-80GB|Unknown,auto
all,democratic_co_learning,Wrappers,adult,R4,tabular,6,134.0167945,24.457216935483764,90.722675,166.037892,0,NVIDIA A100-SXM4-80GB|Unknown,auto
all,democratic_co_learning,Wrappers,breast_cancer,R4,tabular,6,4.08128,5.18276152555886,1.549452,14.634296,0,Tesla V100-SXM2-32GB|Unknown,auto
all,democratic_co_learning,Wrappers,iris,R4,tabular,6,1.2792785000000002,1.78219210443765,0.353892,4.910277,0,NVIDIA A100-SXM4-80GB|Unknown,auto
all,pseudo_label,Wrappers,adult,R4,tabular,6,60.32064366666666,1.812366534137582,58.550656,62.983097,0,NVIDIA A100-SXM4-80GB|Unknown,auto
all,pseudo_label,Wrappers,breast_cancer,R4,tabular,6,4.116912833333333,5.5858229484001525,1.378124,15.508535,0,Tesla V100-SXM2-32GB|Unknown,auto
all,pseudo_label,Wrappers,iris,R4,tabular,6,0.9316901666666665,1.601944446205475,0.195592,4.19928,0,NVIDIA A100-SXM4-80GB|Unknown,auto
all,self_training,Wrappers,adult,R4,tabular,6,61.22643600000001,1.4310893350246179,59.297647,63.721077,0,NVIDIA A100-SXM4-80GB|Unknown,auto
all,self_training,Wrappers,breast_cancer,R4,tabular,6,3.9920505,5.027583308055263,1.181375,14.208299,0,Tesla V100-SXM2-32GB|Unknown,auto
all,self_training,Wrappers,iris,R4,tabular,6,0.9296093333333332,1.5877941013964834,0.197048,4.168182,0,NVIDIA A100-SXM4-80GB|Unknown,auto
all,setred,Wrappers,adult,R4,tabular,6,1.9964371666666665,1.6753147143536247,1.255624,5.41308,0,NVIDIA A100-SXM4-80GB|Unknown,auto
all,setred,Wrappers,breast_cancer,R4,tabular,6,4.796990166666666,4.84547122686838,2.71754,14.686526,0,Tesla V100-SXM2-32GB|Unknown,auto
all,setred,Wrappers,iris,R4,tabular,6,0.9397799999999998,1.5731800983422082,0.243681,4.149717,0,NVIDIA A100-SXM4-80GB|Unknown,auto
all,tri_training,Wrappers,adult,R4,tabular,6,343.285819,27.274878301575527,291.884561,363.791869,0,NVIDIA A100-SXM4-80GB|Unknown,auto
all,tri_training,Wrappers,breast_cancer,R4,tabular,6,7.0836385,5.678687539527942,3.820572,18.399329,0,Tesla V100-SXM2-32GB|Unknown,auto
all,tri_training,Wrappers,iris,R4,tabular,6,1.5605176666666667,1.680515664167123,0.659832,4.974436,0,NVIDIA A100-SXM4-80GB|Unknown,auto
all,trinet,Wrappers,adult,R4,tabular,6,659.7359765,14.320982242841396,644.349989,679.52259,0,NVIDIA A100-SXM4-80GB|Unknown,auto
all,trinet,Wrappers,breast_cancer,R4,tabular,6,17.697682333333333,5.01319856676955,14.925228,27.796943,0,Tesla V100-SXM2-32GB|Unknown,auto
all,trinet,Wrappers,iris,R4,tabular,6,2.6383750000000004,1.6693671892903612,1.953552,6.045944,0,NVIDIA A100-SXM4-80GB|Unknown,auto
all,supervised,Baseline,ag_news,R4,text,6,1.9041401666666669,1.04540499534265,1.4564,4.036585,0,NVIDIA A100-SXM4-80GB|Unknown,auto
all,supervised,Baseline,imdb,R4,text,6,2.3286579999999995,1.7713021219957932,1.424041,5.931268,0,NVIDIA A100-SXM4-80GB|Unknown,auto
all,dynamic_label_propagation,Classical transductive,imdb,R4,text,6,825.0680120000001,0.41627726378217417,824.418301,825.476734,0,Unknown,auto
all,graph_mincuts,Classical transductive,imdb,R4,text,6,17.262002666666667,4.2032488669380825,15.077202,25.792235,0,CPU,auto
all,graphhop,Classical transductive,ag_news,R4,text,2,19.221532,0.0,19.221532,19.221532,0,Unknown,auto
all,graphhop,Classical transductive,imdb,R4,text,6,26.200938166666663,5.669969749262773,20.683467,37.070356,0,Unknown,auto
all,label_propagation,Classical transductive,ag_news,R4,text,2,2.026011,0.0,2.026011,2.026011,0,Unknown,auto
all,label_propagation,Classical transductive,imdb,R4,text,6,1.0763971666666665,0.39163972010326875,0.843569,1.866011,0,Unknown,auto
all,label_spreading,Classical transductive,ag_news,R4,text,2,1.471021,0.0,1.471021,1.471021,0,Unknown,auto
all,label_spreading,Classical transductive,imdb,R4,text,6,0.8912904999999999,0.22075584002037185,0.792368,1.341566,0,Unknown,auto
all,lazy_random_walk,Classical transductive,imdb,R4,text,6,21.635513833333334,2.9904449173611884,20.131125,27.718376,0,Unknown,auto
all,mean_teacher,Consistency,ag_news,R4,text,6,618.5734373333333,2.0205757987221036,616.888089,622.274346,0,NVIDIA A100-SXM4-80GB|Unknown,auto
all,mean_teacher,Consistency,imdb,R4,text,6,128.94664016666667,4.0748322919979145,126.737676,136.907725,0,NVIDIA A100-SXM4-80GB|Unknown,auto
all,pi_model,Consistency,ag_news,R4,text,6,615.0433041666666,1.5109015303375997,614.184744,618.099351,0,NVIDIA A100-SXM4-80GB|Unknown,auto
all,pi_model,Consistency,imdb,R4,text,6,128.16918366666667,3.097114603139944,125.769176,133.717733,0,NVIDIA A100-SXM4-80GB|Unknown,auto
all,temporal_ensembling,Consistency,ag_news,R4,text,2,767.579751,0.0,767.579751,767.579751,0,NVIDIA A100-SXM4-80GB|Unknown,auto
all,temporal_ensembling,Consistency,imdb,R4,text,6,158.04828500000002,3.201887045102241,155.935471,164.292408,0,NVIDIA A100-SXM4-80GB|Unknown,auto
all,vat,Consistency,ag_news,R4,text,2,841.752261,0.0,841.752261,841.752261,0,NVIDIA A100-SXM4-80GB|Unknown,auto
all,vat,Consistency,imdb,R4,text,6,175.421788,5.118051868697352,173.285632,185.868241,0,NVIDIA A100-SXM4-80GB|Unknown,auto
all,appnp,GNN,ag_news,R4,text,2,85.529267,0.0,85.529267,85.529267,0,Unknown,auto
all,appnp,GNN,imdb,R4,text,6,16.238989,1.693427225549655,15.295812,19.680824,0,Unknown,auto
all,chebnet,GNN,ag_news,R4,text,2,83.134123,0.0,83.134123,83.134123,0,Unknown,auto
all,chebnet,GNN,imdb,R4,text,6,1.62803,0.8672512894071707,1.261285,3.398124,0,Unknown,auto
all,gat,GNN,ag_news,R4,text,2,27.754579,0.0,27.754579,27.754579,0,Unknown,auto
all,gat,GNN,imdb,R4,text,6,3.427426,1.9720230720536716,2.584445,7.451778,0,Unknown,auto
all,gcn,GNN,ag_news,R4,text,2,17.373088,0.0,17.373088,17.373088,0,Unknown,auto
all,gcn,GNN,imdb,R4,text,6,1.413822,0.8642786854352015,1.053623,3.177829,0,Unknown,auto
all,gcnii,GNN,ag_news,R4,text,2,32.919876,0.0,32.919876,32.919876,0,Unknown,auto
all,gcnii,GNN,imdb,R4,text,6,5.490010333333333,0.9045335907590534,4.975915,7.324044,0,Unknown,auto
all,grafn,GNN,ag_news,R4,text,2,27.506922,0.0,27.506922,27.506922,0,Unknown,auto
all,grafn,GNN,imdb,R4,text,6,3.1683540000000003,1.0529822955770907,2.473496,5.289356,0,Unknown,auto
all,grand,GNN,ag_news,R4,text,2,15.565018,0.0,15.565018,15.565018,0,Unknown,auto
all,grand,GNN,imdb,R4,text,6,3.6817895000000003,1.602028771281933,2.833029,6.906133,0,Unknown,auto
all,graphsage,GNN,ag_news,R4,text,2,3.966605,0.0,3.966605,3.966605,0,Unknown,auto
all,graphsage,GNN,imdb,R4,text,6,1.4352943333333334,0.8362526340712276,1.079167,3.142089,0,Unknown,auto
all,h_gcn,GNN,imdb,R4,text,6,257.8940015,4.626472907779443,254.20121,265.967123,0,Unknown,auto
all,n_gcn,GNN,imdb,R4,text,6,184.3652166666667,2.7834135410006673,182.37665,189.760682,0,Unknown,auto
all,planetoid,GNN,ag_news,R4,text,2,4191.423129,0.0,4191.423129,4191.423129,0,Unknown,auto
all,planetoid,GNN,imdb,R4,text,6,1039.9321328333333,63.96744761700674,993.83114,1161.105844,0,Unknown,auto
all,sgc,GNN,ag_news,R4,text,2,5.810014,0.0,5.810014,5.810014,0,Unknown,auto
all,sgc,GNN,imdb,R4,text,6,6.825964499999999,12.213534222395904,0.816885,31.619302,0,Unknown,auto
all,adamatch,Hybrid,ag_news,R4,text,6,630.7010456666666,1.1214149624729535,629.070726,632.440124,0,NVIDIA A100-SXM4-80GB|Unknown,auto
all,adamatch,Hybrid,imdb,R4,text,6,133.64153183333335,3.966650842739377,131.055983,140.276721,0,NVIDIA A100-SXM4-80GB|Unknown,auto
all,comatch,Hybrid,ag_news,R4,text,6,960.0134636666667,1.8274412323405207,957.789028,961.862983,0,NVIDIA A100-SXM4-80GB|Unknown,auto
all,comatch,Hybrid,imdb,R4,text,6,200.00936249999998,3.170211782358196,197.202774,206.092754,0,NVIDIA A100-SXM4-80GB|Unknown,auto
all,daso,Hybrid,ag_news,R4,text,6,766.8787406666667,1.4112690286054796,764.993662,768.211515,0,NVIDIA A100-SXM4-80GB|Unknown,auto
all,daso,Hybrid,imdb,R4,text,6,157.34103633333334,5.207827111118978,151.530481,163.465493,0,NVIDIA A100-SXM4-80GB|Unknown,auto
all,defixmatch,Hybrid,ag_news,R4,text,6,785.1486506666666,1.9042497594621992,782.704809,787.597014,0,NVIDIA A100-SXM4-80GB|Unknown,auto
all,defixmatch,Hybrid,imdb,R4,text,6,162.3610165,5.132987038588415,157.952683,168.392831,0,NVIDIA A100-SXM4-80GB|Unknown,auto
all,fixmatch,Hybrid,ag_news,R4,text,6,620.6691625,1.2941471006264509,619.071955,621.926206,0,NVIDIA A100-SXM4-80GB|Unknown,auto
all,fixmatch,Hybrid,imdb,R4,text,6,130.06632116666665,5.092311714023466,126.196212,138.528478,0,NVIDIA A100-SXM4-80GB|Unknown,auto
all,flexmatch,Hybrid,ag_news,R4,text,6,660.436697,4.454237026419222,656.086016,665.815739,0,NVIDIA A100-SXM4-80GB|Unknown,auto
all,flexmatch,Hybrid,imdb,R4,text,6,134.74854466666667,7.070946193735535,130.908962,148.612854,0,NVIDIA A100-SXM4-80GB|Unknown,auto
all,free_match,Hybrid,ag_news,R4,text,6,675.5025946666667,1.5940251617202001,673.700612,677.806279,0,NVIDIA A100-SXM4-80GB|Unknown,auto
all,free_match,Hybrid,imdb,R4,text,6,140.49113816666664,1.8846579135772543,138.789901,143.332808,0,NVIDIA A100-SXM4-80GB|Unknown,auto
all,meta_pseudo_labels,Hybrid,ag_news,R4,text,6,1645.9169689999999,1.475665626192942,1644.968456,1648.799081,0,NVIDIA A100-SXM4-80GB|Unknown,auto
all,meta_pseudo_labels,Hybrid,imdb,R4,text,6,216.31883383333334,5.600511854960457,211.906007,225.547919,0,NVIDIA A100-SXM4-80GB|Unknown,auto
all,mixmatch,Hybrid,ag_news,R4,text,6,1019.208718,1.7388960721053164,1017.307465,1021.869039,0,NVIDIA A100-SXM4-80GB|Unknown,auto
all,mixmatch,Hybrid,imdb,R4,text,6,211.65580816666667,4.226368760596937,209.063914,219.234414,0,NVIDIA A100-SXM4-80GB|Unknown,auto
all,noisy_student,Hybrid,ag_news,R4,text,6,633.4521308333333,1.9149475973464691,632.3428,637.262375,0,NVIDIA A100-SXM4-80GB|Unknown,auto
all,noisy_student,Hybrid,imdb,R4,text,6,131.42015516666666,2.9623378211078033,129.387304,136.197895,0,NVIDIA A100-SXM4-80GB|Unknown,auto
all,simclr_v2,Hybrid,ag_news,R4,text,6,404.29386316666665,67.69266781433915,375.87554,542.467823,0,NVIDIA A100-SXM4-80GB|Unknown,auto
all,simclr_v2,Hybrid,imdb,R4,text,6,57.67155966666667,1.0666224122589325,57.197468,59.84724,0,NVIDIA A100-SXM4-80GB|Unknown,auto
all,softmatch,Hybrid,ag_news,R4,text,6,629.555925,0.7991721882760979,629.087927,631.131565,0,NVIDIA A100-SXM4-80GB|Unknown,auto
all,softmatch,Hybrid,imdb,R4,text,6,130.89010366666665,3.3929107763908997,128.559727,137.676713,0,NVIDIA A100-SXM4-80GB|Unknown,auto
all,uda,Hybrid,ag_news,R4,text,2,621.612884,0.0,621.612884,621.612884,0,NVIDIA A100-SXM4-80GB|Unknown,auto
all,uda,Hybrid,imdb,R4,text,6,129.075314,2.901359145271197,127.284917,134.875337,0,NVIDIA A100-SXM4-80GB|Unknown,auto
all,adsh,Margin-based inductive,ag_news,R4,text,6,745.2373521666667,1.0939002526441637,744.135854,746.679667,0,NVIDIA A100-SXM4-80GB|Unknown,auto
all,adsh,Margin-based inductive,imdb,R4,text,6,154.10730649999996,2.2633712357447506,152.278293,157.403089,0,NVIDIA A100-SXM4-80GB|Unknown,auto
all,tsvm,Margin-based inductive,imdb,R4,text,6,1.1648176666666668,0.10368124485492386,1.100377,1.374489,0,CPU,auto
all,laplace_learning,PDE/Variational,imdb,R4,text,6,5.891045166666667,0.32808913901463815,5.746639,6.560433,0,Unknown,auto
all,p_laplace_learning,PDE/Variational,ag_news,R4,text,2,40437.213764,0.0,40437.213764,40437.213764,0,CPU,auto
all,p_laplace_learning,PDE/Variational,imdb,R4,text,6,7210.198894666668,180.56821707153728,6948.43439,7448.700917,0,CPU,auto
all,poisson_learning,PDE/Variational,ag_news,R4,text,2,46.946072,0.0,46.946072,46.946072,0,Unknown,auto
all,poisson_learning,PDE/Variational,imdb,R4,text,6,12.625627166666668,12.68671016800342,1.301098,34.908731,0,Unknown,auto
all,poisson_mbo,PDE/Variational,ag_news,R4,text,2,149.940736,0.0,149.940736,149.940736,0,CPU,auto
all,poisson_mbo,PDE/Variational,imdb,R4,text,6,45.38534766666667,1.3435835892775192,43.10934,46.945195,0,CPU,auto
all,co_training,Wrappers,ag_news,R4,text,6,4.430925333333334,0.6072893795760526,3.725895,5.386147,0,Unknown,auto
all,co_training,Wrappers,imdb,R4,text,6,1.7021696666666666,1.3956453115505627,1.102796,4.550218,0,Unknown,auto
all,deep_co_training,Wrappers,ag_news,R4,text,6,1430.6264250000002,1.4358331435352607,1429.70928,1433.411515,0,NVIDIA A100-SXM4-80GB|Unknown,auto
all,deep_co_training,Wrappers,imdb,R4,text,6,302.0503906666667,18.052564102707993,285.90407,324.691133,0,NVIDIA A100-SXM4-80GB|Unknown,auto
all,setred,Wrappers,ag_news,R4,text,6,5.3106915,9.709419715365955,0.724353,24.960418,0,Unknown,auto
all,setred,Wrappers,imdb,R4,text,6,1.6597555,1.8343269264501079,0.897578,5.403994,0,Unknown,auto
all,supervised,Baseline,cifar10,R4,vision,6,1.9755363333333331,1.2460099186235503,1.388791,4.515541,0,NVIDIA A100-SXM4-80GB|Unknown,auto
all,supervised,Baseline,cifar100,R4,vision,6,2.784891333333333,1.0721319033771295,2.1965,4.957146,0,NVIDIA A100-SXM4-80GB|Unknown,auto
all,supervised,Baseline,mnist,R4,vision,6,1.8018511666666666,1.103683289589621,1.31235,4.053064,0,NVIDIA A100-SXM4-80GB|Unknown,auto
all,graph_mincuts,Classical transductive,cifar10,R4,vision,6,2.4809375,1.7353022493775254,1.755533,6.023006,0,CPU,auto
all,graph_mincuts,Classical transductive,cifar100,R4,vision,6,0.27378683333333337,0.13925692846593546,0.2054,0.557621,0,CPU,auto
all,graph_mincuts,Classical transductive,mnist,R4,vision,6,0.5843965,0.5626577422784654,0.349724,1.732878,0,CPU,auto
all,graphhop,Classical transductive,cifar10,R4,vision,6,14.139469833333335,1.1008140842297423,13.342978,16.317549,0,Unknown,auto
all,graphhop,Classical transductive,cifar100,R4,vision,6,30.289568000000003,0.4646542053764277,29.545278,30.931976,0,Unknown,auto
all,graphhop,Classical transductive,mnist,R4,vision,6,15.549995833333332,0.9837199104587472,14.72534,16.980786,0,Unknown,auto
all,label_propagation,Classical transductive,cifar10,R4,vision,6,0.9292713333333333,0.31666162667280456,0.673429,1.47145,0,Unknown,auto
all,label_propagation,Classical transductive,cifar100,R4,vision,6,1.0099411666666667,0.19659086396719122,0.883809,1.387285,0,Unknown,auto
all,label_propagation,Classical transductive,mnist,R4,vision,6,0.7948951666666666,0.18778009724400155,0.715342,1.17805,0,Unknown,auto
all,label_spreading,Classical transductive,cifar10,R4,vision,6,0.429984,0.2005965144881635,0.269563,0.786674,0,Unknown,auto
all,label_spreading,Classical transductive,cifar100,R4,vision,6,0.6242828333333333,0.19419498485534242,0.531013,1.019252,0,Unknown,auto
all,label_spreading,Classical transductive,mnist,R4,vision,6,0.38999633333333333,0.1760026460797299,0.315759,0.749204,0,Unknown,auto
all,lazy_random_walk,Classical transductive,cifar10,R4,vision,6,1.9991981666666667,0.32597315525510173,1.856287,2.664135,0,Unknown,auto
all,lazy_random_walk,Classical transductive,cifar100,R4,vision,6,0.3220813333333333,0.25216398861111533,0.205233,0.834098,0,Unknown,auto
all,lazy_random_walk,Classical transductive,mnist,R4,vision,6,0.6105956666666666,0.2721572507721715,0.496803,1.166081,0,Unknown,auto
all,mean_teacher,Consistency,cifar10,R4,vision,2,261.717987,0.0,261.717987,261.717987,0,NVIDIA A100-SXM4-80GB|Unknown,auto
all,mean_teacher,Consistency,cifar100,R4,vision,6,256.42766266666666,2.9470292743403688,254.074609,261.988712,0,NVIDIA A100-SXM4-80GB|Unknown,auto
all,mean_teacher,Consistency,mnist,R4,vision,6,322.5388631666667,1.8618421771848719,320.927138,326.212028,0,NVIDIA A100-SXM4-80GB|Unknown,auto
all,pi_model,Consistency,cifar10,R4,vision,6,274.41777666666667,2.435600380117279,272.106921,278.651349,0,NVIDIA A100-SXM4-80GB|Unknown,auto
all,pi_model,Consistency,cifar100,R4,vision,6,267.4206778333333,3.071167352120579,264.885818,272.236072,0,NVIDIA A100-SXM4-80GB|Unknown,auto
all,pi_model,Consistency,mnist,R4,vision,6,334.69642300000004,8.015795399453697,325.620447,344.399294,0,NVIDIA A100-SXM4-80GB|Unknown,auto
all,temporal_ensembling,Consistency,cifar10,R4,vision,6,296.32563,4.3866706262874615,292.53997,304.308898,0,NVIDIA A100-SXM4-80GB|Unknown,auto
all,temporal_ensembling,Consistency,cifar100,R4,vision,6,316.31564083333336,5.938679123739974,309.424976,323.180918,0,NVIDIA A100-SXM4-80GB|Unknown,auto
all,temporal_ensembling,Consistency,mnist,R4,vision,6,362.22664949999995,4.174112704908476,355.370512,365.834801,0,NVIDIA A100-SXM4-80GB|Unknown,auto
all,vat,Consistency,cifar10,R4,vision,6,360.11275833333326,1.3985472011114448,358.663537,362.394006,0,NVIDIA A100-SXM4-80GB|Unknown,auto
all,vat,Consistency,cifar100,R4,vision,6,355.21682733333336,0.9758602289229066,353.384055,355.966028,0,NVIDIA A100-SXM4-80GB|Unknown,auto
all,vat,Consistency,mnist,R4,vision,6,442.57681699999995,19.207969842432934,424.008081,470.038453,0,NVIDIA A100-SXM4-80GB|Unknown,auto
all,appnp,GNN,cifar10,R4,vision,6,25.332953333333336,2.1308353085656964,24.332901,29.676379,0,Unknown,auto
all,appnp,GNN,cifar100,R4,vision,6,27.108776000000002,0.9400570726935676,26.535903,28.810603,0,Unknown,auto
all,appnp,GNN,mnist,R4,vision,6,3.921944833333333,5.979565536002709,1.412896,16.126969,0,Unknown,auto
all,chebnet,GNN,cifar10,R4,vision,6,2.4611650000000003,1.0376311874035014,1.928338,4.573055,0,Unknown,auto
all,chebnet,GNN,cifar100,R4,vision,6,4.589817166666666,2.618055063050998,1.740792,8.153399,0,Unknown,auto
all,chebnet,GNN,mnist,R4,vision,6,5.104781166666666,1.406540703741547,3.528788,6.687308,0,Unknown,auto
all,gat,GNN,cifar10,R4,vision,6,3.020654166666667,1.5723144821847084,1.938845,6.181288,0,Unknown,auto
all,gat,GNN,cifar100,R4,vision,6,4.151181666666666,0.8705131953891719,3.794223,5.928108,0,Unknown,auto
all,gat,GNN,mnist,R4,vision,6,4.124602833333333,0.9549710541974382,3.729493,6.073906,0,Unknown,auto
all,gcn,GNN,cifar10,R4,vision,6,0.8718066666666666,0.8673964719334906,0.511455,2.642318,0,Unknown,auto
all,gcn,GNN,cifar100,R4,vision,6,1.5659920000000003,1.0683289851110471,0.947989,3.73724,0,Unknown,auto
all,gcn,GNN,mnist,R4,vision,6,1.2464318333333333,0.812780187798501,0.792481,2.886333,0,Unknown,auto
all,gcnii,GNN,cifar10,R4,vision,6,4.777057333333333,0.9429997330075268,3.889814,6.612844,0,Unknown,auto
all,gcnii,GNN,cifar100,R4,vision,6,8.668291,1.779329711445184,7.059353,12.112531,0,Unknown,auto
all,gcnii,GNN,mnist,R4,vision,6,13.150003666666668,1.0348463101115388,12.131941,14.713986,0,Unknown,auto
all,grafn,GNN,cifar10,R4,vision,6,3.7508793333333337,1.5736942926813537,2.291021,6.373657,0,Unknown,auto
all,grafn,GNN,cifar100,R4,vision,6,3.889268833333334,0.9905231243070336,3.338847,5.900527,0,Unknown,auto
all,grafn,GNN,mnist,R4,vision,6,7.166048000000001,2.4756462281253353,3.961485,9.473015,0,Unknown,auto
all,grand,GNN,cifar10,R4,vision,6,14.285632666666666,0.5892622089354336,13.570556,15.00897,0,Unknown,auto
all,grand,GNN,cifar100,R4,vision,6,41.30473333333334,4.692299335122883,35.319535,45.695848,0,Unknown,auto
all,grand,GNN,mnist,R4,vision,6,41.572449,8.402642019531974,31.834728,55.125204,0,Unknown,auto
all,graphsage,GNN,cifar10,R4,vision,6,1.4885343333333332,0.8765876606541224,1.119957,3.277606,0,Unknown,auto
all,graphsage,GNN,cifar100,R4,vision,6,1.8855515,0.8034107793769636,1.445525,3.512885,0,Unknown,auto
all,graphsage,GNN,mnist,R4,vision,6,2.409476833333333,0.9632797183809937,1.688755,4.096342,0,Unknown,auto
all,h_gcn,GNN,cifar10,R4,vision,6,496.1222093333334,8.483101812453043,484.300196,503.271637,0,Unknown,auto
all,h_gcn,GNN,cifar100,R4,vision,6,510.665948,7.1430725462268265,506.693698,525.105044,0,Unknown,auto
all,planetoid,GNN,cifar10,R4,vision,2,1268.351288,0.0,1268.351288,1268.351288,0,Unknown,auto
all,planetoid,GNN,cifar100,R4,vision,2,1296.641182,0.0,1296.641182,1296.641182,0,Unknown,auto
all,planetoid,GNN,mnist,R4,vision,6,1611.492265,2.1811059418431324,1609.192653,1614.600784,0,Unknown,auto
all,sgc,GNN,cifar10,R4,vision,2,2.261852,0.0,2.261852,2.261852,0,Unknown,auto
all,sgc,GNN,cifar100,R4,vision,2,2.856125,0.0,2.856125,2.856125,0,Unknown,auto
all,sgc,GNN,mnist,R4,vision,6,0.8264279999999999,0.819104475981178,0.405862,2.492494,0,Unknown,auto
all,adamatch,Hybrid,cifar10,R4,vision,2,270.39993,0.0,270.39993,270.39993,0,NVIDIA A100-SXM4-80GB|Unknown,auto
all,adamatch,Hybrid,cifar100,R4,vision,6,272.9221195,13.05669247605033,258.37118,287.318476,0,NVIDIA A100-SXM4-80GB|Unknown,auto
all,adamatch,Hybrid,mnist,R4,vision,6,334.3598331666667,2.2871916939357213,332.223075,338.64092,0,NVIDIA A100-SXM4-80GB|Unknown,auto
all,comatch,Hybrid,cifar10,R4,vision,2,395.294545,0.0,395.294545,395.294545,0,NVIDIA A100-SXM4-80GB|Unknown,auto
all,comatch,Hybrid,cifar100,R4,vision,6,384.667559,9.242336502687248,378.492082,402.074301,0,NVIDIA A100-SXM4-80GB|Unknown,auto
all,comatch,Hybrid,mnist,R4,vision,6,495.3391665,18.301837536185317,477.7026,521.32378,0,NVIDIA A100-SXM4-80GB|Unknown,auto
all,daso,Hybrid,cifar10,R4,vision,2,351.34271,0.0,351.34271,351.34271,0,NVIDIA A100-SXM4-80GB|Unknown,auto
all,daso,Hybrid,cifar100,R4,vision,6,508.3784475,2.5734009076194733,504.525094,511.141202,0,NVIDIA A100-SXM4-80GB|Unknown,auto
all,daso,Hybrid,mnist,R4,vision,6,427.646856,3.1725258872481366,422.216946,430.868534,0,NVIDIA A100-SXM4-80GB|Unknown,auto
all,defixmatch,Hybrid,cifar10,R4,vision,2,372.230222,0.0,372.230222,372.230222,0,NVIDIA A100-SXM4-80GB|Unknown,auto
all,defixmatch,Hybrid,cifar100,R4,vision,6,369.241634,3.916486830354308,363.945132,374.568949,0,NVIDIA A100-SXM4-80GB|Unknown,auto
all,defixmatch,Hybrid,mnist,R4,vision,6,440.8920256666667,6.3864532626204875,436.340565,452.986133,0,NVIDIA A100-SXM4-80GB|Unknown,auto
all,fixmatch,Hybrid,cifar10,R4,vision,2,272.87847,0.0,272.87847,272.87847,0,NVIDIA A100-SXM4-80GB|Unknown,auto
all,fixmatch,Hybrid,cifar100,R4,vision,6,268.549604,7.018611729690152,260.385723,275.277168,0,NVIDIA A100-SXM4-80GB|Unknown,auto
all,fixmatch,Hybrid,mnist,R4,vision,6,319.11406900000003,1.8044767204597594,316.925396,321.729981,0,NVIDIA A100-SXM4-80GB|Unknown,auto
all,flexmatch,Hybrid,cifar10,R4,vision,2,360.682383,0.0,360.682383,360.682383,0,NVIDIA A100-SXM4-80GB|Unknown,auto
all,flexmatch,Hybrid,cifar100,R4,vision,6,368.0779726666667,5.487717217730928,358.711712,372.688595,0,NVIDIA A100-SXM4-80GB|Unknown,auto
all,flexmatch,Hybrid,mnist,R4,vision,6,401.1990221666667,8.771297535160663,392.025377,415.192539,0,NVIDIA A100-SXM4-80GB|Unknown,auto
all,free_match,Hybrid,cifar10,R4,vision,2,292.704076,0.0,292.704076,292.704076,0,NVIDIA A100-SXM4-80GB|Unknown,auto
all,free_match,Hybrid,cifar100,R4,vision,6,292.072952,4.347365339244851,287.30281,297.217134,0,NVIDIA A100-SXM4-80GB|Unknown,auto
all,free_match,Hybrid,mnist,R4,vision,6,355.1073578333333,2.354530265963835,352.697578,359.306736,0,NVIDIA A100-SXM4-80GB|Unknown,auto
all,meta_pseudo_labels,Hybrid,cifar10,R4,vision,6,481.9207558333333,5.43665546164998,474.453078,487.052617,0,NVIDIA A100-SXM4-80GB|Unknown,auto
all,meta_pseudo_labels,Hybrid,cifar100,R4,vision,6,473.98640099999994,2.63086724491729,471.102885,477.112716,0,NVIDIA A100-SXM4-80GB|Unknown,auto
all,meta_pseudo_labels,Hybrid,mnist,R4,vision,6,577.2748070000001,10.848797555834434,567.100434,597.094696,0,NVIDIA A100-SXM4-80GB|Unknown,auto
all,mixmatch,Hybrid,cifar10,R4,vision,2,257.037133,0.0,257.037133,257.037133,0,NVIDIA A100-SXM4-80GB|Unknown,auto
all,mixmatch,Hybrid,cifar100,R4,vision,6,220.50650066666662,1.0047695518186526,219.376676,222.187922,0,NVIDIA A100-SXM4-80GB|Unknown,auto
all,mixmatch,Hybrid,mnist,R4,vision,6,290.3587935,11.271751625391671,278.06783,306.863218,0,NVIDIA A100-SXM4-80GB|Unknown,auto
all,noisy_student,Hybrid,cifar10,R4,vision,6,248.57230416666667,1.4036981626893217,247.23353,250.716675,0,NVIDIA A100-SXM4-80GB|Unknown,auto
all,noisy_student,Hybrid,cifar100,R4,vision,6,240.72819833333332,4.430446627033931,238.529034,249.739481,0,NVIDIA A100-SXM4-80GB|Unknown,auto
all,noisy_student,Hybrid,mnist,R4,vision,6,308.00812483333334,16.46229692350773,294.500297,336.694549,0,NVIDIA A100-SXM4-80GB|Unknown,auto
all,simclr_v2,Hybrid,cifar10,R4,vision,6,109.95088550000001,2.4582441718174994,108.355886,114.291543,0,NVIDIA A100-SXM4-80GB|Unknown,auto
all,simclr_v2,Hybrid,cifar100,R4,vision,6,107.79807866666665,1.8232504364182889,106.703203,111.342177,0,NVIDIA A100-SXM4-80GB|Unknown,auto
all,simclr_v2,Hybrid,mnist,R4,vision,6,129.24806916666665,1.729431529050679,126.348681,131.539421,0,NVIDIA A100-SXM4-80GB|Unknown,auto
all,softmatch,Hybrid,cifar10,R4,vision,6,273.9874271666667,2.3850429711103613,272.607293,278.81399,0,NVIDIA A100-SXM4-80GB|Unknown,auto
all,softmatch,Hybrid,cifar100,R4,vision,6,272.86666833333334,4.781611439989588,266.720315,277.685416,0,NVIDIA A100-SXM4-80GB|Unknown,auto
all,softmatch,Hybrid,mnist,R4,vision,6,330.366558,4.5029718416942455,327.334933,338.305787,0,NVIDIA A100-SXM4-80GB|Unknown,auto
all,uda,Hybrid,cifar10,R4,vision,6,274.887327,4.657242086821763,271.48572,281.686883,0,NVIDIA A100-SXM4-80GB|Unknown,auto
all,uda,Hybrid,cifar100,R4,vision,6,263.091287,2.5209164906688066,261.343919,267.782448,0,NVIDIA A100-SXM4-80GB|Unknown,auto
all,uda,Hybrid,mnist,R4,vision,6,330.789495,4.060583750418489,327.779036,338.643561,0,NVIDIA A100-SXM4-80GB|Unknown,auto
all,adsh,Margin-based inductive,cifar10,R4,vision,2,321.762939,0.0,321.762939,321.762939,0,NVIDIA A100-SXM4-80GB|Unknown,auto
all,adsh,Margin-based inductive,cifar100,R4,vision,6,346.7198611666666,4.780259430127472,343.223845,355.868512,0,NVIDIA A100-SXM4-80GB|Unknown,auto
all,adsh,Margin-based inductive,mnist,R4,vision,6,387.8346248333333,3.9597437694733424,384.29251,395.266488,0,NVIDIA A100-SXM4-80GB|Unknown,auto
all,laplace_learning,PDE/Variational,cifar10,R4,vision,6,28.971839666666668,8.063966374922867,12.514234,32.542612,0,Unknown,auto
all,laplace_learning,PDE/Variational,cifar100,R4,vision,6,28.387925,9.582202869096854,8.830707,32.552171,0,Unknown,auto
all,laplace_learning,PDE/Variational,mnist,R4,vision,6,13.567313166666667,0.2805731302284075,13.449957,14.140002,0,Unknown,auto
all,poisson_learning,PDE/Variational,cifar10,R4,vision,2,43.840884,0.0,43.840884,43.840884,0,Unknown,auto
all,poisson_learning,PDE/Variational,cifar100,R4,vision,2,440.881635,0.0,440.881635,440.881635,0,Unknown,auto
all,poisson_learning,PDE/Variational,mnist,R4,vision,6,55.50516516666667,1.7700745159924105,54.596965,59.074557,0,Unknown,auto
all,poisson_mbo,PDE/Variational,cifar10,R4,vision,2,123.538297,0.0,123.538297,123.538297,0,CPU,auto
all,poisson_mbo,PDE/Variational,cifar100,R4,vision,2,939.821321,0.0,939.821321,939.821321,0,CPU,auto
all,poisson_mbo,PDE/Variational,mnist,R4,vision,6,159.2701875,0.7753768659615198,158.419637,160.481546,0,CPU,auto
all,co_training,Wrappers,cifar10,R4,vision,2,7.271572,0.0,7.271572,7.271572,0,Unknown,auto
all,co_training,Wrappers,cifar100,R4,vision,6,1986.6635791666668,197.56028714400352,1875.775932,2387.446188,0,Unknown,auto
all,co_training,Wrappers,mnist,R4,vision,6,8.0618785,2.051211542359174,6.961202,12.154327,0,Unknown,auto
all,deep_co_training,Wrappers,cifar10,R4,vision,6,643.0490771666667,38.02022113700989,623.312554,720.477199,0,NVIDIA A100-SXM4-80GB|Unknown,auto
all,deep_co_training,Wrappers,cifar100,R4,vision,6,618.3259118333334,4.252067601719672,614.445427,625.434145,0,NVIDIA A100-SXM4-80GB|Unknown,auto
all,deep_co_training,Wrappers,mnist,R4,vision,6,739.6342558333334,6.599803527688064,734.007957,751.769253,0,NVIDIA A100-SXM4-80GB|Unknown,auto
all,democratic_co_learning,Wrappers,cifar10,R4,vision,2,1535.346214,0.0,1535.346214,1535.346214,0,NVIDIA A100-SXM4-80GB|Unknown,auto
all,democratic_co_learning,Wrappers,cifar100,R4,vision,6,1035.5122895000002,980.3823712081875,168.577742,2140.766286,0,NVIDIA A100-SXM4-80GB|Unknown,auto
all,democratic_co_learning,Wrappers,mnist,R4,vision,6,2152.203979,435.1337770506989,1264.876505,2363.955143,0,NVIDIA A100-SXM4-80GB|Unknown,auto
all,pseudo_label,Wrappers,cifar10,R4,vision,6,2.5913350000000004,1.4757134465079593,1.97559,5.603534,0,NVIDIA A100-SXM4-80GB|Unknown,auto
all,pseudo_label,Wrappers,cifar100,R4,vision,6,4.120373,1.0610874543257969,3.59272,6.283614,0,NVIDIA A100-SXM4-80GB|Unknown,auto
all,pseudo_label,Wrappers,mnist,R4,vision,6,2.3834265,1.253086348109459,1.817267,4.94005,0,NVIDIA A100-SXM4-80GB|Unknown,auto
all,self_training,Wrappers,cifar10,R4,vision,6,1.9558823333333335,0.9583262940522224,1.560307,3.912039,0,NVIDIA A100-SXM4-80GB|Unknown,auto
all,self_training,Wrappers,cifar100,R4,vision,6,3.8829685000000005,0.9530047340286931,3.483518,5.828242,0,NVIDIA A100-SXM4-80GB|Unknown,auto
all,self_training,Wrappers,mnist,R4,vision,6,2.043526833333333,1.0393062629572507,1.612821,4.164984,0,NVIDIA A100-SXM4-80GB|Unknown,auto
all,setred,Wrappers,cifar10,R4,vision,6,3.6445904999999996,2.057000674960487,2.675966,7.839147,0,Unknown,auto
all,setred,Wrappers,cifar100,R4,vision,6,600.5244724999999,59.72296391752749,519.355099,673.620128,0,Unknown,auto
all,setred,Wrappers,mnist,R4,vision,6,15.185258499999996,3.1707900484362406,11.41412,19.989541,0,Unknown,auto
all,tri_training,Wrappers,cifar10,R4,vision,6,2483.6990754999997,20.5144139687338,2448.443132,2507.086177,0,NVIDIA A100-SXM4-80GB|Unknown,auto
all,tri_training,Wrappers,cifar100,R4,vision,6,2358.0139856666665,22.205536615248555,2326.062032,2393.12748,0,NVIDIA A100-SXM4-80GB|Unknown,auto
all,tri_training,Wrappers,mnist,R4,vision,6,3009.8228218333334,45.05786152265936,2945.510544,3056.773105,0,NVIDIA A100-SXM4-80GB|Unknown,auto
all,supervised,Baseline,adult,R5,tabular,6,0.937811,1.5678589766474533,0.296697,4.138189,0,NVIDIA A100-SXM4-80GB|Unknown,auto
all,supervised,Baseline,breast_cancer,R5,tabular,6,2.450267833333333,4.952217232986228,0.332808,12.558185,0,Tesla V100-SXM2-32GB|Unknown,auto
all,dynamic_label_propagation,Classical transductive,adult,R5,tabular,6,765.7017236666667,0.911666828514167,765.26497,767.556112,0,Unknown,auto
all,dynamic_label_propagation,Classical transductive,breast_cancer,R5,tabular,6,1.7081975,2.916993408186501,0.459188,7.659901,0,Unknown,auto
all,graph_mincuts,Classical transductive,adult,R5,tabular,6,0.8445141666666666,0.7166707096346039,0.444842,2.254374,0,CPU,auto
all,graph_mincuts,Classical transductive,breast_cancer,R5,tabular,6,1.0845101666666668,2.1653514233313187,0.130709,5.503821,0,CPU,auto
all,graphhop,Classical transductive,adult,R5,tabular,6,28.818906166666665,11.83442180850844,17.058051,45.728891,0,Unknown,auto
all,graphhop,Classical transductive,breast_cancer,R5,tabular,6,18.86620233333333,6.61631281002362,15.128284,32.107805,0,Unknown,auto
all,label_propagation,Classical transductive,adult,R5,tabular,6,1.1756060000000002,2.0084181235389207,0.319223,5.274816,0,Unknown,auto
all,label_propagation,Classical transductive,breast_cancer,R5,tabular,6,0.9887021666666667,1.8208265418920513,0.184641,4.703625,0,Unknown,auto
all,label_spreading,Classical transductive,adult,R5,tabular,6,0.6355681666666667,0.8567019300212686,0.284491,2.384302,0,Unknown,auto
all,label_spreading,Classical transductive,breast_cancer,R5,tabular,6,0.9198578333333333,1.8188091173030132,0.147606,4.632013,0,Unknown,auto
all,lazy_random_walk,Classical transductive,adult,R5,tabular,6,5.33233,0.9287180792010027,4.938361,7.227991,0,Unknown,auto
all,lazy_random_walk,Classical transductive,breast_cancer,R5,tabular,6,0.824148,1.7154937980068596,0.104245,4.325552,0,Unknown,auto
all,mean_teacher,Consistency,adult,R5,tabular,6,37.062621166666666,1.8141324794474525,36.13464,40.750778,0,NVIDIA A100-SXM4-80GB|Unknown,auto
all,mean_teacher,Consistency,breast_cancer,R5,tabular,6,3.4160983333333337,5.338694615831129,1.217304,14.31351,0,Tesla V100-SXM2-32GB|Unknown,auto
all,pi_model,Consistency,adult,R5,tabular,6,35.609679666666665,1.7442003210728616,34.830766,39.166597,0,NVIDIA A100-SXM4-80GB|Unknown,auto
all,pi_model,Consistency,breast_cancer,R5,tabular,6,3.4692693333333335,6.089576232352517,0.931777,15.89929,0,Tesla V100-SXM2-32GB|Unknown,auto
all,temporal_ensembling,Consistency,adult,R5,tabular,6,40.61416933333334,2.018345342184897,39.734439,44.731614,0,NVIDIA A100-SXM4-80GB|Unknown,auto
all,temporal_ensembling,Consistency,breast_cancer,R5,tabular,6,3.347685,5.345193000134008,1.04395,14.257791,0,Tesla V100-SXM2-32GB|Unknown,auto
all,vat,Consistency,adult,R5,tabular,6,47.97526666666666,1.4766230156025155,46.958968,50.93607,0,NVIDIA A100-SXM4-80GB|Unknown,auto
all,vat,Consistency,breast_cancer,R5,tabular,6,3.6247828333333327,5.781849321451068,1.22186,15.426805,0,Tesla V100-SXM2-32GB|Unknown,auto
all,appnp,GNN,adult,R5,tabular,6,15.41714316666667,2.1022973464064894,14.397015,19.699295,0,Unknown,auto
all,appnp,GNN,breast_cancer,R5,tabular,6,3.3525438333333324,5.117370099914346,1.109495,13.794943,0,Unknown,auto
all,chebnet,GNN,adult,R5,tabular,6,1.4800328333333335,1.9529618043071315,0.649946,5.465593,0,Unknown,auto
all,chebnet,GNN,breast_cancer,R5,tabular,6,2.832822333333333,5.560966325419915,0.410863,14.17839,0,Unknown,auto
all,gat,GNN,adult,R5,tabular,6,3.9138198333333336,4.836278347395419,1.779342,13.784442,0,Unknown,auto
all,gat,GNN,breast_cancer,R5,tabular,6,3.4878271666666674,5.145838050804647,1.17706,13.980522,0,Unknown,auto
all,gcn,GNN,adult,R5,tabular,6,1.1730103333333333,1.6331233297941299,0.482429,4.50646,0,Unknown,auto
all,gcn,GNN,breast_cancer,R5,tabular,6,2.554753,4.647087546375643,0.469518,12.036976,0,Unknown,auto
all,gcnii,GNN,adult,R5,tabular,6,4.614215,1.7181202390047094,3.753828,8.112836,0,Unknown,auto
all,gcnii,GNN,breast_cancer,R5,tabular,6,4.175525333333333,5.12248307301565,1.561521,14.612101,0,Unknown,auto
all,grafn,GNN,adult,R5,tabular,6,4.153182166666666,2.0351367163465373,2.205005,6.191006,0,Unknown,auto
all,grafn,GNN,breast_cancer,R5,tabular,6,3.0971875000000004,5.246757652509166,0.917322,13.806839,0,Unknown,auto
all,grand,GNN,adult,R5,tabular,6,2.341558,1.8934583228227655,1.260529,6.135859,0,Unknown,auto
all,grand,GNN,breast_cancer,R5,tabular,6,2.825459,4.0841566352277425,0.786725,11.120189,0,Unknown,auto
all,graphsage,GNN,adult,R5,tabular,6,1.1790880000000001,1.6251427118235493,0.510742,4.496371,0,Unknown,auto
all,graphsage,GNN,breast_cancer,R5,tabular,6,2.0530428333333335,4.018447539358623,0.353465,10.25507,0,Unknown,auto
all,h_gcn,GNN,adult,R5,tabular,6,243.2868605,2.70161826105116,241.177708,248.411274,0,Unknown,auto
all,h_gcn,GNN,breast_cancer,R5,tabular,6,3.171863166666667,3.1835761157194544,1.181881,9.536483,0,Unknown,auto
all,n_gcn,GNN,adult,R5,tabular,6,162.1393335,3.1170654975150405,158.279888,167.809396,0,Unknown,auto
all,n_gcn,GNN,breast_cancer,R5,tabular,6,2.701174333333333,2.8642332631084826,1.295402,8.516924,0,Unknown,auto
all,planetoid,GNN,adult,R5,tabular,6,956.7745168333335,8.597418158341053,947.306928,968.764429,0,Unknown,auto
all,planetoid,GNN,breast_cancer,R5,tabular,6,43.61193699999999,2.9348447068425965,41.902493,49.554729,0,Unknown,auto
all,sgc,GNN,adult,R5,tabular,6,1.6977575000000005,3.4053140275397658,0.306505,8.648825,0,Unknown,auto
all,sgc,GNN,breast_cancer,R5,tabular,6,1.1268858333333334,2.2691080856854233,0.161609,5.757428,0,Unknown,auto
all,adamatch,Hybrid,adult,R5,tabular,6,41.33252083333334,4.117539583855068,39.567692,49.733334,0,NVIDIA A100-SXM4-80GB|Unknown,auto
all,adamatch,Hybrid,breast_cancer,R5,tabular,6,4.417809666666667,6.2614447066645464,1.776279,17.197678,0,Tesla V100-SXM2-32GB|Unknown,auto
all,comatch,Hybrid,adult,R5,tabular,6,67.58947966666666,1.5457729555395445,66.150207,70.395147,0,NVIDIA A100-SXM4-80GB|Unknown,auto
all,comatch,Hybrid,breast_cancer,R5,tabular,6,4.428886833333333,6.194079363015924,1.803995,17.070878,0,Tesla V100-SXM2-32GB|Unknown,auto
all,daso,Hybrid,adult,R5,tabular,6,54.93667466666667,2.2684612389025007,53.348169,59.494323,0,NVIDIA A100-SXM4-80GB|Unknown,auto
all,daso,Hybrid,breast_cancer,R5,tabular,6,3.9420175,6.127622854127097,1.270767,16.448091,0,Tesla V100-SXM2-32GB|Unknown,auto
all,defixmatch,Hybrid,adult,R5,tabular,6,50.38963716666667,3.3047573018000835,47.418399,56.799608,0,NVIDIA A100-SXM4-80GB|Unknown,auto
all,defixmatch,Hybrid,breast_cancer,R5,tabular,6,3.953601166666667,6.251976232773902,1.346464,16.715258,0,Tesla V100-SXM2-32GB|Unknown,auto
all,fixmatch,Hybrid,adult,R5,tabular,6,37.52201633333333,3.934826561864382,35.180546,45.380673,0,NVIDIA A100-SXM4-80GB|Unknown,auto
all,fixmatch,Hybrid,breast_cancer,R5,tabular,6,3.7597128333333347,6.102363704204935,1.189847,16.215637,0,Tesla V100-SXM2-32GB|Unknown,auto
all,flexmatch,Hybrid,adult,R5,tabular,6,51.008015,1.7899662378655086,50.115847,54.656708,0,NVIDIA A100-SXM4-80GB|Unknown,auto
all,flexmatch,Hybrid,breast_cancer,R5,tabular,6,4.076072666666666,6.280423517304248,1.274071,16.889666,0,Tesla V100-SXM2-32GB|Unknown,auto
all,free_match,Hybrid,adult,R5,tabular,6,56.28932683333334,3.8555049126477035,54.373659,64.151228,0,NVIDIA A100-SXM4-80GB|Unknown,auto
all,free_match,Hybrid,breast_cancer,R5,tabular,6,4.114588333333334,6.0150003148148095,1.501172,16.390399,0,Tesla V100-SXM2-32GB|Unknown,auto
all,meta_pseudo_labels,Hybrid,adult,R5,tabular,6,60.597524166666666,3.403668321166937,58.98013,67.534296,0,NVIDIA A100-SXM4-80GB|Unknown,auto
all,meta_pseudo_labels,Hybrid,breast_cancer,R5,tabular,6,4.3170123333333335,6.093194818931187,1.678178,16.753138,0,Tesla V100-SXM2-32GB|Unknown,auto
all,mixmatch,Hybrid,adult,R5,tabular,6,41.928242166666664,2.0673330820074853,41.061352,46.148066,0,NVIDIA A100-SXM4-80GB|Unknown,auto
all,mixmatch,Hybrid,breast_cancer,R5,tabular,6,3.7766143333333333,5.826513363054295,1.333855,15.6695,0,Tesla V100-SXM2-32GB|Unknown,auto
all,noisy_student,Hybrid,adult,R5,tabular,6,37.82742833333334,2.3787837648554504,36.352381,42.616953,0,NVIDIA A100-SXM4-80GB|Unknown,auto
all,noisy_student,Hybrid,breast_cancer,R5,tabular,6,3.4772870000000005,5.757606137557761,1.018557,15.228282,0,Tesla V100-SXM2-32GB|Unknown,auto
all,simclr_v2,Hybrid,adult,R5,tabular,6,21.005147500000003,1.8604493630322478,19.933547,24.751699,0,NVIDIA A100-SXM4-80GB|Unknown,auto
all,simclr_v2,Hybrid,breast_cancer,R5,tabular,6,2.9326721666666664,5.36810502140431,0.675811,13.889802,0,Tesla V100-SXM2-32GB|Unknown,auto
all,softmatch,Hybrid,adult,R5,tabular,6,40.242727499999994,1.9889547571325752,39.388545,44.30142,0,NVIDIA A100-SXM4-80GB|Unknown,auto
all,softmatch,Hybrid,breast_cancer,R5,tabular,6,3.2905773333333332,5.243418447537052,1.107985,13.993129,0,Tesla V100-SXM2-32GB|Unknown,auto
all,uda,Hybrid,adult,R5,tabular,6,38.6057295,3.934317601852487,36.397546,46.584451,0,NVIDIA A100-SXM4-80GB|Unknown,auto
all,uda,Hybrid,breast_cancer,R5,tabular,6,3.2526376666666668,5.355037134962994,1.017604,14.182713,0,Tesla V100-SXM2-32GB|Unknown,auto
all,adsh,Margin-based inductive,adult,R5,tabular,6,40.920661,1.7717130967386328,40.052391,44.52551,0,NVIDIA A100-SXM4-80GB|Unknown,auto
all,adsh,Margin-based inductive,breast_cancer,R5,tabular,6,3.9721615,6.538039265793645,1.230001,17.317667,0,Tesla V100-SXM2-32GB|Unknown,auto
all,s4vm,Margin-based inductive,adult,R5,tabular,6,38.311461666666666,2.08538794233933,37.036853,42.526002,0,NVIDIA A100-SXM4-80GB|Unknown,auto
all,s4vm,Margin-based inductive,breast_cancer,R5,tabular,6,4.392478333333334,5.790828686379789,1.978832,16.212601,0,Tesla V100-SXM2-32GB|Unknown,auto
all,tsvm,Margin-based inductive,adult,R5,tabular,6,1.6161943333333335,2.0143715690779262,0.720086,5.72732,0,CPU,auto
all,tsvm,Margin-based inductive,breast_cancer,R5,tabular,6,0.6313916666666667,1.1464780136310802,0.155316,2.971487,0,CPU,auto
all,laplace_learning,PDE/Variational,adult,R5,tabular,6,5.3325465,1.0456726243370342,4.890751,7.466961,0,Unknown,auto
all,laplace_learning,PDE/Variational,breast_cancer,R5,tabular,6,0.9352683333333331,1.9283221525728178,0.099574,4.870391,0,Unknown,auto
all,p_laplace_learning,PDE/Variational,adult,R5,tabular,6,11117.9288925,81.83717805650764,11008.215258,11199.970702,0,CPU,auto
all,p_laplace_learning,PDE/Variational,breast_cancer,R5,tabular,6,45.10872166666667,8.091489408000696,35.702598,55.922532,0,CPU,auto
all,poisson_learning,PDE/Variational,adult,R5,tabular,6,10.827115166666665,1.8749523265650696,9.943245,14.651817,0,Unknown,auto
all,poisson_learning,PDE/Variational,breast_cancer,R5,tabular,6,0.8615325,1.21619182740187,0.361205,3.344065,0,Unknown,auto
all,poisson_mbo,PDE/Variational,adult,R5,tabular,6,54.318799500000004,0.9581245531797526,53.215545,56.085076,0,CPU,auto
all,poisson_mbo,PDE/Variational,breast_cancer,R5,tabular,6,1.7271941666666668,1.233695484260912,1.145752,4.243677,0,CPU,auto
all,co_training,Wrappers,adult,R5,tabular,6,3.3906666666666667,1.8855175351757052,2.609403,7.239357,0,NVIDIA A100-SXM4-80GB|Unknown,auto
all,co_training,Wrappers,breast_cancer,R5,tabular,6,6.1286613333333335,5.591418140625745,3.753677,17.541396,0,Tesla V100-SXM2-32GB|Unknown,auto
all,deep_co_training,Wrappers,adult,R5,tabular,6,82.6630965,1.564904127726904,81.794811,85.76786,0,NVIDIA A100-SXM4-80GB|Unknown,auto
all,deep_co_training,Wrappers,breast_cancer,R5,tabular,6,4.949695,6.518369677929597,2.089467,18.253308,0,Tesla V100-SXM2-32GB|Unknown,auto
all,democratic_co_learning,Wrappers,adult,R5,tabular,6,89.15717733333332,26.331396656699713,63.200475,126.28722,0,NVIDIA A100-SXM4-80GB|Unknown,auto
all,democratic_co_learning,Wrappers,breast_cancer,R5,tabular,6,4.3835315,6.019940238923033,1.450514,16.640397,0,Tesla V100-SXM2-32GB|Unknown,auto
all,pseudo_label,Wrappers,adult,R5,tabular,6,61.441732,2.268568984735621,59.698483,65.871368,0,NVIDIA A100-SXM4-80GB|Unknown,auto
all,pseudo_label,Wrappers,breast_cancer,R5,tabular,6,4.315689666666667,5.921701621973693,1.34468,16.378207,0,Tesla V100-SXM2-32GB|Unknown,auto
all,self_training,Wrappers,adult,R5,tabular,6,61.14683883333333,1.988870594993792,59.896046,65.173667,0,NVIDIA A100-SXM4-80GB|Unknown,auto
all,self_training,Wrappers,breast_cancer,R5,tabular,6,4.173592166666666,5.83229489153374,1.172616,16.060843,0,Tesla V100-SXM2-32GB|Unknown,auto
all,setred,Wrappers,adult,R5,tabular,6,2.152936333333334,1.7386253740517728,1.396878,5.700965,0,NVIDIA A100-SXM4-80GB|Unknown,auto
all,setred,Wrappers,breast_cancer,R5,tabular,6,4.857910666666666,5.462609553079029,2.582756,16.008115,0,Tesla V100-SXM2-32GB|Unknown,auto
all,tri_training,Wrappers,adult,R5,tabular,6,351.9737,24.20678666969057,311.265077,368.719061,0,NVIDIA A100-SXM4-80GB|Unknown,auto
all,tri_training,Wrappers,breast_cancer,R5,tabular,6,5.5232265,5.3480540875673555,2.969552,16.406997,0,Tesla V100-SXM2-32GB|Unknown,auto
all,trinet,Wrappers,adult,R5,tabular,6,687.1920193333334,9.15538806793802,669.48298,694.324671,0,NVIDIA A100-SXM4-80GB|Unknown,auto
all,trinet,Wrappers,breast_cancer,R5,tabular,6,17.924963,5.274702694752416,15.623219,28.688975,0,Tesla V100-SXM2-32GB|Unknown,auto
all,supervised,Baseline,ag_news,R5,text,2,7.273892,0.0,7.273892,7.273892,0,NVIDIA A100-SXM4-80GB|Unknown,auto
all,supervised,Baseline,imdb,R5,text,6,2.0207210000000004,0.9112467075509245,1.518204,3.866509,0,NVIDIA A100-SXM4-80GB|Unknown,auto
all,dynamic_label_propagation,Classical transductive,imdb,R5,text,6,820.0626913333332,0.5217612031612381,819.475706,820.827462,0,Unknown,auto
all,graph_mincuts,Classical transductive,imdb,R5,text,6,15.419797500000001,0.8437101426643515,14.760789,17.105405,0,CPU,auto
all,graphhop,Classical transductive,ag_news,R5,text,2,40.294416,0.0,40.294416,40.294416,0,Unknown,auto
all,graphhop,Classical transductive,imdb,R5,text,6,29.514834499999996,4.0064432237552925,21.933846,33.931833,0,Unknown,auto
all,label_propagation,Classical transductive,ag_news,R5,text,2,1.345286,0.0,1.345286,1.345286,0,Unknown,auto
all,label_propagation,Classical transductive,imdb,R5,text,6,1.3743701666666668,0.7043646342710335,0.901744,2.614074,0,Unknown,auto
all,label_spreading,Classical transductive,ag_news,R5,text,2,1.41195,0.0,1.41195,1.41195,0,Unknown,auto
all,label_spreading,Classical transductive,imdb,R5,text,6,1.2287881666666667,0.6827945257406262,0.811659,2.423297,0,Unknown,auto
all,lazy_random_walk,Classical transductive,imdb,R5,text,6,20.41454566666667,1.2032325447506251,19.707922,22.860476,0,Unknown,auto
all,mean_teacher,Consistency,ag_news,R5,text,6,644.3357555,0.6761130659381771,643.749458,645.648668,0,NVIDIA A100-SXM4-80GB|Unknown,auto
all,mean_teacher,Consistency,imdb,R5,text,6,128.55029316666668,0.8816656896237771,127.985096,130.289273,0,NVIDIA A100-SXM4-80GB|Unknown,auto
all,pi_model,Consistency,ag_news,R5,text,6,647.2882713333335,13.158813712187323,640.836964,674.057203,0,NVIDIA A100-SXM4-80GB|Unknown,auto
all,pi_model,Consistency,imdb,R5,text,6,127.83866883333333,1.2108065877695648,127.25734,130.289477,0,NVIDIA A100-SXM4-80GB|Unknown,auto
all,temporal_ensembling,Consistency,ag_news,R5,text,2,799.380741,0.0,799.380741,799.380741,0,NVIDIA A100-SXM4-80GB|Unknown,auto
all,temporal_ensembling,Consistency,imdb,R5,text,6,157.88791766666665,1.180993667029366,157.254519,160.29279,0,NVIDIA A100-SXM4-80GB|Unknown,auto
all,vat,Consistency,ag_news,R5,text,2,868.001554,0.0,868.001554,868.001554,0,NVIDIA A100-SXM4-80GB|Unknown,auto
all,vat,Consistency,imdb,R5,text,6,174.62714516666665,0.898531496394295,174.147399,176.456298,0,NVIDIA A100-SXM4-80GB|Unknown,auto
all,appnp,GNN,ag_news,R5,text,2,83.260732,0.0,83.260732,83.260732,0,Unknown,auto
all,appnp,GNN,imdb,R5,text,6,15.57687066666667,0.9597492552223563,14.954521,17.520199,0,Unknown,auto
all,chebnet,GNN,ag_news,R5,text,2,82.190912,0.0,82.190912,82.190912,0,Unknown,auto
all,chebnet,GNN,imdb,R5,text,6,1.614537333333333,0.8793374159849374,1.241277,3.409381,0,Unknown,auto
all,gat,GNN,ag_news,R5,text,2,86.552461,0.0,86.552461,86.552461,0,Unknown,auto
all,gat,GNN,imdb,R5,text,6,3.2020915,1.4749823524241572,2.44747,6.208565,0,Unknown,auto
all,gcn,GNN,ag_news,R5,text,2,74.783161,0.0,74.783161,74.783161,0,Unknown,auto
all,gcn,GNN,imdb,R5,text,6,2.1397416666666667,1.1116177415920756,1.469072,4.335491,0,Unknown,auto
all,gcnii,GNN,ag_news,R5,text,2,90.89399,0.0,90.89399,90.89399,0,Unknown,auto
all,gcnii,GNN,imdb,R5,text,6,5.562737833333333,0.9280049739410705,4.822412,7.326781,0,Unknown,auto
all,grafn,GNN,ag_news,R5,text,2,31.437477,0.0,31.437477,31.437477,0,Unknown,auto
all,grafn,GNN,imdb,R5,text,6,3.485469333333334,1.6392561485294075,2.419985,6.756489,0,Unknown,auto
all,grand,GNN,ag_news,R5,text,2,39.421212,0.0,39.421212,39.421212,0,Unknown,auto
all,grand,GNN,imdb,R5,text,6,4.404285333333333,1.0859470000293139,3.348782,6.059093,0,Unknown,auto
all,graphsage,GNN,ag_news,R5,text,2,3.883145,0.0,3.883145,3.883145,0,Unknown,auto
all,graphsage,GNN,imdb,R5,text,6,1.6147711666666666,1.2132150860628825,1.05503,4.081952,0,Unknown,auto
all,h_gcn,GNN,imdb,R5,text,6,271.77223383333336,4.243468057157327,267.212002,277.705759,0,Unknown,auto
all,n_gcn,GNN,imdb,R5,text,6,206.51553016666665,1.9306459741746005,203.248136,208.101482,0,Unknown,auto
all,planetoid,GNN,ag_news,R5,text,2,4129.470108,0.0,4129.470108,4129.470108,0,Unknown,auto
all,planetoid,GNN,imdb,R5,text,6,973.0366926666667,4.044476224096829,967.993769,979.104512,0,Unknown,auto
all,sgc,GNN,ag_news,R5,text,2,3.826685,0.0,3.826685,3.826685,0,Unknown,auto
all,sgc,GNN,imdb,R5,text,6,2.005529,2.234575167946337,0.991643,6.549172,0,Unknown,auto
all,adamatch,Hybrid,ag_news,R5,text,6,655.4108875000001,2.29288784868428,653.268254,659.704546,0,NVIDIA A100-SXM4-80GB|Unknown,auto
all,adamatch,Hybrid,imdb,R5,text,6,133.39031183333336,0.9750988230423422,132.482209,134.486142,0,NVIDIA A100-SXM4-80GB|Unknown,auto
all,comatch,Hybrid,ag_news,R5,text,6,986.0745310000001,1.7332129631362727,984.096854,988.558163,0,NVIDIA A100-SXM4-80GB|Unknown,auto
all,comatch,Hybrid,imdb,R5,text,6,198.65783833333333,0.7322043888299665,198.268789,200.149451,0,NVIDIA A100-SXM4-80GB|Unknown,auto
all,daso,Hybrid,ag_news,R5,text,6,792.7802196666667,1.5136443645086228,791.540575,795.484176,0,NVIDIA A100-SXM4-80GB|Unknown,auto
all,daso,Hybrid,imdb,R5,text,6,154.911866,0.4003088739915655,154.707802,155.727062,0,NVIDIA A100-SXM4-80GB|Unknown,auto
all,defixmatch,Hybrid,ag_news,R5,text,6,836.6434596666668,2.365919199883683,834.471591,840.149724,0,NVIDIA A100-SXM4-80GB|Unknown,auto
all,defixmatch,Hybrid,imdb,R5,text,6,162.48757716666668,0.6548439945707463,162.090841,163.814455,0,NVIDIA A100-SXM4-80GB|Unknown,auto
all,fixmatch,Hybrid,ag_news,R5,text,6,642.9716363333333,1.9906964176948472,641.703201,646.976535,0,NVIDIA A100-SXM4-80GB|Unknown,auto
all,fixmatch,Hybrid,imdb,R5,text,6,128.98442633333332,0.7069765202866868,128.485359,130.068555,0,NVIDIA A100-SXM4-80GB|Unknown,auto
all,flexmatch,Hybrid,ag_news,R5,text,6,690.4573821666668,8.133995193940873,682.228103,700.430369,0,NVIDIA A100-SXM4-80GB|Unknown,auto
all,flexmatch,Hybrid,imdb,R5,text,6,132.65828116666668,0.9376163857613351,131.737758,134.192299,0,NVIDIA A100-SXM4-80GB|Unknown,auto
all,free_match,Hybrid,ag_news,R5,text,6,700.5801940000001,1.8299646050050284,698.955651,703.856348,0,NVIDIA A100-SXM4-80GB|Unknown,auto
all,free_match,Hybrid,imdb,R5,text,6,139.99873250000002,0.7859829259027844,139.626308,141.601448,0,NVIDIA A100-SXM4-80GB|Unknown,auto
all,meta_pseudo_labels,Hybrid,ag_news,R5,text,6,1596.2376848333333,1.7253682673205324,1594.91683,1599.639899,0,NVIDIA A100-SXM4-80GB|Unknown,auto
all,meta_pseudo_labels,Hybrid,imdb,R5,text,6,216.02272033333335,0.767709664505973,215.59445,217.58072,0,NVIDIA A100-SXM4-80GB|Unknown,auto
all,mixmatch,Hybrid,ag_news,R5,text,6,1039.9054096666666,1.9701710745383876,1038.087635,1043.515713,0,NVIDIA A100-SXM4-80GB|Unknown,auto
all,mixmatch,Hybrid,imdb,R5,text,6,210.08239,0.8205385722928618,209.520626,211.690783,0,NVIDIA A100-SXM4-80GB|Unknown,auto
all,noisy_student,Hybrid,ag_news,R5,text,6,658.5763293333333,1.115658983264969,657.631108,660.350555,0,NVIDIA A100-SXM4-80GB|Unknown,auto
all,noisy_student,Hybrid,imdb,R5,text,6,131.75807583333335,1.104559116345232,131.214535,134.009819,0,NVIDIA A100-SXM4-80GB|Unknown,auto
all,simclr_v2,Hybrid,ag_news,R5,text,6,368.78789850000004,0.7093566568359592,368.195603,369.946265,0,NVIDIA A100-SXM4-80GB|Unknown,auto
all,simclr_v2,Hybrid,imdb,R5,text,6,57.406645833333336,1.0166634212671213,56.94368,59.481259,0,NVIDIA A100-SXM4-80GB|Unknown,auto
all,softmatch,Hybrid,ag_news,R5,text,2,657.847518,0.0,657.847518,657.847518,0,NVIDIA A100-SXM4-80GB|Unknown,auto
all,softmatch,Hybrid,imdb,R5,text,6,131.279433,1.778345568863157,130.197048,134.66686,0,NVIDIA A100-SXM4-80GB|Unknown,auto
all,uda,Hybrid,ag_news,R5,text,2,648.054378,0.0,648.054378,648.054378,0,NVIDIA A100-SXM4-80GB|Unknown,auto
all,uda,Hybrid,imdb,R5,text,6,129.07361383333333,0.7040648849216694,128.757273,130.507667,0,NVIDIA A100-SXM4-80GB|Unknown,auto
all,adsh,Margin-based inductive,ag_news,R5,text,6,770.827993,2.721759917166247,768.599964,775.996392,0,NVIDIA A100-SXM4-80GB|Unknown,auto
all,adsh,Margin-based inductive,imdb,R5,text,6,153.80198266666665,0.7791128132412286,153.325062,155.359875,0,NVIDIA A100-SXM4-80GB|Unknown,auto
all,tsvm,Margin-based inductive,imdb,R5,text,6,1.3397445000000001,0.21821875065699553,1.247796,1.785138,0,CPU,auto
all,laplace_learning,PDE/Variational,imdb,R5,text,6,6.476773499999999,0.5076935015509851,6.164401,7.381989,0,Unknown,auto
all,p_laplace_learning,PDE/Variational,ag_news,R5,text,2,40439.00617,0.0,40439.00617,40439.00617,0,CPU,auto
all,p_laplace_learning,PDE/Variational,imdb,R5,text,6,7115.906329333334,82.52499469360545,6989.045147,7217.577806,0,CPU,auto
all,poisson_learning,PDE/Variational,ag_news,R5,text,2,42.435819,0.0,42.435819,42.435819,0,Unknown,auto
all,poisson_learning,PDE/Variational,imdb,R5,text,6,10.008895166666667,1.9106569109536553,8.49861,12.464493,0,Unknown,auto
all,poisson_mbo,PDE/Variational,ag_news,R5,text,2,153.133322,0.0,153.133322,153.133322,0,CPU,auto
all,poisson_mbo,PDE/Variational,imdb,R5,text,6,41.744212166666664,0.5566256249032797,41.075907,42.30463,0,CPU,auto
all,co_training,Wrappers,ag_news,R5,text,6,5.168075333333333,1.215806254911475,4.480322,7.610957,0,Unknown,auto
all,co_training,Wrappers,imdb,R5,text,6,1.9271563333333332,0.8793579667154138,1.142847,3.658495,0,Unknown,auto
all,deep_co_training,Wrappers,ag_news,R5,text,6,1597.014477833333,4.7393549610398455,1594.324416,1606.516357,0,NVIDIA A100-SXM4-80GB|Unknown,auto
all,deep_co_training,Wrappers,imdb,R5,text,6,292.71757383333335,0.8713807146682587,292.242718,294.484981,0,NVIDIA A100-SXM4-80GB|Unknown,auto
all,setred,Wrappers,ag_news,R5,text,6,15.571150166666667,31.23110623534091,1.787214,79.29453,0,Unknown,auto
all,setred,Wrappers,imdb,R5,text,6,1.3837158333333335,0.879913643873856,0.924298,3.151895,0,Unknown,auto
all,supervised,Baseline,cifar10,R5,vision,6,4.2686321666666664,6.451041831418563,1.633285,17.436766,0,NVIDIA A100-SXM4-80GB|Unknown,auto
all,supervised,Baseline,cifar100,R5,vision,6,4.6608608333333335,3.2161231588547357,3.310016,11.225627,0,NVIDIA A100-SXM4-80GB|Unknown,auto
all,supervised,Baseline,mnist,R5,vision,6,1.9225293333333333,1.1416655743124895,1.408843,4.250933,0,NVIDIA A100-SXM4-80GB|Unknown,auto
all,graph_mincuts,Classical transductive,cifar10,R5,vision,6,3.4565696666666663,3.9946106274577833,1.782697,11.610337,0,CPU,auto
all,graph_mincuts,Classical transductive,mnist,R5,vision,6,0.4623546666666667,0.31343466006085974,0.332078,1.102136,0,CPU,auto
all,graphhop,Classical transductive,cifar10,R5,vision,6,19.717877333333334,4.081894044731326,15.690592,27.560997,0,Unknown,auto
all,graphhop,Classical transductive,cifar100,R5,vision,2,33.483498,0.0,33.483498,33.483498,0,Unknown,auto
all,graphhop,Classical transductive,mnist,R5,vision,6,17.479627333333333,3.417229197900642,14.455106,22.114795,0,Unknown,auto
all,label_propagation,Classical transductive,cifar10,R5,vision,6,1.1077103333333334,1.1655381187602003,0.626373,3.486835,0,Unknown,auto
all,label_propagation,Classical transductive,cifar100,R5,vision,2,1.209763,0.0,1.209763,1.209763,0,Unknown,auto
all,label_propagation,Classical transductive,mnist,R5,vision,6,0.8054113333333333,0.21531441305185922,0.714072,1.244851,0,Unknown,auto
all,label_spreading,Classical transductive,cifar10,R5,vision,6,0.37165916666666665,0.24704946474130776,0.261493,0.87474,0,Unknown,auto
all,label_spreading,Classical transductive,cifar100,R5,vision,2,1.077991,0.0,1.077991,1.077991,0,Unknown,auto
all,label_spreading,Classical transductive,mnist,R5,vision,6,0.3765836666666667,0.1740272307688273,0.301118,0.731772,0,Unknown,auto
all,lazy_random_walk,Classical transductive,cifar10,R5,vision,6,2.0229421666666667,0.38560005368641564,1.858378,2.809992,0,Unknown,auto
all,lazy_random_walk,Classical transductive,mnist,R5,vision,6,0.6437461666666667,0.3581729222001109,0.495799,1.374856,0,Unknown,auto
all,mean_teacher,Consistency,cifar10,R5,vision,6,260.0213008333333,4.687587402921787,254.90067,267.438535,0,NVIDIA A100-SXM4-80GB|Unknown,auto
all,mean_teacher,Consistency,cifar100,R5,vision,6,319.45729399999993,101.91841227266642,269.933604,527.228086,0,NVIDIA A100-SXM4-80GB|Unknown,auto
all,mean_teacher,Consistency,mnist,R5,vision,6,309.3291076666667,4.038331587036077,305.466195,315.781215,0,NVIDIA A100-SXM4-80GB|Unknown,auto
all,pi_model,Consistency,cifar10,R5,vision,6,273.831796,4.44155940223629,270.820067,282.783928,0,NVIDIA A100-SXM4-80GB|Unknown,auto
all,pi_model,Consistency,cifar100,R5,vision,6,284.5247866666666,57.39975099219328,260.230718,401.687291,0,NVIDIA A100-SXM4-80GB|Unknown,auto
all,pi_model,Consistency,mnist,R5,vision,6,320.3576375,3.7563800789988084,317.075639,326.762511,0,NVIDIA A100-SXM4-80GB|Unknown,auto
all,temporal_ensembling,Consistency,cifar10,R5,vision,6,295.356873,2.3389580121584075,293.613634,299.969197,0,NVIDIA A100-SXM4-80GB|Unknown,auto
all,temporal_ensembling,Consistency,cifar100,R5,vision,6,283.2967036666667,1.6830406599086662,282.06709,286.132707,0,NVIDIA A100-SXM4-80GB|Unknown,auto
all,temporal_ensembling,Consistency,mnist,R5,vision,6,342.7650811666667,2.7306296333889404,340.485817,347.296259,0,NVIDIA A100-SXM4-80GB|Unknown,auto
all,vat,Consistency,cifar10,R5,vision,6,364.6370048333333,10.560860102565359,358.573818,385.877395,0,NVIDIA A100-SXM4-80GB|Unknown,auto
all,vat,Consistency,cifar100,R5,vision,2,342.487983,0.0,342.487983,342.487983,0,NVIDIA A100-SXM4-80GB|Unknown,auto
all,vat,Consistency,mnist,R5,vision,6,430.7376758333333,5.09330167375323,425.472308,438.655925,0,NVIDIA A100-SXM4-80GB|Unknown,auto
all,appnp,GNN,cifar10,R5,vision,6,33.24981966666667,19.590167977919602,25.014227,73.236251,0,Unknown,auto
all,appnp,GNN,cifar100,R5,vision,2,28.413589,0.0,28.413589,28.413589,0,Unknown,auto
all,appnp,GNN,mnist,R5,vision,6,2.1888798333333335,1.02693227159797,1.550372,4.23195,0,Unknown,auto
all,chebnet,GNN,cifar10,R5,vision,6,2.719238666666666,1.5782897603537405,1.933892,5.936143,0,Unknown,auto
all,chebnet,GNN,cifar100,R5,vision,2,11.542147,0.0,11.542147,11.542147,0,Unknown,auto
all,chebnet,GNN,mnist,R5,vision,6,5.754406833333333,2.033228093959496,4.028549,9.174475,0,Unknown,auto
all,gat,GNN,cifar10,R5,vision,6,3.307157833333333,1.0638009788262872,2.566684,5.451063,0,Unknown,auto
all,gat,GNN,cifar100,R5,vision,2,5.878625,0.0,5.878625,5.878625,0,Unknown,auto
all,gat,GNN,mnist,R5,vision,6,4.053645666666667,0.8198137175401902,3.711484,5.727062,0,Unknown,auto
all,gcn,GNN,cifar10,R5,vision,6,0.8604699999999998,0.8126503174133385,0.504159,2.517994,0,Unknown,auto
all,gcn,GNN,cifar100,R5,vision,2,3.374152,0.0,3.374152,3.374152,0,Unknown,auto
all,gcn,GNN,mnist,R5,vision,6,1.4661158333333333,1.0074785221594387,1.00067,3.520616,0,Unknown,auto
all,gcnii,GNN,cifar10,R5,vision,6,5.053220666666667,1.1576522988479172,4.298741,7.276767,0,Unknown,auto
all,gcnii,GNN,cifar100,R5,vision,2,14.370985,0.0,14.370985,14.370985,0,Unknown,auto
all,gcnii,GNN,mnist,R5,vision,6,13.9985545,1.968071523016351,10.966264,17.075522,0,Unknown,auto
all,grafn,GNN,cifar10,R5,vision,6,3.8663220000000003,1.8669328777244243,2.345082,7.369975,0,Unknown,auto
all,grafn,GNN,cifar100,R5,vision,2,7.081004,0.0,7.081004,7.081004,0,Unknown,auto
all,grafn,GNN,mnist,R5,vision,6,6.463907333333334,1.9945497682501347,4.909303,9.536497,0,Unknown,auto
all,grand,GNN,cifar10,R5,vision,6,14.675153166666666,1.0438567588989236,13.662387,16.296604,0,Unknown,auto
all,grand,GNN,cifar100,R5,vision,2,45.809027,0.0,45.809027,45.809027,0,Unknown,auto
all,grand,GNN,mnist,R5,vision,6,48.502792,3.907030283080796,42.963629,54.329083,0,Unknown,auto
all,graphsage,GNN,cifar10,R5,vision,6,1.6182751666666666,0.9920559802526099,1.178134,3.642233,0,Unknown,auto
all,graphsage,GNN,cifar100,R5,vision,2,3.892944,0.0,3.892944,3.892944,0,Unknown,auto
all,graphsage,GNN,mnist,R5,vision,6,2.833192333333333,1.1064766423849475,2.041378,4.848727,0,Unknown,auto
all,h_gcn,GNN,cifar10,R5,vision,6,492.16129383333333,15.707535455927948,470.102172,517.189479,0,Unknown,auto
all,planetoid,GNN,cifar10,R5,vision,2,1279.743727,0.0,1279.743727,1279.743727,0,Unknown,auto
all,planetoid,GNN,cifar100,R5,vision,2,1308.301557,0.0,1308.301557,1308.301557,0,Unknown,auto
all,planetoid,GNN,mnist,R5,vision,6,1589.1391583333334,3.7954652875091233,1585.405603,1594.349756,0,Unknown,auto
all,sgc,GNN,cifar10,R5,vision,2,2.550698,0.0,2.550698,2.550698,0,Unknown,auto
all,sgc,GNN,cifar100,R5,vision,2,2.543399,0.0,2.543399,2.543399,0,Unknown,auto
all,sgc,GNN,mnist,R5,vision,6,0.8642568333333335,0.8131882128558964,0.433639,2.519934,0,Unknown,auto
all,adamatch,Hybrid,cifar10,R5,vision,2,269.089081,0.0,269.089081,269.089081,0,NVIDIA A100-SXM4-80GB|Unknown,auto
all,adamatch,Hybrid,cifar100,R5,vision,6,271.80207633333333,10.411793035900619,258.502112,283.137271,0,NVIDIA A100-SXM4-80GB|Unknown,auto
all,adamatch,Hybrid,mnist,R5,vision,6,330.27700166666665,2.0179436047003505,328.839153,334.123134,0,NVIDIA A100-SXM4-80GB|Unknown,auto
all,comatch,Hybrid,cifar10,R5,vision,2,410.757999,0.0,410.757999,410.757999,0,NVIDIA A100-SXM4-80GB|Unknown,auto
all,comatch,Hybrid,cifar100,R5,vision,6,379.6539411666666,8.774685464301253,370.586919,391.011572,0,NVIDIA A100-SXM4-80GB|Unknown,auto
all,comatch,Hybrid,mnist,R5,vision,6,483.7206556666667,4.120049697268269,480.451562,491.824199,0,NVIDIA A100-SXM4-80GB|Unknown,auto
all,daso,Hybrid,cifar10,R5,vision,2,355.468197,0.0,355.468197,355.468197,0,NVIDIA A100-SXM4-80GB|Unknown,auto
all,daso,Hybrid,cifar100,R5,vision,6,492.6760798333334,2.233507949006807,490.905314,496.547007,0,NVIDIA A100-SXM4-80GB|Unknown,auto
all,daso,Hybrid,mnist,R5,vision,6,432.07709816666664,2.5314393010367477,428.855104,436.388838,0,NVIDIA A100-SXM4-80GB|Unknown,auto
all,defixmatch,Hybrid,cifar10,R5,vision,2,368.507521,0.0,368.507521,368.507521,0,NVIDIA A100-SXM4-80GB|Unknown,auto
all,defixmatch,Hybrid,cifar100,R5,vision,6,353.427536,3.1786179619031296,348.79644,358.037996,0,NVIDIA A100-SXM4-80GB|Unknown,auto
all,defixmatch,Hybrid,mnist,R5,vision,6,447.6267116666667,2.370017754583096,443.695278,450.519654,0,NVIDIA A100-SXM4-80GB|Unknown,auto
all,fixmatch,Hybrid,cifar10,R5,vision,6,265.668125,10.037424591197711,260.212558,285.911579,0,NVIDIA A100-SXM4-80GB|Unknown,auto
all,fixmatch,Hybrid,cifar100,R5,vision,6,253.63677283333334,3.130117542674867,249.11839,258.031359,0,NVIDIA A100-SXM4-80GB|Unknown,auto
all,fixmatch,Hybrid,mnist,R5,vision,6,325.84386033333334,3.0690830764000943,322.222591,330.806771,0,NVIDIA A100-SXM4-80GB|Unknown,auto
all,flexmatch,Hybrid,cifar10,R5,vision,6,343.81219016666665,19.745104710952134,318.224613,359.211415,0,NVIDIA A100-SXM4-80GB|Unknown,auto
all,flexmatch,Hybrid,cifar100,R5,vision,6,330.42962316666666,5.553200477853478,325.621156,339.503897,0,NVIDIA A100-SXM4-80GB|Unknown,auto
all,flexmatch,Hybrid,mnist,R5,vision,6,402.9164438333333,31.061738503814038,364.581343,430.974315,0,NVIDIA A100-SXM4-80GB|Unknown,auto
all,free_match,Hybrid,cifar10,R5,vision,6,298.2668156666667,3.949803272114835,294.541897,303.619879,0,NVIDIA A100-SXM4-80GB|Unknown,auto
all,free_match,Hybrid,cifar100,R5,vision,6,299.66526833333336,13.557185581160635,285.008825,319.508045,0,NVIDIA A100-SXM4-80GB|Unknown,auto
all,free_match,Hybrid,mnist,R5,vision,6,353.3693748333333,5.49193287952318,347.725376,360.181309,0,NVIDIA A100-SXM4-80GB|Unknown,auto
all,meta_pseudo_labels,Hybrid,cifar10,R5,vision,6,477.6661918333334,5.035410811343938,473.454408,487.54561,0,NVIDIA A100-SXM4-80GB|Unknown,auto
all,meta_pseudo_labels,Hybrid,cifar100,R5,vision,6,463.4830318333333,11.749990810909884,452.102609,484.147813,0,NVIDIA A100-SXM4-80GB|Unknown,auto
all,meta_pseudo_labels,Hybrid,mnist,R5,vision,6,576.8202996666668,8.872390411918715,566.93134,590.161275,0,NVIDIA A100-SXM4-80GB|Unknown,auto
all,mixmatch,Hybrid,cifar10,R5,vision,6,235.42870349999998,3.154257188832366,232.865483,241.206313,0,NVIDIA A100-SXM4-80GB|Unknown,auto
all,mixmatch,Hybrid,cifar100,R5,vision,6,218.0518841666667,4.329268036828598,213.994643,226.37221,0,NVIDIA A100-SXM4-80GB|Unknown,auto
all,mixmatch,Hybrid,mnist,R5,vision,6,273.16778949999997,3.0876088106047344,270.347362,277.550296,0,NVIDIA A100-SXM4-80GB|Unknown,auto
all,noisy_student,Hybrid,cifar10,R5,vision,6,250.80027983333335,7.9751212615700595,243.643006,266.157089,0,NVIDIA A100-SXM4-80GB|Unknown,auto
all,noisy_student,Hybrid,cifar100,R5,vision,6,237.40137116666668,1.6373235777104551,235.56135,239.785709,0,NVIDIA A100-SXM4-80GB|Unknown,auto
all,noisy_student,Hybrid,mnist,R5,vision,6,292.0657258333333,2.326864552755184,289.702679,296.317404,0,NVIDIA A100-SXM4-80GB|Unknown,auto
all,simclr_v2,Hybrid,cifar10,R5,vision,6,109.24751183333335,2.8734973167133746,106.361329,112.364446,0,NVIDIA A100-SXM4-80GB|Unknown,auto
all,simclr_v2,Hybrid,cifar100,R5,vision,6,109.399098,4.539958297922395,107.04268,118.623619,0,NVIDIA A100-SXM4-80GB|Unknown,auto
all,simclr_v2,Hybrid,mnist,R5,vision,6,126.7035335,5.552671727606444,121.940247,133.955668,0,NVIDIA A100-SXM4-80GB|Unknown,auto
all,softmatch,Hybrid,cifar10,R5,vision,6,278.04625233333337,3.620127392872177,274.250559,284.765954,0,NVIDIA A100-SXM4-80GB|Unknown,auto
all,softmatch,Hybrid,cifar100,R5,vision,6,295.71284116666664,74.31975978971829,263.441489,447.376122,0,NVIDIA A100-SXM4-80GB|Unknown,auto
all,softmatch,Hybrid,mnist,R5,vision,6,320.16408233333334,2.201212664641539,317.767381,322.355434,0,NVIDIA A100-SXM4-80GB|Unknown,auto
all,uda,Hybrid,cifar10,R5,vision,6,270.24146,6.255705090641638,264.909195,282.166443,0,NVIDIA A100-SXM4-80GB|Unknown,auto
all,uda,Hybrid,cifar100,R5,vision,2,261.46639,0.0,261.46639,261.46639,0,NVIDIA A100-SXM4-80GB|Unknown,auto
all,uda,Hybrid,mnist,R5,vision,6,331.3839105,3.9118818502672066,328.008157,338.17205,0,NVIDIA A100-SXM4-80GB|Unknown,auto
all,adsh,Margin-based inductive,cifar10,R5,vision,2,316.294947,0.0,316.294947,316.294947,0,NVIDIA A100-SXM4-80GB|Unknown,auto
all,adsh,Margin-based inductive,cifar100,R5,vision,6,355.5167998333334,7.5790303995997705,345.22255,365.318996,0,NVIDIA A100-SXM4-80GB|Unknown,auto
all,adsh,Margin-based inductive,mnist,R5,vision,6,384.0790135,1.5433228765122018,381.593823,386.388856,0,NVIDIA A100-SXM4-80GB|Unknown,auto
all,laplace_learning,PDE/Variational,cifar10,R5,vision,6,28.737754499999998,7.6857453118194785,13.04937,31.902838,0,Unknown,auto
all,laplace_learning,PDE/Variational,mnist,R5,vision,6,13.398024000000001,0.21443602608796872,13.30247,13.835564,0,Unknown,auto
all,poisson_learning,PDE/Variational,cifar10,R5,vision,2,46.476916,0.0,46.476916,46.476916,0,Unknown,auto
all,poisson_learning,PDE/Variational,cifar100,R5,vision,2,423.950389,0.0,423.950389,423.950389,0,Unknown,auto
all,poisson_learning,PDE/Variational,mnist,R5,vision,6,58.29413566666667,1.1056598616243014,57.273945,60.054628,0,Unknown,auto
all,poisson_mbo,PDE/Variational,cifar10,R5,vision,2,123.524452,0.0,123.524452,123.524452,0,CPU,auto
all,poisson_mbo,PDE/Variational,cifar100,R5,vision,2,936.614969,0.0,936.614969,936.614969,0,CPU,auto
all,poisson_mbo,PDE/Variational,mnist,R5,vision,6,159.16924716666668,0.5919375732478562,158.38337,160.039932,0,CPU,auto
all,co_training,Wrappers,cifar10,R5,vision,2,8.720176,0.0,8.720176,8.720176,0,Unknown,auto
all,co_training,Wrappers,cifar100,R5,vision,6,5895.469143833333,293.8269001930323,5515.904216,6350.613563,0,Unknown,auto
all,co_training,Wrappers,mnist,R5,vision,6,9.275280166666667,0.9037365566850587,8.578581,11.021941,0,Unknown,auto
all,deep_co_training,Wrappers,cifar10,R5,vision,6,638.7879896666667,35.93354965213163,619.825033,711.909633,0,NVIDIA A100-SXM4-80GB|Unknown,auto
all,deep_co_training,Wrappers,cifar100,R5,vision,6,616.600554,57.89415945351525,585.694184,734.255627,0,NVIDIA A100-SXM4-80GB|Unknown,auto
all,deep_co_training,Wrappers,mnist,R5,vision,6,737.0689508333331,2.1846335273561452,734.952559,740.055174,0,NVIDIA A100-SXM4-80GB|Unknown,auto
all,democratic_co_learning,Wrappers,cifar10,R5,vision,6,1242.0772671666666,677.972876144124,205.186896,2016.751103,0,NVIDIA A100-SXM4-80GB|Unknown,auto
all,democratic_co_learning,Wrappers,cifar100,R5,vision,6,166.952277,5.692572100979316,162.116669,174.102976,0,NVIDIA A100-SXM4-80GB|Unknown,auto
all,democratic_co_learning,Wrappers,mnist,R5,vision,6,1193.2700249999998,19.23917810606955,1166.628054,1222.158004,0,NVIDIA A100-SXM4-80GB|Unknown,auto
all,pseudo_label,Wrappers,cifar10,R5,vision,6,4.1461845,4.958166869489802,2.095211,14.266899,0,NVIDIA A100-SXM4-80GB|Unknown,auto
all,pseudo_label,Wrappers,cifar100,R5,vision,6,11.624195833333333,8.158663097240245,5.667095,26.705788,0,NVIDIA A100-SXM4-80GB|Unknown,auto
all,pseudo_label,Wrappers,mnist,R5,vision,6,394.7320678333333,12.558285659316015,379.293047,411.653668,0,NVIDIA A100-SXM4-80GB|Unknown,auto
all,self_training,Wrappers,cifar10,R5,vision,6,2.1741941666666666,0.9800299022253183,1.729676,4.173275,0,NVIDIA A100-SXM4-80GB|Unknown,auto
all,self_training,Wrappers,cifar100,R5,vision,6,8.4700265,4.970026428687668,5.205977,18.211226,0,NVIDIA A100-SXM4-80GB|Unknown,auto
all,self_training,Wrappers,mnist,R5,vision,6,391.5052043333333,12.406735390639824,377.34101,404.721989,0,NVIDIA A100-SXM4-80GB|Unknown,auto
all,setred,Wrappers,cifar10,R5,vision,6,11.515878,7.388992127195318,7.305687,26.334597,0,Unknown,auto
all,setred,Wrappers,cifar100,R5,vision,6,602.2569108333333,38.70714650030118,539.192328,638.058879,0,Unknown,auto
all,setred,Wrappers,mnist,R5,vision,6,30.19096616666667,3.1484995734198478,24.830724,34.3437,0,Unknown,auto
all,tri_training,Wrappers,cifar10,R5,vision,6,2506.504601166667,18.976609934041015,2477.06179,2524.651103,0,NVIDIA A100-SXM4-80GB|Unknown,auto
all,tri_training,Wrappers,cifar100,R5,vision,2,2445.798403,0.0,2445.798403,2445.798403,0,NVIDIA A100-SXM4-80GB|Unknown,auto
all,tri_training,Wrappers,mnist,R5,vision,6,3120.451526166667,38.83653124605569,3072.099901,3161.868672,0,NVIDIA A100-SXM4-80GB|Unknown,auto
all,supervised,Baseline,adult,R6,tabular,6,0.9297268333333334,1.5513657133847476,0.290799,4.096419,0,NVIDIA A100-SXM4-80GB|Unknown,auto
all,dynamic_label_propagation,Classical transductive,adult,R6,tabular,6,764.7067613333334,0.8538743179132597,764.189026,766.422202,0,Unknown,auto
all,graph_mincuts,Classical transductive,adult,R6,tabular,6,0.8536779999999999,0.773832985932236,0.488599,2.429765,0,CPU,auto
all,graphhop,Classical transductive,adult,R6,tabular,6,35.48984116666667,1.345500278615121,33.145765,36.676992,0,Unknown,auto
all,label_propagation,Classical transductive,adult,R6,tabular,6,0.7252836666666668,0.87171050255751,0.347948,2.504276,0,Unknown,auto
all,label_spreading,Classical transductive,adult,R6,tabular,6,0.6436398333333333,0.8458461447146086,0.293058,2.370132,0,Unknown,auto
all,lazy_random_walk,Classical transductive,adult,R6,tabular,6,5.3628471666666675,0.9635495662479264,4.956085,7.329557,0,Unknown,auto
all,mean_teacher,Consistency,adult,R6,tabular,6,37.71389816666667,1.660729691249773,36.924428,41.091468,0,NVIDIA A100-SXM4-80GB|Unknown,auto
all,pi_model,Consistency,adult,R6,tabular,6,36.05812183333333,1.6203031291248464,35.180475,39.348762,0,NVIDIA A100-SXM4-80GB|Unknown,auto
all,temporal_ensembling,Consistency,adult,R6,tabular,6,42.221622833333335,1.8499216016263405,40.754726,45.472924,0,NVIDIA A100-SXM4-80GB|Unknown,auto
all,vat,Consistency,adult,R6,tabular,6,47.949161333333336,1.889147622451001,46.853145,51.63568,0,NVIDIA A100-SXM4-80GB|Unknown,auto
all,appnp,GNN,adult,R6,tabular,6,14.715968666666667,1.6125356176506203,13.981883,18.00431,0,Unknown,auto
all,chebnet,GNN,adult,R6,tabular,6,1.3482686666666668,1.5494361927631182,0.690224,4.510872,0,Unknown,auto
all,gat,GNN,adult,R6,tabular,6,2.9486674999999996,1.4913123900674532,1.963706,5.897702,0,Unknown,auto
all,gcn,GNN,adult,R6,tabular,6,1.1473445,1.5690856664115886,0.488901,4.349962,0,Unknown,auto
all,gcnii,GNN,adult,R6,tabular,6,4.8180966666666665,1.5543417350319932,3.980691,7.966304,0,Unknown,auto
all,grafn,GNN,adult,R6,tabular,6,3.143330666666667,1.547034721042765,2.250694,6.237855,0,Unknown,auto
all,grand,GNN,adult,R6,tabular,6,2.7079575000000005,1.6127898289391276,1.503048,5.927539,0,Unknown,auto
all,graphsage,GNN,adult,R6,tabular,6,1.1609563333333335,1.5849710054652315,0.486945,4.396015,0,Unknown,auto
all,h_gcn,GNN,adult,R6,tabular,6,245.22084883333332,8.471869261420565,235.497167,255.378683,0,Unknown,auto
all,n_gcn,GNN,adult,R6,tabular,6,163.40502816666665,2.577302953257023,161.329096,167.66458,0,Unknown,auto
all,planetoid,GNN,adult,R6,tabular,6,950.031499,7.840928621395485,942.629759,960.991361,0,Unknown,auto
all,sgc,GNN,adult,R6,tabular,6,1.3969508333333334,2.6699240966860027,0.29862,6.846891,0,Unknown,auto
all,adamatch,Hybrid,adult,R6,tabular,6,40.625930000000004,1.9122147583511626,39.551814,44.513476,0,NVIDIA A100-SXM4-80GB|Unknown,auto
all,comatch,Hybrid,adult,R6,tabular,6,67.34693933333334,2.5396328246525424,64.630838,69.810448,0,NVIDIA A100-SXM4-80GB|Unknown,auto
all,daso,Hybrid,adult,R6,tabular,6,56.12716499999999,3.8553943403927975,54.450812,63.995221,0,NVIDIA A100-SXM4-80GB|Unknown,auto
all,defixmatch,Hybrid,adult,R6,tabular,6,48.126976500000005,2.6332902582603204,46.820464,53.47993,0,NVIDIA A100-SXM4-80GB|Unknown,auto
all,fixmatch,Hybrid,adult,R6,tabular,6,37.40788133333333,2.1539450568466836,36.403847,41.79537,0,NVIDIA A100-SXM4-80GB|Unknown,auto
all,flexmatch,Hybrid,adult,R6,tabular,6,50.6005625,1.4786158876542277,49.970143,53.618386,0,NVIDIA A100-SXM4-80GB|Unknown,auto
all,free_match,Hybrid,adult,R6,tabular,6,56.222592666666664,1.809516047722449,54.743741,59.296719,0,NVIDIA A100-SXM4-80GB|Unknown,auto
all,meta_pseudo_labels,Hybrid,adult,R6,tabular,6,60.97834733333334,1.9022303390395878,60.084929,64.850797,0,NVIDIA A100-SXM4-80GB|Unknown,auto
all,mixmatch,Hybrid,adult,R6,tabular,6,42.246605833333334,1.6893816752232653,41.367244,45.678624,0,NVIDIA A100-SXM4-80GB|Unknown,auto
all,noisy_student,Hybrid,adult,R6,tabular,6,37.08328216666667,1.9223077072950012,36.068686,40.994786,0,NVIDIA A100-SXM4-80GB|Unknown,auto
all,simclr_v2,Hybrid,adult,R6,tabular,6,20.971811833333334,1.8111555841526616,19.87979,24.643433,0,NVIDIA A100-SXM4-80GB|Unknown,auto
all,softmatch,Hybrid,adult,R6,tabular,6,40.139151500000004,1.844270006106128,39.282521,43.899223,0,NVIDIA A100-SXM4-80GB|Unknown,auto
all,uda,Hybrid,adult,R6,tabular,6,37.460662,1.5278266222729593,36.362113,40.460893,0,NVIDIA A100-SXM4-80GB|Unknown,auto
all,adsh,Margin-based inductive,adult,R6,tabular,6,39.70093383333333,1.6408386966963475,38.861129,43.003264,0,NVIDIA A100-SXM4-80GB|Unknown,auto
all,s4vm,Margin-based inductive,adult,R6,tabular,6,37.962483999999996,1.5447486718752657,37.254507,41.113679,0,NVIDIA A100-SXM4-80GB|Unknown,auto
all,tsvm,Margin-based inductive,adult,R6,tabular,6,1.0570973333333333,0.6792079761671433,0.770787,2.443448,0,CPU,auto
all,laplace_learning,PDE/Variational,adult,R6,tabular,6,5.256511333333333,0.8782681935572223,4.889586,7.049231,0,Unknown,auto
all,p_laplace_learning,PDE/Variational,adult,R6,tabular,6,11162.340155166667,69.29883667151269,11087.076959,11268.187202,0,CPU,auto
all,poisson_learning,PDE/Variational,adult,R6,tabular,6,11.0080665,1.6705721872924557,10.151673,14.355684,0,Unknown,auto
all,poisson_mbo,PDE/Variational,adult,R6,tabular,6,54.41432816666666,0.8842396477110531,53.749426,55.552643,0,CPU,auto
all,co_training,Wrappers,adult,R6,tabular,6,3.0753755,1.6086498403790368,2.389526,6.358479,0,NVIDIA A100-SXM4-80GB|Unknown,auto
all,deep_co_training,Wrappers,adult,R6,tabular,6,88.76941849999999,2.117167501835957,86.568686,92.2296,0,NVIDIA A100-SXM4-80GB|Unknown,auto
all,democratic_co_learning,Wrappers,adult,R6,tabular,6,76.74595,2.9922676672164856,73.074671,79.647184,0,NVIDIA A100-SXM4-80GB|Unknown,auto
all,pseudo_label,Wrappers,adult,R6,tabular,6,61.988031166666666,2.294716405365025,59.640305,66.346404,0,NVIDIA A100-SXM4-80GB|Unknown,auto
all,self_training,Wrappers,adult,R6,tabular,6,60.14425833333333,1.7552883319352008,59.149647,63.692598,0,NVIDIA A100-SXM4-80GB|Unknown,auto
all,setred,Wrappers,adult,R6,tabular,6,2.1822175,1.5175618367062014,1.520516,5.279418,0,NVIDIA A100-SXM4-80GB|Unknown,auto
all,tri_training,Wrappers,adult,R6,tabular,6,371.41236150000003,5.019702738506281,368.348561,381.594495,0,NVIDIA A100-SXM4-80GB|Unknown,auto
all,trinet,Wrappers,adult,R6,tabular,6,686.271257,9.069293678759417,679.126681,704.250487,0,NVIDIA A100-SXM4-80GB|Unknown,auto
all,supervised,Baseline,ag_news,R6,text,2,3.87967,0.0,3.87967,3.87967,0,NVIDIA A100-SXM4-80GB|Unknown,auto
all,supervised,Baseline,imdb,R6,text,6,2.157905,1.0001711295443394,1.601078,4.179486,0,NVIDIA A100-SXM4-80GB|Unknown,auto
all,dynamic_label_propagation,Classical transductive,imdb,R6,text,6,821.2005686666666,0.4532725155994937,820.684089,821.845626,0,Unknown,auto
all,graph_mincuts,Classical transductive,imdb,R6,text,6,16.038412833333336,1.545563473505947,15.334552,19.188638,0,CPU,auto
all,graphhop,Classical transductive,ag_news,R6,text,2,28.835951,0.0,28.835951,28.835951,0,Unknown,auto
all,graphhop,Classical transductive,imdb,R6,text,6,32.3990595,1.0150067881419806,30.931481,33.532902,0,Unknown,auto
all,label_propagation,Classical transductive,ag_news,R6,text,2,1.491938,0.0,1.491938,1.491938,0,Unknown,auto
all,label_propagation,Classical transductive,imdb,R6,text,6,1.0687445,0.2918600130855544,0.860168,1.643699,0,Unknown,auto
all,label_spreading,Classical transductive,ag_news,R6,text,2,1.632947,0.0,1.632947,1.632947,0,Unknown,auto
all,label_spreading,Classical transductive,imdb,R6,text,6,1.5379868333333333,1.7413434559619099,0.818682,5.092406,0,Unknown,auto
all,lazy_random_walk,Classical transductive,imdb,R6,text,6,20.218281166666667,0.2887801397668587,20.047472,20.793677,0,Unknown,auto
all,mean_teacher,Consistency,ag_news,R6,text,6,663.5725155,1.471292154728031,662.431277,666.188677,0,NVIDIA A100-SXM4-80GB|Unknown,auto
all,mean_teacher,Consistency,imdb,R6,text,6,137.45742683333333,0.9454059426545697,136.875921,139.275357,0,NVIDIA A100-SXM4-80GB|Unknown,auto
all,pi_model,Consistency,ag_news,R6,text,6,660.9131351666666,2.053028036577807,659.496177,664.61745,0,NVIDIA A100-SXM4-80GB|Unknown,auto
all,pi_model,Consistency,imdb,R6,text,6,137.84267333333332,1.46005289270898,136.285511,140.634298,0,NVIDIA A100-SXM4-80GB|Unknown,auto
all,temporal_ensembling,Consistency,ag_news,R6,text,2,813.961845,0.0,813.961845,813.961845,0,NVIDIA A100-SXM4-80GB|Unknown,auto
all,temporal_ensembling,Consistency,imdb,R6,text,6,166.5312625,1.707803450252715,165.782327,170.016519,0,NVIDIA A100-SXM4-80GB|Unknown,auto
all,vat,Consistency,ag_news,R6,text,2,892.500325,0.0,892.500325,892.500325,0,NVIDIA A100-SXM4-80GB|Unknown,auto
all,vat,Consistency,imdb,R6,text,6,183.25019083333336,0.7655245401488934,182.805647,184.799664,0,NVIDIA A100-SXM4-80GB|Unknown,auto
all,appnp,GNN,ag_news,R6,text,2,87.133258,0.0,87.133258,87.133258,0,Unknown,auto
all,appnp,GNN,imdb,R6,text,6,16.1340045,0.887781494942478,15.568954,17.916274,0,Unknown,auto
all,chebnet,GNN,ag_news,R6,text,2,85.291723,0.0,85.291723,85.291723,0,Unknown,auto
all,chebnet,GNN,imdb,R6,text,6,1.8915534999999999,0.9232095097321625,1.359563,3.660475,0,Unknown,auto
all,gat,GNN,ag_news,R6,text,2,82.79857,0.0,82.79857,82.79857,0,Unknown,auto
all,gat,GNN,imdb,R6,text,6,3.0564321666666667,1.1515529672756555,2.490054,5.402724,0,Unknown,auto
all,gcn,GNN,ag_news,R6,text,2,85.335738,0.0,85.335738,85.335738,0,Unknown,auto
all,gcn,GNN,imdb,R6,text,6,4.346756166666667,1.9082711201805067,2.766014,7.524569,0,Unknown,auto
all,gcnii,GNN,ag_news,R6,text,2,93.843482,0.0,93.843482,93.843482,0,Unknown,auto
all,gcnii,GNN,imdb,R6,text,6,7.489064166666666,0.9760037868185587,6.917377,9.352387,0,Unknown,auto
all,grafn,GNN,ag_news,R6,text,2,38.428081,0.0,38.428081,38.428081,0,Unknown,auto
all,grafn,GNN,imdb,R6,text,6,5.690541666666667,1.257322293383469,4.850049,8.189058,0,Unknown,auto
all,grand,GNN,ag_news,R6,text,2,31.543664,0.0,31.543664,31.543664,0,Unknown,auto
all,grand,GNN,imdb,R6,text,6,6.146581833333333,2.0157661980743122,4.177357,9.193884,0,Unknown,auto
all,graphsage,GNN,ag_news,R6,text,2,4.013628,0.0,4.013628,4.013628,0,Unknown,auto
all,graphsage,GNN,imdb,R6,text,6,3.0795744999999997,1.803256382724514,1.188968,5.70913,0,Unknown,auto
all,h_gcn,GNN,imdb,R6,text,6,284.0570931666667,8.037363063473048,276.319847,294.578295,0,Unknown,auto
all,n_gcn,GNN,imdb,R6,text,6,259.91520166666663,3.7063139780902343,254.336206,264.523777,0,Unknown,auto
all,planetoid,GNN,ag_news,R6,text,2,4113.471559,0.0,4113.471559,4113.471559,0,Unknown,auto
all,planetoid,GNN,imdb,R6,text,6,977.3545756666666,4.416853710336555,972.19282,982.96476,0,Unknown,auto
all,sgc,GNN,ag_news,R6,text,2,2.886267,0.0,2.886267,2.886267,0,Unknown,auto
all,sgc,GNN,imdb,R6,text,6,2.1015694999999996,2.6192631267241366,1.025497,7.448109,0,Unknown,auto
all,adamatch,Hybrid,ag_news,R6,text,6,676.7370768333334,2.2185742836856677,675.052412,680.888325,0,NVIDIA A100-SXM4-80GB|Unknown,auto
all,adamatch,Hybrid,imdb,R6,text,6,141.82981833333332,0.8727497464679448,141.366442,143.595453,0,NVIDIA A100-SXM4-80GB|Unknown,auto
all,comatch,Hybrid,ag_news,R6,text,6,1005.7358786666667,0.9861641918564121,1004.514252,1006.854504,0,NVIDIA A100-SXM4-80GB|Unknown,auto
all,comatch,Hybrid,imdb,R6,text,6,207.80060600000002,1.7398148276203402,206.871529,211.334722,0,NVIDIA A100-SXM4-80GB|Unknown,auto
all,daso,Hybrid,ag_news,R6,text,6,844.0875296666667,1.4211347143963218,841.910228,845.671363,0,NVIDIA A100-SXM4-80GB|Unknown,auto
all,daso,Hybrid,imdb,R6,text,6,165.13140766666666,2.0617529718316603,164.198289,169.333447,0,NVIDIA A100-SXM4-80GB|Unknown,auto
all,defixmatch,Hybrid,ag_news,R6,text,6,891.1704638333334,1.4249833487453163,889.078938,892.600663,0,NVIDIA A100-SXM4-80GB|Unknown,auto
all,defixmatch,Hybrid,imdb,R6,text,6,179.98544133333334,1.6507077609050786,179.243987,183.351282,0,NVIDIA A100-SXM4-80GB|Unknown,auto
all,fixmatch,Hybrid,ag_news,R6,text,6,664.5845803333333,1.4106044075638564,663.298708,666.982865,0,NVIDIA A100-SXM4-80GB|Unknown,auto
all,fixmatch,Hybrid,imdb,R6,text,6,137.05482716666666,0.858942566140819,136.635683,138.803502,0,NVIDIA A100-SXM4-80GB|Unknown,auto
all,flexmatch,Hybrid,ag_news,R6,text,6,758.4290126666666,36.57671310379301,712.588415,794.562654,0,NVIDIA A100-SXM4-80GB|Unknown,auto
all,flexmatch,Hybrid,imdb,R6,text,6,140.51112766666668,0.9711381480394351,140.088933,142.491986,0,NVIDIA A100-SXM4-80GB|Unknown,auto
all,free_match,Hybrid,ag_news,R6,text,6,724.0871358333334,12.623208529020914,717.351545,749.668162,0,NVIDIA A100-SXM4-80GB|Unknown,auto
all,free_match,Hybrid,imdb,R6,text,6,150.02607483333333,1.2425660901636433,149.040807,151.706776,0,NVIDIA A100-SXM4-80GB|Unknown,auto
all,meta_pseudo_labels,Hybrid,ag_news,R6,text,6,1632.3223296666667,50.34861286647566,1609.482064,1734.960978,0,NVIDIA A100-SXM4-80GB|Unknown,auto
all,meta_pseudo_labels,Hybrid,imdb,R6,text,6,229.02250033333334,1.1395649747116077,228.409611,231.306576,0,NVIDIA A100-SXM4-80GB|Unknown,auto
all,mixmatch,Hybrid,ag_news,R6,text,6,1059.6462028333333,1.4330068710909087,1058.387075,1062.189626,0,NVIDIA A100-SXM4-80GB|Unknown,auto
all,mixmatch,Hybrid,imdb,R6,text,6,219.1871871666667,0.9249135798089246,217.830689,220.304147,0,NVIDIA A100-SXM4-80GB|Unknown,auto
all,noisy_student,Hybrid,ag_news,R6,text,6,703.6474253333334,62.3305980160366,677.096732,830.855847,0,NVIDIA A100-SXM4-80GB|Unknown,auto
all,noisy_student,Hybrid,imdb,R6,text,6,140.5743055,1.1660914645096674,139.926119,142.924035,0,NVIDIA A100-SXM4-80GB|Unknown,auto
all,simclr_v2,Hybrid,ag_news,R6,text,6,369.9500248333334,0.7230309970725689,369.522198,371.399256,0,NVIDIA A100-SXM4-80GB|Unknown,auto
all,simclr_v2,Hybrid,imdb,R6,text,6,59.362317,1.0073135655337924,58.844708,61.392932,0,NVIDIA A100-SXM4-80GB|Unknown,auto
all,softmatch,Hybrid,ag_news,R6,text,2,677.142958,0.0,677.142958,677.142958,0,NVIDIA A100-SXM4-80GB|Unknown,auto
all,softmatch,Hybrid,imdb,R6,text,6,139.3914835,1.127418968783247,138.610734,141.540171,0,NVIDIA A100-SXM4-80GB|Unknown,auto
all,uda,Hybrid,ag_news,R6,text,2,672.47539,0.0,672.47539,672.47539,0,NVIDIA A100-SXM4-80GB|Unknown,auto
all,uda,Hybrid,imdb,R6,text,6,138.38304383333335,1.5632366209820368,137.355407,141.429242,0,NVIDIA A100-SXM4-80GB|Unknown,auto
all,adsh,Margin-based inductive,ag_news,R6,text,6,793.6690296666666,2.055815635326145,790.644093,795.479292,0,NVIDIA A100-SXM4-80GB|Unknown,auto
all,adsh,Margin-based inductive,imdb,R6,text,6,163.073223,1.1981174470823832,161.505245,163.941915,0,NVIDIA A100-SXM4-80GB|Unknown,auto
all,tsvm,Margin-based inductive,imdb,R6,text,6,3.886839333333333,2.2497609649530026,1.434759,6.782488,0,CPU,auto
all,laplace_learning,PDE/Variational,imdb,R6,text,6,9.466708666666666,0.5034092057591582,8.509717,10.023031,0,Unknown,auto
all,p_laplace_learning,PDE/Variational,ag_news,R6,text,2,41424.24477,0.0,41424.24477,41424.24477,0,CPU,auto
all,p_laplace_learning,PDE/Variational,imdb,R6,text,6,6959.637677333333,148.01656048850268,6844.485209,7218.33833,0,CPU,auto
all,poisson_learning,PDE/Variational,ag_news,R6,text,2,48.469009,0.0,48.469009,48.469009,0,Unknown,auto
all,poisson_learning,PDE/Variational,imdb,R6,text,6,13.455630666666666,11.393033159162623,8.454712,36.685986,0,Unknown,auto
all,poisson_mbo,PDE/Variational,ag_news,R6,text,2,161.895403,0.0,161.895403,161.895403,0,CPU,auto
all,poisson_mbo,PDE/Variational,imdb,R6,text,6,40.6837615,1.815284845415257,39.528016,44.177958,0,CPU,auto
all,co_training,Wrappers,ag_news,R6,text,6,6.2141575,1.5066226075218372,4.252484,7.803137,0,Unknown,auto
all,co_training,Wrappers,imdb,R6,text,6,3.4076895,1.707570641263986,2.50519,6.871644,0,Unknown,auto
all,deep_co_training,Wrappers,ag_news,R6,text,6,1828.1692123333332,3.1607480084426696,1821.765821,1829.892901,0,NVIDIA A100-SXM4-80GB|Unknown,auto
all,deep_co_training,Wrappers,imdb,R6,text,6,418.85494016666667,0.1419226521967922,418.736097,419.098243,0,NVIDIA A100-SXM4-80GB|Unknown,auto
all,setred,Wrappers,ag_news,R6,text,6,2.5124524999999998,0.5970917483254145,2.116057,3.714851,0,Unknown,auto
all,setred,Wrappers,imdb,R6,text,6,3.6973586666666662,1.5035243782519347,1.301009,5.442262,0,Unknown,auto
all,supervised,Baseline,cifar10,R6,vision,6,4.857212666666667,7.201776463469349,1.894815,19.557728,0,NVIDIA A100-SXM4-80GB|Unknown,auto
all,supervised,Baseline,mnist,R6,vision,6,2.186427,0.9643451651181749,1.777243,4.154592,0,NVIDIA A100-SXM4-80GB|Unknown,auto
all,graph_mincuts,Classical transductive,cifar10,R6,vision,6,3.3262276666666666,3.884808882362666,1.721453,11.25598,0,CPU,auto
all,graph_mincuts,Classical transductive,mnist,R6,vision,6,0.42082800000000004,0.18198142262549769,0.339552,0.792106,0,CPU,auto
all,graphhop,Classical transductive,cifar10,R6,vision,6,28.4759925,1.9843730441642018,26.778871,31.936297,0,Unknown,auto
all,graphhop,Classical transductive,mnist,R6,vision,6,28.574568333333332,1.1508847404340135,27.59076,30.243354,0,Unknown,auto
all,label_propagation,Classical transductive,cifar10,R6,vision,6,2.063213333333333,3.4777606008495563,0.639105,9.162158,0,Unknown,auto
all,label_propagation,Classical transductive,mnist,R6,vision,6,0.798112,0.22347868842733082,0.699229,1.25407,0,Unknown,auto
all,label_spreading,Classical transductive,cifar10,R6,vision,6,0.3914323333333334,0.3057028604868896,0.26536,1.015427,0,Unknown,auto
all,label_spreading,Classical transductive,mnist,R6,vision,6,0.3728396666666667,0.17271065816175524,0.298888,0.725299,0,Unknown,auto
all,lazy_random_walk,Classical transductive,cifar10,R6,vision,6,2.0053138333333336,0.36440534249180084,1.844813,2.748573,0,Unknown,auto
all,lazy_random_walk,Classical transductive,mnist,R6,vision,6,0.6035125,0.24859716419199154,0.499765,1.110937,0,Unknown,auto
all,mean_teacher,Consistency,cifar10,R6,vision,6,259.23884749999996,5.082349537968894,255.613794,267.800701,0,NVIDIA A100-SXM4-80GB|Unknown,auto
all,mean_teacher,Consistency,mnist,R6,vision,6,313.2865555,5.700577840730142,305.368712,319.558441,0,NVIDIA A100-SXM4-80GB|Unknown,auto
all,pi_model,Consistency,cifar10,R6,vision,6,273.27783800000003,2.8975911583833156,270.106094,276.631038,0,NVIDIA A100-SXM4-80GB|Unknown,auto
all,pi_model,Consistency,mnist,R6,vision,6,328.7523341666667,2.3593110087544136,325.615878,331.428785,0,NVIDIA A100-SXM4-80GB|Unknown,auto
all,temporal_ensembling,Consistency,cifar10,R6,vision,6,290.63080183333335,5.013368082132764,285.50105,297.545981,0,NVIDIA A100-SXM4-80GB|Unknown,auto
all,temporal_ensembling,Consistency,mnist,R6,vision,6,352.92017250000004,3.970005548443816,347.575346,358.66845,0,NVIDIA A100-SXM4-80GB|Unknown,auto
all,vat,Consistency,cifar10,R6,vision,6,361.210937,7.375459910202951,356.336139,375.355385,0,NVIDIA A100-SXM4-80GB|Unknown,auto
all,vat,Consistency,mnist,R6,vision,6,436.5343236666667,5.056275363838806,430.565994,443.095991,0,NVIDIA A100-SXM4-80GB|Unknown,auto
all,appnp,GNN,cifar10,R6,vision,6,26.767639000000003,3.237893197956658,24.586003,32.946726,0,Unknown,auto
all,appnp,GNN,mnist,R6,vision,6,2.4757803333333332,1.0945539736874863,1.852141,4.655919,0,Unknown,auto
all,chebnet,GNN,cifar10,R6,vision,6,3.4858363333333338,1.5255162438703387,2.412182,6.496106,0,Unknown,auto
all,chebnet,GNN,mnist,R6,vision,6,7.0391225,1.2690276150219506,5.485813,8.520852,0,Unknown,auto
all,gat,GNN,cifar10,R6,vision,6,3.484284,1.228628600537038,2.977398,5.992134,0,Unknown,auto
all,gat,GNN,mnist,R6,vision,6,4.075270000000001,0.9508701415758095,3.680151,6.016191,0,Unknown,auto
all,gcn,GNN,cifar10,R6,vision,6,0.9324245000000001,0.8969373480783928,0.540326,2.762743,0,Unknown,auto
all,gcn,GNN,mnist,R6,vision,6,1.5730943333333336,0.9148312843900052,1.19604,3.440482,0,Unknown,auto
all,gcnii,GNN,cifar10,R6,vision,6,6.3379270000000005,0.86222350750255,5.728586,8.075263,0,Unknown,auto
all,gcnii,GNN,mnist,R6,vision,6,15.5004625,0.9492988473882716,15.094281,17.437909,0,Unknown,auto
all,grafn,GNN,cifar10,R6,vision,6,3.5867825,1.9328867851802132,2.42646,7.500673,0,Unknown,auto
all,grafn,GNN,mnist,R6,vision,6,6.079879999999999,1.977032734101689,4.250299,9.019006,0,Unknown,auto
all,grand,GNN,cifar10,R6,vision,6,19.74580466666667,2.3524783353403005,16.367651,22.286196,0,Unknown,auto
all,grand,GNN,mnist,R6,vision,6,50.481562333333336,6.128540969663323,43.97307,57.447471,0,Unknown,auto
all,graphsage,GNN,cifar10,R6,vision,6,1.6386736666666666,0.7801524076006346,1.223942,3.223862,0,Unknown,auto
all,graphsage,GNN,mnist,R6,vision,6,3.7411685,1.0551047706825614,2.957084,5.685463,0,Unknown,auto
all,h_gcn,GNN,cifar10,R6,vision,6,505.1968963333333,18.972702117673318,486.45468,538.892842,0,Unknown,auto
all,planetoid,GNN,cifar10,R6,vision,2,1306.321506,0.0,1306.321506,1306.321506,0,Unknown,auto
all,planetoid,GNN,mnist,R6,vision,6,1640.2031933333335,16.687653415394383,1623.004492,1667.785581,0,Unknown,auto
all,sgc,GNN,cifar10,R6,vision,2,2.315098,0.0,2.315098,2.315098,0,Unknown,auto
all,sgc,GNN,mnist,R6,vision,6,0.9030779999999999,0.8086425780006887,0.569988,2.55369,0,Unknown,auto
all,adamatch,Hybrid,cifar10,R6,vision,2,274.248103,0.0,274.248103,274.248103,0,NVIDIA A100-SXM4-80GB|Unknown,auto
all,adamatch,Hybrid,mnist,R6,vision,6,327.87548633333336,8.924486905174653,319.794554,344.185225,0,NVIDIA A100-SXM4-80GB|Unknown,auto
all,comatch,Hybrid,cifar10,R6,vision,2,397.440837,0.0,397.440837,397.440837,0,NVIDIA A100-SXM4-80GB|Unknown,auto
all,comatch,Hybrid,mnist,R6,vision,6,480.93138849999997,5.11733512386125,476.396238,489.948298,0,NVIDIA A100-SXM4-80GB|Unknown,auto
all,daso,Hybrid,cifar10,R6,vision,2,347.998016,0.0,347.998016,347.998016,0,NVIDIA A100-SXM4-80GB|Unknown,auto
all,daso,Hybrid,mnist,R6,vision,6,412.8989993333334,0.7559706272017772,411.982023,413.954326,0,NVIDIA A100-SXM4-80GB|Unknown,auto
all,defixmatch,Hybrid,cifar10,R6,vision,2,373.876245,0.0,373.876245,373.876245,0,NVIDIA A100-SXM4-80GB|Unknown,auto
all,defixmatch,Hybrid,mnist,R6,vision,6,433.56515600000006,4.851960084397359,429.857685,442.865608,0,NVIDIA A100-SXM4-80GB|Unknown,auto
all,fixmatch,Hybrid,cifar10,R6,vision,6,271.6987523333333,4.725127696565059,266.596096,277.966351,0,NVIDIA A100-SXM4-80GB|Unknown,auto
all,fixmatch,Hybrid,mnist,R6,vision,6,327.527029,4.351337896652757,324.025681,335.84955,0,NVIDIA A100-SXM4-80GB|Unknown,auto
all,flexmatch,Hybrid,cifar10,R6,vision,6,313.392805,4.1514743210241285,307.172166,320.133742,0,NVIDIA A100-SXM4-80GB|Unknown,auto
all,flexmatch,Hybrid,mnist,R6,vision,6,374.267255,18.666420859757267,355.45168,409.896734,0,NVIDIA A100-SXM4-80GB|Unknown,auto
all,free_match,Hybrid,cifar10,R6,vision,6,287.6555765,3.7757725687214747,285.205661,295.299458,0,NVIDIA A100-SXM4-80GB|Unknown,auto
all,free_match,Hybrid,mnist,R6,vision,6,355.05533216666663,3.7992846741006625,351.190605,361.909042,0,NVIDIA A100-SXM4-80GB|Unknown,auto
all,meta_pseudo_labels,Hybrid,cifar10,R6,vision,6,479.5975966666667,2.8995191938001565,476.916359,484.989994,0,NVIDIA A100-SXM4-80GB|Unknown,auto
all,meta_pseudo_labels,Hybrid,mnist,R6,vision,6,573.3230381666667,4.207694944791679,566.513828,576.814729,0,NVIDIA A100-SXM4-80GB|Unknown,auto
all,mixmatch,Hybrid,cifar10,R6,vision,6,225.86948066666665,1.5696118878537637,223.847873,228.491461,0,NVIDIA A100-SXM4-80GB|Unknown,auto
all,mixmatch,Hybrid,mnist,R6,vision,6,271.6261255,3.850601045303317,268.507062,278.32838,0,NVIDIA A100-SXM4-80GB|Unknown,auto
all,noisy_student,Hybrid,cifar10,R6,vision,6,243.57774233333336,2.506494965219174,241.241147,248.317111,0,NVIDIA A100-SXM4-80GB|Unknown,auto
all,noisy_student,Hybrid,mnist,R6,vision,6,293.59630833333335,2.5926370500517533,291.530578,297.962298,0,NVIDIA A100-SXM4-80GB|Unknown,auto
all,simclr_v2,Hybrid,cifar10,R6,vision,6,107.71452916666665,1.761321369572106,106.581553,111.212363,0,NVIDIA A100-SXM4-80GB|Unknown,auto
all,simclr_v2,Hybrid,mnist,R6,vision,6,126.585256,3.7898982989288217,123.890781,133.676189,0,NVIDIA A100-SXM4-80GB|Unknown,auto
all,softmatch,Hybrid,cifar10,R6,vision,6,269.1032595,2.599206285689051,266.29788,272.330153,0,NVIDIA A100-SXM4-80GB|Unknown,auto
all,softmatch,Hybrid,mnist,R6,vision,6,327.6057921666667,4.666949243956969,319.453384,332.574206,0,NVIDIA A100-SXM4-80GB|Unknown,auto
all,uda,Hybrid,cifar10,R6,vision,6,279.0522618333333,8.024247196554962,270.033862,290.210173,0,NVIDIA A100-SXM4-80GB|Unknown,auto
all,uda,Hybrid,mnist,R6,vision,6,327.69061733333336,1.840693055628748,325.413177,329.418014,0,NVIDIA A100-SXM4-80GB|Unknown,auto
all,adsh,Margin-based inductive,cifar10,R6,vision,2,310.592179,0.0,310.592179,310.592179,0,NVIDIA A100-SXM4-80GB|Unknown,auto
all,adsh,Margin-based inductive,mnist,R6,vision,6,379.8435781666667,7.196703599017045,371.43062,387.596353,0,NVIDIA A100-SXM4-80GB|Unknown,auto
all,laplace_learning,PDE/Variational,cifar10,R6,vision,6,29.436716,6.610181743060806,16.030698,33.614912,0,Unknown,auto
all,laplace_learning,PDE/Variational,mnist,R6,vision,6,13.275904666666667,0.21375177392542677,13.180578,13.712122,0,Unknown,auto
all,poisson_learning,PDE/Variational,cifar10,R6,vision,2,43.743631,0.0,43.743631,43.743631,0,Unknown,auto
all,poisson_learning,PDE/Variational,mnist,R6,vision,6,54.53689933333333,0.5236580056730409,54.235497,55.584451,0,Unknown,auto
all,poisson_mbo,PDE/Variational,cifar10,R6,vision,2,123.234427,0.0,123.234427,123.234427,0,CPU,auto
all,poisson_mbo,PDE/Variational,mnist,R6,vision,6,159.7038468333333,0.7696079816845558,158.96048,161.065163,0,CPU,auto
all,co_training,Wrappers,cifar10,R6,vision,2,15.061831,0.0,15.061831,15.061831,0,Unknown,auto
all,co_training,Wrappers,mnist,R6,vision,6,12.62668,1.5058936680067416,11.845852,15.6504,0,Unknown,auto
all,deep_co_training,Wrappers,cifar10,R6,vision,6,634.5571835,34.54753469163749,607.537681,703.240042,0,NVIDIA A100-SXM4-80GB|Unknown,auto
all,deep_co_training,Wrappers,mnist,R6,vision,6,736.1212148333334,6.227524622879682,731.573203,744.865033,0,NVIDIA A100-SXM4-80GB|Unknown,auto
all,democratic_co_learning,Wrappers,cifar10,R6,vision,6,1980.8617940000001,52.72221119133171,1881.848568,2019.150724,0,NVIDIA A100-SXM4-80GB|Unknown,auto
all,democratic_co_learning,Wrappers,mnist,R6,vision,6,810.4374568333333,25.64665894163183,764.861508,834.685718,0,NVIDIA A100-SXM4-80GB|Unknown,auto
all,pseudo_label,Wrappers,cifar10,R6,vision,6,103.42084983333332,52.967045080092255,4.479656,143.624406,0,NVIDIA A100-SXM4-80GB|Unknown,auto
all,pseudo_label,Wrappers,mnist,R6,vision,6,484.8896316666666,5.953490197774435,475.414488,492.253781,0,NVIDIA A100-SXM4-80GB|Unknown,auto
all,self_training,Wrappers,cifar10,R6,vision,6,125.4080135,27.402568682089083,92.463543,162.202489,0,NVIDIA A100-SXM4-80GB|Unknown,auto
all,self_training,Wrappers,mnist,R6,vision,6,491.994197,7.911431703277183,483.970723,504.894716,0,NVIDIA A100-SXM4-80GB|Unknown,auto
all,setred,Wrappers,cifar10,R6,vision,6,102.70927033333334,53.030171323107986,52.040877,175.732291,0,Unknown,auto
all,setred,Wrappers,mnist,R6,vision,6,185.3046895,30.288560183718214,136.188149,217.127937,0,Unknown,auto
all,tri_training,Wrappers,cifar10,R6,vision,6,2514.980224833333,8.31910586555364,2500.662646,2521.89098,0,NVIDIA A100-SXM4-80GB|Unknown,auto
all,tri_training,Wrappers,mnist,R6,vision,6,3171.2001703333335,61.43788749340368,3128.495057,3266.173798,0,NVIDIA A100-SXM4-80GB|Unknown,auto
all,dynamic_label_propagation,Classical transductive,citeseer,,graph,1,0.483219,0.0,0.483219,0.483219,0,Unknown,
all,dynamic_label_propagation,Classical transductive,cora,,graph,5,0.6198662,0.3351481247414343,0.38233,1.193597,0,Unknown,
all,dynamic_label_propagation,Classical transductive,pubmed,,graph,1,35.919997,0.0,35.919997,35.919997,0,Unknown,
all,graph_mincuts,Classical transductive,citeseer,,graph,1,2.378869,0.0,2.378869,2.378869,0,CPU,
all,graph_mincuts,Classical transductive,cora,,graph,5,1.2450524,1.187464133293844,0.229158,2.625682,0,CPU,
all,graph_mincuts,Classical transductive,pubmed,,graph,1,2.800591,0.0,2.800591,2.800591,0,CPU,
all,graphhop,Classical transductive,citeseer,,graph,1,8.842036,0.0,8.842036,8.842036,0,Unknown,
all,graphhop,Classical transductive,cora,,graph,5,8.140330800000001,0.1544221516159523,7.970342,8.381004,0,Unknown,
all,graphhop,Classical transductive,pubmed,,graph,1,9.010099,0.0,9.010099,9.010099,0,Unknown,
all,label_propagation,Classical transductive,citeseer,,graph,1,0.318609,0.0,0.318609,0.318609,0,Unknown,
all,label_propagation,Classical transductive,cora,,graph,5,0.44602319999999995,0.3640414147383509,0.272287,1.097132,0,Unknown,
all,label_propagation,Classical transductive,pubmed,,graph,1,0.496973,0.0,0.496973,0.496973,0,Unknown,
all,label_spreading,Classical transductive,citeseer,,graph,1,0.294642,0.0,0.294642,0.294642,0,Unknown,
all,label_spreading,Classical transductive,cora,,graph,5,0.2933416,0.02623523136547494,0.267134,0.337277,0,Unknown,
all,label_spreading,Classical transductive,pubmed,,graph,1,0.291629,0.0,0.291629,0.291629,0,Unknown,
all,lazy_random_walk,Classical transductive,citeseer,,graph,1,0.406332,0.0,0.406332,0.406332,0,Unknown,
all,lazy_random_walk,Classical transductive,cora,,graph,5,0.47393080000000004,0.10746610738600335,0.349813,0.606638,0,Unknown,
all,lazy_random_walk,Classical transductive,pubmed,,graph,1,0.495356,0.0,0.495356,0.495356,0,Unknown,
all,mean_teacher,Consistency,citeseer,,graph,1,2.719149,0.0,2.719149,2.719149,0,Unknown,
all,mean_teacher,Consistency,cora,,graph,5,2.9016745999999998,0.1951592102228332,2.628291,3.108303,0,Unknown,
all,mean_teacher,Consistency,pubmed,,graph,1,2.590005,0.0,2.590005,2.590005,0,Unknown,
all,pi_model,Consistency,citeseer,,graph,1,3.030793,0.0,3.030793,3.030793,0,Unknown,
all,pi_model,Consistency,cora,,graph,5,2.786092,0.11823464825718386,2.619117,2.874927,0,Unknown,
all,pi_model,Consistency,pubmed,,graph,1,2.590663,0.0,2.590663,2.590663,0,Unknown,
all,temporal_ensembling,Consistency,citeseer,,graph,1,2.894251,0.0,2.894251,2.894251,0,Unknown,
all,temporal_ensembling,Consistency,cora,,graph,5,2.8203038,0.1334560934922045,2.63664,2.959419,0,Unknown,
all,temporal_ensembling,Consistency,pubmed,,graph,1,2.640721,0.0,2.640721,2.640721,0,Unknown,
all,vat,Consistency,citeseer,,graph,1,2.780275,0.0,2.780275,2.780275,0,Unknown,
all,vat,Consistency,cora,,graph,5,2.9039438,0.2133253050406818,2.679867,3.162454,0,Unknown,
all,vat,Consistency,pubmed,,graph,1,2.742271,0.0,2.742271,2.742271,0,Unknown,
all,appnp,GNN,citeseer,,graph,1,1.893128,0.0,1.893128,1.893128,0,Unknown,
all,appnp,GNN,cora,,graph,5,1.4604641999999999,0.06444983057153829,1.397493,1.550584,0,Unknown,
all,appnp,GNN,pubmed,,graph,1,1.709805,0.0,1.709805,1.709805,0,Unknown,
all,chebnet,GNN,citeseer,,graph,1,1.687942,0.0,1.687942,1.687942,0,Unknown,
all,chebnet,GNN,cora,,graph,5,1.520206,0.11779602988853236,1.42858,1.701923,0,Unknown,
all,chebnet,GNN,pubmed,,graph,1,3.068535,0.0,3.068535,3.068535,0,Unknown,
all,gat,GNN,citeseer,,graph,1,1.84961,0.0,1.84961,1.84961,0,Unknown,
all,gat,GNN,cora,,graph,5,1.828535,0.02979885344270815,1.799213,1.86994,0,Unknown,
all,gat,GNN,pubmed,,graph,1,1.991689,0.0,1.991689,1.991689,0,Unknown,
all,gcn,GNN,citeseer,,graph,1,1.400342,0.0,1.400342,1.400342,0,Unknown,
all,gcn,GNN,cora,,graph,5,1.3541893999999999,0.04957470147968621,1.269186,1.396788,0,Unknown,
all,gcn,GNN,pubmed,,graph,1,1.600483,0.0,1.600483,1.600483,0,Unknown,
all,gcnii,GNN,citeseer,,graph,1,1.770566,0.0,1.770566,1.770566,0,Unknown,
all,gcnii,GNN,cora,,graph,5,2.3102110000000002,0.12348761355293887,2.169255,2.45449,0,Unknown,
all,gcnii,GNN,pubmed,,graph,1,2.524884,0.0,2.524884,2.524884,0,Unknown,
all,grafn,GNN,citeseer,,graph,1,2.151611,0.0,2.151611,2.151611,0,Unknown,
all,grafn,GNN,cora,,graph,5,2.0110344,0.21364536678875112,1.676878,2.217022,0,Unknown,
all,grafn,GNN,pubmed,,graph,1,2.807871,0.0,2.807871,2.807871,0,Unknown,
all,grand,GNN,citeseer,,graph,1,4.930878,0.0,4.930878,4.930878,0,Unknown,
all,grand,GNN,cora,,graph,5,2.701865,0.04387733847329384,2.657994,2.773401,0,Unknown,
all,grand,GNN,pubmed,,graph,1,11.45437,0.0,11.45437,11.45437,0,Unknown,
all,graphsage,GNN,citeseer,,graph,1,2.301934,0.0,2.301934,2.301934,0,Unknown,
all,graphsage,GNN,cora,,graph,5,1.4198694,0.15498105212025118,1.234538,1.565179,0,Unknown,
all,graphsage,GNN,pubmed,,graph,1,1.5774,0.0,1.5774,1.5774,0,Unknown,
all,h_gcn,GNN,citeseer,,graph,1,3.167527,0.0,3.167527,3.167527,0,Unknown,
all,h_gcn,GNN,cora,,graph,5,2.5610126,0.4719442153870519,1.796895,2.944867,0,Unknown,
all,h_gcn,GNN,pubmed,,graph,1,15.124884,0.0,15.124884,15.124884,0,Unknown,
all,n_gcn,GNN,citeseer,,graph,1,6.372772,0.0,6.372772,6.372772,0,Unknown,
all,n_gcn,GNN,cora,,graph,5,2.9264852,0.12724588333301795,2.832683,3.144528,0,Unknown,
all,n_gcn,GNN,pubmed,,graph,1,53.652922,0.0,53.652922,53.652922,0,Unknown,
all,planetoid,GNN,citeseer,,graph,1,107.519667,0.0,107.519667,107.519667,0,Unknown,
all,planetoid,GNN,cora,,graph,5,85.0153912,2.539003768699094,81.502095,88.592923,0,Unknown,
all,planetoid,GNN,pubmed,,graph,1,674.158235,0.0,674.158235,674.158235,0,Unknown,
all,sgc,GNN,citeseer,,graph,1,1.279592,0.0,1.279592,1.279592,0,Unknown,
all,sgc,GNN,cora,,graph,5,1.2814333999999998,0.06800800766674465,1.171897,1.334952,0,Unknown,
all,sgc,GNN,pubmed,,graph,1,1.296091,0.0,1.296091,1.296091,0,Unknown,
all,adamatch,Hybrid,citeseer,,graph,1,2.67258,0.0,2.67258,2.67258,0,Unknown,
all,adamatch,Hybrid,cora,,graph,5,5.1389464,2.2780503011929523,2.654194,8.51436,0,Unknown,
all,adamatch,Hybrid,pubmed,,graph,1,2.656122,0.0,2.656122,2.656122,0,Unknown,
all,comatch,Hybrid,citeseer,,graph,1,2.920338,0.0,2.920338,2.920338,0,Unknown,
all,comatch,Hybrid,cora,,graph,5,3.007708,0.19192938655531624,2.75804,3.271925,0,Unknown,
all,comatch,Hybrid,pubmed,,graph,1,2.673905,0.0,2.673905,2.673905,0,Unknown,
all,daso,Hybrid,citeseer,,graph,1,3.007367,0.0,3.007367,3.007367,0,Unknown,
all,daso,Hybrid,cora,,graph,5,2.9538398,0.10411916379898571,2.795447,3.041296,0,Unknown,
all,daso,Hybrid,pubmed,,graph,1,2.674535,0.0,2.674535,2.674535,0,Unknown,
all,defixmatch,Hybrid,citeseer,,graph,1,2.963847,0.0,2.963847,2.963847,0,Unknown,
all,defixmatch,Hybrid,cora,,graph,5,2.8827458,0.1454032708511058,2.686161,3.0503,0,Unknown,
all,defixmatch,Hybrid,pubmed,,graph,1,3.332745,0.0,3.332745,3.332745,0,Unknown,
all,fixmatch,Hybrid,citeseer,,graph,1,3.827878,0.0,3.827878,3.827878,0,Unknown,
all,fixmatch,Hybrid,cora,,graph,5,2.9018188,0.15946387460707206,2.69487,3.143271,0,Unknown,
all,fixmatch,Hybrid,pubmed,,graph,1,2.625862,0.0,2.625862,2.625862,0,Unknown,
all,flexmatch,Hybrid,citeseer,,graph,1,2.666165,0.0,2.666165,2.666165,0,Unknown,
all,flexmatch,Hybrid,cora,,graph,5,2.9173724000000005,0.19538231167329353,2.615163,3.154652,0,Unknown,
all,flexmatch,Hybrid,pubmed,,graph,1,2.586467,0.0,2.586467,2.586467,0,Unknown,
all,free_match,Hybrid,citeseer,,graph,1,2.825012,0.0,2.825012,2.825012,0,Unknown,
all,free_match,Hybrid,cora,,graph,5,2.9123852,0.168494745768822,2.702804,3.061114,0,Unknown,
all,free_match,Hybrid,pubmed,,graph,1,2.696097,0.0,2.696097,2.696097,0,Unknown,
all,meta_pseudo_labels,Hybrid,citeseer,,graph,1,2.800364,0.0,2.800364,2.800364,0,Unknown,
all,meta_pseudo_labels,Hybrid,cora,,graph,5,2.9634154,0.1589283868957966,2.766743,3.109013,0,Unknown,
all,meta_pseudo_labels,Hybrid,pubmed,,graph,1,2.749,0.0,2.749,2.749,0,Unknown,
all,mixmatch,Hybrid,citeseer,,graph,1,2.954195,0.0,2.954195,2.954195,0,Unknown,
all,mixmatch,Hybrid,cora,,graph,5,2.9297104000000003,0.13760568759248287,2.691233,3.04168,0,Unknown,
all,mixmatch,Hybrid,pubmed,,graph,1,2.644262,0.0,2.644262,2.644262,0,Unknown,
all,noisy_student,Hybrid,citeseer,,graph,1,2.80342,0.0,2.80342,2.80342,0,Unknown,
all,noisy_student,Hybrid,cora,,graph,5,2.7945828,0.12797116537603315,2.599061,2.922402,0,Unknown,
all,noisy_student,Hybrid,pubmed,,graph,1,2.636023,0.0,2.636023,2.636023,0,Unknown,
all,simclr_v2,Hybrid,citeseer,,graph,1,2.825352,0.0,2.825352,2.825352,0,Unknown,
all,simclr_v2,Hybrid,cora,,graph,5,2.8246124,0.11218388337591102,2.667164,2.977612,0,Unknown,
all,simclr_v2,Hybrid,pubmed,,graph,1,3.849774,0.0,3.849774,3.849774,0,Unknown,
all,softmatch,Hybrid,citeseer,,graph,1,3.052103,0.0,3.052103,3.052103,0,Unknown,
all,softmatch,Hybrid,cora,,graph,5,2.8574045999999997,0.08301784695353169,2.716372,2.933216,0,Unknown,
all,softmatch,Hybrid,pubmed,,graph,1,2.91852,0.0,2.91852,2.91852,0,Unknown,
all,uda,Hybrid,citeseer,,graph,1,3.192364,0.0,3.192364,3.192364,0,Unknown,
all,uda,Hybrid,cora,,graph,5,2.9204654000000003,0.23513559673154544,2.638015,3.189899,0,Unknown,
all,uda,Hybrid,pubmed,,graph,1,2.71129,0.0,2.71129,2.71129,0,Unknown,
all,adsh,Margin-based inductive,citeseer,,graph,1,2.777768,0.0,2.777768,2.777768,0,Unknown,
all,adsh,Margin-based inductive,cora,,graph,5,2.9639644,0.1860097804385565,2.728753,3.172737,0,Unknown,
all,adsh,Margin-based inductive,pubmed,,graph,1,3.104523,0.0,3.104523,3.104523,0,Unknown,
all,laplace_learning,PDE/Variational,citeseer,,graph,1,0.364306,0.0,0.364306,0.364306,0,Unknown,
all,laplace_learning,PDE/Variational,cora,,graph,5,0.3606028,0.014872462849171965,0.340593,0.382195,0,Unknown,
all,laplace_learning,PDE/Variational,pubmed,,graph,1,0.625377,0.0,0.625377,0.625377,0,Unknown,
all,p_laplace_learning,PDE/Variational,citeseer,,graph,1,262.731367,0.0,262.731367,262.731367,0,CPU,
all,p_laplace_learning,PDE/Variational,cora,,graph,5,329.36657520000006,17.856385917401592,313.451946,352.072792,0,CPU,
all,p_laplace_learning,PDE/Variational,pubmed,,graph,1,1428.876747,0.0,1428.876747,1428.876747,0,CPU,
all,poisson_learning,PDE/Variational,citeseer,,graph,1,0.250821,0.0,0.250821,0.250821,0,Unknown,
all,poisson_learning,PDE/Variational,cora,,graph,5,0.1630214,0.008977867580890237,0.158315,0.179029,0,Unknown,
all,poisson_learning,PDE/Variational,pubmed,,graph,1,0.202037,0.0,0.202037,0.202037,0,Unknown,
all,poisson_mbo,PDE/Variational,citeseer,,graph,1,1.566192,0.0,1.566192,1.566192,0,CPU,
all,poisson_mbo,PDE/Variational,cora,,graph,5,1.9371844,0.046394032938514844,1.878841,1.975556,0,CPU,
all,poisson_mbo,PDE/Variational,pubmed,,graph,1,9.242485,0.0,9.242485,9.242485,0,CPU,
all,co_training,Wrappers,citeseer,,graph,1,4.386131,0.0,4.386131,4.386131,0,Unknown,
all,co_training,Wrappers,cora,,graph,5,4.7939321999999995,0.21426263128623224,4.447879,4.968856,0,Unknown,
all,co_training,Wrappers,pubmed,,graph,1,4.196863,0.0,4.196863,4.196863,0,Unknown,
all,deep_co_training,Wrappers,citeseer,,graph,1,2.911103,0.0,2.911103,2.911103,0,Unknown,
all,deep_co_training,Wrappers,cora,,graph,5,3.2158255999999996,0.2701285171410083,2.909026,3.469954,0,Unknown,
all,deep_co_training,Wrappers,pubmed,,graph,1,2.833538,0.0,2.833538,2.833538,0,Unknown,
all,democratic_co_learning,Wrappers,citeseer,,graph,1,5.490954,0.0,5.490954,5.490954,0,Unknown,
all,democratic_co_learning,Wrappers,cora,,graph,5,5.983197200000001,0.8842937991022553,4.708281,6.645412,0,Unknown,
all,democratic_co_learning,Wrappers,pubmed,,graph,1,4.430507,0.0,4.430507,4.430507,0,Unknown,
all,pseudo_label,Wrappers,citeseer,,graph,2,11.3432715,12.018915284250259,2.844615,19.841928,0,Unknown,
all,pseudo_label,Wrappers,cora,,graph,10,3.2118428999999997,1.7030866613051887,2.536971,8.050695,0,Unknown,
all,pseudo_label,Wrappers,pubmed,,graph,2,6.38377,5.134942976939277,2.752817,10.014723,0,Unknown,
all,self_training,Wrappers,citeseer,,graph,1,2.831021,0.0,2.831021,2.831021,0,Unknown,
all,self_training,Wrappers,cora,,graph,5,2.6564416,0.054346251345423945,2.604245,2.746387,0,Unknown,
all,self_training,Wrappers,pubmed,,graph,1,2.865946,0.0,2.865946,2.865946,0,Unknown,
all,setred,Wrappers,citeseer,,graph,1,2.877428,0.0,2.877428,2.877428,0,Unknown,
all,setred,Wrappers,cora,,graph,5,2.7742886000000007,0.17714583637444037,2.600086,2.966668,0,Unknown,
all,setred,Wrappers,pubmed,,graph,1,2.569067,0.0,2.569067,2.569067,0,Unknown,
all,tri_training,Wrappers,citeseer,,graph,1,5.447287,0.0,5.447287,5.447287,0,Unknown,
all,tri_training,Wrappers,cora,,graph,5,4.5784312,0.3646363911003673,4.363386,5.225454,0,Unknown,
all,tri_training,Wrappers,pubmed,,graph,1,3.219258,0.0,3.219258,3.219258,0,Unknown,
all,trinet,Wrappers,citeseer,,graph,1,3.541629,0.0,3.541629,3.541629,0,Unknown,
all,trinet,Wrappers,cora,,graph,5,3.178145,0.20828100734704538,3.044112,3.548221,0,Unknown,
all,trinet,Wrappers,pubmed,,graph,1,2.869721,0.0,2.869721,2.869721,0,Unknown,
all,dynamic_label_propagation,Classical transductive,breast_cancer,,tabular,1,0.343619,0.0,0.343619,0.343619,0,Unknown,
all,dynamic_label_propagation,Classical transductive,iris,,tabular,5,0.341468,0.01584497753232865,0.327691,0.367631,0,Unknown,
all,graph_mincuts,Classical transductive,adult,,tabular,1,1.475653,0.0,1.475653,1.475653,0,CPU,
all,graph_mincuts,Classical transductive,breast_cancer,,tabular,1,0.246134,0.0,0.246134,0.246134,0,CPU,
all,graphhop,Classical transductive,adult,,tabular,1,30.514207,0.0,30.514207,30.514207,0,Unknown,
all,graphhop,Classical transductive,breast_cancer,,tabular,1,9.690144,0.0,9.690144,9.690144,0,Unknown,
all,graphhop,Classical transductive,iris,,tabular,5,7.8092004,0.2354638527020656,7.405882,8.011022,0,Unknown,
all,label_propagation,Classical transductive,adult,,tabular,1,3.484188,0.0,3.484188,3.484188,0,Unknown,
all,label_propagation,Classical transductive,breast_cancer,,tabular,1,0.28648,0.0,0.28648,0.28648,0,Unknown,
all,label_propagation,Classical transductive,iris,,tabular,5,0.28621599999999997,0.013046336554757435,0.275093,0.307316,0,Unknown,
all,label_spreading,Classical transductive,adult,,tabular,1,4.118841,0.0,4.118841,4.118841,0,Unknown,
all,label_spreading,Classical transductive,breast_cancer,,tabular,1,0.281827,0.0,0.281827,0.281827,0,Unknown,
all,label_spreading,Classical transductive,iris,,tabular,5,0.28436380000000006,0.012424130098320765,0.264021,0.29668,0,Unknown,
all,lazy_random_walk,Classical transductive,breast_cancer,,tabular,1,0.355555,0.0,0.355555,0.355555,0,Unknown,
all,mean_teacher,Consistency,adult,,tabular,1,21.131785,0.0,21.131785,21.131785,0,Unknown,
all,mean_teacher,Consistency,breast_cancer,,tabular,1,2.746508,0.0,2.746508,2.746508,0,Unknown,
all,mean_teacher,Consistency,iris,,tabular,5,2.2495546,0.09386156197187415,2.178164,2.387396,0,Unknown,
all,pi_model,Consistency,adult,,tabular,1,20.63539,0.0,20.63539,20.63539,0,Unknown,
all,pi_model,Consistency,breast_cancer,,tabular,1,2.614835,0.0,2.614835,2.614835,0,Unknown,
all,pi_model,Consistency,iris,,tabular,5,2.1968944,0.06257371583420628,2.138538,2.30362,0,Unknown,
all,temporal_ensembling,Consistency,adult,,tabular,1,21.713237,0.0,21.713237,21.713237,0,Unknown,
all,temporal_ensembling,Consistency,breast_cancer,,tabular,1,2.668348,0.0,2.668348,2.668348,0,Unknown,
all,temporal_ensembling,Consistency,iris,,tabular,5,2.2517018,0.07985912689354928,2.187165,2.387422,0,Unknown,
all,vat,Consistency,adult,,tabular,1,27.264155,0.0,27.264155,27.264155,0,Unknown,
all,vat,Consistency,breast_cancer,,tabular,1,2.637559,0.0,2.637559,2.637559,0,Unknown,
all,vat,Consistency,iris,,tabular,5,2.2974046,0.12468945890611603,2.133378,2.426901,0,Unknown,
all,appnp,GNN,adult,,tabular,1,5.86001,0.0,5.86001,5.86001,0,Unknown,
all,appnp,GNN,breast_cancer,,tabular,1,1.407897,0.0,1.407897,1.407897,0,Unknown,
all,appnp,GNN,iris,,tabular,5,1.5753932000000002,0.203040964671418,1.351996,1.819585,0,Unknown,
all,chebnet,GNN,adult,,tabular,1,5.379241,0.0,5.379241,5.379241,0,Unknown,
all,chebnet,GNN,breast_cancer,,tabular,1,1.300268,0.0,1.300268,1.300268,0,Unknown,
all,chebnet,GNN,iris,,tabular,5,1.4232054,0.1268885988251112,1.274756,1.565144,0,Unknown,
all,gat,GNN,adult,,tabular,1,5.711698,0.0,5.711698,5.711698,0,Unknown,
all,gat,GNN,breast_cancer,,tabular,1,1.85599,0.0,1.85599,1.85599,0,Unknown,
all,gat,GNN,iris,,tabular,5,1.6805005999999998,0.14591753810388933,1.568152,1.874485,0,Unknown,
all,gcn,GNN,adult,,tabular,1,5.012169,0.0,5.012169,5.012169,0,Unknown,
all,gcn,GNN,breast_cancer,,tabular,1,1.256416,0.0,1.256416,1.256416,0,Unknown,
all,gcn,GNN,iris,,tabular,5,1.4107538,0.17662754196812003,1.280278,1.657883,0,Unknown,
all,gcnii,GNN,adult,,tabular,1,10.793649,0.0,10.793649,10.793649,0,Unknown,
all,gcnii,GNN,breast_cancer,,tabular,1,2.066371,0.0,2.066371,2.066371,0,Unknown,
all,gcnii,GNN,iris,,tabular,5,2.463029,0.5655576191348677,1.859462,3.124963,0,Unknown,
all,grafn,GNN,adult,,tabular,1,7.388742,0.0,7.388742,7.388742,0,Unknown,
all,grafn,GNN,breast_cancer,,tabular,1,1.678441,0.0,1.678441,1.678441,0,Unknown,
all,grafn,GNN,iris,,tabular,5,2.0127829999999998,0.5015382905227677,1.574083,2.817534,0,Unknown,
all,grand,GNN,adult,,tabular,1,6.848864,0.0,6.848864,6.848864,0,Unknown,
all,grand,GNN,breast_cancer,,tabular,1,1.389784,0.0,1.389784,1.389784,0,Unknown,
all,grand,GNN,iris,,tabular,5,1.8322417999999998,0.3408540383642242,1.519822,2.38449,0,Unknown,
all,graphsage,GNN,adult,,tabular,1,5.233456,0.0,5.233456,5.233456,0,Unknown,
all,graphsage,GNN,breast_cancer,,tabular,1,1.261055,0.0,1.261055,1.261055,0,Unknown,
all,graphsage,GNN,iris,,tabular,5,1.2959992,0.08178666156348477,1.203003,1.411406,0,Unknown,
all,h_gcn,GNN,adult,,tabular,1,108.812265,0.0,108.812265,108.812265,0,Unknown,
all,h_gcn,GNN,breast_cancer,,tabular,1,1.774484,0.0,1.774484,1.774484,0,Unknown,
all,h_gcn,GNN,iris,,tabular,5,2.082133,0.18909502696263586,1.865702,2.349115,0,Unknown,
all,n_gcn,GNN,breast_cancer,,tabular,1,1.709118,0.0,1.709118,1.709118,0,Unknown,
all,n_gcn,GNN,iris,,tabular,5,2.0962609999999997,0.49453840608187344,1.678228,2.775836,0,Unknown,
all,planetoid,GNN,adult,,tabular,1,2558.087034,0.0,2558.087034,2558.087034,0,Unknown,
all,planetoid,GNN,breast_cancer,,tabular,1,23.847725,0.0,23.847725,23.847725,0,Unknown,
all,planetoid,GNN,iris,,tabular,5,5.6667344,0.2684011478129331,5.392277,6.111738,0,Unknown,
all,sgc,GNN,adult,,tabular,1,4.10006,0.0,4.10006,4.10006,0,Unknown,
all,sgc,GNN,breast_cancer,,tabular,1,1.30196,0.0,1.30196,1.30196,0,Unknown,
all,sgc,GNN,iris,,tabular,5,1.3235286,0.09352407685350335,1.219305,1.465718,0,Unknown,
all,adamatch,Hybrid,adult,,tabular,1,22.619553,0.0,22.619553,22.619553,0,Unknown,
all,adamatch,Hybrid,breast_cancer,,tabular,1,2.559728,0.0,2.559728,2.559728,0,Unknown,
all,adamatch,Hybrid,iris,,tabular,5,4.2417094,3.1664778502574116,2.236625,9.822166,0,Unknown,
all,comatch,Hybrid,adult,,tabular,1,35.832843,0.0,35.832843,35.832843,0,Unknown,
all,comatch,Hybrid,breast_cancer,,tabular,1,2.812083,0.0,2.812083,2.812083,0,Unknown,
all,comatch,Hybrid,iris,,tabular,5,2.3870752,0.08745637121845393,2.270081,2.51194,0,Unknown,
all,daso,Hybrid,adult,,tabular,1,29.173996,0.0,29.173996,29.173996,0,Unknown,
all,daso,Hybrid,breast_cancer,,tabular,1,2.653866,0.0,2.653866,2.653866,0,Unknown,
all,daso,Hybrid,iris,,tabular,5,2.3538623999999997,0.198727107243325,2.155889,2.60724,0,Unknown,
all,defixmatch,Hybrid,adult,,tabular,1,25.243471,0.0,25.243471,25.243471,0,Unknown,
all,defixmatch,Hybrid,breast_cancer,,tabular,1,2.613772,0.0,2.613772,2.613772,0,Unknown,
all,defixmatch,Hybrid,iris,,tabular,5,2.1936098,0.05290857096161263,2.116567,2.252631,0,Unknown,
all,fixmatch,Hybrid,adult,,tabular,1,21.358824,0.0,21.358824,21.358824,0,Unknown,
all,fixmatch,Hybrid,breast_cancer,,tabular,1,2.69454,0.0,2.69454,2.69454,0,Unknown,
all,fixmatch,Hybrid,iris,,tabular,5,2.2125596,0.0830950373265455,2.090212,2.323004,0,Unknown,
all,flexmatch,Hybrid,adult,,tabular,1,25.495561,0.0,25.495561,25.495561,0,Unknown,
all,flexmatch,Hybrid,breast_cancer,,tabular,1,2.532818,0.0,2.532818,2.532818,0,Unknown,
all,flexmatch,Hybrid,iris,,tabular,5,2.6209995999999998,0.7523069386216639,2.180704,3.956183,0,Unknown,
all,free_match,Hybrid,adult,,tabular,1,30.506299,0.0,30.506299,30.506299,0,Unknown,
all,free_match,Hybrid,breast_cancer,,tabular,1,2.821265,0.0,2.821265,2.821265,0,Unknown,
all,free_match,Hybrid,iris,,tabular,5,2.4425092,0.09629331898267904,2.346652,2.573914,0,Unknown,
all,meta_pseudo_labels,Hybrid,adult,,tabular,1,35.372348,0.0,35.372348,35.372348,0,Unknown,
all,meta_pseudo_labels,Hybrid,breast_cancer,,tabular,1,2.918226,0.0,2.918226,2.918226,0,Unknown,
all,meta_pseudo_labels,Hybrid,iris,,tabular,5,2.2745826,0.09787570965924083,2.165796,2.427349,0,Unknown,
all,mixmatch,Hybrid,adult,,tabular,1,24.180035,0.0,24.180035,24.180035,0,Unknown,
all,mixmatch,Hybrid,breast_cancer,,tabular,1,2.521779,0.0,2.521779,2.521779,0,Unknown,
all,mixmatch,Hybrid,iris,,tabular,5,2.259448,0.10203902120512523,2.113432,2.375247,0,Unknown,
all,noisy_student,Hybrid,adult,,tabular,1,21.105815,0.0,21.105815,21.105815,0,Unknown,
all,noisy_student,Hybrid,breast_cancer,,tabular,1,2.486192,0.0,2.486192,2.486192,0,Unknown,
all,noisy_student,Hybrid,iris,,tabular,5,2.2146324,0.1082066216887858,2.097286,2.384841,0,Unknown,
all,simclr_v2,Hybrid,adult,,tabular,1,14.750774,0.0,14.750774,14.750774,0,Unknown,
all,simclr_v2,Hybrid,breast_cancer,,tabular,1,2.741707,0.0,2.741707,2.741707,0,Unknown,
all,simclr_v2,Hybrid,iris,,tabular,5,2.2785494,0.11334602411553736,2.148269,2.449076,0,Unknown,
all,softmatch,Hybrid,adult,,tabular,1,23.200786,0.0,23.200786,23.200786,0,Unknown,
all,softmatch,Hybrid,breast_cancer,,tabular,1,2.5395,0.0,2.5395,2.5395,0,Unknown,
all,softmatch,Hybrid,iris,,tabular,5,2.25173,0.01633526534831931,2.226892,2.272195,0,Unknown,
all,uda,Hybrid,adult,,tabular,1,21.704786,0.0,21.704786,21.704786,0,Unknown,
all,uda,Hybrid,breast_cancer,,tabular,1,2.470976,0.0,2.470976,2.470976,0,Unknown,
all,uda,Hybrid,iris,,tabular,5,2.6158877999999994,0.7717828052572173,2.163606,3.982881,0,Unknown,
all,adsh,Margin-based inductive,adult,,tabular,1,23.278518,0.0,23.278518,23.278518,0,Unknown,
all,adsh,Margin-based inductive,breast_cancer,,tabular,1,2.643009,0.0,2.643009,2.643009,0,Unknown,
all,adsh,Margin-based inductive,iris,,tabular,5,2.3697304000000003,0.11810386114052321,2.23016,2.506257,0,Unknown,
all,s4vm,Margin-based inductive,adult,,tabular,1,52.535667,0.0,52.535667,52.535667,0,Unknown,
all,s4vm,Margin-based inductive,breast_cancer,,tabular,1,2.998894,0.0,2.998894,2.998894,0,Unknown,
all,tsvm,Margin-based inductive,adult,,tabular,2,36.6604035,35.80885825689734,11.339717,61.98109,0,CPU|Unknown,
all,tsvm,Margin-based inductive,breast_cancer,,tabular,2,0.67986,0.7430603325827588,0.154437,1.205283,0,CPU|Unknown,
all,laplace_learning,PDE/Variational,adult,,tabular,1,4.747766,0.0,4.747766,4.747766,0,Unknown,
all,laplace_learning,PDE/Variational,breast_cancer,,tabular,1,0.345931,0.0,0.345931,0.345931,0,Unknown,
all,laplace_learning,PDE/Variational,iris,,tabular,5,0.356189,0.022062693285272317,0.33215,0.391956,0,Unknown,
all,p_laplace_learning,PDE/Variational,adult,,tabular,1,2435.119481,0.0,2435.119481,2435.119481,0,CPU,
all,p_laplace_learning,PDE/Variational,breast_cancer,,tabular,1,12.26255,0.0,12.26255,12.26255,0,CPU,
all,p_laplace_learning,PDE/Variational,iris,,tabular,5,0.5439586,0.3994134416814237,0.160293,0.971524,0,CPU,
all,poisson_learning,PDE/Variational,adult,,tabular,1,15.681011,0.0,15.681011,15.681011,0,Unknown,
all,poisson_learning,PDE/Variational,breast_cancer,,tabular,1,0.181164,0.0,0.181164,0.181164,0,Unknown,
all,poisson_learning,PDE/Variational,iris,,tabular,5,0.17917539999999998,0.01046854169882319,0.169408,0.192622,0,Unknown,
all,poisson_mbo,PDE/Variational,adult,,tabular,1,28.255371,0.0,28.255371,28.255371,0,CPU,
all,poisson_mbo,PDE/Variational,breast_cancer,,tabular,1,0.525833,0.0,0.525833,0.525833,0,CPU,
all,poisson_mbo,PDE/Variational,iris,,tabular,5,0.24466740000000003,0.007290770658853554,0.233687,0.252011,0,CPU,
all,co_training,Wrappers,adult,,tabular,1,72.704621,0.0,72.704621,72.704621,0,Unknown,
all,co_training,Wrappers,breast_cancer,,tabular,1,4.067086,0.0,4.067086,4.067086,0,Unknown,
all,co_training,Wrappers,iris,,tabular,5,3.9161326,0.7270887052848504,3.501925,5.206341,0,Unknown,
all,deep_co_training,Wrappers,adult,,tabular,1,46.340713,0.0,46.340713,46.340713,0,Unknown,
all,deep_co_training,Wrappers,breast_cancer,,tabular,1,2.986152,0.0,2.986152,2.986152,0,Unknown,
all,deep_co_training,Wrappers,iris,,tabular,5,2.2733414,0.034836352532950456,2.23001,2.311322,0,Unknown,
all,democratic_co_learning,Wrappers,adult,,tabular,1,166.003053,0.0,166.003053,166.003053,0,Unknown,
all,democratic_co_learning,Wrappers,breast_cancer,,tabular,1,2.966981,0.0,2.966981,2.966981,0,Unknown,
all,democratic_co_learning,Wrappers,iris,,tabular,5,2.8535762,0.1306395907303755,2.751118,3.009044,0,Unknown,
all,pseudo_label,Wrappers,adult,,tabular,2,40.202716,50.843998327482,4.25058,76.154852,0,Unknown,
all,pseudo_label,Wrappers,breast_cancer,,tabular,2,2.7041370000000002,0.41191939852597353,2.412866,2.995408,0,Unknown,
all,pseudo_label,Wrappers,iris,,tabular,10,2.2364129,0.12730702666515392,2.069309,2.471956,0,Unknown,
all,self_training,Wrappers,adult,,tabular,1,73.528936,0.0,73.528936,73.528936,0,Unknown,
all,self_training,Wrappers,breast_cancer,,tabular,1,2.970421,0.0,2.970421,2.970421,0,Unknown,
all,self_training,Wrappers,iris,,tabular,5,2.2902018,0.17659329012790947,2.156438,2.598936,0,Unknown,
all,setred,Wrappers,adult,,tabular,1,40.975713,0.0,40.975713,40.975713,0,Unknown,
all,setred,Wrappers,breast_cancer,,tabular,1,3.658462,0.0,3.658462,3.658462,0,Unknown,
all,setred,Wrappers,iris,,tabular,5,2.346498,0.0997013215383828,2.189439,2.460684,0,Unknown,
all,tri_training,Wrappers,adult,,tabular,1,481.131978,0.0,481.131978,481.131978,0,Unknown,
all,tri_training,Wrappers,breast_cancer,,tabular,1,4.390976,0.0,4.390976,4.390976,0,Unknown,
all,tri_training,Wrappers,iris,,tabular,5,2.723927,0.0924199565137315,2.607941,2.850356,0,Unknown,
all,trinet,Wrappers,adult,,tabular,1,338.046687,0.0,338.046687,338.046687,0,Unknown,
all,trinet,Wrappers,breast_cancer,,tabular,1,8.243121,0.0,8.243121,8.243121,0,Unknown,
all,trinet,Wrappers,iris,,tabular,5,3.7534528000000003,0.6514014889794926,3.273768,4.887885,0,Unknown,
all,graph_mincuts,Classical transductive,ag_news,,text,1,88.442503,0.0,88.442503,88.442503,0,CPU,
all,graph_mincuts,Classical transductive,imdb,,text,4,39.1279045,17.52747144805473,28.837489,65.343085,0,CPU,
all,graphhop,Classical transductive,ag_news,,text,1,40.548528,0.0,40.548528,40.548528,0,Unknown,
all,graphhop,Classical transductive,imdb,,text,4,25.439354,3.1643562237745395,21.637495,29.378159,0,Unknown,
all,label_propagation,Classical transductive,ag_news,,text,1,10.772312,0.0,10.772312,10.772312,0,Unknown,
all,label_propagation,Classical transductive,imdb,,text,4,2.6261535,2.04030309559838,1.015568,5.267447,0,Unknown,
all,label_spreading,Classical transductive,ag_news,,text,1,9.831948,0.0,9.831948,9.831948,0,Unknown,
all,label_spreading,Classical transductive,imdb,,text,4,1.8737615,1.1727405556594064,0.99403,3.507153,0,Unknown,
all,mean_teacher,Consistency,ag_news,,text,1,348.743137,0.0,348.743137,348.743137,0,Unknown,
all,mean_teacher,Consistency,imdb,,text,4,86.62034475,3.0698112520698926,82.217046,89.215515,0,Unknown,
all,pi_model,Consistency,ag_news,,text,1,349.573687,0.0,349.573687,349.573687,0,Unknown,
all,pi_model,Consistency,imdb,,text,4,86.15503475,3.176528223902672,81.728652,89.187302,0,Unknown,
all,temporal_ensembling,Consistency,ag_news,,text,1,431.966619,0.0,431.966619,431.966619,0,Unknown,
all,temporal_ensembling,Consistency,imdb,,text,4,106.626955,3.824512101928908,101.369754,110.192035,0,Unknown,
all,vat,Consistency,ag_news,,text,1,457.360501,0.0,457.360501,457.360501,0,Unknown,
all,vat,Consistency,imdb,,text,4,112.13681875,3.693054619811661,107.046077,115.381847,0,Unknown,
all,appnp,GNN,ag_news,,text,1,243.715275,0.0,243.715275,243.715275,0,Unknown,
all,appnp,GNN,imdb,,text,4,52.465417499999994,42.03990955040787,30.159214,115.500027,0,Unknown,
all,chebnet,GNN,ag_news,,text,1,15.500043,0.0,15.500043,15.500043,0,Unknown,
all,chebnet,GNN,imdb,,text,4,3.68761475,1.6805775759068418,2.500336,6.134244,0,Unknown,
all,gat,GNN,ag_news,,text,1,14.263727,0.0,14.263727,14.263727,0,Unknown,
all,gat,GNN,imdb,,text,4,5.048349750000001,1.439137565666645,3.740943,6.497505,0,Unknown,
all,gcn,GNN,ag_news,,text,1,10.910667,0.0,10.910667,10.910667,0,Unknown,
all,gcn,GNN,imdb,,text,4,2.26964625,0.1767938907152902,2.063745,2.495128,0,Unknown,
all,gcnii,GNN,ag_news,,text,1,36.835464,0.0,36.835464,36.835464,0,Unknown,
all,gcnii,GNN,imdb,,text,4,8.810741,1.3218662831098562,7.828688,10.726744,0,Unknown,
all,grafn,GNN,imdb,,text,4,6.07358275,0.9468808725045177,5.024417,7.302765,0,Unknown,
all,grand,GNN,ag_news,,text,1,45.516872,0.0,45.516872,45.516872,0,Unknown,
all,grand,GNN,imdb,,text,4,10.074601,4.0153332795658025,6.643821,15.878224,0,Unknown,
all,graphsage,GNN,ag_news,,text,1,11.781053,0.0,11.781053,11.781053,0,Unknown,
all,graphsage,GNN,imdb,,text,4,4.18547775,1.2582594464270542,2.322698,5.062626,0,Unknown,
all,h_gcn,GNN,imdb,,text,4,301.57080974999997,19.712106186219355,285.486232,329.506977,0,Unknown,
all,planetoid,GNN,ag_news,,text,1,21982.765558,0.0,21982.765558,21982.765558,0,Unknown,
all,planetoid,GNN,imdb,,text,4,3129.0799632499998,18.161107163280594,3110.889565,3150.806439,0,Unknown,
all,sgc,GNN,ag_news,,text,1,3.780515,0.0,3.780515,3.780515,0,Unknown,
all,sgc,GNN,imdb,,text,4,3.2365095,1.1051068298357705,2.171726,4.313547,0,Unknown,
all,adamatch,Hybrid,ag_news,,text,1,347.213024,0.0,347.213024,347.213024,0,Unknown,
all,adamatch,Hybrid,imdb,,text,4,90.243412,6.231947314976649,82.643797,97.864033,0,Unknown,
all,comatch,Hybrid,ag_news,,text,1,506.456002,0.0,506.456002,506.456002,0,Unknown,
all,comatch,Hybrid,imdb,,text,4,124.97734425,4.949736255875483,118.212625,129.596202,0,Unknown,
all,daso,Hybrid,ag_news,,text,1,439.258333,0.0,439.258333,439.258333,0,Unknown,
all,daso,Hybrid,imdb,,text,4,105.80899475000001,3.7475785968866546,100.383755,108.706798,0,Unknown,
all,defixmatch,Hybrid,ag_news,,text,1,481.283621,0.0,481.283621,481.283621,0,Unknown,
all,defixmatch,Hybrid,imdb,,text,4,118.47857850000001,3.9001097968992737,112.91604,121.937195,0,Unknown,
all,fixmatch,Hybrid,ag_news,,text,1,348.023161,0.0,348.023161,348.023161,0,Unknown,
all,fixmatch,Hybrid,imdb,,text,4,85.85030975000001,3.203424325425469,81.351672,88.862401,0,Unknown,
all,flexmatch,Hybrid,ag_news,,text,1,856.581727,0.0,856.581727,856.581727,0,Unknown,
all,flexmatch,Hybrid,imdb,,text,4,88.1857305,3.2101131183830587,83.727352,91.089991,0,Unknown,
all,free_match,Hybrid,ag_news,,text,1,367.194694,0.0,367.194694,367.194694,0,Unknown,
all,free_match,Hybrid,imdb,,text,4,92.15102575,3.5126526129668627,87.303556,95.51358,0,Unknown,
all,mixmatch,Hybrid,ag_news,,text,1,529.906544,0.0,529.906544,529.906544,0,Unknown,
all,noisy_student,Hybrid,ag_news,,text,1,350.673599,0.0,350.673599,350.673599,0,Unknown,
all,noisy_student,Hybrid,imdb,,text,4,86.37085675,3.4744965817802886,81.532567,89.50268,0,Unknown,
all,softmatch,Hybrid,ag_news,,text,1,352.607717,0.0,352.607717,352.607717,0,Unknown,
all,softmatch,Hybrid,imdb,,text,4,87.15076225000001,2.803123434548129,83.485847,90.108103,0,Unknown,
all,uda,Hybrid,ag_news,,text,1,346.445333,0.0,346.445333,346.445333,0,Unknown,
all,uda,Hybrid,imdb,,text,4,85.11386925,3.094347955694641,80.874107,87.973588,0,Unknown,
all,adsh,Margin-based inductive,ag_news,,text,1,406.432063,0.0,406.432063,406.432063,0,Unknown,
all,adsh,Margin-based inductive,imdb,,text,4,98.27582000000001,3.909907346204853,92.939048,101.998976,0,Unknown,
all,tsvm,Margin-based inductive,imdb,,text,4,3.542522,0.9945314287854354,2.329143,4.75712,0,CPU,
all,laplace_learning,PDE/Variational,imdb,,text,4,5.47681625,1.0616862398478422,4.395613,6.783433,0,Unknown,
all,p_laplace_learning,PDE/Variational,ag_news,,text,1,19073.721517,0.0,19073.721517,19073.721517,0,CPU,
all,p_laplace_learning,PDE/Variational,imdb,,text,4,3549.5422955,352.1022408569638,3120.467988,3925.253055,0,CPU,
all,poisson_learning,PDE/Variational,ag_news,,text,1,32.288298,0.0,32.288298,32.288298,0,Unknown,
all,poisson_learning,PDE/Variational,imdb,,text,4,10.30766075,7.5488219173961335,6.377107,21.629648,0,Unknown,
all,poisson_mbo,PDE/Variational,ag_news,,text,1,115.552451,0.0,115.552451,115.552451,0,CPU,
all,poisson_mbo,PDE/Variational,imdb,,text,4,32.853963,1.0664772225943993,31.369617,33.838285,0,CPU,
all,deep_co_training,Wrappers,ag_news,,text,1,1333.075934,0.0,1333.075934,1333.075934,0,Unknown,
all,deep_co_training,Wrappers,imdb,,text,4,308.914844,6.638448535259644,302.38557,318.103646,0,Unknown,
all,graph_mincuts,Classical transductive,cifar10,,vision,1,65.881856,0.0,65.881856,65.881856,0,CPU,
all,graph_mincuts,Classical transductive,cifar100,,vision,1,12.774348,0.0,12.774348,12.774348,0,CPU,
all,graph_mincuts,Classical transductive,mnist,,vision,4,65.853019,122.22652007416517,3.745648,249.189335,0,CPU,
all,graphhop,Classical transductive,cifar10,,vision,1,22.605624,0.0,22.605624,22.605624,0,Unknown,
all,graphhop,Classical transductive,cifar100,,vision,1,22.507876,0.0,22.507876,22.507876,0,Unknown,
all,graphhop,Classical transductive,mnist,,vision,4,21.557053000000003,0.6710107554890603,20.944223,22.48498,0,Unknown,
all,label_propagation,Classical transductive,cifar10,,vision,1,0.902607,0.0,0.902607,0.902607,0,Unknown,
all,label_propagation,Classical transductive,cifar100,,vision,1,1.226933,0.0,1.226933,1.226933,0,Unknown,
all,label_propagation,Classical transductive,mnist,,vision,4,3.5256685,1.5426196887620531,2.302089,5.655719,0,Unknown,
all,label_spreading,Classical transductive,cifar10,,vision,1,1.022012,0.0,1.022012,1.022012,0,Unknown,
all,label_spreading,Classical transductive,cifar100,,vision,1,1.100667,0.0,1.100667,1.100667,0,Unknown,
all,label_spreading,Classical transductive,mnist,,vision,4,1.40316825,1.053444443974582,0.596859,2.830354,0,Unknown,
all,lazy_random_walk,Classical transductive,cifar10,,vision,1,2.544881,0.0,2.544881,2.544881,0,Unknown,
all,lazy_random_walk,Classical transductive,cifar100,,vision,1,0.539044,0.0,0.539044,0.539044,0,Unknown,
all,lazy_random_walk,Classical transductive,mnist,,vision,4,4.840324750000001,1.7823110508616569,2.513726,6.674966,0,Unknown,
all,mean_teacher,Consistency,cifar10,,vision,1,1252.38646,0.0,1252.38646,1252.38646,0,Unknown,
all,mean_teacher,Consistency,cifar100,,vision,1,1252.827716,0.0,1252.827716,1252.827716,0,Unknown,
all,pi_model,Consistency,cifar10,,vision,1,1274.685187,0.0,1274.685187,1274.685187,0,Unknown,
all,pi_model,Consistency,cifar100,,vision,1,1276.892793,0.0,1276.892793,1276.892793,0,Unknown,
all,temporal_ensembling,Consistency,cifar10,,vision,1,1625.283795,0.0,1625.283795,1625.283795,0,Unknown,
all,temporal_ensembling,Consistency,cifar100,,vision,1,1623.577793,0.0,1623.577793,1623.577793,0,Unknown,
all,vat,Consistency,cifar10,,vision,1,1710.35084,0.0,1710.35084,1710.35084,0,Unknown,
all,vat,Consistency,cifar100,,vision,1,1710.87268,0.0,1710.87268,1710.87268,0,Unknown,
all,appnp,GNN,cifar10,,vision,1,392.454399,0.0,392.454399,392.454399,0,Unknown,
all,appnp,GNN,cifar100,,vision,1,390.960987,0.0,390.960987,390.960987,0,Unknown,
all,appnp,GNN,mnist,,vision,4,303.09373174999996,521.0689521066029,4.875828,1083.653466,0,Unknown,
all,chebnet,GNN,cifar10,,vision,1,4.460963,0.0,4.460963,4.460963,0,Unknown,
all,chebnet,GNN,cifar100,,vision,1,4.213993,0.0,4.213993,4.213993,0,Unknown,
all,chebnet,GNN,mnist,,vision,4,4.471568250000001,1.8874372325742608,2.514037,6.909664,0,Unknown,
all,gat,GNN,cifar10,,vision,1,4.392345,0.0,4.392345,4.392345,0,Unknown,
all,gat,GNN,cifar100,,vision,1,5.130527,0.0,5.130527,5.130527,0,Unknown,
all,gat,GNN,mnist,,vision,4,4.693701000000001,1.1432586569226872,3.926685,6.37655,0,Unknown,
all,gcn,GNN,cifar10,,vision,1,2.451061,0.0,2.451061,2.451061,0,Unknown,
all,gcn,GNN,cifar100,,vision,1,2.844586,0.0,2.844586,2.844586,0,Unknown,
all,gcn,GNN,mnist,,vision,4,2.39148025,0.7647992514106233,1.944651,3.535281,0,Unknown,
all,gcnii,GNN,cifar10,,vision,1,8.441143,0.0,8.441143,8.441143,0,Unknown,
all,gcnii,GNN,cifar100,,vision,1,10.987928,0.0,10.987928,10.987928,0,Unknown,
all,gcnii,GNN,mnist,,vision,4,14.88274975,2.4525068566349795,13.217942,18.514614,0,Unknown,
all,grafn,GNN,cifar10,,vision,1,9.071458,0.0,9.071458,9.071458,0,Unknown,
all,grafn,GNN,cifar100,,vision,1,13.375602,0.0,13.375602,13.375602,0,Unknown,
all,grafn,GNN,mnist,,vision,4,8.751200749999999,2.842367121737957,5.516752,11.610896,0,Unknown,
all,grand,GNN,cifar10,,vision,1,5.476024,0.0,5.476024,5.476024,0,Unknown,
all,grand,GNN,cifar100,,vision,1,12.467086,0.0,12.467086,12.467086,0,Unknown,
all,grand,GNN,mnist,,vision,4,11.758958000000002,3.9216493411365416,8.655185,16.958144,0,Unknown,
all,graphsage,GNN,cifar10,,vision,1,2.706806,0.0,2.706806,2.706806,0,Unknown,
all,graphsage,GNN,cifar100,,vision,1,3.03311,0.0,3.03311,3.03311,0,Unknown,
all,graphsage,GNN,mnist,,vision,4,5.98079275,4.328191964051685,2.355729,12.000825,0,Unknown,
all,h_gcn,GNN,cifar10,,vision,1,185.335587,0.0,185.335587,185.335587,0,Unknown,
all,h_gcn,GNN,cifar100,,vision,1,157.789596,0.0,157.789596,157.789596,0,Unknown,
all,planetoid,GNN,cifar10,,vision,1,1152.014015,0.0,1152.014015,1152.014015,0,Unknown,
all,planetoid,GNN,mnist,,vision,4,6098.4594210000005,81.60951176237619,5978.472608,6151.180935,0,Unknown,
all,sgc,GNN,cifar10,,vision,1,2.057706,0.0,2.057706,2.057706,0,Unknown,
all,sgc,GNN,mnist,,vision,4,3.5519654999999997,2.0975567958782424,1.636925,5.676404,0,Unknown,
all,adamatch,Hybrid,cifar10,,vision,1,1330.508991,0.0,1330.508991,1330.508991,0,Unknown,
all,adamatch,Hybrid,cifar100,,vision,1,1333.847227,0.0,1333.847227,1333.847227,0,Unknown,
all,daso,Hybrid,cifar10,,vision,1,1494.13764,0.0,1494.13764,1494.13764,0,Unknown,
all,daso,Hybrid,cifar100,,vision,1,1529.334976,0.0,1529.334976,1529.334976,0,Unknown,
all,defixmatch,Hybrid,cifar10,,vision,1,1810.545263,0.0,1810.545263,1810.545263,0,Unknown,
all,defixmatch,Hybrid,cifar100,,vision,1,1805.971887,0.0,1805.971887,1805.971887,0,Unknown,
all,fixmatch,Hybrid,cifar10,,vision,1,1386.423258,0.0,1386.423258,1386.423258,0,Unknown,
all,fixmatch,Hybrid,cifar100,,vision,1,1320.752011,0.0,1320.752011,1320.752011,0,Unknown,
all,flexmatch,Hybrid,cifar10,,vision,1,1286.701822,0.0,1286.701822,1286.701822,0,Unknown,
all,flexmatch,Hybrid,cifar100,,vision,1,1284.279451,0.0,1284.279451,1284.279451,0,Unknown,
all,free_match,Hybrid,cifar10,,vision,1,1289.333366,0.0,1289.333366,1289.333366,0,Unknown,
all,free_match,Hybrid,cifar100,,vision,1,1291.28231,0.0,1291.28231,1291.28231,0,Unknown,
all,mixmatch,Hybrid,cifar10,,vision,1,1949.567219,0.0,1949.567219,1949.567219,0,Unknown,
all,mixmatch,Hybrid,cifar100,,vision,1,1949.964964,0.0,1949.964964,1949.964964,0,Unknown,
all,noisy_student,Hybrid,cifar10,,vision,1,1243.650966,0.0,1243.650966,1243.650966,0,Unknown,
all,noisy_student,Hybrid,cifar100,,vision,1,1235.760629,0.0,1235.760629,1235.760629,0,Unknown,
all,softmatch,Hybrid,cifar10,,vision,1,1282.098636,0.0,1282.098636,1282.098636,0,Unknown,
all,softmatch,Hybrid,cifar100,,vision,1,1278.781661,0.0,1278.781661,1278.781661,0,Unknown,
all,uda,Hybrid,cifar10,,vision,1,1299.142672,0.0,1299.142672,1299.142672,0,Unknown,
all,uda,Hybrid,cifar100,,vision,1,1280.258479,0.0,1280.258479,1280.258479,0,Unknown,
all,adsh,Margin-based inductive,cifar10,,vision,1,1501.211094,0.0,1501.211094,1501.211094,0,Unknown,
all,adsh,Margin-based inductive,cifar100,,vision,1,1507.217022,0.0,1507.217022,1507.217022,0,Unknown,
all,laplace_learning,PDE/Variational,cifar10,,vision,1,6.225448,0.0,6.225448,6.225448,0,Unknown,
all,laplace_learning,PDE/Variational,cifar100,,vision,1,5.850706,0.0,5.850706,5.850706,0,Unknown,
all,p_laplace_learning,PDE/Variational,cifar10,,vision,1,13272.652406,0.0,13272.652406,13272.652406,0,CPU,
all,p_laplace_learning,PDE/Variational,mnist,,vision,4,21304.7730015,1678.6991429658322,19508.360229,23524.817908,0,CPU,
all,poisson_learning,PDE/Variational,cifar10,,vision,1,40.623734,0.0,40.623734,40.623734,0,Unknown,
all,poisson_learning,PDE/Variational,mnist,,vision,4,40.55453675,3.6555664760766673,37.997215,45.798238,0,Unknown,
all,poisson_mbo,PDE/Variational,cifar10,,vision,1,81.421291,0.0,81.421291,81.421291,0,CPU,
all,poisson_mbo,PDE/Variational,mnist,,vision,4,113.5223815,3.2892999120349318,108.844562,116.542862,0,CPU,
matched_only,supervised,Baseline,citeseer,R1,graph,6,1.0881273333333332,2.215081411452831,0.178744,5.609628,0,NVIDIA A100-SXM4-80GB|Unknown,auto
matched_only,supervised,Baseline,cora,R1,graph,6,1.4010996666666669,2.866925829347573,0.212724,7.253123,0,Tesla V100-SXM2-32GB|Unknown,auto
matched_only,supervised,Baseline,pubmed,R1,graph,6,1.0838871666666667,2.27377472842614,0.152509,5.725203,0,NVIDIA A100-SXM4-80GB|Unknown,auto
matched_only,dynamic_label_propagation,Classical transductive,citeseer,R1,graph,6,0.4246206666666667,0.20078074710555957,0.340594,0.83445,0,Unknown,auto
matched_only,dynamic_label_propagation,Classical transductive,cora,R1,graph,6,0.6154000000000001,0.20281561039229698,0.498235,1.025139,0,Unknown,auto
matched_only,dynamic_label_propagation,Classical transductive,pubmed,R1,graph,6,52.80353716666667,0.193630689329369,52.661019,53.186917,0,Unknown,auto
matched_only,graph_mincuts,Classical transductive,citeseer,R1,graph,6,0.17203483333333336,0.22859606514147765,0.077385,0.63865,0,CPU,auto
matched_only,graph_mincuts,Classical transductive,cora,R1,graph,6,0.20275949999999998,0.3472757754435227,0.056949,0.911592,0,CPU,auto
matched_only,graph_mincuts,Classical transductive,pubmed,R1,graph,6,0.20022766666666666,0.23412346668684594,0.102502,0.678064,0,CPU,auto
matched_only,graphhop,Classical transductive,citeseer,R1,graph,6,10.739639333333335,0.8078725700350682,10.313897,12.373323,0,Unknown,auto
matched_only,graphhop,Classical transductive,cora,R1,graph,6,15.916367666666666,0.8163104535294567,15.427346,17.563873,0,Unknown,auto
matched_only,graphhop,Classical transductive,pubmed,R1,graph,6,17.513680666666666,8.988608622923298,11.039874,29.05982,0,Unknown,auto
matched_only,label_propagation,Classical transductive,citeseer,R1,graph,6,0.18673266666666666,0.14068337506993023,0.128239,0.473893,0,Unknown,auto
matched_only,label_propagation,Classical transductive,cora,R1,graph,6,0.210381,0.15788456611714774,0.141617,0.532404,0,Unknown,auto
matched_only,label_propagation,Classical transductive,pubmed,R1,graph,6,0.18329533333333334,0.14804653209132143,0.121333,0.485481,0,Unknown,auto
matched_only,label_spreading,Classical transductive,citeseer,R1,graph,6,0.16866516666666667,0.14944107281924426,0.106843,0.473706,0,Unknown,auto
matched_only,label_spreading,Classical transductive,cora,R1,graph,6,0.19138616666666666,0.16707840843079236,0.113547,0.531098,0,Unknown,auto
matched_only,label_spreading,Classical transductive,pubmed,R1,graph,6,0.164965,0.15474779693811475,0.10101,0.48084,0,Unknown,auto
matched_only,lazy_random_walk,Classical transductive,citeseer,R1,graph,6,0.1887735,0.2826195790215179,0.059017,0.764703,0,Unknown,auto
matched_only,lazy_random_walk,Classical transductive,cora,R1,graph,6,0.22805283333333334,0.22203816180415173,0.113532,0.680299,0,Unknown,auto
matched_only,lazy_random_walk,Classical transductive,pubmed,R1,graph,6,1.764563,0.2614095735102293,1.642502,2.297844,0,Unknown,auto
matched_only,mean_teacher,Consistency,citeseer,R1,graph,6,1.2425033333333333,2.275391797186644,0.310389,5.887126,0,NVIDIA A100-SXM4-80GB|Unknown,auto
matched_only,mean_teacher,Consistency,cora,R1,graph,6,1.8717429999999997,2.867480342718394,0.697956,7.724955,0,Tesla V100-SXM2-32GB|Unknown,auto
matched_only,mean_teacher,Consistency,pubmed,R1,graph,6,1.2019221666666666,2.258496097123873,0.275301,5.812045,0,NVIDIA A100-SXM4-80GB|Unknown,auto
matched_only,pi_model,Consistency,citeseer,R1,graph,6,1.206744,2.2277756766299426,0.293493,5.754161,0,NVIDIA A100-SXM4-80GB|Unknown,auto
matched_only,pi_model,Consistency,cora,R1,graph,6,1.8161001666666674,2.8827128618449955,0.628965,7.700387,0,Tesla V100-SXM2-32GB|Unknown,auto
matched_only,pi_model,Consistency,pubmed,R1,graph,6,1.195150333333333,2.242867436974523,0.277669,5.773383,0,NVIDIA A100-SXM4-80GB|Unknown,auto
matched_only,temporal_ensembling,Consistency,citeseer,R1,graph,6,1.2936198333333333,2.3318867637568013,0.337494,6.053556,0,NVIDIA A100-SXM4-80GB|Unknown,auto
matched_only,temporal_ensembling,Consistency,cora,R1,graph,6,1.8881924999999997,2.809532546590891,0.738052,7.623124,0,Tesla V100-SXM2-32GB|Unknown,auto
matched_only,temporal_ensembling,Consistency,pubmed,R1,graph,6,1.2357003333333336,2.2606430905677852,0.310105,5.850214,0,NVIDIA A100-SXM4-80GB|Unknown,auto
matched_only,vat,Consistency,citeseer,R1,graph,6,1.2466241666666666,2.183308204226459,0.351695,5.703281,0,NVIDIA A100-SXM4-80GB|Unknown,auto
matched_only,vat,Consistency,cora,R1,graph,6,1.963811,2.8056793956657273,0.815491,7.690879,0,Tesla V100-SXM2-32GB|Unknown,auto
matched_only,vat,Consistency,pubmed,R1,graph,6,1.2552481666666668,2.2525689814227148,0.33405,5.853284,0,NVIDIA A100-SXM4-80GB|Unknown,auto
matched_only,appnp,GNN,citeseer,R1,graph,6,0.9654303333333333,0.7822730724747379,0.417251,2.542449,0,Unknown,auto
matched_only,appnp,GNN,cora,R1,graph,6,1.3120135,0.8757222129663607,0.529873,2.998961,0,Unknown,auto
matched_only,appnp,GNN,pubmed,R1,graph,6,0.9529455000000002,0.8587744028532174,0.411737,2.650809,0,Unknown,auto
matched_only,chebnet,GNN,citeseer,R1,graph,6,0.9615048333333333,0.8051590256639782,0.513178,2.567616,0,Unknown,auto
matched_only,chebnet,GNN,cora,R1,graph,6,0.9350459999999999,1.004570532154313,0.457143,2.980987,0,Unknown,auto
matched_only,chebnet,GNN,pubmed,R1,graph,6,1.190221,1.066983573441316,0.507719,3.294471,0,Unknown,auto
matched_only,gat,GNN,citeseer,R1,graph,6,1.1124325,0.7162431607066834,0.587021,2.538954,0,Unknown,auto
matched_only,gat,GNN,cora,R1,graph,6,1.7534786666666669,1.1184479275727892,1.018591,3.989188,0,Unknown,auto
matched_only,gat,GNN,pubmed,R1,graph,6,1.5218858333333334,0.9163449404793844,0.940515,3.357392,0,Unknown,auto
matched_only,gcn,GNN,citeseer,R1,graph,6,0.6452363333333333,0.9708829040879577,0.214373,2.625807,0,Unknown,auto
matched_only,gcn,GNN,cora,R1,graph,6,0.8253333333333335,0.9258129669039349,0.275534,2.692274,0,Unknown,auto
matched_only,gcn,GNN,pubmed,R1,graph,6,0.7131635,0.8665282990552012,0.21534,2.46437,0,Unknown,auto
matched_only,gcnii,GNN,citeseer,R1,graph,6,1.5134458333333332,1.3926568360460398,0.806358,4.346105,0,Unknown,auto
matched_only,gcnii,GNN,cora,R1,graph,6,3.4993184999999998,0.6681597471846834,2.589301,3.976478,0,Unknown,auto
matched_only,gcnii,GNN,pubmed,R1,graph,6,2.166952833333333,0.9504489636281196,1.481554,3.966404,0,Unknown,auto
matched_only,grafn,GNN,citeseer,R1,graph,6,1.1790770000000002,0.9834487007233269,0.657918,3.160014,0,Unknown,auto
matched_only,grafn,GNN,cora,R1,graph,6,2.585168833333333,1.4265913946138074,1.104703,4.854565,0,Unknown,auto
matched_only,grafn,GNN,pubmed,R1,graph,6,1.7464671666666665,0.9312772987490712,0.897322,3.177954,0,Unknown,auto
matched_only,grand,GNN,citeseer,R1,graph,6,3.7733003333333333,1.0680134694232402,3.002905,5.55425,0,Unknown,auto
matched_only,grand,GNN,cora,R1,graph,6,3.218355666666667,0.9900923121126973,2.301657,4.916278,0,Unknown,auto
matched_only,grand,GNN,pubmed,R1,graph,6,4.039922,1.1498540629469465,2.732264,5.733887,0,Unknown,auto
matched_only,graphsage,GNN,citeseer,R1,graph,6,0.6863828333333332,0.8180412529219823,0.28264,2.34664,0,Unknown,auto
matched_only,graphsage,GNN,cora,R1,graph,6,0.8949628333333335,0.9352639383173965,0.29616,2.750049,0,Unknown,auto
matched_only,graphsage,GNN,pubmed,R1,graph,6,0.8405480000000001,0.9157353134057897,0.31832,2.679595,0,Unknown,auto
matched_only,h_gcn,GNN,citeseer,R1,graph,6,4.315947833333333,1.1471943260461877,3.026611,5.722027,0,Unknown,auto
matched_only,h_gcn,GNN,cora,R1,graph,6,2.4898443333333327,1.3105526107645837,1.307929,4.778017,0,Unknown,auto
matched_only,h_gcn,GNN,pubmed,R1,graph,6,30.123020166666663,1.139977961434241,28.915754,31.731282,0,Unknown,auto
matched_only,n_gcn,GNN,citeseer,R1,graph,6,12.5680645,0.6319739118358443,12.093902,13.825897,0,Unknown,auto
matched_only,n_gcn,GNN,cora,R1,graph,6,5.9046365,1.0781871802398224,5.39799,8.101346,0,Unknown,auto
matched_only,n_gcn,GNN,pubmed,R1,graph,6,78.41728566666667,6.274187659260075,70.79555,84.681152,0,Unknown,auto
matched_only,planetoid,GNN,citeseer,R1,graph,6,40.306030166666666,1.729431643060509,39.50691,43.830634,0,Unknown,auto
matched_only,planetoid,GNN,cora,R1,graph,6,176.501924,26.541329108429395,165.519589,230.678635,0,Unknown,auto
matched_only,planetoid,GNN,pubmed,R1,graph,6,292.83088999999995,2.307098682605422,289.874448,294.762157,0,Unknown,auto
matched_only,sgc,GNN,citeseer,R1,graph,6,0.48475466666666667,0.8604961960603118,0.132122,2.241232,0,Unknown,auto
matched_only,sgc,GNN,cora,R1,graph,6,2.7829298333333337,5.9727234036597885,0.322568,14.974611,0,Unknown,auto
matched_only,sgc,GNN,pubmed,R1,graph,6,0.49517866666666666,0.8366205026805563,0.133584,2.201987,0,Unknown,auto
matched_only,adamatch,Hybrid,citeseer,R1,graph,6,17.9745225,43.226280353099696,0.32355,106.209797,0,NVIDIA A100-SXM4-80GB|Unknown,auto
matched_only,adamatch,Hybrid,cora,R1,graph,6,30.500072166666666,72.98258703148815,0.699962,179.475154,0,Tesla V100-SXM2-32GB|Unknown,auto
matched_only,adamatch,Hybrid,pubmed,R1,graph,6,4.443867,10.146399322554402,0.295771,25.155117,0,NVIDIA A100-SXM4-80GB|Unknown,auto
matched_only,comatch,Hybrid,citeseer,R1,graph,6,1.4658621666666667,2.494348662821412,0.444583,6.557429,0,NVIDIA A100-SXM4-80GB|Unknown,auto
matched_only,comatch,Hybrid,cora,R1,graph,6,2.227990666666667,2.9759831968391666,1.005209,8.302685,0,Tesla V100-SXM2-32GB|Unknown,auto
matched_only,comatch,Hybrid,pubmed,R1,graph,6,1.354881,2.3054078475963427,0.411571,6.060771,0,NVIDIA A100-SXM4-80GB|Unknown,auto
matched_only,daso,Hybrid,citeseer,R1,graph,6,1.345072166666667,2.2747598091330357,0.413563,5.988404,0,NVIDIA A100-SXM4-80GB|Unknown,auto
matched_only,daso,Hybrid,cora,R1,graph,6,2.0820740000000004,2.8576020345760536,0.91005,7.915122,0,Tesla V100-SXM2-32GB|Unknown,auto
matched_only,daso,Hybrid,pubmed,R1,graph,6,1.2960423333333333,2.316619891803976,0.348672,6.024821,0,NVIDIA A100-SXM4-80GB|Unknown,auto
matched_only,defixmatch,Hybrid,citeseer,R1,graph,6,1.3246886666666664,2.351410031318032,0.362346,6.124481,0,NVIDIA A100-SXM4-80GB|Unknown,auto
matched_only,defixmatch,Hybrid,cora,R1,graph,6,2.0308905000000004,2.83754507802211,0.863696,7.822979,0,Tesla V100-SXM2-32GB|Unknown,auto
matched_only,defixmatch,Hybrid,pubmed,R1,graph,6,1.2706133333333334,2.2232033011164467,0.360095,5.808707,0,NVIDIA A100-SXM4-80GB|Unknown,auto
matched_only,fixmatch,Hybrid,citeseer,R1,graph,6,1.2128144999999997,2.2099321692806546,0.308723,5.723818,0,NVIDIA A100-SXM4-80GB|Unknown,auto
matched_only,fixmatch,Hybrid,cora,R1,graph,6,1.8856376666666665,2.9623335788984786,0.664677,7.932429,0,Tesla V100-SXM2-32GB|Unknown,auto
matched_only,fixmatch,Hybrid,pubmed,R1,graph,6,1.1999283333333335,2.2580847488289426,0.276741,5.809223,0,NVIDIA A100-SXM4-80GB|Unknown,auto
matched_only,flexmatch,Hybrid,citeseer,R1,graph,6,1.2363615,2.2420595279301345,0.310084,5.812917,0,NVIDIA A100-SXM4-80GB|Unknown,auto
matched_only,flexmatch,Hybrid,cora,R1,graph,6,1.8857453333333332,2.8293736438203183,0.713602,7.661127,0,Tesla V100-SXM2-32GB|Unknown,auto
matched_only,flexmatch,Hybrid,pubmed,R1,graph,6,1.2023166666666667,2.2564931245161524,0.273898,5.808338,0,NVIDIA A100-SXM4-80GB|Unknown,auto
matched_only,free_match,Hybrid,citeseer,R1,graph,6,1.3037361666666667,2.2807530110873833,0.370311,5.959301,0,NVIDIA A100-SXM4-80GB|Unknown,auto
matched_only,free_match,Hybrid,cora,R1,graph,6,2.054794,2.8576046738881846,0.883864,7.887849,0,Tesla V100-SXM2-32GB|Unknown,auto
matched_only,free_match,Hybrid,pubmed,R1,graph,6,1.3297106666666665,2.363039197205638,0.359446,6.1532,0,NVIDIA A100-SXM4-80GB|Unknown,auto
matched_only,meta_pseudo_labels,Hybrid,citeseer,R1,graph,6,1.3713798333333334,2.2289922091892933,0.458323,5.921288,0,NVIDIA A100-SXM4-80GB|Unknown,auto
matched_only,meta_pseudo_labels,Hybrid,cora,R1,graph,6,2.2947031666666664,2.8003604101414816,1.145064,8.010906,0,Tesla V100-SXM2-32GB|Unknown,auto
matched_only,meta_pseudo_labels,Hybrid,pubmed,R1,graph,6,1.3698474999999999,2.271755552185732,0.437753,6.007038,0,NVIDIA A100-SXM4-80GB|Unknown,auto
matched_only,mixmatch,Hybrid,citeseer,R1,graph,6,1.2216628333333333,2.205311995443676,0.318801,5.723232,0,NVIDIA A100-SXM4-80GB|Unknown,auto
matched_only,mixmatch,Hybrid,cora,R1,graph,6,1.8933626666666667,2.8568928297780904,0.725148,7.724969,0,Tesla V100-SXM2-32GB|Unknown,auto
matched_only,mixmatch,Hybrid,pubmed,R1,graph,6,1.2479433333333334,2.331531948236924,0.294498,6.007162,0,NVIDIA A100-SXM4-80GB|Unknown,auto
matched_only,noisy_student,Hybrid,citeseer,R1,graph,6,1.1993716666666667,2.1875816207941283,0.302835,5.664743,0,NVIDIA A100-SXM4-80GB|Unknown,auto
matched_only,noisy_student,Hybrid,cora,R1,graph,6,1.8129026666666668,2.764753989338702,0.6775,7.456428,0,Tesla V100-SXM2-32GB|Unknown,auto
matched_only,noisy_student,Hybrid,pubmed,R1,graph,6,1.2156593333333334,2.242650262991059,0.291214,5.793412,0,NVIDIA A100-SXM4-80GB|Unknown,auto
matched_only,simclr_v2,Hybrid,citeseer,R1,graph,6,1.2826953333333333,2.4773292832505462,0.265673,6.3395,0,NVIDIA A100-SXM4-80GB|Unknown,auto
matched_only,simclr_v2,Hybrid,cora,R1,graph,6,1.5935050000000002,2.865693064589856,0.415933,7.443066,0,Tesla V100-SXM2-32GB|Unknown,auto
matched_only,simclr_v2,Hybrid,pubmed,R1,graph,6,1.1932036666666668,2.3171508615199543,0.24487,5.923066,0,NVIDIA A100-SXM4-80GB|Unknown,auto
matched_only,softmatch,Hybrid,citeseer,R1,graph,6,1.2391213333333335,2.2498629999937925,0.317245,5.831628,0,NVIDIA A100-SXM4-80GB|Unknown,auto
matched_only,softmatch,Hybrid,cora,R1,graph,6,1.883311,2.864548016423115,0.701565,7.730508,0,Tesla V100-SXM2-32GB|Unknown,auto
matched_only,softmatch,Hybrid,pubmed,R1,graph,6,1.227868,2.2601946153900108,0.301419,5.841467,0,NVIDIA A100-SXM4-80GB|Unknown,auto
matched_only,uda,Hybrid,citeseer,R1,graph,6,1.2296993333333333,2.2011204009742555,0.319666,5.722692,0,NVIDIA A100-SXM4-80GB|Unknown,auto
matched_only,uda,Hybrid,cora,R1,graph,6,1.799269,2.760732007045813,0.667788,7.434583,0,Tesla V100-SXM2-32GB|Unknown,auto
matched_only,uda,Hybrid,pubmed,R1,graph,6,1.2035105,2.2307227469777366,0.289447,5.756947,0,NVIDIA A100-SXM4-80GB|Unknown,auto
matched_only,adsh,Margin-based inductive,citeseer,R1,graph,6,1.3728879999999999,2.444983167675475,0.370022,6.363678,0,NVIDIA A100-SXM4-80GB|Unknown,auto
matched_only,adsh,Margin-based inductive,cora,R1,graph,6,2.0473331666666668,2.940198076446852,0.831653,8.048883,0,Tesla V100-SXM2-32GB|Unknown,auto
matched_only,adsh,Margin-based inductive,pubmed,R1,graph,6,1.2830151666666667,2.3356004223854234,0.325895,6.050531,0,NVIDIA A100-SXM4-80GB|Unknown,auto
matched_only,laplace_learning,PDE/Variational,citeseer,R1,graph,6,0.18617966666666666,0.22505240067563526,0.093505,0.645561,0,Unknown,auto
matched_only,laplace_learning,PDE/Variational,cora,R1,graph,6,0.22637183333333333,0.33145087046041477,0.082457,0.9028,0,Unknown,auto
matched_only,laplace_learning,PDE/Variational,pubmed,R1,graph,6,0.6074726666666667,0.2703754302178115,0.494349,1.159338,0,Unknown,auto
matched_only,p_laplace_learning,PDE/Variational,citeseer,R1,graph,6,234.52788299999997,45.62513057522115,182.539542,310.20065,0,CPU,auto
matched_only,p_laplace_learning,PDE/Variational,cora,R1,graph,6,796.2196654999999,119.89077852744218,662.34632,934.437541,0,CPU,auto
matched_only,p_laplace_learning,PDE/Variational,pubmed,R1,graph,6,2944.5401573333334,9.784257608118859,2934.184246,2963.250381,0,CPU,auto
matched_only,poisson_learning,PDE/Variational,citeseer,R1,graph,6,0.26803333333333335,0.03682036321204161,0.222336,0.335515,0,Unknown,auto
matched_only,poisson_learning,PDE/Variational,cora,R1,graph,6,0.7804793333333332,0.4668853017033912,0.429754,1.631764,0,Unknown,auto
matched_only,poisson_learning,PDE/Variational,pubmed,R1,graph,6,0.26326466666666665,0.09835645696072357,0.182075,0.450229,0,Unknown,auto
matched_only,poisson_mbo,PDE/Variational,citeseer,R1,graph,6,2.238477,0.10577497992625667,2.151417,2.405218,0,CPU,auto
matched_only,poisson_mbo,PDE/Variational,cora,R1,graph,6,4.872763166666666,0.4041667009061567,4.571682,5.644813,0,CPU,auto
matched_only,poisson_mbo,PDE/Variational,pubmed,R1,graph,6,12.385570666666668,0.029919619380377408,12.352374,12.427945,0,CPU,auto
matched_only,co_training,Wrappers,citeseer,R1,graph,6,3.7871493333333333,2.3716966858650927,2.774724,8.627951,0,NVIDIA A100-SXM4-80GB|Unknown,auto
matched_only,co_training,Wrappers,cora,R1,graph,6,6.131684500000001,3.3290999007995383,4.162018,12.847086,0,Tesla V100-SXM2-32GB|Unknown,auto
matched_only,co_training,Wrappers,pubmed,R1,graph,6,3.6778625,2.357270571225607,2.460964,8.468795,0,NVIDIA A100-SXM4-80GB|Unknown,auto
matched_only,deep_co_training,Wrappers,citeseer,R1,graph,6,1.565461,2.2045257701862324,0.659984,6.065426,0,NVIDIA A100-SXM4-80GB|Unknown,auto
matched_only,deep_co_training,Wrappers,cora,R1,graph,6,2.9585135,3.036858741057262,1.711914,9.157471,0,Tesla V100-SXM2-32GB|Unknown,auto
matched_only,deep_co_training,Wrappers,pubmed,R1,graph,6,1.5695949999999999,2.2618317750353585,0.643012,6.186536,0,NVIDIA A100-SXM4-80GB|Unknown,auto
matched_only,democratic_co_learning,Wrappers,citeseer,R1,graph,6,4.661605,2.6183176434032602,2.886031,9.803421,0,NVIDIA A100-SXM4-80GB|Unknown,auto
matched_only,democratic_co_learning,Wrappers,cora,R1,graph,6,6.363351166666667,4.591953458800793,4.043092,15.699802,0,Tesla V100-SXM2-32GB|Unknown,auto
matched_only,democratic_co_learning,Wrappers,pubmed,R1,graph,6,2.6411706666666666,2.5696650824126217,0.893207,7.757357,0,NVIDIA A100-SXM4-80GB|Unknown,auto
matched_only,pseudo_label,Wrappers,citeseer,R1,graph,6,1.2028843333333334,2.2610220114199393,0.279211,5.818176,0,NVIDIA A100-SXM4-80GB|Unknown,auto
matched_only,pseudo_label,Wrappers,cora,R1,graph,6,1.5191168333333334,2.8246061763293246,0.353144,7.284716,0,Tesla V100-SXM2-32GB|Unknown,auto
matched_only,pseudo_label,Wrappers,pubmed,R1,graph,6,1.1654863333333332,2.2511826967830633,0.243397,5.760691,0,NVIDIA A100-SXM4-80GB|Unknown,auto
matched_only,self_training,Wrappers,citeseer,R1,graph,6,1.194697,2.2193251836222645,0.279541,5.72486,0,NVIDIA A100-SXM4-80GB|Unknown,auto
matched_only,self_training,Wrappers,cora,R1,graph,6,1.5139569999999996,2.798408521194431,0.367726,7.226177,0,Tesla V100-SXM2-32GB|Unknown,auto
matched_only,self_training,Wrappers,pubmed,R1,graph,6,1.1566345,2.232021071346841,0.244477,5.712728,0,NVIDIA A100-SXM4-80GB|Unknown,auto
matched_only,setred,Wrappers,citeseer,R1,graph,6,1.1890028333333331,2.2448147524279514,0.26941,5.771204,0,NVIDIA A100-SXM4-80GB|Unknown,auto
matched_only,setred,Wrappers,cora,R1,graph,6,1.5355854999999998,2.8445803629750204,0.368044,7.342049,0,Tesla V100-SXM2-32GB|Unknown,auto
matched_only,setred,Wrappers,pubmed,R1,graph,6,1.161276,2.23937956819687,0.245571,5.73239,0,NVIDIA A100-SXM4-80GB|Unknown,auto
matched_only,tri_training,Wrappers,citeseer,R1,graph,6,3.6822139999999997,3.1293259094899653,1.168458,9.852298,0,NVIDIA A100-SXM4-80GB|Unknown,auto
matched_only,tri_training,Wrappers,cora,R1,graph,6,5.734684333333334,2.6490984161949642,3.502799,10.292038,0,Tesla V100-SXM2-32GB|Unknown,auto
matched_only,tri_training,Wrappers,pubmed,R1,graph,6,2.5310349999999997,2.281931523999351,1.180579,7.083755,0,NVIDIA A100-SXM4-80GB|Unknown,auto
matched_only,trinet,Wrappers,citeseer,R1,graph,6,1.7536106666666667,2.2464337475072496,0.835673,6.339124,0,NVIDIA A100-SXM4-80GB|Unknown,auto
matched_only,trinet,Wrappers,cora,R1,graph,6,2.3734181666666667,2.846954736945104,1.191246,8.184682,0,Tesla V100-SXM2-32GB|Unknown,auto
matched_only,trinet,Wrappers,pubmed,R1,graph,6,1.5644388333333332,2.3847407322358056,0.58186,6.432206,0,NVIDIA A100-SXM4-80GB|Unknown,auto
matched_only,supervised,Baseline,adult,R1,tabular,6,0.9381996666666668,1.571861605852076,0.295331,4.146747,0,NVIDIA A100-SXM4-80GB|Unknown,auto
matched_only,supervised,Baseline,breast_cancer,R1,tabular,6,0.9444723333333335,1.977524866009494,0.131967,4.981064,0,Tesla V100-SXM2-32GB|Unknown,auto
matched_only,supervised,Baseline,iris,R1,tabular,6,0.7565511666666667,1.6244126055961787,0.092153,4.072368,0,NVIDIA A100-SXM4-80GB|Unknown,auto
matched_only,dynamic_label_propagation,Classical transductive,adult,R1,tabular,6,765.9005733333333,1.7565534584162774,764.163842,769.307064,0,Unknown,auto
matched_only,dynamic_label_propagation,Classical transductive,breast_cancer,R1,tabular,6,0.6305253333333333,1.1931073306878415,0.125747,3.065867,0,Unknown,auto
matched_only,dynamic_label_propagation,Classical transductive,iris,R1,tabular,6,0.45320350000000004,0.9229132065674973,0.07178,2.337072,0,Unknown,auto
matched_only,graph_mincuts,Classical transductive,adult,R1,tabular,6,0.6790688333333333,0.8637974331861416,0.30588,2.440583,0,CPU,auto
matched_only,graph_mincuts,Classical transductive,breast_cancer,R1,tabular,6,0.5253123333333335,1.106845378317074,0.061707,2.784466,0,CPU,auto
matched_only,graphhop,Classical transductive,adult,R1,tabular,6,17.777864333333337,7.667071901129367,11.484208,32.171787,0,Unknown,auto
matched_only,graphhop,Classical transductive,breast_cancer,R1,tabular,6,15.050360500000002,1.8880354717246979,13.980228,18.828455,0,Unknown,auto
matched_only,graphhop,Classical transductive,iris,R1,tabular,6,11.940780666666667,2.1225326869800303,9.965818,14.062511,0,Unknown,auto
matched_only,label_propagation,Classical transductive,adult,R1,tabular,6,0.7305930000000002,0.9024817763961773,0.343196,2.572482,0,Unknown,auto
matched_only,label_propagation,Classical transductive,breast_cancer,R1,tabular,6,0.5558695,1.1837965110487105,0.068765,2.972273,0,Unknown,auto
matched_only,label_propagation,Classical transductive,iris,R1,tabular,6,0.4646088333333333,0.8872655679712622,0.10091,2.275731,0,Unknown,auto
matched_only,label_spreading,Classical transductive,adult,R1,tabular,6,0.641126,0.868390412092165,0.28205,2.413714,0,Unknown,auto
matched_only,label_spreading,Classical transductive,breast_cancer,R1,tabular,6,0.5503396666666667,1.1727756816304926,0.066978,2.944251,0,Unknown,auto
matched_only,label_spreading,Classical transductive,iris,R1,tabular,6,0.4460638333333333,0.8941619319775176,0.079224,2.271261,0,Unknown,auto
matched_only,lazy_random_walk,Classical transductive,adult,R1,tabular,6,5.325244499999999,0.971440724361245,4.92354,7.308169,0,Unknown,auto
matched_only,lazy_random_walk,Classical transductive,breast_cancer,R1,tabular,6,0.5973711666666667,1.2877882661972686,0.064449,3.226012,0,Unknown,auto
matched_only,mean_teacher,Consistency,adult,R1,tabular,6,37.945327,1.6912100522865865,36.865294,41.325863,0,NVIDIA A100-SXM4-80GB|Unknown,auto
matched_only,mean_teacher,Consistency,breast_cancer,R1,tabular,6,1.6861463333333333,2.0399143749596615,0.840125,5.850041,0,Tesla V100-SXM2-32GB|Unknown,auto
matched_only,mean_teacher,Consistency,iris,R1,tabular,6,0.8515786666666667,1.619577061279477,0.186585,4.157523,0,NVIDIA A100-SXM4-80GB|Unknown,auto
matched_only,pi_model,Consistency,adult,R1,tabular,6,36.102221500000006,1.6923043782166085,35.185284,39.541758,0,NVIDIA A100-SXM4-80GB|Unknown,auto
matched_only,pi_model,Consistency,breast_cancer,R1,tabular,6,1.6970063333333334,2.1053329793234767,0.830698,5.994492,0,Tesla V100-SXM2-32GB|Unknown,auto
matched_only,pi_model,Consistency,iris,R1,tabular,6,0.8544301666666664,1.6512854579395306,0.179537,4.225102,0,NVIDIA A100-SXM4-80GB|Unknown,auto
matched_only,temporal_ensembling,Consistency,adult,R1,tabular,6,41.662923166666666,1.5795139133475737,40.733638,44.782016,0,NVIDIA A100-SXM4-80GB|Unknown,auto
matched_only,temporal_ensembling,Consistency,breast_cancer,R1,tabular,6,1.794885,2.043345211352991,0.938352,5.96577,0,Tesla V100-SXM2-32GB|Unknown,auto
matched_only,temporal_ensembling,Consistency,iris,R1,tabular,6,0.8859120000000001,1.6535777028951497,0.207588,4.261259,0,NVIDIA A100-SXM4-80GB|Unknown,auto
matched_only,vat,Consistency,adult,R1,tabular,6,48.610835,1.8673947938844648,47.555872,52.389521,0,NVIDIA A100-SXM4-80GB|Unknown,auto
matched_only,vat,Consistency,breast_cancer,R1,tabular,6,1.9699708333333332,2.1503882661603617,1.062362,6.359177,0,Tesla V100-SXM2-32GB|Unknown,auto
matched_only,vat,Consistency,iris,R1,tabular,6,0.8967299999999998,1.6322140493313981,0.22802,4.228472,0,NVIDIA A100-SXM4-80GB|Unknown,auto
matched_only,appnp,GNN,adult,R1,tabular,6,15.24015733333333,2.293907220420362,13.615233,19.855903,0,Unknown,auto
matched_only,appnp,GNN,breast_cancer,R1,tabular,6,1.6046634999999998,2.073227023875653,0.502943,5.761244,0,Unknown,auto
matched_only,appnp,GNN,iris,R1,tabular,6,1.0389788333333334,1.6273655659834292,0.342158,4.360608,0,Unknown,auto
matched_only,chebnet,GNN,adult,R1,tabular,6,1.3454313333333332,1.7253340321355362,0.605839,4.866951,0,Unknown,auto
matched_only,chebnet,GNN,breast_cancer,R1,tabular,6,1.2455855,2.066904120177494,0.322337,5.456318,0,Unknown,auto
matched_only,chebnet,GNN,iris,R1,tabular,6,0.8999771666666665,1.6051818845042347,0.234763,4.176512,0,Unknown,auto
matched_only,gat,GNN,adult,R1,tabular,6,5.423408000000001,8.551949397170636,1.773505,22.878371,0,Unknown,auto
matched_only,gat,GNN,breast_cancer,R1,tabular,6,1.8690584999999997,1.9836952561023833,0.83552,5.890846,0,Unknown,auto
matched_only,gat,GNN,iris,R1,tabular,6,1.3031545,1.6539082042235296,0.599201,4.678427,0,Unknown,auto
matched_only,gcn,GNN,adult,R1,tabular,6,1.16553,1.7157867029069784,0.451248,4.667809,0,Unknown,auto
matched_only,gcn,GNN,breast_cancer,R1,tabular,6,1.2329130000000001,2.077015872141472,0.24721,5.461067,0,Unknown,auto
matched_only,gcn,GNN,iris,R1,tabular,6,0.8671178333333334,1.6616385392990154,0.171614,4.258722,0,Unknown,auto
matched_only,gcnii,GNN,adult,R1,tabular,6,4.522427166666667,1.7265093321707148,3.476002,8.004101,0,Unknown,auto
matched_only,gcnii,GNN,breast_cancer,R1,tabular,6,2.1888563333333333,1.9861796498424473,1.23706,6.220518,0,Unknown,auto
matched_only,gcnii,GNN,iris,R1,tabular,6,1.603541833333333,1.730379021339246,0.759209,5.132269,0,Unknown,auto
matched_only,grafn,GNN,adult,R1,tabular,6,4.126827333333333,2.899514700629928,2.217432,9.987884,0,Unknown,auto
matched_only,grafn,GNN,breast_cancer,R1,tabular,6,1.7498483333333334,2.158791093335589,0.775843,6.15114,0,Unknown,auto
matched_only,grafn,GNN,iris,R1,tabular,6,1.4122713333333332,1.8705481887828141,0.537885,5.216906,0,Unknown,auto
matched_only,grand,GNN,adult,R1,tabular,6,1.6755943333333334,2.5071502016694303,0.63285,6.793223,0,Unknown,auto
matched_only,grand,GNN,breast_cancer,R1,tabular,6,1.4614528333333334,2.115544626914442,0.541707,5.779254,0,Unknown,auto
matched_only,grand,GNN,iris,R1,tabular,6,1.387279333333333,1.5512147834074645,0.40557,4.478866,0,Unknown,auto
matched_only,graphsage,GNN,adult,R1,tabular,6,1.1985600000000003,1.8088238661856493,0.44126,4.890675,0,Unknown,auto
matched_only,graphsage,GNN,breast_cancer,R1,tabular,6,1.1813516666666668,2.0884621951949875,0.241528,5.430068,0,Unknown,auto
matched_only,graphsage,GNN,iris,R1,tabular,6,0.8251623333333334,1.6318243788057176,0.147743,4.156072,0,Unknown,auto
matched_only,h_gcn,GNN,adult,R1,tabular,6,250.63305233333335,1.666646315165728,249.515742,253.94238,0,Unknown,auto
matched_only,h_gcn,GNN,breast_cancer,R1,tabular,6,2.026069833333333,2.07292987482813,1.045148,6.251222,0,Unknown,auto
matched_only,h_gcn,GNN,iris,R1,tabular,6,1.6001443333333334,1.5523841457586027,0.784494,4.759264,0,Unknown,auto
matched_only,n_gcn,GNN,adult,R1,tabular,6,157.31587116666665,1.5391043603838424,156.442515,160.439709,0,Unknown,auto
matched_only,n_gcn,GNN,breast_cancer,R1,tabular,6,2.3261828333333336,2.040454010375085,1.088388,6.194384,0,Unknown,auto
matched_only,n_gcn,GNN,iris,R1,tabular,6,1.4646576666666666,1.604961795781403,0.72796,4.739545,0,Unknown,auto
matched_only,planetoid,GNN,adult,R1,tabular,6,952.8036076666667,50.58988372066249,902.929748,1051.240158,0,Unknown,auto
matched_only,planetoid,GNN,breast_cancer,R1,tabular,6,40.388284500000005,5.070672280463597,33.020498,47.077319,0,Unknown,auto
matched_only,planetoid,GNN,iris,R1,tabular,6,2.3925171666666665,1.6173244281677583,1.727731,5.693859,0,Unknown,auto
matched_only,sgc,GNN,adult,R1,tabular,6,10.6735605,25.227629368385955,0.357271,62.16923,0,Unknown,auto
matched_only,sgc,GNN,breast_cancer,R1,tabular,6,1.0806660000000001,1.9495712733456043,0.145017,5.053403,0,Unknown,auto
matched_only,sgc,GNN,iris,R1,tabular,6,0.7829789999999998,1.6673966870311336,0.098221,4.18652,0,Unknown,auto
matched_only,adamatch,Hybrid,adult,R1,tabular,6,52.960752333333325,31.419055354916214,39.941731,117.093952,0,NVIDIA A100-SXM4-80GB|Unknown,auto
matched_only,adamatch,Hybrid,breast_cancer,R1,tabular,6,11.365792333333331,25.49992104592578,0.940555,63.417285,0,Tesla V100-SXM2-32GB|Unknown,auto
matched_only,adamatch,Hybrid,iris,R1,tabular,6,6.624647999999998,15.659324793360039,0.225105,38.589102,0,NVIDIA A100-SXM4-80GB|Unknown,auto
matched_only,comatch,Hybrid,adult,R1,tabular,6,67.46711,2.3105009576522546,65.956528,72.117504,0,NVIDIA A100-SXM4-80GB|Unknown,auto
matched_only,comatch,Hybrid,breast_cancer,R1,tabular,6,2.449914666666667,2.417183018236283,1.451988,7.383949,0,Tesla V100-SXM2-32GB|Unknown,auto
matched_only,comatch,Hybrid,iris,R1,tabular,6,1.1378581666666667,2.0130331852719583,0.307212,5.246931,0,NVIDIA A100-SXM4-80GB|Unknown,auto
matched_only,daso,Hybrid,adult,R1,tabular,6,55.02052,1.656822276436069,54.141442,58.366803,0,NVIDIA A100-SXM4-80GB|Unknown,auto
matched_only,daso,Hybrid,breast_cancer,R1,tabular,6,1.963526333333333,2.1238800701166403,1.087504,6.298826,0,Tesla V100-SXM2-32GB|Unknown,auto
matched_only,daso,Hybrid,iris,R1,tabular,6,0.9214685000000001,1.6501491744230583,0.246276,4.289818,0,NVIDIA A100-SXM4-80GB|Unknown,auto
matched_only,defixmatch,Hybrid,adult,R1,tabular,6,48.5223935,2.1981815980614314,47.214448,52.984959,0,NVIDIA A100-SXM4-80GB|Unknown,auto
matched_only,defixmatch,Hybrid,breast_cancer,R1,tabular,6,1.9352428333333336,2.090292944108497,1.081348,6.202035,0,Tesla V100-SXM2-32GB|Unknown,auto
matched_only,defixmatch,Hybrid,iris,R1,tabular,6,0.9211266666666668,1.6595272243805663,0.23941,4.308613,0,NVIDIA A100-SXM4-80GB|Unknown,auto
matched_only,fixmatch,Hybrid,adult,R1,tabular,6,37.6227375,1.7390320777575958,36.622348,41.145572,0,NVIDIA A100-SXM4-80GB|Unknown,auto
matched_only,fixmatch,Hybrid,breast_cancer,R1,tabular,6,1.7244123333333332,2.2106807849255548,0.813908,6.236928,0,Tesla V100-SXM2-32GB|Unknown,auto
matched_only,fixmatch,Hybrid,iris,R1,tabular,6,0.8547326666666666,1.6372480116311843,0.184567,4.196749,0,NVIDIA A100-SXM4-80GB|Unknown,auto
matched_only,flexmatch,Hybrid,adult,R1,tabular,6,51.241099166666665,1.7915939084794217,50.326301,54.876564,0,NVIDIA A100-SXM4-80GB|Unknown,auto
matched_only,flexmatch,Hybrid,breast_cancer,R1,tabular,6,1.851161833333333,2.224673539755927,0.940567,6.392257,0,Tesla V100-SXM2-32GB|Unknown,auto
matched_only,flexmatch,Hybrid,iris,R1,tabular,6,0.912999,1.7349394008303576,0.199778,4.454416,0,NVIDIA A100-SXM4-80GB|Unknown,auto
matched_only,free_match,Hybrid,adult,R1,tabular,6,56.69931116666667,1.73891016920615,54.982933,59.717414,0,NVIDIA A100-SXM4-80GB|Unknown,auto
matched_only,free_match,Hybrid,breast_cancer,R1,tabular,6,2.1620408333333336,2.1902731511566693,1.26079,6.632904,0,Tesla V100-SXM2-32GB|Unknown,auto
matched_only,free_match,Hybrid,iris,R1,tabular,6,0.9734184999999999,1.6969409302582987,0.274834,4.43726,0,NVIDIA A100-SXM4-80GB|Unknown,auto
matched_only,meta_pseudo_labels,Hybrid,adult,R1,tabular,6,62.43675783333333,2.200547574415369,61.204288,66.885099,0,NVIDIA A100-SXM4-80GB|Unknown,auto
matched_only,meta_pseudo_labels,Hybrid,breast_cancer,R1,tabular,6,2.2437668333333334,2.1586536736144977,1.354893,6.650093,0,Tesla V100-SXM2-32GB|Unknown,auto
matched_only,meta_pseudo_labels,Hybrid,iris,R1,tabular,6,0.9521815,1.630594783845913,0.282783,4.280613,0,NVIDIA A100-SXM4-80GB|Unknown,auto
matched_only,mixmatch,Hybrid,adult,R1,tabular,6,42.80276433333333,1.51590376514351,41.74114,45.811638,0,NVIDIA A100-SXM4-80GB|Unknown,auto
matched_only,mixmatch,Hybrid,breast_cancer,R1,tabular,6,1.8217574999999997,2.096411705351766,0.962684,6.101031,0,Tesla V100-SXM2-32GB|Unknown,auto
matched_only,mixmatch,Hybrid,iris,R1,tabular,6,0.8790926666666667,1.6496741001645951,0.202879,4.246473,0,NVIDIA A100-SXM4-80GB|Unknown,auto
matched_only,noisy_student,Hybrid,adult,R1,tabular,6,37.700798666666664,1.682370630728871,36.83214,41.125477,0,NVIDIA A100-SXM4-80GB|Unknown,auto
matched_only,noisy_student,Hybrid,breast_cancer,R1,tabular,6,1.7105921666666666,2.0958273093141444,0.847274,5.988611,0,Tesla V100-SXM2-32GB|Unknown,auto
matched_only,noisy_student,Hybrid,iris,R1,tabular,6,0.8885876666666667,1.69175485395227,0.196161,4.341867,0,NVIDIA A100-SXM4-80GB|Unknown,auto
matched_only,simclr_v2,Hybrid,adult,R1,tabular,6,21.515276666666665,1.5916343535196356,20.344983,24.708638,0,NVIDIA A100-SXM4-80GB|Unknown,auto
matched_only,simclr_v2,Hybrid,breast_cancer,R1,tabular,6,1.431152,2.121541076074088,0.563193,5.761728,0,Tesla V100-SXM2-32GB|Unknown,auto
matched_only,simclr_v2,Hybrid,iris,R1,tabular,6,0.8609753333333333,1.6672048436468345,0.179266,4.264142,0,NVIDIA A100-SXM4-80GB|Unknown,auto
matched_only,softmatch,Hybrid,adult,R1,tabular,6,40.43660783333333,1.6629243553163109,39.35481,43.774554,0,NVIDIA A100-SXM4-80GB|Unknown,auto
matched_only,softmatch,Hybrid,breast_cancer,R1,tabular,6,1.806382166666667,2.1547270283062234,0.922598,6.204691,0,Tesla V100-SXM2-32GB|Unknown,auto
matched_only,softmatch,Hybrid,iris,R1,tabular,6,0.9498951666666665,1.8248072544859542,0.197318,4.674719,0,NVIDIA A100-SXM4-80GB|Unknown,auto
matched_only,uda,Hybrid,adult,R1,tabular,6,38.49345283333333,2.383007179896142,37.307364,43.315253,0,NVIDIA A100-SXM4-80GB|Unknown,auto
matched_only,uda,Hybrid,breast_cancer,R1,tabular,6,1.7146419999999998,2.055917137472909,0.871843,5.911249,0,Tesla V100-SXM2-32GB|Unknown,auto
matched_only,uda,Hybrid,iris,R1,tabular,6,0.8564328333333334,1.651118966322708,0.180923,4.226764,0,NVIDIA A100-SXM4-80GB|Unknown,auto
matched_only,adsh,Margin-based inductive,adult,R1,tabular,6,41.05696316666666,2.290874002210809,39.905618,45.721969,0,NVIDIA A100-SXM4-80GB|Unknown,auto
matched_only,adsh,Margin-based inductive,breast_cancer,R1,tabular,6,2.109690333333334,2.8432554519569764,0.938705,7.913449,0,Tesla V100-SXM2-32GB|Unknown,auto
matched_only,adsh,Margin-based inductive,iris,R1,tabular,6,1.3476903333333334,2.7432216182875684,0.219928,6.947232,0,NVIDIA A100-SXM4-80GB|Unknown,auto
matched_only,s4vm,Margin-based inductive,adult,R1,tabular,6,39.92385183333334,1.8164383082821633,38.743563,43.549421,0,NVIDIA A100-SXM4-80GB|Unknown,auto
matched_only,s4vm,Margin-based inductive,breast_cancer,R1,tabular,6,2.5920724999999996,2.0831138057914886,1.737686,6.844198,0,Tesla V100-SXM2-32GB|Unknown,auto
matched_only,tsvm,Margin-based inductive,adult,R1,tabular,6,0.8753825000000001,0.9252425991355455,0.47783,2.763887,0,CPU,auto
matched_only,tsvm,Margin-based inductive,breast_cancer,R1,tabular,6,0.5088495000000001,1.0514757387945288,0.07306,2.655155,0,CPU,auto
matched_only,laplace_learning,PDE/Variational,adult,R1,tabular,6,5.773711166666666,2.1436419972392233,4.892022,10.149396,0,Unknown,auto
matched_only,laplace_learning,PDE/Variational,breast_cancer,R1,tabular,6,0.5728479999999999,1.236187608233637,0.06319,3.096197,0,Unknown,auto
matched_only,laplace_learning,PDE/Variational,iris,R1,tabular,6,0.5941298333333334,1.3438465735805434,0.044379,3.337243,0,Unknown,auto
matched_only,p_laplace_learning,PDE/Variational,adult,R1,tabular,6,12187.518051666666,1839.933865867043,9204.518051,13691.806472,0,CPU,auto
matched_only,p_laplace_learning,PDE/Variational,breast_cancer,R1,tabular,6,9.281513333333335,8.756126869496757,0.494211,23.994146,0,CPU,auto
matched_only,p_laplace_learning,PDE/Variational,iris,R1,tabular,6,2.1013949999999997,0.7869572318877309,1.307179,3.447894,0,CPU,auto
matched_only,poisson_learning,PDE/Variational,adult,R1,tabular,6,21.6886075,25.415048739771454,10.17863,73.53379,0,Unknown,auto
matched_only,poisson_learning,PDE/Variational,breast_cancer,R1,tabular,6,0.8274723333333335,1.0608200299610988,0.382812,2.992818,0,Unknown,auto
matched_only,poisson_learning,PDE/Variational,iris,R1,tabular,6,0.5454153333333333,0.7704004087303346,0.225792,2.117974,0,Unknown,auto
matched_only,poisson_mbo,PDE/Variational,adult,R1,tabular,6,65.46825166666666,9.913663996019347,54.255824,81.239012,0,CPU,auto
matched_only,poisson_mbo,PDE/Variational,breast_cancer,R1,tabular,6,1.905869,1.0444908627349498,1.335614,4.029805,0,CPU,auto
matched_only,poisson_mbo,PDE/Variational,iris,R1,tabular,6,0.6421986666666666,0.7711477090570046,0.289982,2.215629,0,CPU,auto
matched_only,co_training,Wrappers,adult,R1,tabular,6,3.2755763333333334,1.9668226278695966,2.454319,7.290251,0,NVIDIA A100-SXM4-80GB|Unknown,auto
matched_only,co_training,Wrappers,breast_cancer,R1,tabular,6,4.11748,2.147412249357444,3.21824,8.500725,0,Tesla V100-SXM2-32GB|Unknown,auto
matched_only,co_training,Wrappers,iris,R1,tabular,6,2.896301,1.904863491779923,2.113444,6.784555,0,NVIDIA A100-SXM4-80GB|Unknown,auto
matched_only,deep_co_training,Wrappers,adult,R1,tabular,6,85.17505333333334,1.4600707401568853,83.902515,88.024448,0,NVIDIA A100-SXM4-80GB|Unknown,auto
matched_only,deep_co_training,Wrappers,breast_cancer,R1,tabular,6,2.685496166666667,2.13195021158107,1.795524,7.037145,0,Tesla V100-SXM2-32GB|Unknown,auto
matched_only,deep_co_training,Wrappers,iris,R1,tabular,6,1.0291993333333334,1.6734626439293667,0.335452,4.445029,0,NVIDIA A100-SXM4-80GB|Unknown,auto
matched_only,democratic_co_learning,Wrappers,adult,R1,tabular,6,247.8848326666667,41.71891456551605,202.725177,306.339028,0,NVIDIA A100-SXM4-80GB|Unknown,auto
matched_only,democratic_co_learning,Wrappers,breast_cancer,R1,tabular,6,3.1164205000000003,2.3500465803871844,1.615501,7.859272,0,Tesla V100-SXM2-32GB|Unknown,auto
matched_only,democratic_co_learning,Wrappers,iris,R1,tabular,6,1.927417,1.65600964207048,1.063425,5.295379,0,NVIDIA A100-SXM4-80GB|Unknown,auto
matched_only,pseudo_label,Wrappers,adult,R1,tabular,6,63.61408333333333,1.2603982739338635,62.452503,65.75894,0,NVIDIA A100-SXM4-80GB|Unknown,auto
matched_only,pseudo_label,Wrappers,breast_cancer,R1,tabular,6,2.4396165,1.9840635469692747,1.226181,6.437305,0,Tesla V100-SXM2-32GB|Unknown,auto
matched_only,pseudo_label,Wrappers,iris,R1,tabular,6,1.0504731666666667,1.4823264173860518,0.301777,4.072223,0,NVIDIA A100-SXM4-80GB|Unknown,auto
matched_only,self_training,Wrappers,adult,R1,tabular,6,61.569883833333336,3.4808691506251375,56.494712,65.458955,0,NVIDIA A100-SXM4-80GB|Unknown,auto
matched_only,self_training,Wrappers,breast_cancer,R1,tabular,6,2.2146025,2.102929737756804,1.235452,6.499428,0,Tesla V100-SXM2-32GB|Unknown,auto
matched_only,self_training,Wrappers,iris,R1,tabular,6,1.0602938333333334,1.4822776782528186,0.288618,4.081062,0,NVIDIA A100-SXM4-80GB|Unknown,auto
matched_only,setred,Wrappers,adult,R1,tabular,6,1.9238748333333333,1.6234292476935872,1.225083,5.23684,0,NVIDIA A100-SXM4-80GB|Unknown,auto
matched_only,setred,Wrappers,breast_cancer,R1,tabular,6,3.029799333333333,1.8923362427410904,2.227705,6.891889,0,Tesla V100-SXM2-32GB|Unknown,auto
matched_only,setred,Wrappers,iris,R1,tabular,6,1.0174739999999998,1.6688717751960453,0.294541,4.423133,0,NVIDIA A100-SXM4-80GB|Unknown,auto
matched_only,tri_training,Wrappers,adult,R1,tabular,6,114.24415550000002,119.5937419721774,38.243738,349.881286,0,NVIDIA A100-SXM4-80GB|Unknown,auto
matched_only,tri_training,Wrappers,breast_cancer,R1,tabular,6,5.028225833333333,4.413204538883618,1.931215,13.551992,0,Tesla V100-SXM2-32GB|Unknown,auto
matched_only,tri_training,Wrappers,iris,R1,tabular,6,1.6982271666666666,1.849816775283911,0.819308,5.466655,0,NVIDIA A100-SXM4-80GB|Unknown,auto
matched_only,trinet,Wrappers,adult,R1,tabular,6,706.955837,12.0951313941829,691.957709,718.623972,0,NVIDIA A100-SXM4-80GB|Unknown,auto
matched_only,trinet,Wrappers,breast_cancer,R1,tabular,6,15.356518666666664,2.1514901249805143,14.367496,19.744865,0,Tesla V100-SXM2-32GB|Unknown,auto
matched_only,trinet,Wrappers,iris,R1,tabular,6,2.763662,1.6107229485391956,2.022935,6.049424,0,NVIDIA A100-SXM4-80GB|Unknown,auto
matched_only,supervised,Baseline,ag_news,R1,text,6,1.7421501666666668,0.90241124717158,1.367713,3.584145,0,NVIDIA A100-SXM4-80GB|Unknown,auto
matched_only,supervised,Baseline,imdb,R1,text,6,1.9437503333333332,1.0428740818531579,1.374609,4.039265,0,NVIDIA A100-SXM4-80GB|Unknown,auto
matched_only,dynamic_label_propagation,Classical transductive,imdb,R1,text,6,820.7710296666668,0.34645773093619686,820.476397,821.441789,0,Unknown,auto
matched_only,graph_mincuts,Classical transductive,ag_news,R1,text,6,70.30866866666666,81.05715339232748,36.572763,235.761726,0,CPU,auto
matched_only,graph_mincuts,Classical transductive,imdb,R1,text,6,14.826851,0.37999498835642587,14.455184,15.330763,0,CPU,auto
matched_only,graphhop,Classical transductive,ag_news,R1,text,6,53.51548366666666,46.95229398810685,19.782066,114.065865,0,Unknown,auto
matched_only,graphhop,Classical transductive,imdb,R1,text,6,25.095102666666666,12.182039828082956,12.291568,41.762032,0,Unknown,auto
matched_only,label_propagation,Classical transductive,ag_news,R1,text,6,1.1575958333333334,0.34002526759546364,1.009538,1.851602,0,Unknown,auto
matched_only,label_propagation,Classical transductive,imdb,R1,text,6,1.0191551666666667,0.27204974961754086,0.824652,1.554728,0,Unknown,auto
matched_only,label_spreading,Classical transductive,ag_news,R1,text,6,1.0668981666666666,0.36429094029493325,0.891888,1.807443,0,Unknown,auto
matched_only,label_spreading,Classical transductive,imdb,R1,text,6,0.8982840000000002,0.17644631785446815,0.805901,1.256933,0,Unknown,auto
matched_only,lazy_random_walk,Classical transductive,ag_news,R1,text,6,31.98370916666667,1.2774968847228425,30.710134,34.305475,0,Unknown,auto
matched_only,lazy_random_walk,Classical transductive,imdb,R1,text,6,19.587046,0.22537204132722474,19.314479,19.888864,0,Unknown,auto
matched_only,mean_teacher,Consistency,ag_news,R1,text,6,581.1075453333333,2.0233825750067607,579.480955,584.502989,0,NVIDIA A100-SXM4-80GB|Unknown,auto
matched_only,mean_teacher,Consistency,imdb,R1,text,6,121.72968083333335,0.9944774746423182,121.168884,123.732045,0,NVIDIA A100-SXM4-80GB|Unknown,auto
matched_only,pi_model,Consistency,ag_news,R1,text,6,574.3975656666667,2.658555002473552,572.293152,579.42565,0,NVIDIA A100-SXM4-80GB|Unknown,auto
matched_only,pi_model,Consistency,imdb,R1,text,6,120.99017116666664,1.266869530608962,120.266279,123.548878,0,NVIDIA A100-SXM4-80GB|Unknown,auto
matched_only,temporal_ensembling,Consistency,ag_news,R1,text,6,724.7025909999999,1.5476787610454419,723.117895,727.038296,0,NVIDIA A100-SXM4-80GB|Unknown,auto
matched_only,temporal_ensembling,Consistency,imdb,R1,text,6,151.474725,0.9860425341405946,150.800298,153.380727,0,NVIDIA A100-SXM4-80GB|Unknown,auto
matched_only,vat,Consistency,ag_news,R1,text,6,841.0689623333334,61.821814217853415,800.441245,920.87331,0,NVIDIA A100-SXM4-80GB|Unknown,auto
matched_only,vat,Consistency,imdb,R1,text,6,168.1460885,1.020826568960414,167.664752,170.219429,0,NVIDIA A100-SXM4-80GB|Unknown,auto
matched_only,appnp,GNN,ag_news,R1,text,6,84.13914066666668,3.5872266877982852,77.202427,87.005045,0,Unknown,auto
matched_only,appnp,GNN,imdb,R1,text,6,15.245781333333333,0.8890052321793537,14.478982,17.005208,0,Unknown,auto
matched_only,chebnet,GNN,ag_news,R1,text,6,2.8249619999999998,0.8701240157195984,2.360345,4.594041,0,Unknown,auto
matched_only,chebnet,GNN,imdb,R1,text,6,1.5259671666666668,0.8601403719659755,1.110153,3.279963,0,Unknown,auto
matched_only,gat,GNN,ag_news,R1,text,6,9.421269166666665,0.8012412956338227,8.89134,10.864067,0,Unknown,auto
matched_only,gat,GNN,imdb,R1,text,6,3.4298121666666663,1.9722671356839487,2.294183,7.439402,0,Unknown,auto
matched_only,gcn,GNN,ag_news,R1,text,6,3.039211333333333,0.8039279023578337,2.293095,4.582344,0,Unknown,auto
matched_only,gcn,GNN,imdb,R1,text,6,1.4260713333333335,0.8293238904026984,0.933989,3.105869,0,Unknown,auto
matched_only,gcnii,GNN,ag_news,R1,text,6,19.257437,1.0527596142911257,18.162242,21.11365,0,Unknown,auto
matched_only,gcnii,GNN,imdb,R1,text,6,6.305886500000001,1.1336858230456532,4.730736,7.895596,0,Unknown,auto
matched_only,grafn,GNN,ag_news,R1,text,6,9.404387333333334,1.8534894659001075,7.112566,11.3227,0,Unknown,auto
matched_only,grafn,GNN,imdb,R1,text,6,4.022071666666666,1.0838569195669079,2.621509,5.158833,0,Unknown,auto
matched_only,grand,GNN,ag_news,R1,text,6,9.8154125,1.3952664390793252,7.751323,12.064033,0,Unknown,auto
matched_only,grand,GNN,imdb,R1,text,6,1.6096905,0.8565472908767501,1.176718,3.347304,0,Unknown,auto
matched_only,graphsage,GNN,ag_news,R1,text,6,53.605255666666665,63.28278607529122,1.536462,131.521358,0,Unknown,auto
matched_only,graphsage,GNN,imdb,R1,text,6,1.3427821666666668,0.8113047896526723,0.949094,2.997199,0,Unknown,auto
matched_only,h_gcn,GNN,imdb,R1,text,6,268.77260816666666,4.116390570868541,264.379955,276.528155,0,Unknown,auto
matched_only,n_gcn,GNN,imdb,R1,text,6,174.01176183333334,6.230327342991292,165.789803,180.628398,0,Unknown,auto
matched_only,planetoid,GNN,ag_news,R1,text,2,4234.459557,0.0,4234.459557,4234.459557,0,Unknown,auto
matched_only,planetoid,GNN,imdb,R1,text,6,971.1412631666667,10.565432515458257,955.187026,982.697868,0,Unknown,auto
matched_only,sgc,GNN,ag_news,R1,text,2,7.315442,0.0,7.315442,7.315442,0,Unknown,auto
matched_only,sgc,GNN,imdb,R1,text,6,1.3462048333333332,0.9158870004978598,0.961358,3.215687,0,Unknown,auto
matched_only,adamatch,Hybrid,ag_news,R1,text,2,661.685107,0.0,661.685107,661.685107,0,NVIDIA A100-SXM4-80GB|Unknown,auto
matched_only,adamatch,Hybrid,imdb,R1,text,6,126.19651933333334,1.3306683190577109,125.351105,128.851806,0,NVIDIA A100-SXM4-80GB|Unknown,auto
matched_only,comatch,Hybrid,ag_news,R1,text,2,935.767199,0.0,935.767199,935.767199,0,NVIDIA A100-SXM4-80GB|Unknown,auto
matched_only,comatch,Hybrid,imdb,R1,text,6,193.02388633333337,0.8250227463886479,192.214021,194.502397,0,NVIDIA A100-SXM4-80GB|Unknown,auto
matched_only,daso,Hybrid,ag_news,R1,text,6,715.3987738333334,3.414496473313544,713.626857,722.344687,0,NVIDIA A100-SXM4-80GB|Unknown,auto
matched_only,daso,Hybrid,imdb,R1,text,6,145.24680350000003,0.9846223496065328,144.606589,146.948063,0,NVIDIA A100-SXM4-80GB|Unknown,auto
matched_only,defixmatch,Hybrid,ag_news,R1,text,6,703.1833656666668,1.6506243775081928,702.00359,706.306223,0,NVIDIA A100-SXM4-80GB|Unknown,auto
matched_only,defixmatch,Hybrid,imdb,R1,text,6,147.2643068333333,0.9434910562563723,146.696296,149.165665,0,NVIDIA A100-SXM4-80GB|Unknown,auto
matched_only,fixmatch,Hybrid,ag_news,R1,text,6,580.1415973333334,1.0787607706655975,578.412011,581.790007,0,NVIDIA A100-SXM4-80GB|Unknown,auto
matched_only,fixmatch,Hybrid,imdb,R1,text,6,121.49968033333333,1.025206547955416,120.915613,123.58258,0,NVIDIA A100-SXM4-80GB|Unknown,auto
matched_only,flexmatch,Hybrid,ag_news,R1,text,6,638.6311443333333,7.862310919983121,623.687071,643.910878,0,NVIDIA A100-SXM4-80GB|Unknown,auto
matched_only,flexmatch,Hybrid,imdb,R1,text,6,125.81841199999998,0.9768991758888916,125.10235,127.740596,0,NVIDIA A100-SXM4-80GB|Unknown,auto
matched_only,free_match,Hybrid,ag_news,R1,text,6,635.4228125,1.6511030151865136,634.073057,637.982167,0,NVIDIA A100-SXM4-80GB|Unknown,auto
matched_only,free_match,Hybrid,imdb,R1,text,6,133.41383299999998,0.8290016234575245,132.816713,134.993264,0,NVIDIA A100-SXM4-80GB|Unknown,auto
matched_only,meta_pseudo_labels,Hybrid,ag_news,R1,text,6,1507.5557288333332,4.012512100819977,1505.155222,1515.31164,0,NVIDIA A100-SXM4-80GB|Unknown,auto
matched_only,meta_pseudo_labels,Hybrid,imdb,R1,text,6,203.98950033333335,0.9050375261951609,203.451996,205.784812,0,NVIDIA A100-SXM4-80GB|Unknown,auto
matched_only,mixmatch,Hybrid,ag_news,R1,text,6,975.9778561666667,1.0466969267027735,975.055672,977.865308,0,NVIDIA A100-SXM4-80GB|Unknown,auto
matched_only,mixmatch,Hybrid,imdb,R1,text,6,203.12864449999998,1.1652442675492147,202.485198,205.477821,0,NVIDIA A100-SXM4-80GB|Unknown,auto
matched_only,noisy_student,Hybrid,ag_news,R1,text,6,594.6500003333333,1.2402879643898241,593.457589,596.184542,0,NVIDIA A100-SXM4-80GB|Unknown,auto
matched_only,noisy_student,Hybrid,imdb,R1,text,6,125.11516883333331,0.7700774572245086,124.600296,126.656938,0,NVIDIA A100-SXM4-80GB|Unknown,auto
matched_only,simclr_v2,Hybrid,ag_news,R1,text,6,359.1807935,0.4070304756092618,358.892147,359.975905,0,NVIDIA A100-SXM4-80GB|Unknown,auto
matched_only,simclr_v2,Hybrid,imdb,R1,text,6,56.49692883333333,0.9704929080001379,55.996876,58.449495,0,NVIDIA A100-SXM4-80GB|Unknown,auto
matched_only,softmatch,Hybrid,ag_news,R1,text,6,587.6715253333333,1.7020415914030675,585.58122,590.566448,0,NVIDIA A100-SXM4-80GB|Unknown,auto
matched_only,softmatch,Hybrid,imdb,R1,text,6,123.51879350000002,0.9032236334276785,122.873887,125.321428,0,NVIDIA A100-SXM4-80GB|Unknown,auto
matched_only,uda,Hybrid,ag_news,R1,text,6,580.7014875,2.1006905201991,578.748065,584.488382,0,NVIDIA A100-SXM4-80GB|Unknown,auto
matched_only,uda,Hybrid,imdb,R1,text,6,122.383799,0.5765244154562775,121.734161,123.334843,0,NVIDIA A100-SXM4-80GB|Unknown,auto
matched_only,adsh,Margin-based inductive,ag_news,R1,text,2,712.690368,0.0,712.690368,712.690368,0,NVIDIA A100-SXM4-80GB|Unknown,auto
matched_only,adsh,Margin-based inductive,imdb,R1,text,6,146.60239583333333,1.0826878019418897,145.990261,148.783447,0,NVIDIA A100-SXM4-80GB|Unknown,auto
matched_only,tsvm,Margin-based inductive,imdb,R1,text,6,1.0895256666666668,0.0735952426415367,1.051827,1.239536,0,CPU,auto
matched_only,laplace_learning,PDE/Variational,imdb,R1,text,6,5.843327833333333,0.27094167215724974,5.708229,6.393056,0,Unknown,auto
matched_only,p_laplace_learning,PDE/Variational,ag_news,R1,text,2,20832.124558,0.0,20832.124558,20832.124558,0,CPU,auto
matched_only,p_laplace_learning,PDE/Variational,imdb,R1,text,2,10581.252774,0.0,10581.252774,10581.252774,0,CPU,auto
matched_only,poisson_learning,PDE/Variational,ag_news,R1,text,2,8.996386,0.0,8.996386,8.996386,0,Unknown,auto
matched_only,poisson_learning,PDE/Variational,imdb,R1,text,6,12.15185516666667,1.0348555483900963,10.610531,12.978659,0,Unknown,auto
matched_only,poisson_mbo,PDE/Variational,ag_news,R1,text,2,262.89371,0.0,262.89371,262.89371,0,CPU,auto
matched_only,poisson_mbo,PDE/Variational,imdb,R1,text,6,66.40242483333334,6.93433678681177,52.444593,70.043216,0,CPU,auto
matched_only,co_training,Wrappers,ag_news,R1,text,2,63.387865,0.0,63.387865,63.387865,0,Unknown,auto
matched_only,co_training,Wrappers,imdb,R1,text,6,41.16664183333333,14.458166623087594,35.142643,70.678974,0,Unknown,auto
matched_only,deep_co_training,Wrappers,ag_news,R1,text,6,1355.6412101666667,1.215035200589719,1354.764083,1357.902903,0,NVIDIA A100-SXM4-80GB|Unknown,auto
matched_only,deep_co_training,Wrappers,imdb,R1,text,6,282.44682033333333,0.9086513609739844,281.890459,284.219125,0,NVIDIA A100-SXM4-80GB|Unknown,auto
matched_only,democratic_co_learning,Wrappers,ag_news,R1,text,1,133.015316,0.0,133.015316,133.015316,0,CPU,auto
matched_only,democratic_co_learning,Wrappers,imdb,R1,text,1,4363.249991,0.0,4363.249991,4363.249991,0,CPU,auto
matched_only,pseudo_label,Wrappers,ag_news,R1,text,1,96.190971,0.0,96.190971,96.190971,0,CPU,auto
matched_only,pseudo_label,Wrappers,imdb,R1,text,1,13605.585081,0.0,13605.585081,13605.585081,0,CPU,auto
matched_only,setred,Wrappers,ag_news,R1,text,6,8.177552500000001,18.453038458872975,0.630752,45.844654,0,Unknown,auto
matched_only,setred,Wrappers,imdb,R1,text,6,1.642374,1.8474917954635686,0.878516,5.413451,0,Unknown,auto
matched_only,tri_training,Wrappers,ag_news,R1,text,1,234.938355,0.0,234.938355,234.938355,0,CPU,auto
matched_only,supervised,Baseline,cifar10,R1,vision,6,1.7623526666666665,0.9800304675971389,1.328296,3.761994,0,NVIDIA A100-SXM4-80GB|Unknown,auto
matched_only,supervised,Baseline,cifar100,R1,vision,6,1.8135513333333335,0.9482625796579062,1.379062,3.747261,0,NVIDIA A100-SXM4-80GB|Unknown,auto
matched_only,supervised,Baseline,mnist,R1,vision,6,1.738709,1.0491885907746041,1.244566,3.875343,0,NVIDIA A100-SXM4-80GB|Unknown,auto
matched_only,graph_mincuts,Classical transductive,cifar10,R1,vision,6,8.696637833333332,1.233949243748448,8.126692,11.20936,0,CPU,auto
matched_only,graph_mincuts,Classical transductive,cifar100,R1,vision,6,1.7673078333333336,1.9097760442959189,0.954935,5.665139,0,CPU,auto
matched_only,graph_mincuts,Classical transductive,mnist,R1,vision,6,0.47235283333333333,0.36590088672284826,0.303898,1.218524,0,CPU,auto
matched_only,graphhop,Classical transductive,cifar10,R1,vision,6,17.411956500000002,6.558048395023652,14.100484,30.689629,0,Unknown,auto
matched_only,graphhop,Classical transductive,cifar100,R1,vision,6,30.883783333333337,1.5069284552935713,29.925886,33.579788,0,Unknown,auto
matched_only,graphhop,Classical transductive,mnist,R1,vision,6,15.147228833333331,2.1722163712947586,14.139304,19.576785,0,Unknown,auto
matched_only,label_propagation,Classical transductive,cifar10,R1,vision,6,0.7430116666666667,0.23376684168347456,0.647386,1.220186,0,Unknown,auto
matched_only,label_propagation,Classical transductive,cifar100,R1,vision,6,0.998761,0.18819668382200577,0.915115,1.382546,0,Unknown,auto
matched_only,label_propagation,Classical transductive,mnist,R1,vision,6,0.7795886666666667,0.15804268176371433,0.705865,1.101471,0,Unknown,auto
matched_only,label_spreading,Classical transductive,cifar10,R1,vision,6,0.33219649999999995,0.15366908654996295,0.267738,0.64586,0,Unknown,auto
matched_only,label_spreading,Classical transductive,cifar100,R1,vision,6,0.6409281666666666,0.23570676135437155,0.539911,1.12194,0,Unknown,auto
matched_only,label_spreading,Classical transductive,mnist,R1,vision,6,0.3816381666666666,0.18021914542957598,0.306222,0.749471,0,Unknown,auto
matched_only,lazy_random_walk,Classical transductive,cifar10,R1,vision,6,2.1530353333333334,0.5388591316704827,1.877328,3.249414,0,Unknown,auto
matched_only,lazy_random_walk,Classical transductive,cifar100,R1,vision,6,0.29914666666666667,0.2284188877511373,0.203678,0.765385,0,Unknown,auto
matched_only,lazy_random_walk,Classical transductive,mnist,R1,vision,6,0.6046595,0.2382611306140807,0.504193,1.090993,0,Unknown,auto
matched_only,mean_teacher,Consistency,cifar10,R1,vision,6,255.27347650000002,2.9681851940926314,253.044195,261.193217,0,NVIDIA A100-SXM4-80GB|Unknown,auto
matched_only,mean_teacher,Consistency,cifar100,R1,vision,6,258.0698551666666,1.8590204640278023,256.754999,261.640248,0,NVIDIA A100-SXM4-80GB|Unknown,auto
matched_only,mean_teacher,Consistency,mnist,R1,vision,6,316.76862950000003,10.37355934578918,311.01937,337.711059,0,NVIDIA A100-SXM4-80GB|Unknown,auto
matched_only,pi_model,Consistency,cifar10,R1,vision,6,271.3149356666667,4.498213103598172,268.419421,280.107031,0,NVIDIA A100-SXM4-80GB|Unknown,auto
matched_only,pi_model,Consistency,cifar100,R1,vision,6,272.67732383333333,6.850291065020691,268.277245,286.450121,0,NVIDIA A100-SXM4-80GB|Unknown,auto
matched_only,pi_model,Consistency,mnist,R1,vision,6,330.5299016666666,3.660597272203425,328.010929,336.896611,0,NVIDIA A100-SXM4-80GB|Unknown,auto
matched_only,temporal_ensembling,Consistency,cifar10,R1,vision,6,293.9893225,7.073426784991399,286.84469,302.351453,0,NVIDIA A100-SXM4-80GB|Unknown,auto
matched_only,temporal_ensembling,Consistency,cifar100,R1,vision,6,295.63165116666664,9.448734530831768,288.383596,313.711451,0,NVIDIA A100-SXM4-80GB|Unknown,auto
matched_only,temporal_ensembling,Consistency,mnist,R1,vision,6,350.9740971666667,5.352642639801203,346.86709,361.315707,0,NVIDIA A100-SXM4-80GB|Unknown,auto
matched_only,vat,Consistency,cifar10,R1,vision,6,374.69505899999996,17.672003661506675,354.05726,394.521317,0,NVIDIA A100-SXM4-80GB|Unknown,auto
matched_only,vat,Consistency,cifar100,R1,vision,6,366.27080616666666,3.9759599638766168,361.646997,371.90937,0,NVIDIA A100-SXM4-80GB|Unknown,auto
matched_only,vat,Consistency,mnist,R1,vision,6,440.74980316666665,8.979688576697447,430.554096,457.395592,0,NVIDIA A100-SXM4-80GB|Unknown,auto
matched_only,appnp,GNN,cifar10,R1,vision,6,32.76841283333333,2.389706835960295,29.082705,34.729391,0,Unknown,auto
matched_only,appnp,GNN,cifar100,R1,vision,6,26.373781666666662,0.880793168535194,25.859719,28.104121,0,Unknown,auto
matched_only,appnp,GNN,mnist,R1,vision,6,2.07199,2.085149239600562,1.212088,6.328255,0,Unknown,auto
matched_only,chebnet,GNN,cifar10,R1,vision,6,2.2693503333333336,0.999590325032944,1.80912,4.308542,0,Unknown,auto
matched_only,chebnet,GNN,cifar100,R1,vision,6,2.2511498333333333,0.9187376625462605,1.797733,4.114679,0,Unknown,auto
matched_only,chebnet,GNN,mnist,R1,vision,6,2.728752333333333,0.8754846024861126,2.295114,4.513153,0,Unknown,auto
matched_only,gat,GNN,cifar10,R1,vision,6,2.471594833333333,0.909393136994868,1.6697,4.030823,0,Unknown,auto
matched_only,gat,GNN,cifar100,R1,vision,6,3.104867833333333,1.0130694240458384,2.651772,5.172301,0,Unknown,auto
matched_only,gat,GNN,mnist,R1,vision,6,3.4570648333333334,0.7124021613185677,2.886509,4.858847,0,Unknown,auto
matched_only,gcn,GNN,cifar10,R1,vision,6,0.8347486666666667,0.9211436865578935,0.449254,2.714984,0,Unknown,auto
matched_only,gcn,GNN,cifar100,R1,vision,6,0.9977233333333332,0.8635895770780625,0.617082,2.760155,0,Unknown,auto
matched_only,gcn,GNN,mnist,R1,vision,6,0.8912781666666666,0.8155712985365331,0.546696,2.555955,0,Unknown,auto
matched_only,gcnii,GNN,cifar10,R1,vision,6,3.8933999999999997,0.9523750702537315,3.404691,5.82954,0,Unknown,auto
matched_only,gcnii,GNN,cifar100,R1,vision,6,4.596185666666666,0.8588114255587586,4.119734,6.343257,0,Unknown,auto
matched_only,gcnii,GNN,mnist,R1,vision,6,5.704663666666666,0.8134747731750916,4.882742,7.26895,0,Unknown,auto
matched_only,grafn,GNN,cifar10,R1,vision,6,2.906113,1.3529480518135206,2.163479,5.604561,0,Unknown,auto
matched_only,grafn,GNN,cifar100,R1,vision,6,3.678454,1.209512930434892,2.654532,5.265637,0,Unknown,auto
matched_only,grafn,GNN,mnist,R1,vision,6,5.1696651666666655,1.345437243242273,3.333872,6.49676,0,Unknown,auto
matched_only,grand,GNN,cifar10,R1,vision,6,12.121811999999998,0.9271898336183376,11.631302,13.987187,0,Unknown,auto
matched_only,grand,GNN,cifar100,R1,vision,6,13.648353999999998,0.945502998869702,12.877794,15.528654,0,Unknown,auto
matched_only,grand,GNN,mnist,R1,vision,6,17.645168333333334,0.8639913305705477,16.242111,18.442092,0,Unknown,auto
matched_only,graphsage,GNN,cifar10,R1,vision,6,1.4393201666666666,0.8908275086849118,1.062344,3.257575,0,Unknown,auto
matched_only,graphsage,GNN,cifar100,R1,vision,6,1.4913083333333332,0.9071080455651723,1.074751,3.341877,0,Unknown,auto
matched_only,graphsage,GNN,mnist,R1,vision,6,1.7227080000000001,0.8121108348345071,1.337188,3.379065,0,Unknown,auto
matched_only,h_gcn,GNN,cifar10,R1,vision,6,517.3558400000001,22.83277843600919,496.003047,548.170231,0,Unknown,auto
matched_only,h_gcn,GNN,cifar100,R1,vision,6,528.4068508333334,27.32867164746546,491.553496,547.934861,0,Unknown,auto
matched_only,planetoid,GNN,cifar10,R1,vision,2,1261.674875,0.0,1261.674875,1261.674875,0,Unknown,auto
matched_only,planetoid,GNN,cifar100,R1,vision,2,1264.445777,0.0,1264.445777,1264.445777,0,Unknown,auto
matched_only,planetoid,GNN,mnist,R1,vision,6,1596.4410236666665,14.40037248417211,1585.270917,1616.937195,0,Unknown,auto
matched_only,sgc,GNN,cifar10,R1,vision,2,5.406648,0.0,5.406648,5.406648,0,Unknown,auto
matched_only,sgc,GNN,cifar100,R1,vision,2,2.902589,0.0,2.902589,2.902589,0,Unknown,auto
matched_only,sgc,GNN,mnist,R1,vision,6,1.4382715,1.6901874707350957,0.74609,4.888344,0,Unknown,auto
matched_only,adamatch,Hybrid,cifar10,R1,vision,2,271.720262,0.0,271.720262,271.720262,0,NVIDIA A100-SXM4-80GB|Unknown,auto
matched_only,adamatch,Hybrid,cifar100,R1,vision,2,302.761494,0.0,302.761494,302.761494,0,NVIDIA A100-SXM4-80GB|Unknown,auto
matched_only,adamatch,Hybrid,mnist,R1,vision,6,344.6378511666667,12.403413105541249,319.765466,353.491246,0,NVIDIA A100-SXM4-80GB|Unknown,auto
matched_only,comatch,Hybrid,cifar10,R1,vision,2,400.91675,0.0,400.91675,400.91675,0,NVIDIA A100-SXM4-80GB|Unknown,auto
matched_only,comatch,Hybrid,cifar100,R1,vision,2,407.207544,0.0,407.207544,407.207544,0,NVIDIA A100-SXM4-80GB|Unknown,auto
matched_only,comatch,Hybrid,mnist,R1,vision,6,467.00800116666665,3.7953442908204598,464.701892,474.569718,0,NVIDIA A100-SXM4-80GB|Unknown,auto
matched_only,daso,Hybrid,cifar10,R1,vision,2,345.645828,0.0,345.645828,345.645828,0,NVIDIA A100-SXM4-80GB|Unknown,auto
matched_only,daso,Hybrid,cifar100,R1,vision,2,574.542732,0.0,574.542732,574.542732,0,NVIDIA A100-SXM4-80GB|Unknown,auto
matched_only,daso,Hybrid,mnist,R1,vision,6,419.4309315,4.332138597453853,417.222138,428.234923,0,NVIDIA A100-SXM4-80GB|Unknown,auto
matched_only,defixmatch,Hybrid,cifar10,R1,vision,2,394.316873,0.0,394.316873,394.316873,0,NVIDIA A100-SXM4-80GB|Unknown,auto
matched_only,defixmatch,Hybrid,cifar100,R1,vision,2,371.513843,0.0,371.513843,371.513843,0,NVIDIA A100-SXM4-80GB|Unknown,auto
matched_only,defixmatch,Hybrid,mnist,R1,vision,6,436.2648538333333,3.9126985665606004,433.803002,443.940656,0,NVIDIA A100-SXM4-80GB|Unknown,auto
matched_only,fixmatch,Hybrid,cifar10,R1,vision,2,269.410766,0.0,269.410766,269.410766,0,NVIDIA A100-SXM4-80GB|Unknown,auto
matched_only,fixmatch,Hybrid,cifar100,R1,vision,6,267.35381083333334,1.7206274326459492,265.205815,270.25862,0,NVIDIA A100-SXM4-80GB|Unknown,auto
matched_only,fixmatch,Hybrid,mnist,R1,vision,6,323.6954896666667,6.90426620599507,315.901472,332.223778,0,NVIDIA A100-SXM4-80GB|Unknown,auto
matched_only,flexmatch,Hybrid,cifar10,R1,vision,2,323.455801,0.0,323.455801,323.455801,0,NVIDIA A100-SXM4-80GB|Unknown,auto
matched_only,flexmatch,Hybrid,cifar100,R1,vision,6,332.1346308333333,10.726106105278795,318.283894,342.188901,0,NVIDIA A100-SXM4-80GB|Unknown,auto
matched_only,flexmatch,Hybrid,mnist,R1,vision,6,423.9208185,6.888842163656581,417.178375,434.539673,0,NVIDIA A100-SXM4-80GB|Unknown,auto
matched_only,free_match,Hybrid,cifar10,R1,vision,6,292.441298,5.001432866474321,289.524252,302.609895,0,NVIDIA A100-SXM4-80GB|Unknown,auto
matched_only,free_match,Hybrid,cifar100,R1,vision,6,288.3554186666667,2.1088736722969137,286.972016,292.2126,0,NVIDIA A100-SXM4-80GB|Unknown,auto
matched_only,free_match,Hybrid,mnist,R1,vision,6,348.1310745,6.6505201546682855,341.409872,359.694862,0,NVIDIA A100-SXM4-80GB|Unknown,auto
matched_only,meta_pseudo_labels,Hybrid,cifar10,R1,vision,6,470.91158033333335,3.030433300273385,466.499726,473.796549,0,NVIDIA A100-SXM4-80GB|Unknown,auto
matched_only,meta_pseudo_labels,Hybrid,cifar100,R1,vision,6,479.19006516666667,8.455785636179366,470.526499,491.79925,0,NVIDIA A100-SXM4-80GB|Unknown,auto
matched_only,meta_pseudo_labels,Hybrid,mnist,R1,vision,6,575.0005555,3.2750956362086314,569.439255,578.757006,0,NVIDIA A100-SXM4-80GB|Unknown,auto
matched_only,mixmatch,Hybrid,cifar10,R1,vision,6,231.64101366666662,1.2611882562240602,230.817694,234.151192,0,NVIDIA A100-SXM4-80GB|Unknown,auto
matched_only,mixmatch,Hybrid,cifar100,R1,vision,6,238.66862966666667,2.3391617231728685,236.003218,241.819614,0,NVIDIA A100-SXM4-80GB|Unknown,auto
matched_only,mixmatch,Hybrid,mnist,R1,vision,6,280.54746016666667,3.981512098046237,276.879724,285.713128,0,NVIDIA A100-SXM4-80GB|Unknown,auto
matched_only,noisy_student,Hybrid,cifar10,R1,vision,6,242.35692600000002,1.61219009759606,240.554166,244.541275,0,NVIDIA A100-SXM4-80GB|Unknown,auto
matched_only,noisy_student,Hybrid,cifar100,R1,vision,6,242.867,1.0118976526728365,241.264306,244.462086,0,NVIDIA A100-SXM4-80GB|Unknown,auto
matched_only,noisy_student,Hybrid,mnist,R1,vision,6,300.84850716666665,7.0118561323362645,294.562335,310.592867,0,NVIDIA A100-SXM4-80GB|Unknown,auto
matched_only,simclr_v2,Hybrid,cifar10,R1,vision,6,106.01856316666668,2.0385171206888035,104.122435,109.77637,0,NVIDIA A100-SXM4-80GB|Unknown,auto
matched_only,simclr_v2,Hybrid,cifar100,R1,vision,6,103.55780166666666,1.6225141878374663,102.487911,106.641636,0,NVIDIA A100-SXM4-80GB|Unknown,auto
matched_only,simclr_v2,Hybrid,mnist,R1,vision,6,129.2341593333333,2.3401863582032645,126.785979,132.275547,0,NVIDIA A100-SXM4-80GB|Unknown,auto
matched_only,softmatch,Hybrid,cifar10,R1,vision,6,266.75831833333336,2.1273833429075837,263.766879,269.447601,0,NVIDIA A100-SXM4-80GB|Unknown,auto
matched_only,softmatch,Hybrid,cifar100,R1,vision,6,271.0300776666666,1.8947408699155266,269.028686,274.518469,0,NVIDIA A100-SXM4-80GB|Unknown,auto
matched_only,softmatch,Hybrid,mnist,R1,vision,6,331.7193926666667,2.9561539036244846,329.113356,335.756341,0,NVIDIA A100-SXM4-80GB|Unknown,auto
matched_only,uda,Hybrid,cifar10,R1,vision,6,265.44324566666666,1.3504965209530253,263.717884,266.576596,0,NVIDIA A100-SXM4-80GB|Unknown,auto
matched_only,uda,Hybrid,cifar100,R1,vision,6,271.037763,3.4014863223341707,268.141276,277.345339,0,NVIDIA A100-SXM4-80GB|Unknown,auto
matched_only,uda,Hybrid,mnist,R1,vision,6,325.3746065,2.732616206334768,320.577306,328.520361,0,NVIDIA A100-SXM4-80GB|Unknown,auto
matched_only,adsh,Margin-based inductive,cifar10,R1,vision,2,306.691948,0.0,306.691948,306.691948,0,NVIDIA A100-SXM4-80GB|Unknown,auto
matched_only,adsh,Margin-based inductive,cifar100,R1,vision,2,370.181853,0.0,370.181853,370.181853,0,NVIDIA A100-SXM4-80GB|Unknown,auto
matched_only,adsh,Margin-based inductive,mnist,R1,vision,6,371.34469683333333,16.800798059539968,362.660921,405.510041,0,NVIDIA A100-SXM4-80GB|Unknown,auto
matched_only,laplace_learning,PDE/Variational,cifar10,R1,vision,6,28.559673500000002,9.517984261656323,9.152703,33.303045,0,Unknown,auto
matched_only,laplace_learning,PDE/Variational,cifar100,R1,vision,6,29.376078166666662,9.769510162791057,9.581596,34.809596,0,Unknown,auto
matched_only,laplace_learning,PDE/Variational,mnist,R1,vision,6,13.646886,0.22498204795138665,13.539164,14.105746,0,Unknown,auto
matched_only,poisson_learning,PDE/Variational,cifar10,R1,vision,2,46.771616,0.0,46.771616,46.771616,0,Unknown,auto
matched_only,poisson_learning,PDE/Variational,cifar100,R1,vision,2,441.590934,0.0,441.590934,441.590934,0,Unknown,auto
matched_only,poisson_learning,PDE/Variational,mnist,R1,vision,6,56.474102833333326,0.5610637309862104,56.002524,57.448118,0,Unknown,auto
matched_only,poisson_mbo,PDE/Variational,cifar10,R1,vision,2,121.646568,0.0,121.646568,121.646568,0,CPU,auto
matched_only,poisson_mbo,PDE/Variational,cifar100,R1,vision,2,946.427838,0.0,946.427838,946.427838,0,CPU,auto
matched_only,poisson_mbo,PDE/Variational,mnist,R1,vision,6,159.48964616666666,0.44113731990636046,158.896253,160.268811,0,CPU,auto
matched_only,co_training,Wrappers,cifar10,R1,vision,2,7.487956,0.0,7.487956,7.487956,0,Unknown,auto
matched_only,co_training,Wrappers,cifar100,R1,vision,2,1957.474347,0.0,1957.474347,1957.474347,0,Unknown,auto
matched_only,co_training,Wrappers,mnist,R1,vision,6,7.500999833333332,4.719763893106875,5.456774,17.133467,0,Unknown,auto
matched_only,deep_co_training,Wrappers,cifar10,R1,vision,6,603.8598581666666,4.1302837899255564,599.405531,609.939387,0,NVIDIA A100-SXM4-80GB|Unknown,auto
matched_only,deep_co_training,Wrappers,cifar100,R1,vision,6,612.225742,5.180167449092967,606.623024,621.802555,0,NVIDIA A100-SXM4-80GB|Unknown,auto
matched_only,deep_co_training,Wrappers,mnist,R1,vision,6,731.0789778333333,9.108833036622807,723.668722,746.907195,0,NVIDIA A100-SXM4-80GB|Unknown,auto
matched_only,democratic_co_learning,Wrappers,cifar10,R1,vision,2,176.920226,0.0,176.920226,176.920226,0,NVIDIA A100-SXM4-80GB|Unknown,auto
matched_only,democratic_co_learning,Wrappers,cifar100,R1,vision,6,461.30874700000004,626.0260645414152,178.40346,1736.03689,0,NVIDIA A100-SXM4-80GB|Unknown,auto
matched_only,democratic_co_learning,Wrappers,mnist,R1,vision,6,893.9597646666667,741.0405452512997,179.52778,1807.466059,0,NVIDIA A100-SXM4-80GB|Unknown,auto
matched_only,pseudo_label,Wrappers,cifar10,R1,vision,6,2.1487418333333332,1.0145262972714737,1.663841,4.216195,0,NVIDIA A100-SXM4-80GB|Unknown,auto
matched_only,pseudo_label,Wrappers,cifar100,R1,vision,6,2.3268485,1.0487533133302132,1.86589,4.466337,0,NVIDIA A100-SXM4-80GB|Unknown,auto
matched_only,pseudo_label,Wrappers,mnist,R1,vision,6,2.1542083333333335,1.1712411795634008,1.613452,4.542974,0,NVIDIA A100-SXM4-80GB|Unknown,auto
matched_only,self_training,Wrappers,cifar10,R1,vision,6,1.7646556666666668,0.9878526189015578,1.357884,3.781091,0,NVIDIA A100-SXM4-80GB|Unknown,auto
matched_only,self_training,Wrappers,cifar100,R1,vision,6,1.9698145000000002,1.0161360308346024,1.548882,4.043867,0,NVIDIA A100-SXM4-80GB|Unknown,auto
matched_only,self_training,Wrappers,mnist,R1,vision,6,1.787172166666667,0.9447954976352112,1.397434,3.715718,0,NVIDIA A100-SXM4-80GB|Unknown,auto
matched_only,setred,Wrappers,cifar10,R1,vision,6,2.9271514999999995,1.7068921924735319,2.125111,6.409245,0,Unknown,auto
matched_only,setred,Wrappers,cifar100,R1,vision,6,256.9954553333334,66.4004624167608,166.84687,317.231149,0,Unknown,auto
matched_only,setred,Wrappers,mnist,R1,vision,6,5.019962333333334,5.242749079845026,2.459857,15.711026,0,Unknown,auto
matched_only,tri_training,Wrappers,cifar10,R1,vision,6,2430.1195795,96.92567917785676,2249.712652,2494.919264,0,NVIDIA A100-SXM4-80GB|Unknown,auto
matched_only,tri_training,Wrappers,cifar100,R1,vision,6,761.3354005,647.5654438778789,370.827882,2043.688071,0,NVIDIA A100-SXM4-80GB|Unknown,auto
matched_only,tri_training,Wrappers,mnist,R1,vision,6,2861.879804166667,121.6360190132488,2729.405333,3007.326421,0,NVIDIA A100-SXM4-80GB|Unknown,auto
matched_only,supervised,Baseline,citeseer,R2,graph,6,1.3092913333333336,2.7542510771252258,0.170027,6.931299,0,NVIDIA A100-SXM4-80GB|Unknown,auto
matched_only,supervised,Baseline,cora,R2,graph,6,3.896152666666667,8.565108201446696,0.329822,21.379006,0,Tesla V100-SXM2-32GB|Unknown,auto
matched_only,supervised,Baseline,pubmed,R2,graph,6,1.1237038333333333,2.3386006282116165,0.158748,5.897267,0,NVIDIA A100-SXM4-80GB|Unknown,auto
matched_only,dynamic_label_propagation,Classical transductive,citeseer,R2,graph,6,0.7520276666666666,0.33549336423343257,0.611624,1.436782,0,Unknown,auto
matched_only,dynamic_label_propagation,Classical transductive,cora,R2,graph,6,1.1194655,0.3156742003102249,0.866902,1.705197,0,Unknown,auto
matched_only,dynamic_label_propagation,Classical transductive,pubmed,R2,graph,6,52.73655016666667,0.2314553071203314,52.627784,53.207774,0,Unknown,auto
matched_only,graph_mincuts,Classical transductive,citeseer,R2,graph,6,0.11396833333333334,0.15343196788240274,0.050558,0.427155,0,CPU,auto
matched_only,graph_mincuts,Classical transductive,cora,R2,graph,6,0.8785291666666669,1.5649516949787834,0.170371,4.068799,0,CPU,auto
matched_only,graph_mincuts,Classical transductive,pubmed,R2,graph,6,0.2263736666666667,0.23338830715069395,0.122391,0.702596,0,CPU,auto
matched_only,graphhop,Classical transductive,citeseer,R2,graph,6,10.722503666666668,0.7719737460558269,10.150738,12.275357,0,Unknown,auto
matched_only,graphhop,Classical transductive,cora,R2,graph,6,16.60025116666667,1.9357782026131425,15.511493,20.531476,0,Unknown,auto
matched_only,graphhop,Classical transductive,pubmed,R2,graph,6,14.476733000000001,3.872167032401314,11.161348,19.402133,0,Unknown,auto
matched_only,label_propagation,Classical transductive,citeseer,R2,graph,6,0.250213,0.2970184322004276,0.126061,0.856483,0,Unknown,auto
matched_only,label_propagation,Classical transductive,cora,R2,graph,6,0.331609,0.1928414017984727,0.209638,0.72003,0,Unknown,auto
matched_only,label_propagation,Classical transductive,pubmed,R2,graph,6,0.27053449999999996,0.35265318768486975,0.125226,0.990381,0,Unknown,auto
matched_only,label_spreading,Classical transductive,citeseer,R2,graph,6,0.28851449999999995,0.4423783247537112,0.10639,1.191513,0,Unknown,auto
matched_only,label_spreading,Classical transductive,cora,R2,graph,6,0.32115066666666664,0.25010682918998167,0.204329,0.830107,0,Unknown,auto
matched_only,label_spreading,Classical transductive,pubmed,R2,graph,6,0.24258850000000007,0.34770228520546137,0.099323,0.952327,0,Unknown,auto
matched_only,lazy_random_walk,Classical transductive,citeseer,R2,graph,6,0.252543,0.30701011101655923,0.115032,0.877553,0,Unknown,auto
matched_only,lazy_random_walk,Classical transductive,cora,R2,graph,6,0.49320800000000004,0.2853173557209585,0.309434,1.057523,0,Unknown,auto
matched_only,lazy_random_walk,Classical transductive,pubmed,R2,graph,6,1.7727188333333332,0.30289687129279946,1.59603,2.387675,0,Unknown,auto
matched_only,mean_teacher,Consistency,citeseer,R2,graph,6,1.4212203333333333,2.7776059033260037,0.285763,7.090984,0,NVIDIA A100-SXM4-80GB|Unknown,auto
matched_only,mean_teacher,Consistency,cora,R2,graph,6,4.891549666666667,10.394994465348997,0.596756,26.109755,0,Tesla V100-SXM2-32GB|Unknown,auto
matched_only,mean_teacher,Consistency,pubmed,R2,graph,6,1.2620493333333334,2.3481635563132026,0.298625,6.055205,0,NVIDIA A100-SXM4-80GB|Unknown,auto
matched_only,pi_model,Consistency,citeseer,R2,graph,6,1.4464953333333337,2.8498751870451215,0.280943,7.263778,0,NVIDIA A100-SXM4-80GB|Unknown,auto
matched_only,pi_model,Consistency,cora,R2,graph,6,4.161362333333334,8.828012222108592,0.478949,22.181222,0,Tesla V100-SXM2-32GB|Unknown,auto
matched_only,pi_model,Consistency,pubmed,R2,graph,6,1.2254271666666667,2.278151910678954,0.29332,5.875682,0,NVIDIA A100-SXM4-80GB|Unknown,auto
matched_only,temporal_ensembling,Consistency,citeseer,R2,graph,6,1.424769666666667,2.736892800235016,0.304404,7.011426,0,NVIDIA A100-SXM4-80GB|Unknown,auto
matched_only,temporal_ensembling,Consistency,cora,R2,graph,6,3.9788878333333333,8.346873684497314,0.506682,21.016616,0,Tesla V100-SXM2-32GB|Unknown,auto
matched_only,temporal_ensembling,Consistency,pubmed,R2,graph,6,1.2666205000000001,2.291629486679446,0.328795,5.944388,0,NVIDIA A100-SXM4-80GB|Unknown,auto
matched_only,vat,Consistency,citeseer,R2,graph,6,1.6141496666666664,3.1057152744945995,0.343371,7.953662,0,NVIDIA A100-SXM4-80GB|Unknown,auto
matched_only,vat,Consistency,cora,R2,graph,6,3.862790166666667,7.9005176916592355,0.597394,19.989305,0,Tesla V100-SXM2-32GB|Unknown,auto
matched_only,vat,Consistency,pubmed,R2,graph,6,1.2659475,2.311002399073506,0.319774,5.983259,0,NVIDIA A100-SXM4-80GB|Unknown,auto
matched_only,appnp,GNN,citeseer,R2,graph,6,0.8984271666666667,0.8912323651318813,0.364084,2.68324,0,Unknown,auto
matched_only,appnp,GNN,cora,R2,graph,6,2.250997333333333,2.559100741391527,0.714353,7.40431,0,Unknown,auto
matched_only,appnp,GNN,pubmed,R2,graph,6,1.1039321666666666,0.817600404437135,0.508144,2.738052,0,Unknown,auto
matched_only,chebnet,GNN,citeseer,R2,graph,6,1.1992336666666665,0.8803969652520769,0.561933,2.836525,0,Unknown,auto
matched_only,chebnet,GNN,cora,R2,graph,6,1.7124591666666669,2.404370263867478,0.578108,6.617139,0,Unknown,auto
matched_only,chebnet,GNN,pubmed,R2,graph,6,1.1631848333333334,0.8496323466719983,0.593618,2.881268,0,Unknown,auto
matched_only,gat,GNN,citeseer,R2,graph,6,1.3621315,0.9908238445935279,0.684733,3.364781,0,Unknown,auto
matched_only,gat,GNN,cora,R2,graph,6,2.660324166666667,2.33249195178808,1.631006,7.419026,0,Unknown,auto
matched_only,gat,GNN,pubmed,R2,graph,6,1.5656271666666666,0.8979999196991985,0.821394,3.354988,0,Unknown,auto
matched_only,gcn,GNN,citeseer,R2,graph,6,0.6153476666666666,0.8744732065813491,0.218043,2.39785,0,Unknown,auto
matched_only,gcn,GNN,cora,R2,graph,6,1.5957953333333332,2.455500077904431,0.499045,6.606959,0,Unknown,auto
matched_only,gcn,GNN,pubmed,R2,graph,6,0.7965006666666667,0.8171959821332131,0.247773,2.449247,0,Unknown,auto
matched_only,gcnii,GNN,citeseer,R2,graph,6,1.6634463333333336,0.8380627688579578,0.954832,3.184972,0,Unknown,auto
matched_only,gcnii,GNN,cora,R2,graph,6,3.252646166666666,2.2399185294671247,1.914653,7.708871,0,Unknown,auto
matched_only,gcnii,GNN,pubmed,R2,graph,6,2.7067103333333336,0.954529415627128,1.659512,4.42411,0,Unknown,auto
matched_only,grafn,GNN,citeseer,R2,graph,6,1.5441565000000004,1.2319612391683026,0.776722,3.983263,0,Unknown,auto
matched_only,grafn,GNN,cora,R2,graph,6,2.801769833333333,2.5596327872546425,1.24408,7.970894,0,Unknown,auto
matched_only,grafn,GNN,pubmed,R2,graph,6,2.0012553333333334,0.7752432028760178,1.03787,3.238336,0,Unknown,auto
matched_only,grand,GNN,citeseer,R2,graph,6,3.5566896666666667,0.9240244548196042,3.10501,5.437105,0,Unknown,auto
matched_only,grand,GNN,cora,R2,graph,6,3.672172666666667,2.004483228846145,2.673088,7.744515,0,Unknown,auto
matched_only,grand,GNN,pubmed,R2,graph,6,6.543349166666666,2.0560193207333843,3.658537,9.533191,0,Unknown,auto
matched_only,graphsage,GNN,citeseer,R2,graph,6,0.8829588333333332,0.9773698540887,0.308718,2.868147,0,Unknown,auto
matched_only,graphsage,GNN,cora,R2,graph,6,1.4801451666666665,2.1637221245252745,0.476977,5.890618,0,Unknown,auto
matched_only,graphsage,GNN,pubmed,R2,graph,6,0.8279709999999999,0.8535132498980904,0.353142,2.563749,0,Unknown,auto
matched_only,h_gcn,GNN,citeseer,R2,graph,6,2.5376143333333334,1.7757892787933671,1.619921,6.12641,0,Unknown,auto
matched_only,h_gcn,GNN,cora,R2,graph,6,4.102817666666667,2.1118998699766682,2.158139,8.07555,0,Unknown,auto
matched_only,h_gcn,GNN,pubmed,R2,graph,6,32.90203283333333,4.051801615807833,28.817939,39.767753,0,Unknown,auto
matched_only,n_gcn,GNN,citeseer,R2,graph,6,13.020093833333334,1.0967784489706967,12.526128,15.251148,0,Unknown,auto
matched_only,n_gcn,GNN,cora,R2,graph,6,6.631176666666668,1.928533170897993,5.81051,10.56762,0,Unknown,auto
matched_only,n_gcn,GNN,pubmed,R2,graph,6,89.308732,6.095584751666832,78.920941,97.165369,0,Unknown,auto
matched_only,planetoid,GNN,citeseer,R2,graph,6,40.48744250000001,1.0695439642550002,39.925508,42.659452,0,Unknown,auto
matched_only,planetoid,GNN,cora,R2,graph,6,164.67350216666668,2.200983511395061,163.64864,169.146416,0,Unknown,auto
matched_only,planetoid,GNN,pubmed,R2,graph,6,288.17083283333335,2.1783875927062533,286.453573,292.38014,0,Unknown,auto
matched_only,sgc,GNN,citeseer,R2,graph,6,0.4810755,0.8423617842297335,0.133664,2.200534,0,Unknown,auto
matched_only,sgc,GNN,cora,R2,graph,6,0.5950415,1.0729333028164891,0.149587,2.785132,0,Unknown,auto
matched_only,sgc,GNN,pubmed,R2,graph,6,0.5181956666666666,0.836162640257185,0.128913,2.223926,0,Unknown,auto
matched_only,adamatch,Hybrid,citeseer,R2,graph,6,29.770698499999998,72.15440701477186,0.311419,177.055265,0,NVIDIA A100-SXM4-80GB|Unknown,auto
matched_only,adamatch,Hybrid,cora,R2,graph,6,33.38901016666667,79.94165883003436,0.605441,196.569164,0,Tesla V100-SXM2-32GB|Unknown,auto
matched_only,adamatch,Hybrid,pubmed,R2,graph,6,4.025367666666667,9.052316203057726,0.321956,22.503326,0,NVIDIA A100-SXM4-80GB|Unknown,auto
matched_only,comatch,Hybrid,citeseer,R2,graph,6,1.5802876666666668,2.855628846507169,0.408711,7.409305,0,NVIDIA A100-SXM4-80GB|Unknown,auto
matched_only,comatch,Hybrid,cora,R2,graph,6,5.144493333333333,10.70490195721225,0.652627,26.994126,0,Tesla V100-SXM2-32GB|Unknown,auto
matched_only,comatch,Hybrid,pubmed,R2,graph,6,1.3705198333333335,2.3630880253083606,0.398068,6.194072,0,NVIDIA A100-SXM4-80GB|Unknown,auto
matched_only,daso,Hybrid,citeseer,R2,graph,6,1.6604271666666668,3.142869554161828,0.373382,8.075779,0,NVIDIA A100-SXM4-80GB|Unknown,auto
matched_only,daso,Hybrid,cora,R2,graph,6,5.145445,10.798685716962598,0.689612,27.188078,0,Tesla V100-SXM2-32GB|Unknown,auto
matched_only,daso,Hybrid,pubmed,R2,graph,6,1.3228541666666667,2.3337760897640045,0.368462,6.086654,0,NVIDIA A100-SXM4-80GB|Unknown,auto
matched_only,defixmatch,Hybrid,citeseer,R2,graph,6,1.5576435000000004,2.9297402041200002,0.357035,7.537944,0,NVIDIA A100-SXM4-80GB|Unknown,auto
matched_only,defixmatch,Hybrid,cora,R2,graph,6,5.189239,10.942697697616506,0.671326,27.525719,0,Tesla V100-SXM2-32GB|Unknown,auto
matched_only,defixmatch,Hybrid,pubmed,R2,graph,6,1.3118273333333332,2.2970184216298017,0.371457,6.000592,0,NVIDIA A100-SXM4-80GB|Unknown,auto
matched_only,fixmatch,Hybrid,citeseer,R2,graph,6,1.4540576666666667,2.8634796618081766,0.28145,7.299108,0,NVIDIA A100-SXM4-80GB|Unknown,auto
matched_only,fixmatch,Hybrid,cora,R2,graph,6,4.956338333333333,10.673213476430774,0.481709,26.742563,0,Tesla V100-SXM2-32GB|Unknown,auto
matched_only,fixmatch,Hybrid,pubmed,R2,graph,6,1.2498766666666665,2.3112205941176334,0.297492,5.967623,0,NVIDIA A100-SXM4-80GB|Unknown,auto
matched_only,flexmatch,Hybrid,citeseer,R2,graph,6,1.5063768333333334,2.9408754175600444,0.300204,7.509405,0,NVIDIA A100-SXM4-80GB|Unknown,auto
matched_only,flexmatch,Hybrid,cora,R2,graph,6,4.685020166666667,9.885141029040009,0.54608,24.8611,0,Tesla V100-SXM2-32GB|Unknown,auto
matched_only,flexmatch,Hybrid,pubmed,R2,graph,6,1.2478621666666667,2.281317166146997,0.309928,5.904572,0,NVIDIA A100-SXM4-80GB|Unknown,auto
matched_only,free_match,Hybrid,citeseer,R2,graph,6,1.5386426666666668,2.8893363822247253,0.355455,7.436474,0,NVIDIA A100-SXM4-80GB|Unknown,auto
matched_only,free_match,Hybrid,cora,R2,graph,6,4.542619333333334,9.430090674561272,0.604881,23.791435,0,Tesla V100-SXM2-32GB|Unknown,auto
matched_only,free_match,Hybrid,pubmed,R2,graph,6,1.3339860000000001,2.3570696663611788,0.369957,6.145333,0,NVIDIA A100-SXM4-80GB|Unknown,auto
matched_only,meta_pseudo_labels,Hybrid,citeseer,R2,graph,6,1.6544588333333332,2.9482189175278974,0.442743,7.67247,0,NVIDIA A100-SXM4-80GB|Unknown,auto
matched_only,meta_pseudo_labels,Hybrid,cora,R2,graph,6,5.1506498333333335,10.467157835847445,0.727833,26.514991,0,Tesla V100-SXM2-32GB|Unknown,auto
matched_only,meta_pseudo_labels,Hybrid,pubmed,R2,graph,6,1.4173541666666667,2.335912243160382,0.461643,6.185514,0,NVIDIA A100-SXM4-80GB|Unknown,auto
matched_only,mixmatch,Hybrid,citeseer,R2,graph,6,1.4925266666666666,2.91299071359822,0.302804,7.438644,0,NVIDIA A100-SXM4-80GB|Unknown,auto
matched_only,mixmatch,Hybrid,cora,R2,graph,6,4.283835833333334,8.908920910956892,0.563873,22.468799,0,Tesla V100-SXM2-32GB|Unknown,auto
matched_only,mixmatch,Hybrid,pubmed,R2,graph,6,1.2422300000000002,2.3095365074503587,0.296522,5.956548,0,NVIDIA A100-SXM4-80GB|Unknown,auto
matched_only,noisy_student,Hybrid,citeseer,R2,graph,6,1.4422226666666667,2.82027688617268,0.286797,7.199086,0,NVIDIA A100-SXM4-80GB|Unknown,auto
matched_only,noisy_student,Hybrid,cora,R2,graph,6,4.4003586666666665,9.17390297768163,0.552537,23.12524,0,Tesla V100-SXM2-32GB|Unknown,auto
matched_only,noisy_student,Hybrid,pubmed,R2,graph,6,1.2521233333333335,2.3129204894600823,0.306806,5.973352,0,NVIDIA A100-SXM4-80GB|Unknown,auto
matched_only,simclr_v2,Hybrid,citeseer,R2,graph,6,1.4276305,2.87921956909151,0.248161,7.30481,0,NVIDIA A100-SXM4-80GB|Unknown,auto
matched_only,simclr_v2,Hybrid,cora,R2,graph,6,4.387124,9.481703925138286,0.491458,23.74149,0,Tesla V100-SXM2-32GB|Unknown,auto
matched_only,simclr_v2,Hybrid,pubmed,R2,graph,6,1.2032186666666667,2.3163018260065042,0.25091,5.931334,0,NVIDIA A100-SXM4-80GB|Unknown,auto
matched_only,softmatch,Hybrid,citeseer,R2,graph,6,1.4514195,2.8093544922738922,0.301504,7.185988,0,NVIDIA A100-SXM4-80GB|Unknown,auto
matched_only,softmatch,Hybrid,cora,R2,graph,6,4.5495065,9.675660957048397,0.553031,24.299406,0,Tesla V100-SXM2-32GB|Unknown,auto
matched_only,softmatch,Hybrid,pubmed,R2,graph,6,1.2660051666666665,2.3504537556707144,0.303342,6.063846,0,NVIDIA A100-SXM4-80GB|Unknown,auto
matched_only,uda,Hybrid,citeseer,R2,graph,6,1.4532516666666666,2.8393691110627843,0.292725,7.249089,0,NVIDIA A100-SXM4-80GB|Unknown,auto
matched_only,uda,Hybrid,cora,R2,graph,6,3.753653,7.821310596501535,0.54239,19.718764,0,Tesla V100-SXM2-32GB|Unknown,auto
matched_only,uda,Hybrid,pubmed,R2,graph,6,1.2261436666666667,2.306769289427156,0.279628,5.93481,0,NVIDIA A100-SXM4-80GB|Unknown,auto
matched_only,adsh,Margin-based inductive,citeseer,R2,graph,6,1.749930833333333,3.4015068846381844,0.358301,8.693225,0,NVIDIA A100-SXM4-80GB|Unknown,auto
matched_only,adsh,Margin-based inductive,cora,R2,graph,6,5.753447999999999,12.356131742163774,0.64241,30.97505,0,Tesla V100-SXM2-32GB|Unknown,auto
matched_only,adsh,Margin-based inductive,pubmed,R2,graph,6,1.3017858333333334,2.376699048563399,0.326302,6.153199,0,NVIDIA A100-SXM4-80GB|Unknown,auto
matched_only,laplace_learning,PDE/Variational,citeseer,R2,graph,6,0.26257383333333334,0.4094462850823862,0.09428,1.098349,0,Unknown,auto
matched_only,laplace_learning,PDE/Variational,cora,R2,graph,6,0.4721418333333333,0.7441573076704728,0.117972,1.990154,0,Unknown,auto
matched_only,laplace_learning,PDE/Variational,pubmed,R2,graph,6,0.6000755,0.25418755593124537,0.485989,1.117775,0,Unknown,auto
matched_only,p_laplace_learning,PDE/Variational,citeseer,R2,graph,6,355.48124766666666,6.68150683471732,342.452179,360.607076,0,CPU,auto
matched_only,p_laplace_learning,PDE/Variational,cora,R2,graph,6,924.2388965,3.8812425541242104,920.556729,928.79435,0,CPU,auto
matched_only,p_laplace_learning,PDE/Variational,pubmed,R2,graph,6,2966.5575198333336,19.849045510590145,2943.370102,2995.682268,0,CPU,auto
matched_only,poisson_learning,PDE/Variational,citeseer,R2,graph,6,0.282511,0.025898840514586755,0.256582,0.331212,0,Unknown,auto
matched_only,poisson_learning,PDE/Variational,cora,R2,graph,6,0.3394725,0.04015836049815778,0.314471,0.417686,0,Unknown,auto
matched_only,poisson_learning,PDE/Variational,pubmed,R2,graph,6,0.287379,0.062431333492085524,0.212722,0.367305,0,Unknown,auto
matched_only,poisson_mbo,PDE/Variational,citeseer,R2,graph,6,2.1456645,0.030598638641285984,2.104614,2.170464,0,CPU,auto
matched_only,poisson_mbo,PDE/Variational,cora,R2,graph,6,4.541462666666667,0.04510691325137053,4.510301,4.626477,0,CPU,auto
matched_only,poisson_mbo,PDE/Variational,pubmed,R2,graph,6,12.630666666666665,0.5937819768263999,12.212105,13.533177,0,CPU,auto
matched_only,co_training,Wrappers,citeseer,R2,graph,6,4.540422166666666,2.96151952590412,2.416482,10.287154,0,NVIDIA A100-SXM4-80GB|Unknown,auto
matched_only,co_training,Wrappers,cora,R2,graph,6,9.124995833333335,10.570420927146118,4.353057,30.627836,0,Tesla V100-SXM2-32GB|Unknown,auto
matched_only,co_training,Wrappers,pubmed,R2,graph,6,3.611777,2.3552853154242697,2.452874,8.41228,0,NVIDIA A100-SXM4-80GB|Unknown,auto
matched_only,deep_co_training,Wrappers,citeseer,R2,graph,6,2.010574666666667,3.3197909594416135,0.653776,8.787069,0,NVIDIA A100-SXM4-80GB|Unknown,auto
matched_only,deep_co_training,Wrappers,cora,R2,graph,6,5.2425905,10.057465558414442,1.083189,25.772013,0,Tesla V100-SXM2-32GB|Unknown,auto
matched_only,deep_co_training,Wrappers,pubmed,R2,graph,6,1.6312308333333332,2.3041711998652716,0.68892,6.3346,0,NVIDIA A100-SXM4-80GB|Unknown,auto
matched_only,democratic_co_learning,Wrappers,citeseer,R2,graph,6,5.164062666666667,3.566051579173339,3.392631,12.42179,0,NVIDIA A100-SXM4-80GB|Unknown,auto
matched_only,democratic_co_learning,Wrappers,cora,R2,graph,6,10.416897166666665,9.785022279508725,6.237159,30.387506,0,Tesla V100-SXM2-32GB|Unknown,auto
matched_only,democratic_co_learning,Wrappers,pubmed,R2,graph,6,2.5796106666666665,2.308249311539346,1.463894,7.234912,0,NVIDIA A100-SXM4-80GB|Unknown,auto
matched_only,pseudo_label,Wrappers,citeseer,R2,graph,6,1.4632943333333337,2.797611237683869,0.255928,7.173397,0,NVIDIA A100-SXM4-80GB|Unknown,auto
matched_only,pseudo_label,Wrappers,cora,R2,graph,6,4.3965293333333335,9.252709893393236,0.489778,23.282001,0,Tesla V100-SXM2-32GB|Unknown,auto
matched_only,pseudo_label,Wrappers,pubmed,R2,graph,6,1.2055553333333333,2.3158764519234327,0.256872,5.932817,0,NVIDIA A100-SXM4-80GB|Unknown,auto
matched_only,self_training,Wrappers,citeseer,R2,graph,6,1.4552161666666665,2.75768296308995,0.261824,7.083825,0,NVIDIA A100-SXM4-80GB|Unknown,auto
matched_only,self_training,Wrappers,cora,R2,graph,6,4.606456333333333,9.788734531215109,0.452328,24.58687,0,Tesla V100-SXM2-32GB|Unknown,auto
matched_only,self_training,Wrappers,pubmed,R2,graph,6,1.1833378333333333,2.2893605085831648,0.245506,5.856464,0,NVIDIA A100-SXM4-80GB|Unknown,auto
matched_only,setred,Wrappers,citeseer,R2,graph,6,1.4750391666666667,2.8885658838012622,0.25468,7.37111,0,NVIDIA A100-SXM4-80GB|Unknown,auto
matched_only,setred,Wrappers,cora,R2,graph,6,4.5615733333333335,9.646019624021998,0.49996,24.249475,0,Tesla V100-SXM2-32GB|Unknown,auto
matched_only,setred,Wrappers,pubmed,R2,graph,6,1.1845295,2.284399865317782,0.249976,5.847538,0,NVIDIA A100-SXM4-80GB|Unknown,auto
matched_only,tri_training,Wrappers,citeseer,R2,graph,6,3.9835991666666666,2.5864583820775016,2.620936,9.227684,0,NVIDIA A100-SXM4-80GB|Unknown,auto
matched_only,tri_training,Wrappers,cora,R2,graph,6,8.171460333333334,8.062001389985708,4.248704,24.614408,0,Tesla V100-SXM2-32GB|Unknown,auto
matched_only,tri_training,Wrappers,pubmed,R2,graph,6,2.4284221666666665,2.635731244476751,1.17963,7.80186,0,NVIDIA A100-SXM4-80GB|Unknown,auto
matched_only,trinet,Wrappers,citeseer,R2,graph,6,2.189422,3.0027787226097096,0.925027,8.318385,0,NVIDIA A100-SXM4-80GB|Unknown,auto
matched_only,trinet,Wrappers,cora,R2,graph,6,5.122736166666667,8.826226426816943,1.499885,23.139125,0,Tesla V100-SXM2-32GB|Unknown,auto
matched_only,trinet,Wrappers,pubmed,R2,graph,6,1.5366796666666664,2.3320345941719363,0.58331,6.296924,0,NVIDIA A100-SXM4-80GB|Unknown,auto
matched_only,supervised,Baseline,adult,R2,tabular,6,0.9311986666666666,1.538008396185231,0.292424,4.070564,0,NVIDIA A100-SXM4-80GB|Unknown,auto
matched_only,supervised,Baseline,breast_cancer,R2,tabular,6,0.9430823333333334,1.9677726596925438,0.131702,4.959768,0,Tesla V100-SXM2-32GB|Unknown,auto
matched_only,supervised,Baseline,iris,R2,tabular,6,0.7669178333333332,1.6487560934566903,0.092366,4.132425,0,NVIDIA A100-SXM4-80GB|Unknown,auto
matched_only,dynamic_label_propagation,Classical transductive,adult,R2,tabular,6,766.8296795,0.7123033163311244,766.084059,768.085585,0,Unknown,auto
matched_only,dynamic_label_propagation,Classical transductive,breast_cancer,R2,tabular,6,0.5925941666666666,1.138070493830398,0.119302,2.915637,0,Unknown,auto
matched_only,dynamic_label_propagation,Classical transductive,iris,R2,tabular,6,0.5052341666666668,1.048845706280846,0.075591,2.646179,0,Unknown,auto
matched_only,graph_mincuts,Classical transductive,adult,R2,tabular,6,0.7089154999999999,0.7346255161895072,0.388809,2.206326,0,CPU,auto
matched_only,graph_mincuts,Classical transductive,breast_cancer,R2,tabular,6,0.4860341666666666,1.0381405179848084,0.060136,2.605121,0,CPU,auto
matched_only,graphhop,Classical transductive,adult,R2,tabular,6,12.72048833333333,1.7360987905581482,11.825069,16.255788,0,Unknown,auto
matched_only,graphhop,Classical transductive,breast_cancer,R2,tabular,6,16.770945166666667,3.828636116181971,14.215976,23.240892,0,Unknown,auto
matched_only,graphhop,Classical transductive,iris,R2,tabular,6,10.640482833333332,2.4788777044409764,9.345166,15.673022,0,Unknown,auto
matched_only,label_propagation,Classical transductive,adult,R2,tabular,6,1.2572176666666666,2.194634328886675,0.347105,5.736933,0,Unknown,auto
matched_only,label_propagation,Classical transductive,breast_cancer,R2,tabular,6,0.5978593333333334,1.142272350076402,0.073145,2.928735,0,Unknown,auto
matched_only,label_propagation,Classical transductive,iris,R2,tabular,6,0.48923249999999996,0.953776277628407,0.098902,2.436119,0,Unknown,auto
matched_only,label_spreading,Classical transductive,adult,R2,tabular,6,0.6272158333333334,0.8426809427647968,0.28201,2.347329,0,Unknown,auto
matched_only,label_spreading,Classical transductive,breast_cancer,R2,tabular,6,0.5746505,1.149265791711691,0.064941,2.920213,0,Unknown,auto
matched_only,label_spreading,Classical transductive,iris,R2,tabular,6,0.4449438333333333,0.8950709254412003,0.078972,2.271999,0,Unknown,auto
matched_only,lazy_random_walk,Classical transductive,adult,R2,tabular,6,5.332165666666666,0.9287454829690786,4.948584,7.227954,0,Unknown,auto
matched_only,lazy_random_walk,Classical transductive,breast_cancer,R2,tabular,6,0.5504255,1.1850496891345528,0.064375,2.969395,0,Unknown,auto
matched_only,mean_teacher,Consistency,adult,R2,tabular,6,37.5662405,1.6059421293941762,36.670571,40.816848,0,NVIDIA A100-SXM4-80GB|Unknown,auto
matched_only,mean_teacher,Consistency,breast_cancer,R2,tabular,6,1.677093,2.0012886480673395,0.852269,5.762177,0,Tesla V100-SXM2-32GB|Unknown,auto
matched_only,mean_teacher,Consistency,iris,R2,tabular,6,0.8517928333333334,1.6171174844826106,0.188207,4.152715,0,NVIDIA A100-SXM4-80GB|Unknown,auto
matched_only,pi_model,Consistency,adult,R2,tabular,6,35.5033095,1.603400194883704,34.504365,38.739227,0,NVIDIA A100-SXM4-80GB|Unknown,auto
matched_only,pi_model,Consistency,breast_cancer,R2,tabular,6,1.6968586666666667,2.097297486678289,0.822372,5.977711,0,Tesla V100-SXM2-32GB|Unknown,auto
matched_only,pi_model,Consistency,iris,R2,tabular,6,0.8402189999999999,1.622693546750464,0.175293,4.152525,0,NVIDIA A100-SXM4-80GB|Unknown,auto
matched_only,temporal_ensembling,Consistency,adult,R2,tabular,6,40.34557733333333,1.9684285646482236,39.295466,44.33882,0,NVIDIA A100-SXM4-80GB|Unknown,auto
matched_only,temporal_ensembling,Consistency,breast_cancer,R2,tabular,6,1.763756833333333,2.064267445101959,0.913134,5.977394,0,Tesla V100-SXM2-32GB|Unknown,auto
matched_only,temporal_ensembling,Consistency,iris,R2,tabular,6,0.8728895,1.6331086538441648,0.203029,4.206449,0,NVIDIA A100-SXM4-80GB|Unknown,auto
matched_only,vat,Consistency,adult,R2,tabular,6,47.34434016666666,2.2591691377169982,46.292528,51.951426,0,NVIDIA A100-SXM4-80GB|Unknown,auto
matched_only,vat,Consistency,breast_cancer,R2,tabular,6,1.9139388333333331,2.11201950585182,1.045585,6.22504,0,Tesla V100-SXM2-32GB|Unknown,auto
matched_only,vat,Consistency,iris,R2,tabular,6,0.9240313333333333,1.7179064336655439,0.221455,4.430691,0,NVIDIA A100-SXM4-80GB|Unknown,auto
matched_only,appnp,GNN,adult,R2,tabular,6,15.050962166666666,3.0429778291280667,13.542716,21.240999,0,Unknown,auto
matched_only,appnp,GNN,breast_cancer,R2,tabular,6,1.5625211666666667,2.1955447436166198,0.56493,6.031563,0,Unknown,auto
matched_only,appnp,GNN,iris,R2,tabular,6,1.3031958333333333,2.026163988055499,0.406853,5.436805,0,Unknown,auto
matched_only,chebnet,GNN,adult,R2,tabular,6,1.3760341666666667,1.7672163237560268,0.625649,4.982676,0,Unknown,auto
matched_only,chebnet,GNN,breast_cancer,R2,tabular,6,1.2208925,1.996612631818576,0.323921,5.285443,0,Unknown,auto
matched_only,chebnet,GNN,iris,R2,tabular,6,0.9333753333333333,1.6399667378986278,0.242999,4.280441,0,Unknown,auto
matched_only,gat,GNN,adult,R2,tabular,6,3.9432816666666675,4.230327656769375,1.873812,12.535715,0,Unknown,auto
matched_only,gat,GNN,breast_cancer,R2,tabular,6,1.8603811666666665,2.087381622562335,0.784237,6.085199,0,Unknown,auto
matched_only,gat,GNN,iris,R2,tabular,6,1.4398975,1.7378099483454166,0.624894,4.978377,0,Unknown,auto
matched_only,gcn,GNN,adult,R2,tabular,6,1.1162668333333332,1.5840349097767277,0.428587,4.349161,0,Unknown,auto
matched_only,gcn,GNN,breast_cancer,R2,tabular,6,1.1641241666666666,2.0252575187222406,0.276633,5.294606,0,Unknown,auto
matched_only,gcn,GNN,iris,R2,tabular,6,0.8950024999999999,1.6496960921551278,0.188904,4.261868,0,Unknown,auto
matched_only,gcnii,GNN,adult,R2,tabular,6,4.495106833333334,1.4964085990571447,3.528183,7.493574,0,Unknown,auto
matched_only,gcnii,GNN,breast_cancer,R2,tabular,6,2.394092166666667,2.040439313230797,1.149233,6.240355,0,Unknown,auto
matched_only,gcnii,GNN,iris,R2,tabular,6,1.7651423333333334,1.9316844794122736,0.888884,5.70247,0,Unknown,auto
matched_only,grafn,GNN,adult,R2,tabular,6,3.4636020000000003,1.5411265122871647,2.087231,6.324867,0,Unknown,auto
matched_only,grafn,GNN,breast_cancer,R2,tabular,6,1.641913,2.069843024115887,0.788375,5.866933,0,Unknown,auto
matched_only,grafn,GNN,iris,R2,tabular,6,1.3748823333333335,1.5961704316074352,0.561912,4.621512,0,Unknown,auto
matched_only,grand,GNN,adult,R2,tabular,6,1.546362,1.4915357550296942,0.810103,4.575718,0,Unknown,auto
matched_only,grand,GNN,breast_cancer,R2,tabular,6,1.6186033333333334,1.8624109117891967,0.671937,5.384714,0,Unknown,auto
matched_only,grand,GNN,iris,R2,tabular,6,1.1555678333333332,1.6083909058116956,0.477558,4.438122,0,Unknown,auto
matched_only,graphsage,GNN,adult,R2,tabular,6,1.2841581666666668,1.9019422376171595,0.490595,5.166406,0,Unknown,auto
matched_only,graphsage,GNN,breast_cancer,R2,tabular,6,1.1112563333333334,2.0214445708839675,0.23679,5.233286,0,Unknown,auto
matched_only,graphsage,GNN,iris,R2,tabular,6,0.8689308333333333,1.7104488503061899,0.162778,4.360334,0,Unknown,auto
matched_only,h_gcn,GNN,adult,R2,tabular,6,247.35787000000002,2.951799390599703,244.452227,252.328455,0,Unknown,auto
matched_only,h_gcn,GNN,breast_cancer,R2,tabular,6,2.650141666666667,2.026660914486157,1.499998,6.768422,0,Unknown,auto
matched_only,h_gcn,GNN,iris,R2,tabular,6,1.6010928333333334,1.5889508832849955,0.786975,4.804903,0,Unknown,auto
matched_only,n_gcn,GNN,adult,R2,tabular,6,163.462906,4.866773350659632,157.154552,170.548847,0,Unknown,auto
matched_only,n_gcn,GNN,breast_cancer,R2,tabular,6,2.075852166666667,2.0223755975937223,1.124888,6.195477,0,Unknown,auto
matched_only,n_gcn,GNN,iris,R2,tabular,6,1.8083243333333332,2.229554741846064,0.795368,6.352076,0,Unknown,auto
matched_only,planetoid,GNN,adult,R2,tabular,6,970.7616561666667,30.647041442416207,955.73294,1033.118389,0,Unknown,auto
matched_only,planetoid,GNN,breast_cancer,R2,tabular,6,43.903152,1.1865050591747168,42.400893,45.936544,0,Unknown,auto
matched_only,planetoid,GNN,iris,R2,tabular,6,2.503846166666667,1.6297451673826087,1.833137,5.83053,0,Unknown,auto
matched_only,sgc,GNN,adult,R2,tabular,6,5.182335,11.902925243120466,0.30582,29.479036,0,Unknown,auto
matched_only,sgc,GNN,breast_cancer,R2,tabular,6,2.3145568333333335,4.699093530075154,0.287978,11.904375,0,Unknown,auto
matched_only,sgc,GNN,iris,R2,tabular,6,0.8025645,1.6386832255234385,0.098352,4.145304,0,Unknown,auto
matched_only,adamatch,Hybrid,adult,R2,tabular,6,40.04488133333333,4.06233529220938,38.049104,48.314203,0,NVIDIA A100-SXM4-80GB|Unknown,auto
matched_only,adamatch,Hybrid,breast_cancer,R2,tabular,6,1.7674248333333333,2.0403607773852563,0.932316,5.93229,0,Tesla V100-SXM2-32GB|Unknown,auto
matched_only,adamatch,Hybrid,iris,R2,tabular,6,1.419335666666667,2.9340516928589837,0.218203,7.408439,0,NVIDIA A100-SXM4-80GB|Unknown,auto
matched_only,comatch,Hybrid,adult,R2,tabular,6,68.19671833333332,1.6165432972431812,66.111044,71.069915,0,NVIDIA A100-SXM4-80GB|Unknown,auto
matched_only,comatch,Hybrid,breast_cancer,R2,tabular,6,2.3372875,2.113728813201708,1.469653,6.651905,0,Tesla V100-SXM2-32GB|Unknown,auto
matched_only,comatch,Hybrid,iris,R2,tabular,6,1.1555995000000001,2.088813459016937,0.298135,5.419366,0,NVIDIA A100-SXM4-80GB|Unknown,auto
matched_only,daso,Hybrid,adult,R2,tabular,6,56.117535666666676,1.7580043028805898,54.275115,59.456825,0,NVIDIA A100-SXM4-80GB|Unknown,auto
matched_only,daso,Hybrid,breast_cancer,R2,tabular,6,1.9977493333333332,2.155388715105344,1.101599,6.397366,0,Tesla V100-SXM2-32GB|Unknown,auto
matched_only,daso,Hybrid,iris,R2,tabular,6,0.9920520000000002,1.8410527951449955,0.237883,4.750079,0,NVIDIA A100-SXM4-80GB|Unknown,auto
matched_only,defixmatch,Hybrid,adult,R2,tabular,6,48.10877283333334,3.7176754026474894,46.430695,55.691766,0,NVIDIA A100-SXM4-80GB|Unknown,auto
matched_only,defixmatch,Hybrid,breast_cancer,R2,tabular,6,1.907678,2.0670803739505628,1.047932,6.127043,0,Tesla V100-SXM2-32GB|Unknown,auto
matched_only,defixmatch,Hybrid,iris,R2,tabular,6,0.8821878333333332,1.6378773677381853,0.210933,4.225489,0,NVIDIA A100-SXM4-80GB|Unknown,auto
matched_only,fixmatch,Hybrid,adult,R2,tabular,6,37.39562166666667,3.9464257581418494,35.485866,45.437575,0,NVIDIA A100-SXM4-80GB|Unknown,auto
matched_only,fixmatch,Hybrid,breast_cancer,R2,tabular,6,1.6590734999999999,2.038997527942371,0.82404,5.821148,0,Tesla V100-SXM2-32GB|Unknown,auto
matched_only,fixmatch,Hybrid,iris,R2,tabular,6,0.8799971666666667,1.6912259337970688,0.186206,4.332193,0,NVIDIA A100-SXM4-80GB|Unknown,auto
matched_only,flexmatch,Hybrid,adult,R2,tabular,6,50.27800316666666,1.789558453652009,48.979594,53.855063,0,NVIDIA A100-SXM4-80GB|Unknown,auto
matched_only,flexmatch,Hybrid,breast_cancer,R2,tabular,6,1.7751933333333334,2.066412595896247,0.927469,5.993233,0,Tesla V100-SXM2-32GB|Unknown,auto
matched_only,flexmatch,Hybrid,iris,R2,tabular,6,0.8894660000000002,1.6748417119391312,0.202683,4.308214,0,NVIDIA A100-SXM4-80GB|Unknown,auto
matched_only,free_match,Hybrid,adult,R2,tabular,6,55.53767333333334,2.723251824970482,54.233579,61.090162,0,NVIDIA A100-SXM4-80GB|Unknown,auto
matched_only,free_match,Hybrid,breast_cancer,R2,tabular,6,2.105921333333333,2.0744538031964623,1.223863,6.339935,0,Tesla V100-SXM2-32GB|Unknown,auto
matched_only,free_match,Hybrid,iris,R2,tabular,6,1.0016088333333333,1.8375982416507062,0.249408,4.752588,0,NVIDIA A100-SXM4-80GB|Unknown,auto
matched_only,meta_pseudo_labels,Hybrid,adult,R2,tabular,6,60.1169705,2.3809778692903243,58.863999,64.961987,0,NVIDIA A100-SXM4-80GB|Unknown,auto
matched_only,meta_pseudo_labels,Hybrid,breast_cancer,R2,tabular,6,2.254283833333333,2.0800604747248497,1.393488,6.500152,0,Tesla V100-SXM2-32GB|Unknown,auto
matched_only,meta_pseudo_labels,Hybrid,iris,R2,tabular,6,1.0209435,1.8174103574109786,0.277975,4.730716,0,NVIDIA A100-SXM4-80GB|Unknown,auto
matched_only,mixmatch,Hybrid,adult,R2,tabular,6,42.140343333333334,1.9905293270242121,40.972059,45.983942,0,NVIDIA A100-SXM4-80GB|Unknown,auto
matched_only,mixmatch,Hybrid,breast_cancer,R2,tabular,6,1.8344738333333332,2.096046097583488,0.970382,6.112993,0,Tesla V100-SXM2-32GB|Unknown,auto
matched_only,mixmatch,Hybrid,iris,R2,tabular,6,0.8861179999999999,1.6632383792420136,0.203856,4.281187,0,NVIDIA A100-SXM4-80GB|Unknown,auto
matched_only,noisy_student,Hybrid,adult,R2,tabular,6,37.19834166666667,2.0662073344519585,36.19199,41.406242,0,NVIDIA A100-SXM4-80GB|Unknown,auto
matched_only,noisy_student,Hybrid,breast_cancer,R2,tabular,6,1.7046508333333337,2.079587350344334,0.845176,5.949557,0,Tesla V100-SXM2-32GB|Unknown,auto
matched_only,noisy_student,Hybrid,iris,R2,tabular,6,0.8470304999999999,1.6130975828744831,0.186049,4.139747,0,NVIDIA A100-SXM4-80GB|Unknown,auto
matched_only,simclr_v2,Hybrid,adult,R2,tabular,6,20.787839333333334,1.8806879085619357,19.797196,24.580731,0,NVIDIA A100-SXM4-80GB|Unknown,auto
matched_only,simclr_v2,Hybrid,breast_cancer,R2,tabular,6,1.4348281666666667,2.1445218885141197,0.556821,5.812311,0,Tesla V100-SXM2-32GB|Unknown,auto
matched_only,simclr_v2,Hybrid,iris,R2,tabular,6,0.9460544999999998,1.8802860681452436,0.177807,4.784172,0,NVIDIA A100-SXM4-80GB|Unknown,auto
matched_only,softmatch,Hybrid,adult,R2,tabular,6,39.94958916666666,1.9306693018363776,38.890591,43.870191,0,NVIDIA A100-SXM4-80GB|Unknown,auto
matched_only,softmatch,Hybrid,breast_cancer,R2,tabular,6,1.7178320000000002,1.9739994189969763,0.907096,5.747236,0,Tesla V100-SXM2-32GB|Unknown,auto
matched_only,softmatch,Hybrid,iris,R2,tabular,6,0.9347595000000001,1.794036508619348,0.199837,4.596815,0,NVIDIA A100-SXM4-80GB|Unknown,auto
matched_only,uda,Hybrid,adult,R2,tabular,6,40.97532916666666,10.976839642365254,36.409943,63.381233,0,NVIDIA A100-SXM4-80GB|Unknown,auto
matched_only,uda,Hybrid,breast_cancer,R2,tabular,6,1.736477,2.1534603830856978,0.856559,6.132209,0,Tesla V100-SXM2-32GB|Unknown,auto
matched_only,uda,Hybrid,iris,R2,tabular,6,0.8710895000000001,1.667283731499201,0.188481,4.274414,0,NVIDIA A100-SXM4-80GB|Unknown,auto
matched_only,adsh,Margin-based inductive,adult,R2,tabular,6,39.488385,1.7396004814139359,38.376081,42.964383,0,NVIDIA A100-SXM4-80GB|Unknown,auto
matched_only,adsh,Margin-based inductive,breast_cancer,R2,tabular,6,1.8374998333333332,2.1592042565414156,0.942784,6.244894,0,Tesla V100-SXM2-32GB|Unknown,auto
matched_only,adsh,Margin-based inductive,iris,R2,tabular,6,1.3407580000000001,2.746215668684454,0.215592,6.946442,0,NVIDIA A100-SXM4-80GB|Unknown,auto
matched_only,s4vm,Margin-based inductive,adult,R2,tabular,6,37.931485333333335,1.721756386174148,37.020159,41.431363,0,NVIDIA A100-SXM4-80GB|Unknown,auto
matched_only,s4vm,Margin-based inductive,breast_cancer,R2,tabular,6,2.596653,2.0315870861277894,1.758314,6.743597,0,Tesla V100-SXM2-32GB|Unknown,auto
matched_only,tsvm,Margin-based inductive,adult,R2,tabular,6,0.8644154999999999,0.896373660962157,0.452845,2.693321,0,CPU,auto
matched_only,tsvm,Margin-based inductive,breast_cancer,R2,tabular,6,1.3078809999999998,2.163303178569661,0.359366,5.721633,0,CPU,auto
matched_only,laplace_learning,PDE/Variational,adult,R2,tabular,6,5.344714333333333,1.0540523047448198,4.90896,7.496282,0,Unknown,auto
matched_only,laplace_learning,PDE/Variational,breast_cancer,R2,tabular,6,0.5477501666666668,1.1827285513730386,0.061782,2.961977,0,Unknown,auto
matched_only,laplace_learning,PDE/Variational,iris,R2,tabular,6,0.8694601666666668,2.02107997604948,0.042695,4.99497,0,Unknown,auto
matched_only,p_laplace_learning,PDE/Variational,adult,R2,tabular,6,9821.069419833335,957.42826296895,8934.689272,10998.85246,0,CPU,auto
matched_only,p_laplace_learning,PDE/Variational,breast_cancer,R2,tabular,6,46.999373999999996,19.04952198521659,16.164311,69.606783,0,CPU,auto
matched_only,p_laplace_learning,PDE/Variational,iris,R2,tabular,6,0.7158454999999999,1.1430552957922466,0.231291,3.048986,0,CPU,auto
matched_only,poisson_learning,PDE/Variational,adult,R2,tabular,6,16.594418333333333,15.131592038131792,10.093607,47.46494,0,Unknown,auto
matched_only,poisson_learning,PDE/Variational,breast_cancer,R2,tabular,6,1.6337181666666665,2.2956800021735972,0.592965,6.318402,0,Unknown,auto
matched_only,poisson_learning,PDE/Variational,iris,R2,tabular,6,0.5330056666666666,0.7464794262983185,0.226318,2.056745,0,Unknown,auto
matched_only,poisson_mbo,PDE/Variational,adult,R2,tabular,6,56.15211983333333,1.2833413595835554,54.987176,58.267322,0,CPU,auto
matched_only,poisson_mbo,PDE/Variational,breast_cancer,R2,tabular,6,2.6133353333333336,2.5385929007595265,1.513745,7.793871,0,CPU,auto
matched_only,poisson_mbo,PDE/Variational,iris,R2,tabular,6,0.6337689999999999,0.7678137180472878,0.31505,2.201035,0,CPU,auto
matched_only,co_training,Wrappers,adult,R2,tabular,6,3.1543878333333333,1.9069446835754218,2.343262,7.045877,0,NVIDIA A100-SXM4-80GB|Unknown,auto
matched_only,co_training,Wrappers,breast_cancer,R2,tabular,6,3.8583483333333337,1.937114759466425,3.053408,7.812223,0,Tesla V100-SXM2-32GB|Unknown,auto
matched_only,co_training,Wrappers,iris,R2,tabular,6,2.887635166666667,1.900388307969865,2.09819,6.766684,0,NVIDIA A100-SXM4-80GB|Unknown,auto
matched_only,deep_co_training,Wrappers,adult,R2,tabular,6,82.79945966666666,2.134287693002111,81.587231,87.081517,0,NVIDIA A100-SXM4-80GB|Unknown,auto
matched_only,deep_co_training,Wrappers,breast_cancer,R2,tabular,6,2.710210333333333,2.152899807031314,1.822151,7.104756,0,Tesla V100-SXM2-32GB|Unknown,auto
matched_only,deep_co_training,Wrappers,iris,R2,tabular,6,1.0414091666666667,1.6590290091739102,0.358568,4.427881,0,NVIDIA A100-SXM4-80GB|Unknown,auto
matched_only,democratic_co_learning,Wrappers,adult,R2,tabular,6,195.5316333333333,6.075180135382311,186.246056,201.796839,0,NVIDIA A100-SXM4-80GB|Unknown,auto
matched_only,democratic_co_learning,Wrappers,breast_cancer,R2,tabular,6,2.859071333333333,3.178793302987954,1.201187,9.334,0,Tesla V100-SXM2-32GB|Unknown,auto
matched_only,democratic_co_learning,Wrappers,iris,R2,tabular,6,1.8254541666666666,1.4771298119315601,1.13541,4.83827,0,NVIDIA A100-SXM4-80GB|Unknown,auto
matched_only,pseudo_label,Wrappers,adult,R2,tabular,6,60.33729300000001,1.9630252193479345,59.139546,64.312081,0,NVIDIA A100-SXM4-80GB|Unknown,auto
matched_only,pseudo_label,Wrappers,breast_cancer,R2,tabular,6,2.555374,2.0623859655251726,1.547067,6.756276,0,Tesla V100-SXM2-32GB|Unknown,auto
matched_only,pseudo_label,Wrappers,iris,R2,tabular,6,0.9832833333333334,1.5495407466914404,0.238695,4.142578,0,NVIDIA A100-SXM4-80GB|Unknown,auto
matched_only,self_training,Wrappers,adult,R2,tabular,6,60.345236,1.5329967108297404,59.52111,63.44413,0,NVIDIA A100-SXM4-80GB|Unknown,auto
matched_only,self_training,Wrappers,breast_cancer,R2,tabular,6,2.5753661666666665,1.9882419873239185,1.532602,6.610541,0,Tesla V100-SXM2-32GB|Unknown,auto
matched_only,self_training,Wrappers,iris,R2,tabular,6,1.0165809999999997,1.5992867478069088,0.247905,4.277314,0,NVIDIA A100-SXM4-80GB|Unknown,auto
matched_only,setred,Wrappers,adult,R2,tabular,6,1.9210095000000003,1.5902456533144496,1.208283,5.166426,0,NVIDIA A100-SXM4-80GB|Unknown,auto
matched_only,setred,Wrappers,breast_cancer,R2,tabular,6,3.1137189999999997,2.0016167302765036,2.210082,7.197834,0,Tesla V100-SXM2-32GB|Unknown,auto
matched_only,setred,Wrappers,iris,R2,tabular,6,1.0325218333333332,1.666010772743372,0.308345,4.432951,0,NVIDIA A100-SXM4-80GB|Unknown,auto
matched_only,tri_training,Wrappers,adult,R2,tabular,6,328.5738593333333,39.214569601552206,274.642516,368.13358,0,NVIDIA A100-SXM4-80GB|Unknown,auto
matched_only,tri_training,Wrappers,breast_cancer,R2,tabular,6,5.0938315,2.1968336052478574,3.522887,9.522958,0,Tesla V100-SXM2-32GB|Unknown,auto
matched_only,tri_training,Wrappers,iris,R2,tabular,6,1.6029145,1.628727056305844,0.814222,4.913586,0,NVIDIA A100-SXM4-80GB|Unknown,auto
matched_only,trinet,Wrappers,adult,R2,tabular,6,616.2331371666666,56.82547150652362,562.606097,678.570623,0,NVIDIA A100-SXM4-80GB|Unknown,auto
matched_only,trinet,Wrappers,breast_cancer,R2,tabular,6,15.035354500000002,2.451880713834484,12.964837,19.659784,0,Tesla V100-SXM2-32GB|Unknown,auto
matched_only,trinet,Wrappers,iris,R2,tabular,6,2.7522420000000003,1.631348123278168,1.957788,6.076437,0,NVIDIA A100-SXM4-80GB|Unknown,auto
matched_only,supervised,Baseline,ag_news,R2,text,6,33.69574533333333,79.01862748121587,1.391259,194.991832,0,NVIDIA A100-SXM4-80GB|Unknown,auto
matched_only,supervised,Baseline,imdb,R2,text,6,1.9386948333333336,0.9270524679797615,1.435478,3.80408,0,NVIDIA A100-SXM4-80GB|Unknown,auto
matched_only,dynamic_label_propagation,Classical transductive,imdb,R2,text,6,820.0486683333332,0.2740759159675872,819.568817,820.258957,0,Unknown,auto
matched_only,graph_mincuts,Classical transductive,imdb,R2,text,6,53.69612933333334,10.775231755715506,48.894175,75.685473,0,CPU,auto
matched_only,graphhop,Classical transductive,ag_news,R2,text,2,20.959236,0.0,20.959236,20.959236,0,Unknown,auto
matched_only,graphhop,Classical transductive,imdb,R2,text,6,14.590137666666669,1.776961869917716,13.412861,17.790622,0,Unknown,auto
matched_only,label_propagation,Classical transductive,ag_news,R2,text,2,1.897402,0.0,1.897402,1.897402,0,Unknown,auto
matched_only,label_propagation,Classical transductive,imdb,R2,text,6,1.028786,0.19876004813241518,0.924065,1.432528,0,Unknown,auto
matched_only,label_spreading,Classical transductive,ag_news,R2,text,2,1.710515,0.0,1.710515,1.710515,0,Unknown,auto
matched_only,label_spreading,Classical transductive,imdb,R2,text,6,0.8754766666666667,0.21933911969976233,0.782894,1.323167,0,Unknown,auto
matched_only,lazy_random_walk,Classical transductive,imdb,R2,text,6,20.085519166666668,0.2288228626902628,19.745375,20.410913,0,Unknown,auto
matched_only,mean_teacher,Consistency,ag_news,R2,text,6,592.817903,1.1379671384343293,592.004325,594.966175,0,NVIDIA A100-SXM4-80GB|Unknown,auto
matched_only,mean_teacher,Consistency,imdb,R2,text,6,122.924175,1.174987076393438,122.267458,125.313,0,NVIDIA A100-SXM4-80GB|Unknown,auto
matched_only,pi_model,Consistency,ag_news,R2,text,6,588.841522,1.5937711420848135,587.229985,591.42115,0,NVIDIA A100-SXM4-80GB|Unknown,auto
matched_only,pi_model,Consistency,imdb,R2,text,6,122.16065466666669,0.8952150881672356,121.661678,123.963328,0,NVIDIA A100-SXM4-80GB|Unknown,auto
matched_only,temporal_ensembling,Consistency,ag_news,R2,text,6,752.9983066666667,35.36917680826776,736.799827,824.999321,0,NVIDIA A100-SXM4-80GB|Unknown,auto
matched_only,temporal_ensembling,Consistency,imdb,R2,text,6,152.44539716666668,0.8870865947438129,151.83336,154.200002,0,NVIDIA A100-SXM4-80GB|Unknown,auto
matched_only,vat,Consistency,ag_news,R2,text,2,817.586586,0.0,817.586586,817.586586,0,NVIDIA A100-SXM4-80GB|Unknown,auto
matched_only,vat,Consistency,imdb,R2,text,6,168.51308566666665,0.9566613701298287,167.671632,170.172737,0,NVIDIA A100-SXM4-80GB|Unknown,auto
matched_only,appnp,GNN,ag_news,R2,text,2,81.077869,0.0,81.077869,81.077869,0,Unknown,auto
matched_only,appnp,GNN,imdb,R2,text,6,15.843278166666666,0.8435430649453332,15.151924,17.50029,0,Unknown,auto
matched_only,chebnet,GNN,ag_news,R2,text,2,87.651194,0.0,87.651194,87.651194,0,Unknown,auto
matched_only,chebnet,GNN,imdb,R2,text,6,1.5626410000000002,0.8936928228824487,1.155921,3.385271,0,Unknown,auto
matched_only,gat,GNN,ag_news,R2,text,2,90.521552,0.0,90.521552,90.521552,0,Unknown,auto
matched_only,gat,GNN,imdb,R2,text,6,3.2845295,1.2223326648237376,2.571677,5.759251,0,Unknown,auto
matched_only,gcn,GNN,ag_news,R2,text,2,4.186059,0.0,4.186059,4.186059,0,Unknown,auto
matched_only,gcn,GNN,imdb,R2,text,6,1.4697196666666665,0.8956350774853934,0.997878,3.291228,0,Unknown,auto
matched_only,gcnii,GNN,ag_news,R2,text,2,38.345927,0.0,38.345927,38.345927,0,Unknown,auto
matched_only,gcnii,GNN,imdb,R2,text,6,6.276324333333334,1.2802566591626332,4.282136,7.984816,0,Unknown,auto
matched_only,grafn,GNN,ag_news,R2,text,2,12.412497,0.0,12.412497,12.412497,0,Unknown,auto
matched_only,grafn,GNN,imdb,R2,text,6,4.343975666666667,2.0411584222084938,2.782077,7.033957,0,Unknown,auto
matched_only,grand,GNN,ag_news,R2,text,2,11.853122,0.0,11.853122,11.853122,0,Unknown,auto
matched_only,grand,GNN,imdb,R2,text,6,1.8511406666666668,0.8659310947228228,1.3176,3.593987,0,Unknown,auto
matched_only,graphsage,GNN,ag_news,R2,text,2,6.835728,0.0,6.835728,6.835728,0,Unknown,auto
matched_only,graphsage,GNN,imdb,R2,text,6,1.3805313333333336,0.8207744898213313,0.988334,3.05414,0,Unknown,auto
matched_only,h_gcn,GNN,imdb,R2,text,6,263.78391550000003,1.1259622342359012,262.478986,265.011922,0,Unknown,auto
matched_only,n_gcn,GNN,imdb,R2,text,6,178.8868035,9.734232261420594,164.738854,188.27471,0,Unknown,auto
matched_only,planetoid,GNN,ag_news,R2,text,2,4327.104754,0.0,4327.104754,4327.104754,0,Unknown,auto
matched_only,planetoid,GNN,imdb,R2,text,6,985.3975700000001,5.863494264666176,979.77916,993.889266,0,Unknown,auto
matched_only,sgc,GNN,ag_news,R2,text,2,2.893515,0.0,2.893515,2.893515,0,Unknown,auto
matched_only,sgc,GNN,imdb,R2,text,6,1.8172181666666667,2.437182691079142,0.804041,6.792003,0,Unknown,auto
matched_only,adamatch,Hybrid,ag_news,R2,text,6,604.5752728333333,2.2373074987386525,602.604111,608.62152,0,NVIDIA A100-SXM4-80GB|Unknown,auto
matched_only,adamatch,Hybrid,imdb,R2,text,6,127.16042283333333,0.5292767192557826,126.857753,128.235783,0,NVIDIA A100-SXM4-80GB|Unknown,auto
matched_only,comatch,Hybrid,ag_news,R2,text,6,936.0862318333334,2.6125710108802505,933.433986,941.071664,0,NVIDIA A100-SXM4-80GB|Unknown,auto
matched_only,comatch,Hybrid,imdb,R2,text,6,194.46596366666668,0.7106465054981079,193.65727,195.567135,0,NVIDIA A100-SXM4-80GB|Unknown,auto
matched_only,daso,Hybrid,ag_news,R2,text,6,729.9568905000001,3.623161082701379,725.97353,734.190445,0,NVIDIA A100-SXM4-80GB|Unknown,auto
matched_only,daso,Hybrid,imdb,R2,text,6,146.96520933333332,1.1269205907631006,145.572868,148.888626,0,NVIDIA A100-SXM4-80GB|Unknown,auto
matched_only,defixmatch,Hybrid,ag_news,R2,text,6,729.8137513333332,2.6731528837464884,727.580456,733.280135,0,NVIDIA A100-SXM4-80GB|Unknown,auto
matched_only,defixmatch,Hybrid,imdb,R2,text,6,149.130502,0.8666305748797509,148.649116,150.876011,0,NVIDIA A100-SXM4-80GB|Unknown,auto
matched_only,fixmatch,Hybrid,ag_news,R2,text,6,592.661112,1.4979876607053673,591.218061,595.068265,0,NVIDIA A100-SXM4-80GB|Unknown,auto
matched_only,fixmatch,Hybrid,imdb,R2,text,6,122.29003433333334,0.6694348003854208,121.861287,123.610307,0,NVIDIA A100-SXM4-80GB|Unknown,auto
matched_only,flexmatch,Hybrid,ag_news,R2,text,6,634.92539,2.9311090738953647,631.64586,640.23377,0,NVIDIA A100-SXM4-80GB|Unknown,auto
matched_only,flexmatch,Hybrid,imdb,R2,text,6,126.97011966666666,0.9667409642022345,126.390422,128.926232,0,NVIDIA A100-SXM4-80GB|Unknown,auto
matched_only,free_match,Hybrid,ag_news,R2,text,6,648.7448198333333,0.6723355301390443,648.025856,649.613075,0,NVIDIA A100-SXM4-80GB|Unknown,auto
matched_only,free_match,Hybrid,imdb,R2,text,6,135.10052050000002,1.0986764182141664,134.01411,136.990498,0,NVIDIA A100-SXM4-80GB|Unknown,auto
matched_only,meta_pseudo_labels,Hybrid,ag_news,R2,text,6,1545.5652476666667,2.5459767837824554,1543.500055,1549.843,0,NVIDIA A100-SXM4-80GB|Unknown,auto
matched_only,meta_pseudo_labels,Hybrid,imdb,R2,text,6,204.89367833333336,0.9750199026876678,204.117521,206.755488,0,NVIDIA A100-SXM4-80GB|Unknown,auto
matched_only,mixmatch,Hybrid,ag_news,R2,text,6,989.3804215,2.333421973217172,988.169231,994.123597,0,NVIDIA A100-SXM4-80GB|Unknown,auto
matched_only,mixmatch,Hybrid,imdb,R2,text,6,204.487722,1.0495849080948128,203.947258,206.624778,0,NVIDIA A100-SXM4-80GB|Unknown,auto
matched_only,noisy_student,Hybrid,ag_news,R2,text,6,608.598816,1.7468787950480191,606.010151,611.020079,0,NVIDIA A100-SXM4-80GB|Unknown,auto
matched_only,noisy_student,Hybrid,imdb,R2,text,6,126.502972,0.9390049650475779,125.884844,128.326706,0,NVIDIA A100-SXM4-80GB|Unknown,auto
matched_only,simclr_v2,Hybrid,ag_news,R2,text,6,364.31556383333333,1.549994393772627,363.224989,366.900462,0,NVIDIA A100-SXM4-80GB|Unknown,auto
matched_only,simclr_v2,Hybrid,imdb,R2,text,6,56.400152999999996,0.6822718435169377,56.010244,57.787725,0,NVIDIA A100-SXM4-80GB|Unknown,auto
matched_only,softmatch,Hybrid,ag_news,R2,text,6,616.1728598333334,33.58555518074726,601.311086,684.706883,0,NVIDIA A100-SXM4-80GB|Unknown,auto
matched_only,softmatch,Hybrid,imdb,R2,text,6,124.69922966666667,0.8274350196803782,124.2049,126.378125,0,NVIDIA A100-SXM4-80GB|Unknown,auto
matched_only,uda,Hybrid,ag_news,R2,text,2,606.280588,0.0,606.280588,606.280588,0,NVIDIA A100-SXM4-80GB|Unknown,auto
matched_only,uda,Hybrid,imdb,R2,text,6,123.747697,0.8320479491815348,122.498152,124.896451,0,NVIDIA A100-SXM4-80GB|Unknown,auto
matched_only,adsh,Margin-based inductive,ag_news,R2,text,6,714.956454,0.8776932462909477,713.923477,716.016141,0,NVIDIA A100-SXM4-80GB|Unknown,auto
matched_only,adsh,Margin-based inductive,imdb,R2,text,6,148.817353,1.2631064142392763,147.837185,151.16039,0,NVIDIA A100-SXM4-80GB|Unknown,auto
matched_only,tsvm,Margin-based inductive,imdb,R2,text,6,1.1025711666666669,0.13904597098861457,1.032828,1.385892,0,CPU,auto
matched_only,laplace_learning,PDE/Variational,imdb,R2,text,6,6.269261166666666,1.2958534581257894,5.738226,8.91441,0,Unknown,auto
matched_only,p_laplace_learning,PDE/Variational,ag_news,R2,text,2,38842.250028,0.0,38842.250028,38842.250028,0,CPU,auto
matched_only,p_laplace_learning,PDE/Variational,imdb,R2,text,6,2047.6774071666666,372.61634427022716,1829.928469,2795.80769,0,CPU,auto
matched_only,poisson_learning,PDE/Variational,ag_news,R2,text,2,52.356129,0.0,52.356129,52.356129,0,Unknown,auto
matched_only,poisson_learning,PDE/Variational,imdb,R2,text,6,36.34634383333333,85.47439387535144,1.308518,210.819894,0,Unknown,auto
matched_only,poisson_mbo,PDE/Variational,ag_news,R2,text,2,177.795558,0.0,177.795558,177.795558,0,CPU,auto
matched_only,poisson_mbo,PDE/Variational,imdb,R2,text,6,64.45096116666666,1.3093161851046389,63.474032,66.904342,0,CPU,auto
matched_only,co_training,Wrappers,ag_news,R2,text,6,3.0275365,2.5603739309891242,1.818658,8.246598,0,Unknown,auto
matched_only,co_training,Wrappers,imdb,R2,text,6,33.85536183333333,3.0883971013075002,27.577495,35.45065,0,Unknown,auto
matched_only,deep_co_training,Wrappers,ag_news,R2,text,6,1370.5358671666665,0.902342036168888,1369.822158,1372.325663,0,NVIDIA A100-SXM4-80GB|Unknown,auto
matched_only,deep_co_training,Wrappers,imdb,R2,text,6,281.76824016666666,1.000094086679327,281.208701,283.796566,0,NVIDIA A100-SXM4-80GB|Unknown,auto
matched_only,setred,Wrappers,ag_news,R2,text,6,4.299230666666667,8.970028502932056,0.634162,22.609224,0,Unknown,auto
matched_only,setred,Wrappers,imdb,R2,text,6,1.5925126666666667,1.7821370576624755,0.860519,5.230268,0,Unknown,auto
matched_only,supervised,Baseline,cifar10,R2,vision,6,2.1328825,1.491401554393551,1.307499,5.15141,0,NVIDIA A100-SXM4-80GB|Unknown,auto
matched_only,supervised,Baseline,cifar100,R2,vision,6,2.9299353333333333,3.033081793579637,1.677067,9.121167,0,NVIDIA A100-SXM4-80GB|Unknown,auto
matched_only,supervised,Baseline,mnist,R2,vision,6,1.63745,0.931462057542657,1.197407,3.536544,0,NVIDIA A100-SXM4-80GB|Unknown,auto
matched_only,graph_mincuts,Classical transductive,cifar10,R2,vision,6,3.7326416666666673,3.5272274328944353,1.762757,10.801265,0,CPU,auto
matched_only,graph_mincuts,Classical transductive,cifar100,R2,vision,6,0.38623766666666665,0.40873089057944545,0.200903,1.217296,0,CPU,auto
matched_only,graph_mincuts,Classical transductive,mnist,R2,vision,6,0.48036116666666656,0.3109833751739258,0.345031,1.114964,0,CPU,auto
matched_only,graphhop,Classical transductive,cifar10,R2,vision,6,13.945125833333334,0.9191022918651471,13.332121,15.67437,0,Unknown,auto
matched_only,graphhop,Classical transductive,cifar100,R2,vision,6,30.004653,0.8636604820659558,29.127872,31.652547,0,Unknown,auto
matched_only,graphhop,Classical transductive,mnist,R2,vision,6,14.436346333333333,0.8948644784318273,13.987499,16.25395,0,Unknown,auto
matched_only,label_propagation,Classical transductive,cifar10,R2,vision,2,1.622249,0.0,1.622249,1.622249,0,Unknown,auto
matched_only,label_propagation,Classical transductive,cifar100,R2,vision,6,1.1190095,0.42422286387687785,0.91437,1.980321,0,Unknown,auto
matched_only,label_propagation,Classical transductive,mnist,R2,vision,6,0.8219463333333334,0.27150136957346405,0.707008,1.3761,0,Unknown,auto
matched_only,label_spreading,Classical transductive,cifar10,R2,vision,2,1.004399,0.0,1.004399,1.004399,0,Unknown,auto
matched_only,label_spreading,Classical transductive,cifar100,R2,vision,6,0.6305155000000001,0.23010678362251738,0.526875,1.098912,0,Unknown,auto
matched_only,label_spreading,Classical transductive,mnist,R2,vision,6,0.37436283333333337,0.1763619831941302,0.300329,0.734339,0,Unknown,auto
matched_only,lazy_random_walk,Classical transductive,cifar100,R2,vision,6,0.6737929999999999,0.5819355029138539,0.359952,1.853657,0,Unknown,auto
matched_only,lazy_random_walk,Classical transductive,mnist,R2,vision,6,0.5967846666666667,0.23270771851888936,0.500815,1.071794,0,Unknown,auto
matched_only,mean_teacher,Consistency,cifar10,R2,vision,2,260.167241,0.0,260.167241,260.167241,0,NVIDIA A100-SXM4-80GB|Unknown,auto
matched_only,mean_teacher,Consistency,cifar100,R2,vision,6,268.0412445,10.116655991541036,260.739594,286.814704,0,NVIDIA A100-SXM4-80GB|Unknown,auto
matched_only,mean_teacher,Consistency,mnist,R2,vision,6,310.36980800000003,3.0271921326238234,307.581907,315.80438,0,NVIDIA A100-SXM4-80GB|Unknown,auto
matched_only,pi_model,Consistency,cifar10,R2,vision,6,285.29375266666665,6.6185058980310085,276.422597,291.377218,0,NVIDIA A100-SXM4-80GB|Unknown,auto
matched_only,pi_model,Consistency,cifar100,R2,vision,6,277.738893,9.035030555487952,270.833192,291.54918,0,NVIDIA A100-SXM4-80GB|Unknown,auto
matched_only,pi_model,Consistency,mnist,R2,vision,6,332.664513,7.303156962477802,326.71933,343.652322,0,NVIDIA A100-SXM4-80GB|Unknown,auto
matched_only,temporal_ensembling,Consistency,cifar10,R2,vision,6,292.11933483333337,2.6890551762802097,289.47395,296.637354,0,NVIDIA A100-SXM4-80GB|Unknown,auto
matched_only,temporal_ensembling,Consistency,cifar100,R2,vision,6,299.29807016666666,6.210113974567098,293.622989,308.367084,0,NVIDIA A100-SXM4-80GB|Unknown,auto
matched_only,temporal_ensembling,Consistency,mnist,R2,vision,6,361.3132948333334,8.001479823574273,351.671032,368.757307,0,NVIDIA A100-SXM4-80GB|Unknown,auto
matched_only,vat,Consistency,cifar10,R2,vision,6,383.3817516666666,43.8555819103315,360.802175,471.269971,0,NVIDIA A100-SXM4-80GB|Unknown,auto
matched_only,vat,Consistency,cifar100,R2,vision,6,357.98130433333336,2.811244756109134,354.527719,361.088864,0,NVIDIA A100-SXM4-80GB|Unknown,auto
matched_only,vat,Consistency,mnist,R2,vision,6,439.5460063333333,5.8816285466035145,433.893551,446.998434,0,NVIDIA A100-SXM4-80GB|Unknown,auto
matched_only,appnp,GNN,cifar10,R2,vision,6,27.85676766666667,6.031004560655237,24.344511,39.12138,0,Unknown,auto
matched_only,appnp,GNN,cifar100,R2,vision,6,27.454956,2.733785120294937,26.208066,33.024397,0,Unknown,auto
matched_only,appnp,GNN,mnist,R2,vision,6,2.0110281666666667,1.88479882031313,1.228023,5.858115,0,Unknown,auto
matched_only,chebnet,GNN,cifar10,R2,vision,6,2.314311333333333,0.9890434017762149,1.806317,4.319289,0,Unknown,auto
matched_only,chebnet,GNN,cifar100,R2,vision,6,2.7594065000000003,1.0082950136623212,2.157396,4.796312,0,Unknown,auto
matched_only,chebnet,GNN,mnist,R2,vision,6,3.316493833333334,0.9209089493865107,2.62831,4.62868,0,Unknown,auto
matched_only,gat,GNN,cifar10,R2,vision,6,2.6221558333333337,1.347861024066564,1.841993,5.362906,0,Unknown,auto
matched_only,gat,GNN,cifar100,R2,vision,6,3.7862908333333336,1.036587598720227,3.240295,5.895574,0,Unknown,auto
matched_only,gat,GNN,mnist,R2,vision,6,3.7963715000000007,0.885253675357691,2.664586,5.40294,0,Unknown,auto
matched_only,gcn,GNN,cifar10,R2,vision,6,0.8184975,0.8766561870443282,0.429446,2.607448,0,Unknown,auto
matched_only,gcn,GNN,cifar100,R2,vision,6,1.1543218333333332,0.8309881652686556,0.796379,2.849248,0,Unknown,auto
matched_only,gcn,GNN,mnist,R2,vision,6,0.9817203333333334,0.8016277713127624,0.587985,2.604278,0,Unknown,auto
matched_only,gcnii,GNN,cifar10,R2,vision,6,4.112500166666667,0.8402394122644847,3.651659,5.814374,0,Unknown,auto
matched_only,gcnii,GNN,cifar100,R2,vision,6,5.3854421666666665,0.8041605912697826,4.780209,6.970044,0,Unknown,auto
matched_only,gcnii,GNN,mnist,R2,vision,6,6.7171528333333335,0.623457283467734,6.055182,7.493631,0,Unknown,auto
matched_only,grafn,GNN,cifar10,R2,vision,6,3.535989666666667,2.0053522173673795,2.252707,7.595985,0,Unknown,auto
matched_only,grafn,GNN,cifar100,R2,vision,6,3.6465196666666677,1.284599426817974,2.879585,6.25386,0,Unknown,auto
matched_only,grafn,GNN,mnist,R2,vision,6,5.129194333333333,1.6186373124308813,3.223375,6.894475,0,Unknown,auto
matched_only,grand,GNN,cifar10,R2,vision,6,12.232570833333332,0.6145391327973886,11.851968,13.467562,0,Unknown,auto
matched_only,grand,GNN,cifar100,R2,vision,6,16.116635666666667,0.7860016531238759,15.064671,17.290515,0,Unknown,auto
matched_only,grand,GNN,mnist,R2,vision,6,21.798563166666668,2.1086299891822096,18.671013,23.87795,0,Unknown,auto
matched_only,graphsage,GNN,cifar10,R2,vision,6,1.6344568333333334,0.9167179505331869,1.050114,3.185361,0,Unknown,auto
matched_only,graphsage,GNN,cifar100,R2,vision,6,1.6076296666666667,0.8008748512292458,1.272049,3.242337,0,Unknown,auto
matched_only,graphsage,GNN,mnist,R2,vision,6,1.823470666666667,0.7737448304829355,1.416406,3.379918,0,Unknown,auto
matched_only,h_gcn,GNN,cifar100,R2,vision,6,493.350493,2.6251410306776304,489.538222,497.241729,0,Unknown,auto
matched_only,planetoid,GNN,cifar10,R2,vision,2,1272.343949,0.0,1272.343949,1272.343949,0,Unknown,auto
matched_only,planetoid,GNN,cifar100,R2,vision,2,1295.196583,0.0,1295.196583,1295.196583,0,Unknown,auto
matched_only,planetoid,GNN,mnist,R2,vision,6,1627.8715321666668,10.733322907051281,1618.214363,1642.217327,0,Unknown,auto
matched_only,sgc,GNN,cifar10,R2,vision,2,5.616163,0.0,5.616163,5.616163,0,Unknown,auto
matched_only,sgc,GNN,cifar100,R2,vision,2,2.589816,0.0,2.589816,2.589816,0,Unknown,auto
matched_only,sgc,GNN,mnist,R2,vision,6,0.7211111666666667,0.8091750320783302,0.371567,2.371687,0,Unknown,auto
matched_only,adamatch,Hybrid,cifar10,R2,vision,2,273.736273,0.0,273.736273,273.736273,0,NVIDIA A100-SXM4-80GB|Unknown,auto
matched_only,adamatch,Hybrid,cifar100,R2,vision,2,282.375273,0.0,282.375273,282.375273,0,NVIDIA A100-SXM4-80GB|Unknown,auto
matched_only,adamatch,Hybrid,mnist,R2,vision,6,324.016798,2.7783546351748503,321.208833,326.998577,0,NVIDIA A100-SXM4-80GB|Unknown,auto
matched_only,comatch,Hybrid,cifar10,R2,vision,2,391.188578,0.0,391.188578,391.188578,0,NVIDIA A100-SXM4-80GB|Unknown,auto
matched_only,comatch,Hybrid,cifar100,R2,vision,2,394.68675,0.0,394.68675,394.68675,0,NVIDIA A100-SXM4-80GB|Unknown,auto
matched_only,comatch,Hybrid,mnist,R2,vision,6,470.87478933333324,6.680534078836594,462.918294,482.383825,0,NVIDIA A100-SXM4-80GB|Unknown,auto
matched_only,daso,Hybrid,cifar10,R2,vision,2,355.501324,0.0,355.501324,355.501324,0,NVIDIA A100-SXM4-80GB|Unknown,auto
matched_only,daso,Hybrid,cifar100,R2,vision,2,502.53442,0.0,502.53442,502.53442,0,NVIDIA A100-SXM4-80GB|Unknown,auto
matched_only,daso,Hybrid,mnist,R2,vision,6,427.9014368333333,7.921111436298549,418.913403,435.328392,0,NVIDIA A100-SXM4-80GB|Unknown,auto
matched_only,defixmatch,Hybrid,cifar10,R2,vision,2,365.038239,0.0,365.038239,365.038239,0,NVIDIA A100-SXM4-80GB|Unknown,auto
matched_only,defixmatch,Hybrid,cifar100,R2,vision,6,379.58017483333333,19.990525805047298,365.559825,416.931616,0,NVIDIA A100-SXM4-80GB|Unknown,auto
matched_only,defixmatch,Hybrid,mnist,R2,vision,6,440.2974276666667,2.5793316221001708,437.8438,444.739799,0,NVIDIA A100-SXM4-80GB|Unknown,auto
matched_only,fixmatch,Hybrid,cifar10,R2,vision,2,271.206863,0.0,271.206863,271.206863,0,NVIDIA A100-SXM4-80GB|Unknown,auto
matched_only,fixmatch,Hybrid,cifar100,R2,vision,6,275.9492823333333,8.780739902176553,269.749034,289.252272,0,NVIDIA A100-SXM4-80GB|Unknown,auto
matched_only,fixmatch,Hybrid,mnist,R2,vision,6,319.6479003333333,5.192736108011363,316.950846,330.127705,0,NVIDIA A100-SXM4-80GB|Unknown,auto
matched_only,flexmatch,Hybrid,cifar10,R2,vision,2,321.622503,0.0,321.622503,321.622503,0,NVIDIA A100-SXM4-80GB|Unknown,auto
matched_only,flexmatch,Hybrid,cifar100,R2,vision,6,341.994338,14.465496705230393,326.061051,359.861944,0,NVIDIA A100-SXM4-80GB|Unknown,auto
matched_only,flexmatch,Hybrid,mnist,R2,vision,6,417.1036259999999,12.879264227789108,399.388991,432.392149,0,NVIDIA A100-SXM4-80GB|Unknown,auto
matched_only,free_match,Hybrid,cifar10,R2,vision,2,299.267393,0.0,299.267393,299.267393,0,NVIDIA A100-SXM4-80GB|Unknown,auto
matched_only,free_match,Hybrid,cifar100,R2,vision,6,296.7306996666667,3.2959520606349573,292.744794,299.778775,0,NVIDIA A100-SXM4-80GB|Unknown,auto
matched_only,free_match,Hybrid,mnist,R2,vision,6,345.8293985,2.4877312167149053,342.587708,349.929134,0,NVIDIA A100-SXM4-80GB|Unknown,auto
matched_only,meta_pseudo_labels,Hybrid,cifar10,R2,vision,6,483.81863883333335,2.1211198376632465,482.196572,487.973935,0,NVIDIA A100-SXM4-80GB|Unknown,auto
matched_only,meta_pseudo_labels,Hybrid,cifar100,R2,vision,6,497.0752663333333,16.603177203985727,475.091555,515.48282,0,NVIDIA A100-SXM4-80GB|Unknown,auto
matched_only,meta_pseudo_labels,Hybrid,mnist,R2,vision,6,593.9008136666666,27.963857386966524,571.931556,640.251432,0,NVIDIA A100-SXM4-80GB|Unknown,auto
matched_only,mixmatch,Hybrid,cifar10,R2,vision,2,244.603822,0.0,244.603822,244.603822,0,NVIDIA A100-SXM4-80GB|Unknown,auto
matched_only,mixmatch,Hybrid,cifar100,R2,vision,6,234.80002516666664,7.535921683899437,228.812857,245.505279,0,NVIDIA A100-SXM4-80GB|Unknown,auto
matched_only,mixmatch,Hybrid,mnist,R2,vision,6,280.8340561666667,3.568936563264423,278.329607,287.546228,0,NVIDIA A100-SXM4-80GB|Unknown,auto
matched_only,noisy_student,Hybrid,cifar10,R2,vision,6,250.4403203333333,5.67123222343668,245.564049,260.94289,0,NVIDIA A100-SXM4-80GB|Unknown,auto
matched_only,noisy_student,Hybrid,cifar100,R2,vision,6,256.015628,6.702087470342214,247.186167,263.820688,0,NVIDIA A100-SXM4-80GB|Unknown,auto
matched_only,noisy_student,Hybrid,mnist,R2,vision,6,294.3766151666667,2.04034415254823,290.921831,296.511935,0,NVIDIA A100-SXM4-80GB|Unknown,auto
matched_only,simclr_v2,Hybrid,cifar10,R2,vision,6,109.79877166666667,3.1312689440114605,106.928082,113.039891,0,NVIDIA A100-SXM4-80GB|Unknown,auto
matched_only,simclr_v2,Hybrid,cifar100,R2,vision,6,110.52770783333334,6.430107097587178,106.380648,122.278114,0,NVIDIA A100-SXM4-80GB|Unknown,auto
matched_only,simclr_v2,Hybrid,mnist,R2,vision,6,128.279861,4.7671419627392275,123.968827,135.635163,0,NVIDIA A100-SXM4-80GB|Unknown,auto
matched_only,softmatch,Hybrid,cifar10,R2,vision,6,284.0245533333333,5.762276287995653,276.948694,289.965023,0,NVIDIA A100-SXM4-80GB|Unknown,auto
matched_only,softmatch,Hybrid,cifar100,R2,vision,6,277.0626265,4.992138991481209,271.198712,284.931065,0,NVIDIA A100-SXM4-80GB|Unknown,auto
matched_only,softmatch,Hybrid,mnist,R2,vision,6,327.47743349999996,0.859594473593637,326.416317,329.004496,0,NVIDIA A100-SXM4-80GB|Unknown,auto
matched_only,uda,Hybrid,cifar10,R2,vision,6,278.0602823333333,9.496581668722323,270.145129,292.873803,0,NVIDIA A100-SXM4-80GB|Unknown,auto
matched_only,uda,Hybrid,cifar100,R2,vision,6,270.4963653333333,2.276022980361111,267.615873,274.22948,0,NVIDIA A100-SXM4-80GB|Unknown,auto
matched_only,uda,Hybrid,mnist,R2,vision,6,323.98934533333335,1.6620199124589015,322.907625,327.322179,0,NVIDIA A100-SXM4-80GB|Unknown,auto
matched_only,adsh,Margin-based inductive,cifar10,R2,vision,2,320.529086,0.0,320.529086,320.529086,0,NVIDIA A100-SXM4-80GB|Unknown,auto
matched_only,adsh,Margin-based inductive,cifar100,R2,vision,2,365.891546,0.0,365.891546,365.891546,0,NVIDIA A100-SXM4-80GB|Unknown,auto
matched_only,adsh,Margin-based inductive,mnist,R2,vision,6,369.1624478333333,4.056939711963895,364.741864,374.146669,0,NVIDIA A100-SXM4-80GB|Unknown,auto
matched_only,laplace_learning,PDE/Variational,cifar100,R2,vision,6,29.224280333333336,9.619833746728364,9.740749,35.078055,0,Unknown,auto
matched_only,laplace_learning,PDE/Variational,mnist,R2,vision,6,13.660225333333335,0.22722873923134526,13.524545,14.121444,0,Unknown,auto
matched_only,poisson_learning,PDE/Variational,cifar10,R2,vision,2,44.274254,0.0,44.274254,44.274254,0,Unknown,auto
matched_only,poisson_learning,PDE/Variational,cifar100,R2,vision,2,445.677751,0.0,445.677751,445.677751,0,Unknown,auto
matched_only,poisson_learning,PDE/Variational,mnist,R2,vision,6,55.64646866666667,0.24102729526812192,55.402348,56.032501,0,Unknown,auto
matched_only,poisson_mbo,PDE/Variational,cifar10,R2,vision,2,123.052244,0.0,123.052244,123.052244,0,CPU,auto
matched_only,poisson_mbo,PDE/Variational,cifar100,R2,vision,2,928.894767,0.0,928.894767,928.894767,0,CPU,auto
matched_only,poisson_mbo,PDE/Variational,mnist,R2,vision,6,160.0661501666667,0.5638574318951316,159.350059,160.621406,0,CPU,auto
matched_only,co_training,Wrappers,cifar10,R2,vision,2,9.100124,0.0,9.100124,9.100124,0,Unknown,auto
matched_only,co_training,Wrappers,cifar100,R2,vision,2,1821.682261,0.0,1821.682261,1821.682261,0,Unknown,auto
matched_only,co_training,Wrappers,mnist,R2,vision,6,6.738302999999999,1.756076728307166,5.751536,10.301977,0,Unknown,auto
matched_only,deep_co_training,Wrappers,cifar10,R2,vision,6,649.8560373333333,55.374656771110786,623.591092,762.65648,0,NVIDIA A100-SXM4-80GB|Unknown,auto
matched_only,deep_co_training,Wrappers,cifar100,R2,vision,6,629.0988166666667,7.751071707156528,620.961884,641.402512,0,NVIDIA A100-SXM4-80GB|Unknown,auto
matched_only,deep_co_training,Wrappers,mnist,R2,vision,6,731.8152095,9.650504054190373,721.506687,743.094709,0,NVIDIA A100-SXM4-80GB|Unknown,auto
matched_only,democratic_co_learning,Wrappers,cifar10,R2,vision,2,162.68162,0.0,162.68162,162.68162,0,NVIDIA A100-SXM4-80GB|Unknown,auto
matched_only,democratic_co_learning,Wrappers,cifar100,R2,vision,6,1837.5940423333334,325.66638559011176,1281.076015,2191.85674,0,NVIDIA A100-SXM4-80GB|Unknown,auto
matched_only,democratic_co_learning,Wrappers,mnist,R2,vision,6,548.2069031666666,865.1476832943348,169.936712,2313.995691,0,NVIDIA A100-SXM4-80GB|Unknown,auto
matched_only,pseudo_label,Wrappers,cifar10,R2,vision,6,2.270504666666667,1.3556836526707354,1.639783,5.034512,0,NVIDIA A100-SXM4-80GB|Unknown,auto
matched_only,pseudo_label,Wrappers,cifar100,R2,vision,6,3.1300193333333333,1.989722085534527,2.205582,7.187051,0,NVIDIA A100-SXM4-80GB|Unknown,auto
matched_only,pseudo_label,Wrappers,mnist,R2,vision,6,2.0559148333333335,0.9766786456491031,1.594782,4.046771,0,NVIDIA A100-SXM4-80GB|Unknown,auto
matched_only,self_training,Wrappers,cifar10,R2,vision,6,1.8444501666666664,1.1223043121664313,1.384428,4.135342,0,NVIDIA A100-SXM4-80GB|Unknown,auto
matched_only,self_training,Wrappers,cifar100,R2,vision,6,2.365884,0.930190196205701,1.981595,4.264592,0,NVIDIA A100-SXM4-80GB|Unknown,auto
matched_only,self_training,Wrappers,mnist,R2,vision,6,1.8325808333333333,1.0503271033258956,1.402108,3.976543,0,NVIDIA A100-SXM4-80GB|Unknown,auto
matched_only,setred,Wrappers,cifar10,R2,vision,6,3.508279333333333,2.520854723700092,2.31015,8.650915,0,Unknown,auto
matched_only,setred,Wrappers,cifar100,R2,vision,6,242.604076,38.60038638721231,209.998424,318.821327,0,Unknown,auto
matched_only,setred,Wrappers,mnist,R2,vision,6,3.6652278333333332,1.537379336241439,2.850233,6.794538,0,Unknown,auto
matched_only,tri_training,Wrappers,cifar10,R2,vision,6,2203.837034333333,314.84260706701616,1801.329342,2455.708561,0,NVIDIA A100-SXM4-80GB|Unknown,auto
matched_only,tri_training,Wrappers,cifar100,R2,vision,6,1427.3432383333331,606.4070032488893,678.062864,2103.217954,0,NVIDIA A100-SXM4-80GB|Unknown,auto
matched_only,tri_training,Wrappers,mnist,R2,vision,6,2661.6033841666667,194.71115729629193,2412.012085,2819.291664,0,NVIDIA A100-SXM4-80GB|Unknown,auto
matched_only,supervised,Baseline,citeseer,R3,graph,6,1.3178048333333332,2.7634486742576874,0.163772,6.958609,0,NVIDIA A100-SXM4-80GB|Unknown,auto
matched_only,supervised,Baseline,cora,R3,graph,6,1.340186166666667,2.6574076137342133,0.210683,6.764393,0,Tesla V100-SXM2-32GB|Unknown,auto
matched_only,supervised,Baseline,pubmed,R3,graph,6,1.1101861666666666,2.334338852625078,0.155643,5.875135,0,NVIDIA A100-SXM4-80GB|Unknown,auto
matched_only,dynamic_label_propagation,Classical transductive,citeseer,R3,graph,6,0.7024263333333334,0.22455766057266152,0.603619,1.16062,0,Unknown,auto
matched_only,dynamic_label_propagation,Classical transductive,cora,R3,graph,6,0.8174358333333333,0.341414136912587,0.544337,1.394477,0,Unknown,auto
matched_only,dynamic_label_propagation,Classical transductive,pubmed,R3,graph,6,54.13557116666667,1.8233914324101026,52.565139,57.394942,0,Unknown,auto
matched_only,graph_mincuts,Classical transductive,citeseer,R3,graph,6,0.10988649999999998,0.15032833428432577,0.048051,0.416741,0,CPU,auto
matched_only,graph_mincuts,Classical transductive,cora,R3,graph,6,0.20316883333333335,0.30119357973397554,0.071293,0.817632,0,CPU,auto
matched_only,graph_mincuts,Classical transductive,pubmed,R3,graph,6,0.22432133333333334,0.28323847778906497,0.100512,0.802349,0,CPU,auto
matched_only,graphhop,Classical transductive,citeseer,R3,graph,6,11.014168499999998,0.9008458384508974,10.394446,12.65726,0,Unknown,auto
matched_only,graphhop,Classical transductive,cora,R3,graph,6,17.32869133333333,1.3438684246930817,16.027577,19.645625,0,Unknown,auto
matched_only,graphhop,Classical transductive,pubmed,R3,graph,6,14.290988500000003,3.469856868775066,11.347845,20.965074,0,Unknown,auto
matched_only,label_propagation,Classical transductive,citeseer,R3,graph,6,0.19334600000000002,0.16009958893388826,0.126024,0.520119,0,Unknown,auto
matched_only,label_propagation,Classical transductive,cora,R3,graph,6,0.20202066666666663,0.151260187578446,0.13865,0.510761,0,Unknown,auto
matched_only,label_propagation,Classical transductive,pubmed,R3,graph,6,0.29784666666666665,0.3204604756319672,0.131022,0.949136,0,Unknown,auto
matched_only,label_spreading,Classical transductive,citeseer,R3,graph,6,0.20390866666666665,0.23489180599302878,0.106383,0.683368,0,Unknown,auto
matched_only,label_spreading,Classical transductive,cora,R3,graph,6,0.18761016666666666,0.16964193144552048,0.116784,0.533882,0,Unknown,auto
matched_only,label_spreading,Classical transductive,pubmed,R3,graph,6,0.16580683333333332,0.15441871484300945,0.100695,0.480987,0,Unknown,auto
matched_only,lazy_random_walk,Classical transductive,citeseer,R3,graph,6,0.20834933333333336,0.23895536316698704,0.10669,0.696096,0,Unknown,auto
matched_only,lazy_random_walk,Classical transductive,cora,R3,graph,6,0.21905916666666667,0.21991839996454746,0.10821,0.667412,0,Unknown,auto
matched_only,lazy_random_walk,Classical transductive,pubmed,R3,graph,6,1.6881488333333332,0.26130077251505907,1.575448,2.221462,0,Unknown,auto
matched_only,mean_teacher,Consistency,citeseer,R3,graph,6,1.4323781666666668,2.7846090396513774,0.293131,7.116437,0,NVIDIA A100-SXM4-80GB|Unknown,auto
matched_only,mean_teacher,Consistency,cora,R3,graph,6,1.5177551666666667,2.729982930301244,0.398174,7.090304,0,Tesla V100-SXM2-32GB|Unknown,auto
matched_only,mean_teacher,Consistency,pubmed,R3,graph,6,1.2184968333333333,2.302027342763627,0.276788,5.917488,0,NVIDIA A100-SXM4-80GB|Unknown,auto
matched_only,pi_model,Consistency,citeseer,R3,graph,6,1.4175321666666667,2.7614784716717544,0.285591,7.054374,0,NVIDIA A100-SXM4-80GB|Unknown,auto
matched_only,pi_model,Consistency,cora,R3,graph,6,1.5137913333333335,2.730160813852742,0.392599,7.086696,0,Tesla V100-SXM2-32GB|Unknown,auto
matched_only,pi_model,Consistency,pubmed,R3,graph,6,1.2104975,2.2973449613487955,0.271128,5.899933,0,NVIDIA A100-SXM4-80GB|Unknown,auto
matched_only,temporal_ensembling,Consistency,citeseer,R3,graph,6,1.4419739999999999,2.746930371597067,0.312997,7.049105,0,NVIDIA A100-SXM4-80GB|Unknown,auto
matched_only,temporal_ensembling,Consistency,cora,R3,graph,6,1.531033,2.6935056549652168,0.425916,7.029109,0,Tesla V100-SXM2-32GB|Unknown,auto
matched_only,temporal_ensembling,Consistency,pubmed,R3,graph,6,3.7394955000000007,8.376590568422328,0.306694,20.838073,0,NVIDIA A100-SXM4-80GB|Unknown,auto
matched_only,vat,Consistency,citeseer,R3,graph,6,1.5149268333333332,2.8424612606830313,0.350559,7.317072,0,NVIDIA A100-SXM4-80GB|Unknown,auto
matched_only,vat,Consistency,cora,R3,graph,6,1.5579900000000002,2.6315588780470027,0.477261,6.929631,0,Tesla V100-SXM2-32GB|Unknown,auto
matched_only,vat,Consistency,pubmed,R3,graph,6,1.2649571666666668,2.2850680543961412,0.327028,5.929328,0,NVIDIA A100-SXM4-80GB|Unknown,auto
matched_only,appnp,GNN,citeseer,R3,graph,6,0.8388971666666666,1.1309372353202307,0.368391,3.147382,0,Unknown,auto
matched_only,appnp,GNN,cora,R3,graph,6,0.9506988333333334,0.9345056081009715,0.540133,2.856949,0,Unknown,auto
matched_only,appnp,GNN,pubmed,R3,graph,6,1.1302515,0.8356440912991008,0.616581,2.788166,0,Unknown,auto
matched_only,chebnet,GNN,citeseer,R3,graph,6,0.9548494999999999,0.902166210272974,0.572492,2.796022,0,Unknown,auto
matched_only,chebnet,GNN,cora,R3,graph,6,1.2549103333333333,0.8632344500717442,0.486794,2.791479,0,Unknown,auto
matched_only,chebnet,GNN,pubmed,R3,graph,6,1.5949633333333333,0.877485855550428,0.744673,3.295582,0,Unknown,auto
matched_only,gat,GNN,citeseer,R3,graph,6,1.3557231666666667,0.984486663057335,0.694654,3.336105,0,Unknown,auto
matched_only,gat,GNN,cora,R3,graph,6,1.9184031666666668,0.9602524577054549,1.487951,3.878071,0,Unknown,auto
matched_only,gat,GNN,pubmed,R3,graph,6,2.118324833333333,1.957054185410656,1.316668,6.113144,0,Unknown,auto
matched_only,gcn,GNN,citeseer,R3,graph,6,0.7672246666666666,0.9091850393198662,0.292555,2.617006,0,Unknown,auto
matched_only,gcn,GNN,cora,R3,graph,6,0.8645565,0.999038279660144,0.342128,2.890493,0,Unknown,auto
matched_only,gcn,GNN,pubmed,R3,graph,6,0.7499993333333334,0.836878173551364,0.373904,2.456259,0,Unknown,auto
matched_only,gcnii,GNN,citeseer,R3,graph,6,1.4434813333333334,1.148488147541396,0.951057,3.787627,0,Unknown,auto
matched_only,gcnii,GNN,cora,R3,graph,6,2.1131381666666664,0.9774430963470797,1.677626,4.107747,0,Unknown,auto
matched_only,gcnii,GNN,pubmed,R3,graph,6,2.7626445,1.0493657710399649,1.830888,4.347192,0,Unknown,auto
matched_only,grafn,GNN,citeseer,R3,graph,6,1.34209,0.8346254683861499,0.691852,2.968681,0,Unknown,auto
matched_only,grafn,GNN,cora,R3,graph,6,2.071241666666667,1.058349044159566,1.293416,4.01473,0,Unknown,auto
matched_only,grafn,GNN,pubmed,R3,graph,6,1.8484931666666666,1.0772848827036265,1.139044,3.996612,0,Unknown,auto
matched_only,grand,GNN,citeseer,R3,graph,6,3.663572166666667,0.9606662584773997,3.177432,5.620333,0,Unknown,auto
matched_only,grand,GNN,cora,R3,graph,6,3.0336538333333336,0.9689337832110955,2.436005,4.944958,0,Unknown,auto
matched_only,grand,GNN,pubmed,R3,graph,6,6.985171333333334,1.8348256795061126,5.076971,9.160194,0,Unknown,auto
matched_only,graphsage,GNN,citeseer,R3,graph,6,0.8767360000000001,0.7957105049194714,0.311088,2.413643,0,Unknown,auto
matched_only,graphsage,GNN,cora,R3,graph,6,1.0675223333333335,1.4234639966162357,0.398915,3.96297,0,Unknown,auto
matched_only,graphsage,GNN,pubmed,R3,graph,6,0.8393751666666667,0.8859306075137977,0.395401,2.644892,0,Unknown,auto
matched_only,h_gcn,GNN,citeseer,R3,graph,6,2.687522833333334,0.8689120047761839,2.096011,4.441829,0,Unknown,auto
matched_only,h_gcn,GNN,cora,R3,graph,6,2.9328915,2.347957763609367,1.744547,7.705095,0,Unknown,auto
matched_only,h_gcn,GNN,pubmed,R3,graph,6,32.837517166666665,6.4619144587422515,29.410739,45.926902,0,Unknown,auto
matched_only,n_gcn,GNN,citeseer,R3,graph,6,13.155851,0.862627074556555,12.736525,14.905739,0,Unknown,auto
matched_only,n_gcn,GNN,cora,R3,graph,6,6.051763333333334,0.9256864316135711,5.650686,7.93935,0,Unknown,auto
matched_only,n_gcn,GNN,pubmed,R3,graph,6,91.43719599999999,5.108451112708511,86.058189,101.027691,0,Unknown,auto
matched_only,planetoid,GNN,citeseer,R3,graph,6,39.852047500000005,1.4623358402152022,39.20591,42.834836,0,Unknown,auto
matched_only,planetoid,GNN,cora,R3,graph,6,161.46983066666667,3.122035052716397,159.897219,167.826165,0,Unknown,auto
matched_only,planetoid,GNN,pubmed,R3,graph,6,310.259867,10.215084761305745,303.315263,328.358269,0,Unknown,auto
matched_only,sgc,GNN,citeseer,R3,graph,6,0.49324983333333333,0.8655643565268656,0.137807,2.260065,0,Unknown,auto
matched_only,sgc,GNN,cora,R3,graph,6,0.6082643333333332,1.0942201346768696,0.160493,2.841831,0,Unknown,auto
matched_only,sgc,GNN,pubmed,R3,graph,6,0.9640720000000002,1.9406583573081586,0.160004,4.925378,0,Unknown,auto
matched_only,adamatch,Hybrid,citeseer,R3,graph,6,29.89390966666667,72.43716320236422,0.310753,177.755649,0,NVIDIA A100-SXM4-80GB|Unknown,auto
matched_only,adamatch,Hybrid,cora,R3,graph,6,3.481393166666667,7.468442557742127,0.419255,18.726277,0,Tesla V100-SXM2-32GB|Unknown,auto
matched_only,adamatch,Hybrid,pubmed,R3,graph,6,4.032298333333333,9.138799707819024,0.299506,22.686795,0,NVIDIA A100-SXM4-80GB|Unknown,auto
matched_only,comatch,Hybrid,citeseer,R3,graph,6,1.675173,3.0719652514133036,0.416442,7.945789,0,NVIDIA A100-SXM4-80GB|Unknown,auto
matched_only,comatch,Hybrid,cora,R3,graph,6,1.693418,2.7363034333926493,0.573773,7.278873,0,Tesla V100-SXM2-32GB|Unknown,auto
matched_only,comatch,Hybrid,pubmed,R3,graph,6,1.3401515,2.352848932982545,0.378736,6.142884,0,NVIDIA A100-SXM4-80GB|Unknown,auto
matched_only,daso,Hybrid,citeseer,R3,graph,6,1.6870375,3.197616528153728,0.378688,8.214143,0,NVIDIA A100-SXM4-80GB|Unknown,auto
matched_only,daso,Hybrid,cora,R3,graph,6,1.619064,2.662457639933376,0.52313,7.053772,0,Tesla V100-SXM2-32GB|Unknown,auto
matched_only,daso,Hybrid,pubmed,R3,graph,6,1.2989888333333333,2.342497989546067,0.340478,6.080592,0,NVIDIA A100-SXM4-80GB|Unknown,auto
matched_only,defixmatch,Hybrid,citeseer,R3,graph,6,1.5095516666666666,2.768458622124135,0.373811,7.160641,0,NVIDIA A100-SXM4-80GB|Unknown,auto
matched_only,defixmatch,Hybrid,cora,R3,graph,6,1.6376716666666666,2.7543380388444456,0.498557,7.259916,0,Tesla V100-SXM2-32GB|Unknown,auto
matched_only,defixmatch,Hybrid,pubmed,R3,graph,6,1.3033033333333333,2.3377674095088814,0.348255,6.075251,0,NVIDIA A100-SXM4-80GB|Unknown,auto
matched_only,fixmatch,Hybrid,citeseer,R3,graph,6,1.4363381666666666,2.7793326405127847,0.299783,7.109625,0,NVIDIA A100-SXM4-80GB|Unknown,auto
matched_only,fixmatch,Hybrid,cora,R3,graph,6,1.5100793333333336,2.7457265932456325,0.379039,7.11476,0,Tesla V100-SXM2-32GB|Unknown,auto
matched_only,fixmatch,Hybrid,pubmed,R3,graph,6,4.846290166666666,7.30825486489442,1.047292,19.732307,0,NVIDIA A100-SXM4-80GB|Unknown,auto
matched_only,flexmatch,Hybrid,citeseer,R3,graph,6,1.4296066666666667,2.7442257335877214,0.306232,7.031233,0,NVIDIA A100-SXM4-80GB|Unknown,auto
matched_only,flexmatch,Hybrid,cora,R3,graph,6,1.566476,2.8329423284631834,0.401973,7.349188,0,Tesla V100-SXM2-32GB|Unknown,auto
matched_only,flexmatch,Hybrid,pubmed,R3,graph,6,2.796516,6.161474291867523,0.277284,15.373571,0,NVIDIA A100-SXM4-80GB|Unknown,auto
matched_only,free_match,Hybrid,citeseer,R3,graph,6,1.5276105,2.845447754739683,0.362094,7.335854,0,NVIDIA A100-SXM4-80GB|Unknown,auto
matched_only,free_match,Hybrid,cora,R3,graph,6,1.6453008333333337,2.7741861242302703,0.502154,7.308071,0,Tesla V100-SXM2-32GB|Unknown,auto
matched_only,free_match,Hybrid,pubmed,R3,graph,6,1.398739,2.5710842531542992,0.347356,6.646942,0,NVIDIA A100-SXM4-80GB|Unknown,auto
matched_only,meta_pseudo_labels,Hybrid,citeseer,R3,graph,6,1.595637,2.78015205380159,0.454804,7.270595,0,NVIDIA A100-SXM4-80GB|Unknown,auto
matched_only,meta_pseudo_labels,Hybrid,cora,R3,graph,6,1.7415399999999999,2.694374228430639,0.626494,7.241385,0,Tesla V100-SXM2-32GB|Unknown,auto
matched_only,meta_pseudo_labels,Hybrid,pubmed,R3,graph,6,1.3674283333333337,2.3014771055608323,0.421401,6.065286,0,NVIDIA A100-SXM4-80GB|Unknown,auto
matched_only,mixmatch,Hybrid,citeseer,R3,graph,6,1.4424843333333335,2.782937221696434,0.305458,7.123131,0,NVIDIA A100-SXM4-80GB|Unknown,auto
matched_only,mixmatch,Hybrid,cora,R3,graph,6,1.5011388333333333,2.632140909113296,0.417071,6.87392,0,Tesla V100-SXM2-32GB|Unknown,auto
matched_only,mixmatch,Hybrid,pubmed,R3,graph,6,1.2297693333333333,2.309782559744849,0.284789,5.944591,0,NVIDIA A100-SXM4-80GB|Unknown,auto
matched_only,noisy_student,Hybrid,citeseer,R3,graph,6,1.4132821666666666,2.732317893942461,0.295514,6.990602,0,NVIDIA A100-SXM4-80GB|Unknown,auto
matched_only,noisy_student,Hybrid,cora,R3,graph,6,1.4852376666666667,2.642355074586659,0.401257,6.878914,0,Tesla V100-SXM2-32GB|Unknown,auto
matched_only,noisy_student,Hybrid,pubmed,R3,graph,6,1.233854,2.3266621025144154,0.281367,5.983132,0,NVIDIA A100-SXM4-80GB|Unknown,auto
matched_only,simclr_v2,Hybrid,citeseer,R3,graph,6,1.3929533333333335,2.7763888382313215,0.255786,7.060232,0,NVIDIA A100-SXM4-80GB|Unknown,auto
matched_only,simclr_v2,Hybrid,cora,R3,graph,6,1.453188,2.7524944628201524,0.327203,7.071692,0,Tesla V100-SXM2-32GB|Unknown,auto
matched_only,simclr_v2,Hybrid,pubmed,R3,graph,6,1.2037603333333335,2.3516071209816203,0.241037,6.003957,0,NVIDIA A100-SXM4-80GB|Unknown,auto
matched_only,softmatch,Hybrid,citeseer,R3,graph,6,1.4353868333333333,2.7541998214235233,0.308939,7.057373,0,NVIDIA A100-SXM4-80GB|Unknown,auto
matched_only,softmatch,Hybrid,cora,R3,graph,6,1.5034551666666667,2.6494086323863604,0.415,6.911517,0,Tesla V100-SXM2-32GB|Unknown,auto
matched_only,softmatch,Hybrid,pubmed,R3,graph,6,1.2482875000000002,2.3274880977414902,0.296152,5.999251,0,NVIDIA A100-SXM4-80GB|Unknown,auto
matched_only,uda,Hybrid,citeseer,R3,graph,6,1.4532105,2.822556866908637,0.299329,7.21473,0,NVIDIA A100-SXM4-80GB|Unknown,auto
matched_only,uda,Hybrid,cora,R3,graph,6,1.456752833333333,2.5869782585511163,0.395652,6.737384,0,Tesla V100-SXM2-32GB|Unknown,auto
matched_only,uda,Hybrid,pubmed,R3,graph,6,1.2191891666666665,2.3114539836756793,0.27112,5.937413,0,NVIDIA A100-SXM4-80GB|Unknown,auto
matched_only,adsh,Margin-based inductive,citeseer,R3,graph,6,1.7968626666666667,3.524924841855081,0.34963,8.992062,0,NVIDIA A100-SXM4-80GB|Unknown,auto
matched_only,adsh,Margin-based inductive,cora,R3,graph,6,1.655913166666667,2.829476959126433,0.490322,7.431515,0,Tesla V100-SXM2-32GB|Unknown,auto
matched_only,adsh,Margin-based inductive,pubmed,R3,graph,6,1.2828845,2.3609205735521686,0.316622,6.102089,0,NVIDIA A100-SXM4-80GB|Unknown,auto
matched_only,laplace_learning,PDE/Variational,citeseer,R3,graph,6,0.21990150000000006,0.3109011940168452,0.091952,0.854523,0,Unknown,auto
matched_only,laplace_learning,PDE/Variational,cora,R3,graph,6,0.19691583333333332,0.27512253336534737,0.078608,0.758359,0,Unknown,auto
matched_only,laplace_learning,PDE/Variational,pubmed,R3,graph,6,0.6539223333333334,0.4014290835789886,0.486528,1.473326,0,Unknown,auto
matched_only,p_laplace_learning,PDE/Variational,citeseer,R3,graph,6,454.91308966666674,13.898461005493008,426.721213,462.292999,0,CPU,auto
matched_only,p_laplace_learning,PDE/Variational,cora,R3,graph,6,916.2673406666668,3.8327315202799777,911.377464,920.376236,0,CPU,auto
matched_only,p_laplace_learning,PDE/Variational,pubmed,R3,graph,6,3168.8981406666667,36.24810640184301,3121.281516,3211.195165,0,CPU,auto
matched_only,poisson_learning,PDE/Variational,citeseer,R3,graph,6,0.3134341666666667,0.05929585201822019,0.267781,0.420989,0,Unknown,auto
matched_only,poisson_learning,PDE/Variational,cora,R3,graph,6,0.3652181666666667,0.06137875972815568,0.318796,0.47967,0,Unknown,auto
matched_only,poisson_learning,PDE/Variational,pubmed,R3,graph,6,0.30385616666666665,0.0836592898282472,0.265329,0.474518,0,Unknown,auto
matched_only,poisson_mbo,PDE/Variational,citeseer,R3,graph,6,2.1030953333333335,0.02731091100396814,2.084395,2.157299,0,CPU,auto
matched_only,poisson_mbo,PDE/Variational,cora,R3,graph,6,4.54674,0.06245668582305642,4.496043,4.644111,0,CPU,auto
matched_only,poisson_mbo,PDE/Variational,pubmed,R3,graph,6,12.525936166666668,0.046491855735888744,12.496601,12.6195,0,CPU,auto
matched_only,co_training,Wrappers,citeseer,R3,graph,6,4.369327833333333,3.397693955042238,2.550705,11.287874,0,NVIDIA A100-SXM4-80GB|Unknown,auto
matched_only,co_training,Wrappers,cora,R3,graph,6,6.543712,3.090173239703366,3.64071,12.469577,0,Tesla V100-SXM2-32GB|Unknown,auto
matched_only,co_training,Wrappers,pubmed,R3,graph,6,3.1754848333333334,2.32929800533718,2.064362,7.920923,0,NVIDIA A100-SXM4-80GB|Unknown,auto
matched_only,deep_co_training,Wrappers,citeseer,R3,graph,6,2.1501566666666667,3.589680483635148,0.674861,9.477541,0,NVIDIA A100-SXM4-80GB|Unknown,auto
matched_only,deep_co_training,Wrappers,cora,R3,graph,6,2.5858715,4.030269973349466,0.937578,10.812623,0,Tesla V100-SXM2-32GB|Unknown,auto
matched_only,deep_co_training,Wrappers,pubmed,R3,graph,6,1.5709735,2.2711633323108003,0.639373,6.206955,0,NVIDIA A100-SXM4-80GB|Unknown,auto
matched_only,democratic_co_learning,Wrappers,citeseer,R3,graph,6,5.2983855,3.051037587027387,3.571207,11.45511,0,NVIDIA A100-SXM4-80GB|Unknown,auto
matched_only,democratic_co_learning,Wrappers,cora,R3,graph,6,7.702870666666667,3.194009554743484,5.530621,14.140757,0,Tesla V100-SXM2-32GB|Unknown,auto
matched_only,democratic_co_learning,Wrappers,pubmed,R3,graph,6,3.5598343333333333,2.4546995462021557,1.467314,8.313195,0,NVIDIA A100-SXM4-80GB|Unknown,auto
matched_only,pseudo_label,Wrappers,citeseer,R3,graph,6,1.4664485,2.7415580163970814,0.26154,7.060887,0,NVIDIA A100-SXM4-80GB|Unknown,auto
matched_only,pseudo_label,Wrappers,cora,R3,graph,6,2.2201238333333335,4.326899146177245,0.363739,11.051864,0,Tesla V100-SXM2-32GB|Unknown,auto
matched_only,pseudo_label,Wrappers,pubmed,R3,graph,6,1.1842536666666668,2.297971994188412,0.242037,5.874963,0,NVIDIA A100-SXM4-80GB|Unknown,auto
matched_only,self_training,Wrappers,citeseer,R3,graph,6,1.452833,2.71943673642966,0.263975,7.002198,0,NVIDIA A100-SXM4-80GB|Unknown,auto
matched_only,self_training,Wrappers,cora,R3,graph,6,1.5471934999999999,2.6833693965711656,0.367345,7.023905,0,Tesla V100-SXM2-32GB|Unknown,auto
matched_only,self_training,Wrappers,pubmed,R3,graph,6,1.1848613333333333,2.298819045633446,0.24583,5.877306,0,NVIDIA A100-SXM4-80GB|Unknown,auto
matched_only,setred,Wrappers,citeseer,R3,graph,6,1.4631699999999999,2.7487643316886228,0.262834,7.072411,0,NVIDIA A100-SXM4-80GB|Unknown,auto
matched_only,setred,Wrappers,cora,R3,graph,6,1.5447508333333335,2.6948010768738695,0.359695,7.044802,0,Tesla V100-SXM2-32GB|Unknown,auto
matched_only,setred,Wrappers,pubmed,R3,graph,6,1.1970201666666667,2.3062031166754084,0.245022,5.904429,0,NVIDIA A100-SXM4-80GB|Unknown,auto
matched_only,tri_training,Wrappers,citeseer,R3,graph,6,4.315800833333333,2.8914585175206247,2.698109,10.172723,0,NVIDIA A100-SXM4-80GB|Unknown,auto
matched_only,tri_training,Wrappers,cora,R3,graph,6,5.577408666666667,2.3978543067931106,4.151388,10.356329,0,Tesla V100-SXM2-32GB|Unknown,auto
matched_only,tri_training,Wrappers,pubmed,R3,graph,6,3.1865210000000004,3.4120950702759734,1.445915,10.135704,0,NVIDIA A100-SXM4-80GB|Unknown,auto
matched_only,trinet,Wrappers,citeseer,R3,graph,6,2.154943,2.7869167757769158,0.943581,7.843122,0,NVIDIA A100-SXM4-80GB|Unknown,auto
matched_only,trinet,Wrappers,cora,R3,graph,6,2.7229321666666664,2.790305187816373,1.503336,8.415799,0,Tesla V100-SXM2-32GB|Unknown,auto
matched_only,trinet,Wrappers,pubmed,R3,graph,6,1.472213,2.2975401175944676,0.530912,6.162043,0,NVIDIA A100-SXM4-80GB|Unknown,auto
matched_only,supervised,Baseline,adult,R3,tabular,6,0.9333603333333332,1.5554970982604457,0.295933,4.108503,0,NVIDIA A100-SXM4-80GB|Unknown,auto
matched_only,supervised,Baseline,breast_cancer,R3,tabular,6,2.2558455,4.477088357572218,0.346147,11.39354,0,Tesla V100-SXM2-32GB|Unknown,auto
matched_only,supervised,Baseline,iris,R3,tabular,6,0.7680483333333332,1.64499033239915,0.093153,4.125868,0,NVIDIA A100-SXM4-80GB|Unknown,auto
matched_only,dynamic_label_propagation,Classical transductive,adult,R3,tabular,6,765.1444231666668,0.9769315072375346,764.532599,767.089723,0,Unknown,auto
matched_only,dynamic_label_propagation,Classical transductive,breast_cancer,R3,tabular,6,2.2170229999999997,3.4658240648578227,0.470856,9.275418,0,Unknown,auto
matched_only,dynamic_label_propagation,Classical transductive,iris,R3,tabular,6,0.4549358333333333,0.9240173769765191,0.076826,2.341077,0,Unknown,auto
matched_only,graph_mincuts,Classical transductive,adult,R3,tabular,6,0.8359353333333334,0.7288173886313817,0.441605,2.315105,0,CPU,auto
matched_only,graph_mincuts,Classical transductive,breast_cancer,R3,tabular,6,1.367096166666667,2.553679733360894,0.268968,6.578514,0,CPU,auto
matched_only,graphhop,Classical transductive,adult,R3,tabular,6,15.1193745,2.5719635865433825,11.869188,17.781056,0,Unknown,auto
matched_only,graphhop,Classical transductive,breast_cancer,R3,tabular,6,18.221656166666666,4.70167593348965,15.253204,26.954694,0,Unknown,auto
matched_only,graphhop,Classical transductive,iris,R3,tabular,6,10.749137166666669,1.841721803356459,9.621694,14.433818,0,Unknown,auto
matched_only,label_propagation,Classical transductive,adult,R3,tabular,6,0.7352518333333332,0.9094184665165793,0.326013,2.590496,0,Unknown,auto
matched_only,label_propagation,Classical transductive,breast_cancer,R3,tabular,6,1.8333103333333334,3.2363876582092987,0.350892,8.434563,0,Unknown,auto
matched_only,label_propagation,Classical transductive,iris,R3,tabular,6,0.46036400000000005,0.9079354525592666,0.077787,2.313631,0,Unknown,auto
matched_only,label_spreading,Classical transductive,adult,R3,tabular,6,0.6625031666666668,0.9019342101959359,0.292266,2.503561,0,Unknown,auto
matched_only,label_spreading,Classical transductive,breast_cancer,R3,tabular,6,1.6173969999999995,3.040513872288498,0.262137,7.817124,0,Unknown,auto
matched_only,label_spreading,Classical transductive,iris,R3,tabular,6,0.44105750000000005,0.8831811213912466,0.079427,2.243842,0,Unknown,auto
matched_only,lazy_random_walk,Classical transductive,adult,R3,tabular,6,5.3451061666666675,0.9276305052753314,4.951261,7.238548,0,Unknown,auto
matched_only,lazy_random_walk,Classical transductive,breast_cancer,R3,tabular,6,1.7446076666666668,3.0031458747694337,0.266102,7.866202,0,Unknown,auto
matched_only,mean_teacher,Consistency,adult,R3,tabular,6,38.22727783333334,1.766317839105228,37.410054,41.824205,0,NVIDIA A100-SXM4-80GB|Unknown,auto
matched_only,mean_teacher,Consistency,breast_cancer,R3,tabular,6,3.2587493333333337,5.053618144940303,1.14736,13.574267,0,Tesla V100-SXM2-32GB|Unknown,auto
matched_only,mean_teacher,Consistency,iris,R3,tabular,6,0.8534341666666667,1.6349497571921183,0.184971,4.19076,0,NVIDIA A100-SXM4-80GB|Unknown,auto
matched_only,pi_model,Consistency,adult,R3,tabular,6,36.15028316666666,1.5885731199977435,35.377778,39.3902,0,NVIDIA A100-SXM4-80GB|Unknown,auto
matched_only,pi_model,Consistency,breast_cancer,R3,tabular,6,3.4099313333333328,5.538153490770102,1.075028,14.714214,0,Tesla V100-SXM2-32GB|Unknown,auto
matched_only,pi_model,Consistency,iris,R3,tabular,6,0.8418880000000001,1.6336063509681884,0.172386,4.176465,0,NVIDIA A100-SXM4-80GB|Unknown,auto
matched_only,temporal_ensembling,Consistency,adult,R3,tabular,6,41.2366415,1.910476137928526,40.38002,45.133334,0,NVIDIA A100-SXM4-80GB|Unknown,auto
matched_only,temporal_ensembling,Consistency,breast_cancer,R3,tabular,6,3.425721166666667,5.332379489300116,1.200192,14.309544,0,Tesla V100-SXM2-32GB|Unknown,auto
matched_only,temporal_ensembling,Consistency,iris,R3,tabular,6,0.8684803333333333,1.6469817019323156,0.194325,4.230365,0,NVIDIA A100-SXM4-80GB|Unknown,auto
matched_only,vat,Consistency,adult,R3,tabular,6,48.7912385,1.4515884141079043,47.983552,51.714047,0,NVIDIA A100-SXM4-80GB|Unknown,auto
matched_only,vat,Consistency,breast_cancer,R3,tabular,6,3.693892333333333,5.57694665380481,1.302832,15.0762,0,Tesla V100-SXM2-32GB|Unknown,auto
matched_only,vat,Consistency,iris,R3,tabular,6,0.9117514999999999,1.6951796535641583,0.218217,4.372018,0,NVIDIA A100-SXM4-80GB|Unknown,auto
matched_only,appnp,GNN,adult,R3,tabular,6,14.771116833333332,1.7103783734083418,13.955338,18.256085,0,Unknown,auto
matched_only,appnp,GNN,breast_cancer,R3,tabular,6,3.7077383333333334,4.841459746617529,1.523152,13.579726,0,Unknown,auto
matched_only,appnp,GNN,iris,R3,tabular,6,1.2774243333333333,1.7330802814683073,0.383111,4.783819,0,Unknown,auto
matched_only,chebnet,GNN,adult,R3,tabular,6,1.2924478333333334,1.6325467126422346,0.611008,4.624708,0,Unknown,auto
matched_only,chebnet,GNN,breast_cancer,R3,tabular,6,2.7619054999999997,4.4368823100719155,0.74493,11.805746,0,Unknown,auto
matched_only,chebnet,GNN,iris,R3,tabular,6,1.0753044999999999,1.739583217020186,0.235018,4.611024,0,Unknown,auto
matched_only,gat,GNN,adult,R3,tabular,6,2.9650521666666663,2.0592866954282414,1.855046,7.050609,0,Unknown,auto
matched_only,gat,GNN,breast_cancer,R3,tabular,6,3.8065723333333334,4.905710527529673,1.616599,13.816282,0,Unknown,auto
matched_only,gat,GNN,iris,R3,tabular,6,1.5106856666666664,1.7100485983889075,0.624585,4.978416,0,Unknown,auto
matched_only,gcn,GNN,adult,R3,tabular,6,1.1435518333333332,1.6772229546328556,0.426787,4.566844,0,Unknown,auto
matched_only,gcn,GNN,breast_cancer,R3,tabular,6,2.6284636666666668,4.5766305681178014,0.432674,11.962512,0,Unknown,auto
matched_only,gcn,GNN,iris,R3,tabular,6,0.9564714999999998,1.6304559717949758,0.18898,4.275312,0,Unknown,auto
matched_only,gcnii,GNN,adult,R3,tabular,6,4.445112333333334,1.6966600251903936,3.51853,7.894565,0,Unknown,auto
matched_only,gcnii,GNN,breast_cancer,R3,tabular,6,4.062802166666668,4.7714261949196874,1.945599,13.793317,0,Unknown,auto
matched_only,gcnii,GNN,iris,R3,tabular,6,2.4145165,2.205180451613949,0.886208,6.571578,0,Unknown,auto
matched_only,grafn,GNN,adult,R3,tabular,6,3.868759500000001,2.6400799900015715,2.162666,9.094526,0,Unknown,auto
matched_only,grafn,GNN,breast_cancer,R3,tabular,6,3.28843,4.730051436520664,1.278176,12.942074,0,Unknown,auto
matched_only,grafn,GNN,iris,R3,tabular,6,1.2866508333333335,1.6390295570807032,0.55837,4.62999,0,Unknown,auto
matched_only,grand,GNN,adult,R3,tabular,6,1.815157666666667,1.8840379879274907,0.837604,5.631783,0,Unknown,auto
matched_only,grand,GNN,breast_cancer,R3,tabular,6,3.1018931666666667,4.364365746416238,1.15009,12.00078,0,Unknown,auto
matched_only,grand,GNN,iris,R3,tabular,6,1.4866585,1.8098840689184212,0.418157,5.099431,0,Unknown,auto
matched_only,graphsage,GNN,adult,R3,tabular,6,1.1363021666666668,1.632966065575083,0.460997,4.469553,0,Unknown,auto
matched_only,graphsage,GNN,breast_cancer,R3,tabular,6,2.6907860000000006,4.890496862854571,0.569133,12.669847,0,Unknown,auto
matched_only,graphsage,GNN,iris,R3,tabular,6,0.9227218333333335,1.6620340950013532,0.165537,4.309052,0,Unknown,auto
matched_only,h_gcn,GNN,adult,R3,tabular,6,252.2983851666667,2.5217382462464717,250.051214,256.398742,0,Unknown,auto
matched_only,h_gcn,GNN,breast_cancer,R3,tabular,6,3.966002,5.181744140792134,1.529915,14.517098,0,Unknown,auto
matched_only,h_gcn,GNN,iris,R3,tabular,6,1.8092468333333336,1.7040913349388775,0.756243,4.956942,0,Unknown,auto
matched_only,n_gcn,GNN,adult,R3,tabular,6,161.31001633333332,4.875445055679642,157.025883,167.953298,0,Unknown,auto
matched_only,n_gcn,GNN,breast_cancer,R3,tabular,6,4.043017333333334,4.993458004874164,1.631357,14.195757,0,Unknown,auto
matched_only,n_gcn,GNN,iris,R3,tabular,6,2.086088833333333,1.7858280264022532,0.823685,5.354166,0,Unknown,auto
matched_only,planetoid,GNN,adult,R3,tabular,6,950.0331511666668,7.010064768509551,939.330914,957.626428,0,Unknown,auto
matched_only,planetoid,GNN,breast_cancer,R3,tabular,6,43.52290516666667,5.181493454975753,40.936138,54.075356,0,Unknown,auto
matched_only,planetoid,GNN,iris,R3,tabular,6,2.432991833333334,1.62179022749965,1.760011,5.743264,0,Unknown,auto
matched_only,sgc,GNN,adult,R3,tabular,6,1.4297345000000001,2.618691014389498,0.358105,6.775113,0,Unknown,auto
matched_only,sgc,GNN,breast_cancer,R3,tabular,6,2.3604938333333334,4.747220370188029,0.368458,12.050116,0,Unknown,auto
matched_only,sgc,GNN,iris,R3,tabular,6,0.8343253333333335,1.6351949888422075,0.104687,4.168599,0,Unknown,auto
matched_only,adamatch,Hybrid,adult,R3,tabular,6,40.353555166666666,3.9101037204049924,38.503452,48.326473,0,NVIDIA A100-SXM4-80GB|Unknown,auto
matched_only,adamatch,Hybrid,breast_cancer,R3,tabular,6,3.5739671666666664,5.000590264800364,1.321842,13.778916,0,Tesla V100-SXM2-32GB|Unknown,auto
matched_only,adamatch,Hybrid,iris,R3,tabular,6,2.0404671666666667,4.463171328052708,0.21437,11.150872,0,NVIDIA A100-SXM4-80GB|Unknown,auto
matched_only,comatch,Hybrid,adult,R3,tabular,6,68.51874149999999,2.1350566456534796,67.233815,72.720469,0,NVIDIA A100-SXM4-80GB|Unknown,auto
matched_only,comatch,Hybrid,breast_cancer,R3,tabular,6,3.9947413333333333,5.026353408789583,1.744076,14.250887,0,Tesla V100-SXM2-32GB|Unknown,auto
matched_only,comatch,Hybrid,iris,R3,tabular,6,1.0181406666666668,1.736775101250898,0.302883,4.563294,0,NVIDIA A100-SXM4-80GB|Unknown,auto
matched_only,daso,Hybrid,adult,R3,tabular,6,55.23407316666667,1.7540506068665669,53.941207,58.751012,0,NVIDIA A100-SXM4-80GB|Unknown,auto
matched_only,daso,Hybrid,breast_cancer,R3,tabular,6,3.5615260000000006,5.318626270727809,1.211165,14.416562,0,Tesla V100-SXM2-32GB|Unknown,auto
matched_only,daso,Hybrid,iris,R3,tabular,6,0.9130281666666665,1.652064868999691,0.236822,4.285289,0,NVIDIA A100-SXM4-80GB|Unknown,auto
matched_only,defixmatch,Hybrid,adult,R3,tabular,6,48.443215333333335,1.6173523474579898,47.182266,51.591608,0,NVIDIA A100-SXM4-80GB|Unknown,auto
matched_only,defixmatch,Hybrid,breast_cancer,R3,tabular,6,3.3966695000000002,4.705077614768485,1.360023,12.997746,0,Tesla V100-SXM2-32GB|Unknown,auto
matched_only,defixmatch,Hybrid,iris,R3,tabular,6,0.9039098333333332,1.668200040951494,0.220907,4.309104,0,NVIDIA A100-SXM4-80GB|Unknown,auto
matched_only,fixmatch,Hybrid,adult,R3,tabular,6,37.11372533333333,1.7025304846114981,36.083002,40.562639,0,NVIDIA A100-SXM4-80GB|Unknown,auto
matched_only,fixmatch,Hybrid,breast_cancer,R3,tabular,6,3.465881166666667,5.590935838363965,1.019,14.876991,0,Tesla V100-SXM2-32GB|Unknown,auto
matched_only,fixmatch,Hybrid,iris,R3,tabular,6,0.8504151666666666,1.643989188124717,0.177549,4.206193,0,NVIDIA A100-SXM4-80GB|Unknown,auto
matched_only,flexmatch,Hybrid,adult,R3,tabular,6,49.59329966666667,1.8809361208707385,48.674877,53.421893,0,NVIDIA A100-SXM4-80GB|Unknown,auto
matched_only,flexmatch,Hybrid,breast_cancer,R3,tabular,6,3.3794465000000002,4.914382187394658,1.295554,13.410468,0,Tesla V100-SXM2-32GB|Unknown,auto
matched_only,flexmatch,Hybrid,iris,R3,tabular,6,0.8770136666666666,1.6561641521671293,0.197072,4.257642,0,NVIDIA A100-SXM4-80GB|Unknown,auto
matched_only,free_match,Hybrid,adult,R3,tabular,6,56.000052333333336,1.637522163995183,54.96808,59.292901,0,NVIDIA A100-SXM4-80GB|Unknown,auto
matched_only,free_match,Hybrid,breast_cancer,R3,tabular,6,3.986412333333334,5.901100155016679,1.494336,16.030218,0,Tesla V100-SXM2-32GB|Unknown,auto
matched_only,free_match,Hybrid,iris,R3,tabular,6,0.9530716666666667,1.7137581797185584,0.251758,4.451265,0,NVIDIA A100-SXM4-80GB|Unknown,auto
matched_only,meta_pseudo_labels,Hybrid,adult,R3,tabular,6,61.102466166666666,1.523162512465618,60.287888,64.17606,0,NVIDIA A100-SXM4-80GB|Unknown,auto
matched_only,meta_pseudo_labels,Hybrid,breast_cancer,R3,tabular,6,3.6332861666666663,4.723704861157327,1.598018,13.272696,0,Tesla V100-SXM2-32GB|Unknown,auto
matched_only,meta_pseudo_labels,Hybrid,iris,R3,tabular,6,0.9516413333333333,1.6428194914314438,0.278918,4.305029,0,NVIDIA A100-SXM4-80GB|Unknown,auto
matched_only,mixmatch,Hybrid,adult,R3,tabular,6,42.48474766666667,1.6770612375963692,41.399592,45.869566,0,NVIDIA A100-SXM4-80GB|Unknown,auto
matched_only,mixmatch,Hybrid,breast_cancer,R3,tabular,6,3.6078956666666673,5.588100819842952,1.293525,15.014338,0,Tesla V100-SXM2-32GB|Unknown,auto
matched_only,mixmatch,Hybrid,iris,R3,tabular,6,0.8761045,1.6589059269228923,0.196357,4.262331,0,NVIDIA A100-SXM4-80GB|Unknown,auto
matched_only,noisy_student,Hybrid,adult,R3,tabular,6,37.545308666666664,2.098859426669321,36.614417,41.826379,0,NVIDIA A100-SXM4-80GB|Unknown,auto
matched_only,noisy_student,Hybrid,breast_cancer,R3,tabular,6,3.578171333333333,5.5634358131790345,1.111629,14.930903,0,Tesla V100-SXM2-32GB|Unknown,auto
matched_only,noisy_student,Hybrid,iris,R3,tabular,6,0.8532448333333335,1.6384862666631559,0.180491,4.197774,0,NVIDIA A100-SXM4-80GB|Unknown,auto
matched_only,simclr_v2,Hybrid,adult,R3,tabular,6,20.855491,1.751852983529268,20.007241,24.416645,0,NVIDIA A100-SXM4-80GB|Unknown,auto
matched_only,simclr_v2,Hybrid,breast_cancer,R3,tabular,6,3.222736333333333,5.711073495838788,0.825328,14.880178,0,Tesla V100-SXM2-32GB|Unknown,auto
matched_only,simclr_v2,Hybrid,iris,R3,tabular,6,0.8643865000000001,1.6908547390534465,0.173246,4.315829,0,NVIDIA A100-SXM4-80GB|Unknown,auto
matched_only,softmatch,Hybrid,adult,R3,tabular,6,39.891467,1.5375409904208723,38.727224,42.960702,0,NVIDIA A100-SXM4-80GB|Unknown,auto
matched_only,softmatch,Hybrid,breast_cancer,R3,tabular,6,3.2618709999999993,4.93105868609896,1.153867,13.325519,0,Tesla V100-SXM2-32GB|Unknown,auto
matched_only,softmatch,Hybrid,iris,R3,tabular,6,0.8753573333333334,1.658658138064341,0.197123,4.261078,0,NVIDIA A100-SXM4-80GB|Unknown,auto
matched_only,uda,Hybrid,adult,R3,tabular,6,37.68592066666667,2.3926864963110965,36.562173,42.557315,0,NVIDIA A100-SXM4-80GB|Unknown,auto
matched_only,uda,Hybrid,breast_cancer,R3,tabular,6,3.374553,5.259515906065272,1.049876,14.105141,0,Tesla V100-SXM2-32GB|Unknown,auto
matched_only,uda,Hybrid,iris,R3,tabular,6,0.8767363333333332,1.689138834065414,0.185726,4.324675,0,NVIDIA A100-SXM4-80GB|Unknown,auto
matched_only,adsh,Margin-based inductive,adult,R3,tabular,6,40.20917,1.8047276191310404,39.109332,43.839012,0,NVIDIA A100-SXM4-80GB|Unknown,auto
matched_only,adsh,Margin-based inductive,breast_cancer,R3,tabular,6,3.464350666666667,5.1475399719803505,1.322992,13.971512,0,Tesla V100-SXM2-32GB|Unknown,auto
matched_only,adsh,Margin-based inductive,iris,R3,tabular,6,0.9223511666666667,1.7065320169121254,0.224255,4.405794,0,NVIDIA A100-SXM4-80GB|Unknown,auto
matched_only,s4vm,Margin-based inductive,adult,R3,tabular,6,38.589193,1.7002429823586986,37.676916,41.990409,0,NVIDIA A100-SXM4-80GB|Unknown,auto
matched_only,s4vm,Margin-based inductive,breast_cancer,R3,tabular,6,4.389662833333333,5.401848239336549,2.089664,15.412004,0,Tesla V100-SXM2-32GB|Unknown,auto
matched_only,tsvm,Margin-based inductive,adult,R3,tabular,6,0.7855805,0.6871280633103992,0.469297,2.187043,0,CPU,auto
matched_only,tsvm,Margin-based inductive,breast_cancer,R3,tabular,6,1.4659943333333334,2.7091018153466044,0.237254,6.994436,0,CPU,auto
matched_only,laplace_learning,PDE/Variational,adult,R3,tabular,6,5.3191820000000005,1.0354115514016635,4.8905,7.432694,0,Unknown,auto
matched_only,laplace_learning,PDE/Variational,breast_cancer,R3,tabular,6,1.6402988333333333,3.090947953643892,0.324684,7.948522,0,Unknown,auto
matched_only,laplace_learning,PDE/Variational,iris,R3,tabular,6,0.45818983333333335,1.0133707468827815,0.042907,2.526722,0,Unknown,auto
matched_only,p_laplace_learning,PDE/Variational,adult,R3,tabular,6,11032.933792999998,217.00943948689292,10676.679677,11261.075106,0,CPU,auto
matched_only,p_laplace_learning,PDE/Variational,breast_cancer,R3,tabular,6,34.54388716666667,21.570532396093252,7.218408,67.249356,0,CPU,auto
matched_only,p_laplace_learning,PDE/Variational,iris,R3,tabular,6,0.5067781666666666,0.7750820133878521,0.16893,2.088688,0,CPU,auto
matched_only,poisson_learning,PDE/Variational,adult,R3,tabular,6,10.494158166666667,0.6787315526063064,10.000573,11.834364,0,Unknown,auto
matched_only,poisson_learning,PDE/Variational,breast_cancer,R3,tabular,6,1.8859461666666668,2.926021616367618,0.6139,7.856245,0,Unknown,auto
matched_only,poisson_learning,PDE/Variational,iris,R3,tabular,6,0.5543033333333334,0.7776044888321226,0.235312,2.141579,0,Unknown,auto
matched_only,poisson_mbo,PDE/Variational,adult,R3,tabular,6,56.01400633333333,1.8951059101408194,53.556351,59.050397,0,CPU,auto
matched_only,poisson_mbo,PDE/Variational,breast_cancer,R3,tabular,6,2.5705576666666667,2.6433929752789815,1.415617,7.964888,0,CPU,auto
matched_only,poisson_mbo,PDE/Variational,iris,R3,tabular,6,0.6723951666666667,0.7649281967945533,0.332909,2.230699,0,CPU,auto
matched_only,co_training,Wrappers,adult,R3,tabular,6,3.081984333333333,1.5663229206462717,2.436671,6.279217,0,NVIDIA A100-SXM4-80GB|Unknown,auto
matched_only,co_training,Wrappers,breast_cancer,R3,tabular,6,5.605844500000001,4.6104473856069,3.631846,15.016215,0,Tesla V100-SXM2-32GB|Unknown,auto
matched_only,co_training,Wrappers,iris,R3,tabular,6,2.7258166666666668,1.6857626262769816,1.96946,6.16256,0,NVIDIA A100-SXM4-80GB|Unknown,auto
matched_only,deep_co_training,Wrappers,adult,R3,tabular,6,84.24788533333333,1.683924983835759,83.110842,87.500202,0,NVIDIA A100-SXM4-80GB|Unknown,auto
matched_only,deep_co_training,Wrappers,breast_cancer,R3,tabular,6,4.575147333333334,5.564921438185149,2.212197,15.93389,0,Tesla V100-SXM2-32GB|Unknown,auto
matched_only,deep_co_training,Wrappers,iris,R3,tabular,6,1.0201275,1.6171882231424703,0.356436,4.321195,0,NVIDIA A100-SXM4-80GB|Unknown,auto
matched_only,democratic_co_learning,Wrappers,adult,R3,tabular,6,163.25695883333333,17.949138034837475,134.771098,186.700428,0,NVIDIA A100-SXM4-80GB|Unknown,auto
matched_only,democratic_co_learning,Wrappers,breast_cancer,R3,tabular,6,4.269485,4.771870375366038,1.786241,13.971823,0,Tesla V100-SXM2-32GB|Unknown,auto
matched_only,democratic_co_learning,Wrappers,iris,R3,tabular,6,1.3645545,1.6938766482340737,0.344408,4.763259,0,NVIDIA A100-SXM4-80GB|Unknown,auto
matched_only,pseudo_label,Wrappers,adult,R3,tabular,6,62.11620766666667,1.830211851886407,60.660805,65.656,0,NVIDIA A100-SXM4-80GB|Unknown,auto
matched_only,pseudo_label,Wrappers,breast_cancer,R3,tabular,6,4.199183833333334,5.547035884600691,1.716385,15.513871,0,Tesla V100-SXM2-32GB|Unknown,auto
matched_only,pseudo_label,Wrappers,iris,R3,tabular,6,0.9183471666666668,1.5773866613053906,0.250527,4.137705,0,NVIDIA A100-SXM4-80GB|Unknown,auto
matched_only,self_training,Wrappers,adult,R3,tabular,6,62.48940083333333,1.2720106857331672,61.24215,64.82274,0,NVIDIA A100-SXM4-80GB|Unknown,auto
matched_only,self_training,Wrappers,breast_cancer,R3,tabular,6,3.9154975000000003,4.762369298817837,1.383901,13.596463,0,Tesla V100-SXM2-32GB|Unknown,auto
matched_only,self_training,Wrappers,iris,R3,tabular,6,0.9289405,1.5788820439513205,0.251213,4.150677,0,NVIDIA A100-SXM4-80GB|Unknown,auto
matched_only,setred,Wrappers,adult,R3,tabular,6,1.9297821666666666,1.546076920110952,1.218677,5.084291,0,NVIDIA A100-SXM4-80GB|Unknown,auto
matched_only,setred,Wrappers,breast_cancer,R3,tabular,6,4.912614166666667,5.184904912310984,2.731713,15.495651,0,Tesla V100-SXM2-32GB|Unknown,auto
matched_only,setred,Wrappers,iris,R3,tabular,6,1.013822,1.6077939137139436,0.313953,4.295141,0,NVIDIA A100-SXM4-80GB|Unknown,auto
matched_only,tri_training,Wrappers,adult,R3,tabular,6,330.587195,56.19098255574763,222.274803,374.751555,0,NVIDIA A100-SXM4-80GB|Unknown,auto
matched_only,tri_training,Wrappers,breast_cancer,R3,tabular,6,6.7292629999999996,4.497856815920134,4.33451,15.890574,0,Tesla V100-SXM2-32GB|Unknown,auto
matched_only,tri_training,Wrappers,iris,R3,tabular,6,1.756323,1.598068945768611,0.977335,5.009766,0,NVIDIA A100-SXM4-80GB|Unknown,auto
matched_only,trinet,Wrappers,adult,R3,tabular,6,654.4237286666665,55.46432927174141,582.905,695.174268,0,NVIDIA A100-SXM4-80GB|Unknown,auto
matched_only,trinet,Wrappers,breast_cancer,R3,tabular,6,16.98346216666667,5.635982373049065,13.738189,28.371464,0,Tesla V100-SXM2-32GB|Unknown,auto
matched_only,trinet,Wrappers,iris,R3,tabular,6,2.905851833333333,2.3101728178536267,1.89385,7.620144,0,NVIDIA A100-SXM4-80GB|Unknown,auto
matched_only,supervised,Baseline,ag_news,R3,text,6,4.546025166666667,4.9561014641525825,1.389665,12.496543,0,NVIDIA A100-SXM4-80GB|Unknown,auto
matched_only,supervised,Baseline,imdb,R3,text,6,1.9982568333333335,0.935419500753628,1.479172,3.892167,0,NVIDIA A100-SXM4-80GB|Unknown,auto
matched_only,dynamic_label_propagation,Classical transductive,imdb,R3,text,6,826.2538721666666,0.5210123438957759,825.412323,826.872536,0,Unknown,auto
matched_only,graph_mincuts,Classical transductive,imdb,R3,text,6,15.335558,0.22492914785238466,15.107872,15.761458,0,CPU,auto
matched_only,graphhop,Classical transductive,ag_news,R3,text,2,20.154991,0.0,20.154991,20.154991,0,Unknown,auto
matched_only,graphhop,Classical transductive,imdb,R3,text,6,22.432563333333334,12.83826964535015,13.383058,41.495925,0,Unknown,auto
matched_only,label_propagation,Classical transductive,ag_news,R3,text,2,1.474731,0.0,1.474731,1.474731,0,Unknown,auto
matched_only,label_propagation,Classical transductive,imdb,R3,text,6,0.9899168333333334,0.20552401076021912,0.848708,1.396388,0,Unknown,auto
matched_only,label_spreading,Classical transductive,ag_news,R3,text,2,1.381705,0.0,1.381705,1.381705,0,Unknown,auto
matched_only,label_spreading,Classical transductive,imdb,R3,text,6,0.8785786666666665,0.20851917640031734,0.789947,1.304198,0,Unknown,auto
matched_only,lazy_random_walk,Classical transductive,imdb,R3,text,6,20.27052583333333,0.1946127037245176,19.993799,20.56776,0,Unknown,auto
matched_only,mean_teacher,Consistency,ag_news,R3,text,6,600.123117,0.9413075780480857,599.510231,601.863356,0,NVIDIA A100-SXM4-80GB|Unknown,auto
matched_only,mean_teacher,Consistency,imdb,R3,text,6,123.3232105,1.5050896487372112,122.617945,126.391361,0,NVIDIA A100-SXM4-80GB|Unknown,auto
matched_only,pi_model,Consistency,ag_news,R3,text,6,596.6773973333334,0.6585931996756565,596.160596,597.916806,0,NVIDIA A100-SXM4-80GB|Unknown,auto
matched_only,pi_model,Consistency,imdb,R3,text,6,122.53914200000001,0.899811715427845,122.08224,124.366714,0,NVIDIA A100-SXM4-80GB|Unknown,auto
matched_only,temporal_ensembling,Consistency,ag_news,R3,text,6,750.7556291666668,2.575731011272823,747.413189,752.948487,0,NVIDIA A100-SXM4-80GB|Unknown,auto
matched_only,temporal_ensembling,Consistency,imdb,R3,text,6,152.8740635,1.4198568377543939,151.961268,155.747062,0,NVIDIA A100-SXM4-80GB|Unknown,auto
matched_only,vat,Consistency,ag_news,R3,text,2,827.332606,0.0,827.332606,827.332606,0,NVIDIA A100-SXM4-80GB|Unknown,auto
matched_only,vat,Consistency,imdb,R3,text,6,169.83763583333334,0.8809642197622793,169.376092,171.627954,0,NVIDIA A100-SXM4-80GB|Unknown,auto
matched_only,appnp,GNN,ag_news,R3,text,2,79.336539,0.0,79.336539,79.336539,0,Unknown,auto
matched_only,appnp,GNN,imdb,R3,text,6,15.877166000000003,0.8998179070700912,15.309189,17.701448,0,Unknown,auto
matched_only,chebnet,GNN,ag_news,R3,text,2,82.690849,0.0,82.690849,82.690849,0,Unknown,auto
matched_only,chebnet,GNN,imdb,R3,text,6,1.5636364999999997,0.8499421966641615,1.156546,3.297031,0,Unknown,auto
matched_only,gat,GNN,ag_news,R3,text,2,21.235568,0.0,21.235568,21.235568,0,Unknown,auto
matched_only,gat,GNN,imdb,R3,text,6,2.983801666666667,0.9414594141303527,2.291239,4.851251,0,Unknown,auto
matched_only,gcn,GNN,ag_news,R3,text,2,16.221908,0.0,16.221908,16.221908,0,Unknown,auto
matched_only,gcn,GNN,imdb,R3,text,6,1.4399253333333333,0.9107423331734759,0.959117,3.294149,0,Unknown,auto
matched_only,gcnii,GNN,ag_news,R3,text,2,33.578536,0.0,33.578536,33.578536,0,Unknown,auto
matched_only,gcnii,GNN,imdb,R3,text,6,5.8719616666666665,1.2773301134553536,4.241,8.061384,0,Unknown,auto
matched_only,grafn,GNN,ag_news,R3,text,2,28.116752,0.0,28.116752,28.116752,0,Unknown,auto
matched_only,grafn,GNN,imdb,R3,text,6,3.1464736666666666,0.9494116575851943,2.611711,5.021951,0,Unknown,auto
matched_only,grand,GNN,ag_news,R3,text,2,8.273104,0.0,8.273104,8.273104,0,Unknown,auto
matched_only,grand,GNN,imdb,R3,text,6,2.0833836666666667,0.8834839220222781,1.410229,3.83697,0,Unknown,auto
matched_only,graphsage,GNN,ag_news,R3,text,2,3.328236,0.0,3.328236,3.328236,0,Unknown,auto
matched_only,graphsage,GNN,imdb,R3,text,6,1.3760285,0.8854511225366989,0.968199,3.182026,0,Unknown,auto
matched_only,h_gcn,GNN,imdb,R3,text,6,256.02891566666665,3.157099431959376,254.377125,262.461394,0,Unknown,auto
matched_only,n_gcn,GNN,imdb,R3,text,6,178.48326133333333,6.471750425873202,165.370423,182.147228,0,Unknown,auto
matched_only,planetoid,GNN,ag_news,R3,text,2,4233.365791,0.0,4233.365791,4233.365791,0,Unknown,auto
matched_only,planetoid,GNN,imdb,R3,text,6,993.6031846666668,11.54393986532966,985.861495,1015.764383,0,Unknown,auto
matched_only,sgc,GNN,ag_news,R3,text,2,2.679291,0.0,2.679291,2.679291,0,Unknown,auto
matched_only,sgc,GNN,imdb,R3,text,6,2.389825166666667,3.577745228829433,0.901311,9.692792,0,Unknown,auto
matched_only,adamatch,Hybrid,ag_news,R3,text,6,612.5842361666665,2.040956727082831,610.64866,616.271747,0,NVIDIA A100-SXM4-80GB|Unknown,auto
matched_only,adamatch,Hybrid,imdb,R3,text,6,129.87756583333334,2.67138467098256,127.217924,134.253847,0,NVIDIA A100-SXM4-80GB|Unknown,auto
matched_only,comatch,Hybrid,ag_news,R3,text,6,944.4677596666666,3.221657630904732,941.234529,949.58409,0,NVIDIA A100-SXM4-80GB|Unknown,auto
matched_only,comatch,Hybrid,imdb,R3,text,6,193.60000016666666,1.1885795414762024,193.073442,196.023366,0,NVIDIA A100-SXM4-80GB|Unknown,auto
matched_only,daso,Hybrid,ag_news,R3,text,6,743.8920608333333,1.4337557942619634,742.118428,745.205377,0,NVIDIA A100-SXM4-80GB|Unknown,auto
matched_only,daso,Hybrid,imdb,R3,text,6,146.61536933333332,0.8625154086564832,146.0996,148.367695,0,NVIDIA A100-SXM4-80GB|Unknown,auto
matched_only,defixmatch,Hybrid,ag_news,R3,text,6,747.4391101666666,1.9105271329672955,745.357531,749.860987,0,NVIDIA A100-SXM4-80GB|Unknown,auto
matched_only,defixmatch,Hybrid,imdb,R3,text,6,151.05099616666666,1.9933633102020685,150.052851,155.100588,0,NVIDIA A100-SXM4-80GB|Unknown,auto
matched_only,fixmatch,Hybrid,ag_news,R3,text,6,601.263552,2.9121484070647488,599.447553,607.102465,0,NVIDIA A100-SXM4-80GB|Unknown,auto
matched_only,fixmatch,Hybrid,imdb,R3,text,6,122.93950366666667,0.9037027982859552,122.214285,124.674262,0,NVIDIA A100-SXM4-80GB|Unknown,auto
matched_only,flexmatch,Hybrid,ag_news,R3,text,6,639.5679265,3.303392587682475,636.481005,643.73118,0,NVIDIA A100-SXM4-80GB|Unknown,auto
matched_only,flexmatch,Hybrid,imdb,R3,text,6,126.89328816666666,1.2026469590840683,126.306057,129.341548,0,NVIDIA A100-SXM4-80GB|Unknown,auto
matched_only,free_match,Hybrid,ag_news,R3,text,6,658.4084986666667,1.1105008057745347,657.460617,660.491089,0,NVIDIA A100-SXM4-80GB|Unknown,auto
matched_only,free_match,Hybrid,imdb,R3,text,6,136.114817,1.538593267843971,135.415019,139.250927,0,NVIDIA A100-SXM4-80GB|Unknown,auto
matched_only,meta_pseudo_labels,Hybrid,ag_news,R3,text,6,1580.965402,3.1085306502219776,1578.74723,1585.927149,0,NVIDIA A100-SXM4-80GB|Unknown,auto
matched_only,meta_pseudo_labels,Hybrid,imdb,R3,text,6,206.519102,0.8294967400526693,206.04359,208.172299,0,NVIDIA A100-SXM4-80GB|Unknown,auto
matched_only,mixmatch,Hybrid,ag_news,R3,text,6,999.0485723333333,2.0590715697152966,997.292006,1002.649598,0,NVIDIA A100-SXM4-80GB|Unknown,auto
matched_only,mixmatch,Hybrid,imdb,R3,text,6,205.1540825,1.6864772420269136,203.904859,208.18541,0,NVIDIA A100-SXM4-80GB|Unknown,auto
matched_only,noisy_student,Hybrid,ag_news,R3,text,6,614.914408,1.725984190634671,613.3507,617.636623,0,NVIDIA A100-SXM4-80GB|Unknown,auto
matched_only,noisy_student,Hybrid,imdb,R3,text,6,126.4836345,1.3927770944161486,125.797568,129.32044,0,NVIDIA A100-SXM4-80GB|Unknown,auto
matched_only,simclr_v2,Hybrid,ag_news,R3,text,6,397.2635626666667,45.888869175112944,367.013583,456.501949,0,NVIDIA A100-SXM4-80GB|Unknown,auto
matched_only,simclr_v2,Hybrid,imdb,R3,text,6,56.44778349999999,0.8737223769680497,56.077459,58.230968,0,NVIDIA A100-SXM4-80GB|Unknown,auto
matched_only,softmatch,Hybrid,ag_news,R3,text,6,609.7085493333333,0.4917045104746292,609.019067,610.193705,0,NVIDIA A100-SXM4-80GB|Unknown,auto
matched_only,softmatch,Hybrid,imdb,R3,text,6,124.85394716666666,0.8980264809310275,124.396213,126.679642,0,NVIDIA A100-SXM4-80GB|Unknown,auto
matched_only,uda,Hybrid,ag_news,R3,text,2,613.273859,0.0,613.273859,613.273859,0,NVIDIA A100-SXM4-80GB|Unknown,auto
matched_only,uda,Hybrid,imdb,R3,text,6,123.47550666666666,0.8435062637680102,123.042552,125.188619,0,NVIDIA A100-SXM4-80GB|Unknown,auto
matched_only,adsh,Margin-based inductive,ag_news,R3,text,6,724.1951911666666,1.5777062200772742,722.881737,726.613173,0,NVIDIA A100-SXM4-80GB|Unknown,auto
matched_only,adsh,Margin-based inductive,imdb,R3,text,6,148.8436621666667,1.3782970704789872,147.682744,151.345114,0,NVIDIA A100-SXM4-80GB|Unknown,auto
matched_only,tsvm,Margin-based inductive,imdb,R3,text,6,1.1194469999999999,0.0786107256676848,1.078088,1.279461,0,CPU,auto
matched_only,laplace_learning,PDE/Variational,imdb,R3,text,6,5.873956000000001,0.2855603275428854,5.752691,6.456817,0,Unknown,auto
matched_only,p_laplace_learning,PDE/Variational,ag_news,R3,text,2,38165.030654,0.0,38165.030654,38165.030654,0,CPU,auto
matched_only,p_laplace_learning,PDE/Variational,imdb,R3,text,6,3669.1263218333333,949.922195326606,2456.226958,4798.684287,0,CPU,auto
matched_only,poisson_learning,PDE/Variational,ag_news,R3,text,2,42.40517,0.0,42.40517,42.40517,0,Unknown,auto
matched_only,poisson_learning,PDE/Variational,imdb,R3,text,6,1.5515773333333331,0.29271828219410323,1.306408,2.04873,0,Unknown,auto
matched_only,poisson_mbo,PDE/Variational,ag_news,R3,text,2,156.218155,0.0,156.218155,156.218155,0,CPU,auto
matched_only,poisson_mbo,PDE/Variational,imdb,R3,text,6,60.72860266666666,8.104372301819694,55.658307,77.091746,0,CPU,auto
matched_only,co_training,Wrappers,ag_news,R3,text,6,3.318091500000001,0.8224883632705691,2.723237,4.878263,0,Unknown,auto
matched_only,co_training,Wrappers,imdb,R3,text,6,30.437184499999997,12.536387578452509,4.875577,36.706918,0,Unknown,auto
matched_only,deep_co_training,Wrappers,ag_news,R3,text,6,1380.5348494999998,1.4585252847700383,1379.401748,1382.780704,0,NVIDIA A100-SXM4-80GB|Unknown,auto
matched_only,deep_co_training,Wrappers,imdb,R3,text,6,281.645788,0.9089943150152399,281.1812,283.491819,0,NVIDIA A100-SXM4-80GB|Unknown,auto
matched_only,setred,Wrappers,ag_news,R3,text,6,0.9498414999999999,0.7415070992919084,0.641806,2.463362,0,Unknown,auto
matched_only,setred,Wrappers,imdb,R3,text,6,1.6256153333333334,1.8377262443463842,0.869988,5.376846,0,Unknown,auto
matched_only,supervised,Baseline,cifar10,R3,vision,6,2.2259308333333334,1.9373062265000252,1.407982,6.180092,0,NVIDIA A100-SXM4-80GB|Unknown,auto
matched_only,supervised,Baseline,cifar100,R3,vision,6,2.126213333333333,1.1276997282145043,1.218282,4.379234,0,NVIDIA A100-SXM4-80GB|Unknown,auto
matched_only,supervised,Baseline,mnist,R3,vision,6,2.389626666666666,2.518489793960076,1.348992,7.530422,0,NVIDIA A100-SXM4-80GB|Unknown,auto
matched_only,graph_mincuts,Classical transductive,cifar100,R3,vision,6,0.378287,0.3835869591328672,0.218614,1.161274,0,CPU,auto
matched_only,graph_mincuts,Classical transductive,mnist,R3,vision,6,0.4106889999999999,0.1682553495387294,0.333808,0.754023,0,CPU,auto
matched_only,graphhop,Classical transductive,cifar10,R3,vision,2,16.545007,0.0,16.545007,16.545007,0,Unknown,auto
matched_only,graphhop,Classical transductive,cifar100,R3,vision,6,30.77065783333333,1.5577323283977156,29.590515,33.890602,0,Unknown,auto
matched_only,graphhop,Classical transductive,mnist,R3,vision,6,16.684472333333336,2.2840106333999124,15.2571,21.146646,0,Unknown,auto
matched_only,label_propagation,Classical transductive,cifar10,R3,vision,2,0.794416,0.0,0.794416,0.794416,0,Unknown,auto
matched_only,label_propagation,Classical transductive,cifar100,R3,vision,6,0.9857076666666665,0.3037193972815478,0.636237,1.549378,0,Unknown,auto
matched_only,label_propagation,Classical transductive,mnist,R3,vision,6,0.9408753333333334,0.411733606806958,0.763564,1.781187,0,Unknown,auto
matched_only,label_spreading,Classical transductive,cifar10,R3,vision,2,0.679316,0.0,0.679316,0.679316,0,Unknown,auto
matched_only,label_spreading,Classical transductive,cifar100,R3,vision,6,0.685378,0.19872887180477825,0.535681,1.073921,0,Unknown,auto
matched_only,label_spreading,Classical transductive,mnist,R3,vision,6,0.49277533333333334,0.2860598331976488,0.368884,1.076587,0,Unknown,auto
matched_only,lazy_random_walk,Classical transductive,cifar100,R3,vision,6,0.3661348333333334,0.2875843994895527,0.222843,0.943873,0,Unknown,auto
matched_only,lazy_random_walk,Classical transductive,mnist,R3,vision,6,0.6364656666666666,0.2531748637686346,0.531229,1.153219,0,Unknown,auto
matched_only,mean_teacher,Consistency,cifar10,R3,vision,2,266.953367,0.0,266.953367,266.953367,0,NVIDIA A100-SXM4-80GB|Unknown,auto
matched_only,mean_teacher,Consistency,cifar100,R3,vision,6,255.38261666666668,3.141088379829692,251.870849,259.363305,0,NVIDIA A100-SXM4-80GB|Unknown,auto
matched_only,mean_teacher,Consistency,mnist,R3,vision,6,309.49931083333337,4.54224576853677,305.891641,318.467261,0,NVIDIA A100-SXM4-80GB|Unknown,auto
matched_only,pi_model,Consistency,cifar10,R3,vision,6,282.415285,3.285089486789481,279.402028,287.291813,0,NVIDIA A100-SXM4-80GB|Unknown,auto
matched_only,pi_model,Consistency,cifar100,R3,vision,6,261.460736,1.0540739281126421,260.213861,263.23531,0,NVIDIA A100-SXM4-80GB|Unknown,auto
matched_only,pi_model,Consistency,mnist,R3,vision,6,348.8653918333334,15.264872720005524,333.310525,373.661996,0,NVIDIA A100-SXM4-80GB|Unknown,auto
matched_only,temporal_ensembling,Consistency,cifar10,R3,vision,6,298.32579749999996,7.961476824794799,293.726892,314.333929,0,NVIDIA A100-SXM4-80GB|Unknown,auto
matched_only,temporal_ensembling,Consistency,cifar100,R3,vision,6,288.8249236666667,2.596149682402435,287.079223,293.200821,0,NVIDIA A100-SXM4-80GB|Unknown,auto
matched_only,temporal_ensembling,Consistency,mnist,R3,vision,6,371.7671485000001,13.028466474730974,352.766959,387.182183,0,NVIDIA A100-SXM4-80GB|Unknown,auto
matched_only,vat,Consistency,cifar10,R3,vision,6,377.41445016666665,5.807625306154092,371.014786,386.990494,0,NVIDIA A100-SXM4-80GB|Unknown,auto
matched_only,vat,Consistency,cifar100,R3,vision,6,358.7509176666667,2.530027546913577,356.489584,363.743781,0,NVIDIA A100-SXM4-80GB|Unknown,auto
matched_only,vat,Consistency,mnist,R3,vision,6,439.3206268333333,3.985660441314166,436.896837,446.93441,0,NVIDIA A100-SXM4-80GB|Unknown,auto
matched_only,appnp,GNN,cifar10,R3,vision,2,26.3574,0.0,26.3574,26.3574,0,Unknown,auto
matched_only,appnp,GNN,cifar100,R3,vision,6,27.087269333333328,1.1480442515718063,26.604131,29.430572,0,Unknown,auto
matched_only,appnp,GNN,mnist,R3,vision,6,1.5765909999999999,0.8200945603882518,1.214548,3.248908,0,Unknown,auto
matched_only,chebnet,GNN,cifar10,R3,vision,2,3.839889,0.0,3.839889,3.839889,0,Unknown,auto
matched_only,chebnet,GNN,cifar100,R3,vision,6,3.239307333333333,0.8507753386293392,2.342722,4.80928,0,Unknown,auto
matched_only,chebnet,GNN,mnist,R3,vision,6,3.3819518333333334,0.8703897567690964,2.546599,5.063791,0,Unknown,auto
matched_only,gat,GNN,cifar10,R3,vision,2,4.296054,0.0,4.296054,4.296054,0,Unknown,auto
matched_only,gat,GNN,cifar100,R3,vision,6,3.9471971666666668,0.9952938704799538,3.484762,5.972189,0,Unknown,auto
matched_only,gat,GNN,mnist,R3,vision,6,3.8657601666666666,0.8600627245917396,3.306419,5.584159,0,Unknown,auto
matched_only,gcn,GNN,cifar10,R3,vision,2,2.42952,0.0,2.42952,2.42952,0,Unknown,auto
matched_only,gcn,GNN,cifar100,R3,vision,6,1.2762296666666668,0.9181242188450682,0.82784,3.146643,0,Unknown,auto
matched_only,gcn,GNN,mnist,R3,vision,6,1.0510138333333334,0.8057130698811872,0.6126,2.689261,0,Unknown,auto
matched_only,gcnii,GNN,cifar10,R3,vision,2,9.276538,0.0,9.276538,9.276538,0,Unknown,auto
matched_only,gcnii,GNN,cifar100,R3,vision,6,6.036210166666666,0.9871996990747952,5.342368,8.023824,0,Unknown,auto
matched_only,gcnii,GNN,mnist,R3,vision,6,8.399462166666666,0.5509315573885437,7.744283,9.08128,0,Unknown,auto
matched_only,grafn,GNN,cifar10,R3,vision,2,5.097146,0.0,5.097146,5.097146,0,Unknown,auto
matched_only,grafn,GNN,cifar100,R3,vision,6,3.8543185,1.149802899145371,2.947312,5.340296,0,Unknown,auto
matched_only,grafn,GNN,mnist,R3,vision,6,6.358625833333334,2.143764330609913,4.920185,10.352249,0,Unknown,auto
matched_only,grand,GNN,cifar10,R3,vision,2,14.077974,0.0,14.077974,14.077974,0,Unknown,auto
matched_only,grand,GNN,cifar100,R3,vision,6,18.66433316666667,1.6708590878610217,17.11202,21.678618,0,Unknown,auto
matched_only,grand,GNN,mnist,R3,vision,6,30.87347166666667,4.411907813163039,26.927063,38.422735,0,Unknown,auto
matched_only,graphsage,GNN,cifar10,R3,vision,2,6.585875,0.0,6.585875,6.585875,0,Unknown,auto
matched_only,graphsage,GNN,cifar100,R3,vision,6,1.8473081666666669,1.3132961540870232,1.272433,4.525961,0,Unknown,auto
matched_only,graphsage,GNN,mnist,R3,vision,6,2.118871,1.0637661385727597,1.532421,4.283307,0,Unknown,auto
matched_only,h_gcn,GNN,cifar100,R3,vision,6,517.2393863333333,3.66025158781318,512.954864,521.955374,0,Unknown,auto
matched_only,planetoid,GNN,cifar10,R3,vision,2,1288.227765,0.0,1288.227765,1288.227765,0,Unknown,auto
matched_only,planetoid,GNN,cifar100,R3,vision,2,1305.177611,0.0,1305.177611,1305.177611,0,Unknown,auto
matched_only,planetoid,GNN,mnist,R3,vision,6,1591.6067423333334,8.602075154601392,1583.003422,1603.379193,0,Unknown,auto
matched_only,sgc,GNN,cifar10,R3,vision,2,2.246212,0.0,2.246212,2.246212,0,Unknown,auto
matched_only,sgc,GNN,cifar100,R3,vision,2,5.834072,0.0,5.834072,5.834072,0,Unknown,auto
matched_only,sgc,GNN,mnist,R3,vision,6,0.7242801666666666,0.8072003851444612,0.373715,2.371463,0,Unknown,auto
matched_only,adamatch,Hybrid,cifar10,R3,vision,2,282.416376,0.0,282.416376,282.416376,0,NVIDIA A100-SXM4-80GB|Unknown,auto
matched_only,adamatch,Hybrid,cifar100,R3,vision,2,272.560033,0.0,272.560033,272.560033,0,NVIDIA A100-SXM4-80GB|Unknown,auto
matched_only,adamatch,Hybrid,mnist,R3,vision,6,333.4834101666667,7.148953976632086,325.761788,343.946991,0,NVIDIA A100-SXM4-80GB|Unknown,auto
matched_only,comatch,Hybrid,cifar10,R3,vision,2,391.961756,0.0,391.961756,391.961756,0,NVIDIA A100-SXM4-80GB|Unknown,auto
matched_only,comatch,Hybrid,cifar100,R3,vision,2,384.680078,0.0,384.680078,384.680078,0,NVIDIA A100-SXM4-80GB|Unknown,auto
matched_only,comatch,Hybrid,mnist,R3,vision,6,494.501243,12.124213252065676,485.820914,518.189996,0,NVIDIA A100-SXM4-80GB|Unknown,auto
matched_only,daso,Hybrid,cifar10,R3,vision,2,355.577912,0.0,355.577912,355.577912,0,NVIDIA A100-SXM4-80GB|Unknown,auto
matched_only,daso,Hybrid,cifar100,R3,vision,2,512.833004,0.0,512.833004,512.833004,0,NVIDIA A100-SXM4-80GB|Unknown,auto
matched_only,daso,Hybrid,mnist,R3,vision,6,446.8150008333334,10.28460399252609,429.184721,458.434962,0,NVIDIA A100-SXM4-80GB|Unknown,auto
matched_only,defixmatch,Hybrid,cifar10,R3,vision,2,369.684361,0.0,369.684361,369.684361,0,NVIDIA A100-SXM4-80GB|Unknown,auto
matched_only,defixmatch,Hybrid,cifar100,R3,vision,6,356.800246,2.6589344687581193,355.082709,361.772942,0,NVIDIA A100-SXM4-80GB|Unknown,auto
matched_only,defixmatch,Hybrid,mnist,R3,vision,6,458.163482,5.456706405911181,453.125858,466.666588,0,NVIDIA A100-SXM4-80GB|Unknown,auto
matched_only,fixmatch,Hybrid,cifar10,R3,vision,2,271.637851,0.0,271.637851,271.637851,0,NVIDIA A100-SXM4-80GB|Unknown,auto
matched_only,fixmatch,Hybrid,cifar100,R3,vision,6,259.5926876666667,2.066412623550734,257.80622,263.159142,0,NVIDIA A100-SXM4-80GB|Unknown,auto
matched_only,fixmatch,Hybrid,mnist,R3,vision,6,330.53841616666665,16.13525602449156,318.7569,354.271327,0,NVIDIA A100-SXM4-80GB|Unknown,auto
matched_only,flexmatch,Hybrid,cifar10,R3,vision,2,342.66342,0.0,342.66342,342.66342,0,NVIDIA A100-SXM4-80GB|Unknown,auto
matched_only,flexmatch,Hybrid,cifar100,R3,vision,6,334.350718,10.799301253231114,320.22255,345.429053,0,NVIDIA A100-SXM4-80GB|Unknown,auto
matched_only,flexmatch,Hybrid,mnist,R3,vision,6,370.0130186666667,5.272519137504334,362.092215,376.913886,0,NVIDIA A100-SXM4-80GB|Unknown,auto
matched_only,free_match,Hybrid,cifar10,R3,vision,2,305.467318,0.0,305.467318,305.467318,0,NVIDIA A100-SXM4-80GB|Unknown,auto
matched_only,free_match,Hybrid,cifar100,R3,vision,6,284.28448149999997,2.9047212920500782,282.080532,289.831324,0,NVIDIA A100-SXM4-80GB|Unknown,auto
matched_only,free_match,Hybrid,mnist,R3,vision,6,345.61177649999996,3.186475369969273,341.494381,349.976285,0,NVIDIA A100-SXM4-80GB|Unknown,auto
matched_only,meta_pseudo_labels,Hybrid,cifar10,R3,vision,6,493.99314783333335,1.9702563197426237,492.270502,497.103125,0,NVIDIA A100-SXM4-80GB|Unknown,auto
matched_only,meta_pseudo_labels,Hybrid,cifar100,R3,vision,6,472.71580816666665,11.496439566973303,464.332771,494.174948,0,NVIDIA A100-SXM4-80GB|Unknown,auto
matched_only,meta_pseudo_labels,Hybrid,mnist,R3,vision,6,594.5056933333334,5.9929918136006295,586.376152,603.72739,0,NVIDIA A100-SXM4-80GB|Unknown,auto
matched_only,mixmatch,Hybrid,cifar10,R3,vision,6,237.84726666666666,3.064775346138624,235.257793,243.940478,0,NVIDIA A100-SXM4-80GB|Unknown,auto
matched_only,mixmatch,Hybrid,cifar100,R3,vision,6,225.62562233333333,2.437464720189462,222.018039,229.494067,0,NVIDIA A100-SXM4-80GB|Unknown,auto
matched_only,mixmatch,Hybrid,mnist,R3,vision,6,289.07014699999996,3.499113866575031,284.169422,293.074679,0,NVIDIA A100-SXM4-80GB|Unknown,auto
matched_only,noisy_student,Hybrid,cifar10,R3,vision,6,256.22573266666666,3.69883082044181,251.666651,262.02587,0,NVIDIA A100-SXM4-80GB|Unknown,auto
matched_only,noisy_student,Hybrid,cifar100,R3,vision,6,237.80742733333332,1.8332417787466728,235.356719,240.188222,0,NVIDIA A100-SXM4-80GB|Unknown,auto
matched_only,noisy_student,Hybrid,mnist,R3,vision,6,300.9089325,10.066186053239937,290.978185,319.428296,0,NVIDIA A100-SXM4-80GB|Unknown,auto
matched_only,simclr_v2,Hybrid,cifar10,R3,vision,6,126.80305133333333,48.14966044308768,105.760501,225.069101,0,NVIDIA A100-SXM4-80GB|Unknown,auto
matched_only,simclr_v2,Hybrid,cifar100,R3,vision,6,107.47477599999998,3.994447532266858,104.305477,115.358753,0,NVIDIA A100-SXM4-80GB|Unknown,auto
matched_only,simclr_v2,Hybrid,mnist,R3,vision,6,130.87054683333332,3.310347129736246,128.942695,137.315389,0,NVIDIA A100-SXM4-80GB|Unknown,auto
matched_only,softmatch,Hybrid,cifar10,R3,vision,6,275.02722466666665,1.7942975241675732,273.565537,278.272799,0,NVIDIA A100-SXM4-80GB|Unknown,auto
matched_only,softmatch,Hybrid,cifar100,R3,vision,6,261.8154656666666,1.7347457835079592,258.887418,264.026762,0,NVIDIA A100-SXM4-80GB|Unknown,auto
matched_only,softmatch,Hybrid,mnist,R3,vision,6,343.66652483333337,5.753258318413594,335.800383,351.654121,0,NVIDIA A100-SXM4-80GB|Unknown,auto
matched_only,uda,Hybrid,cifar10,R3,vision,6,271.43316483333336,5.170576011880509,267.649522,281.519813,0,NVIDIA A100-SXM4-80GB|Unknown,auto
matched_only,uda,Hybrid,cifar100,R3,vision,6,279.2161791666667,5.495308558882,273.106019,285.820224,0,NVIDIA A100-SXM4-80GB|Unknown,auto
matched_only,uda,Hybrid,mnist,R3,vision,6,326.34358033333336,1.4361233921542473,324.067874,327.754919,0,NVIDIA A100-SXM4-80GB|Unknown,auto
matched_only,adsh,Margin-based inductive,cifar10,R3,vision,2,304.907328,0.0,304.907328,304.907328,0,NVIDIA A100-SXM4-80GB|Unknown,auto
matched_only,adsh,Margin-based inductive,cifar100,R3,vision,2,356.614303,0.0,356.614303,356.614303,0,NVIDIA A100-SXM4-80GB|Unknown,auto
matched_only,adsh,Margin-based inductive,mnist,R3,vision,6,378.4815878333333,1.3364880117522127,376.659203,380.818351,0,NVIDIA A100-SXM4-80GB|Unknown,auto
matched_only,laplace_learning,PDE/Variational,cifar100,R3,vision,6,113.19755216666665,133.20259640681752,11.415828,284.831601,0,Unknown,auto
matched_only,laplace_learning,PDE/Variational,mnist,R3,vision,6,13.639917166666665,0.4218281406124616,13.443718,14.500619,0,Unknown,auto
matched_only,poisson_learning,PDE/Variational,cifar10,R3,vision,2,44.838155,0.0,44.838155,44.838155,0,Unknown,auto
matched_only,poisson_learning,PDE/Variational,cifar100,R3,vision,2,443.183553,0.0,443.183553,443.183553,0,Unknown,auto
matched_only,poisson_learning,PDE/Variational,mnist,R3,vision,6,56.23935649999999,0.21618662688681645,55.925586,56.420282,0,Unknown,auto
matched_only,poisson_mbo,PDE/Variational,cifar10,R3,vision,2,124.051754,0.0,124.051754,124.051754,0,CPU,auto
matched_only,poisson_mbo,PDE/Variational,cifar100,R3,vision,2,947.475879,0.0,947.475879,947.475879,0,CPU,auto
matched_only,poisson_mbo,PDE/Variational,mnist,R3,vision,6,161.92930783333335,1.0978353311107136,160.478393,163.539699,0,CPU,auto
matched_only,co_training,Wrappers,cifar10,R3,vision,2,9.474669,0.0,9.474669,9.474669,0,Unknown,auto
matched_only,co_training,Wrappers,cifar100,R3,vision,2,2991.817496,0.0,2991.817496,2991.817496,0,Unknown,auto
matched_only,co_training,Wrappers,mnist,R3,vision,6,7.453515833333333,2.1811072515659027,6.358757,11.899261,0,Unknown,auto
matched_only,deep_co_training,Wrappers,cifar10,R3,vision,6,677.7319558333332,109.43516308008684,617.599741,899.465683,0,NVIDIA A100-SXM4-80GB|Unknown,auto
matched_only,deep_co_training,Wrappers,cifar100,R3,vision,6,608.16428,4.65684138795042,603.898279,616.077898,0,NVIDIA A100-SXM4-80GB|Unknown,auto
matched_only,deep_co_training,Wrappers,mnist,R3,vision,6,768.2989284999999,11.970084756381407,752.694906,789.220829,0,NVIDIA A100-SXM4-80GB|Unknown,auto
matched_only,democratic_co_learning,Wrappers,cifar10,R3,vision,2,2087.309075,0.0,2087.309075,2087.309075,0,NVIDIA A100-SXM4-80GB|Unknown,auto
matched_only,democratic_co_learning,Wrappers,cifar100,R3,vision,6,915.5421201666668,877.998827479153,166.455399,2115.326594,0,NVIDIA A100-SXM4-80GB|Unknown,auto
matched_only,democratic_co_learning,Wrappers,mnist,R3,vision,6,1643.1940021666667,1217.5194056600421,3.256696,2535.571434,0,NVIDIA A100-SXM4-80GB|Unknown,auto
matched_only,pseudo_label,Wrappers,cifar10,R3,vision,6,2.624276333333333,1.8683849364068064,1.761343,6.43291,0,NVIDIA A100-SXM4-80GB|Unknown,auto
matched_only,pseudo_label,Wrappers,cifar100,R3,vision,6,3.023642,1.0475305902695158,2.529687,5.157923,0,NVIDIA A100-SXM4-80GB|Unknown,auto
matched_only,pseudo_label,Wrappers,mnist,R3,vision,6,3.003843666666667,2.9936994842992957,1.77158,9.114682,0,NVIDIA A100-SXM4-80GB|Unknown,auto
matched_only,self_training,Wrappers,cifar10,R3,vision,6,1.9290061666666667,1.2438711172483132,1.413757,4.468032,0,NVIDIA A100-SXM4-80GB|Unknown,auto
matched_only,self_training,Wrappers,cifar100,R3,vision,6,2.7933226666666666,0.9690434648649496,2.388307,4.771315,0,NVIDIA A100-SXM4-80GB|Unknown,auto
matched_only,self_training,Wrappers,mnist,R3,vision,6,1.8546965000000002,0.9571529129644333,1.462922,3.808476,0,NVIDIA A100-SXM4-80GB|Unknown,auto
matched_only,setred,Wrappers,cifar10,R3,vision,6,4.24695,4.410373018365045,2.306807,13.247743,0,Unknown,auto
matched_only,setred,Wrappers,cifar100,R3,vision,6,301.2058196666667,34.45732638383663,282.138582,371.012642,0,Unknown,auto
matched_only,setred,Wrappers,mnist,R3,vision,6,4.376257666666667,2.010738446964166,3.340319,8.464338,0,Unknown,auto
matched_only,tri_training,Wrappers,cifar10,R3,vision,6,2471.059811333333,78.15813743644557,2394.363206,2579.721035,0,NVIDIA A100-SXM4-80GB|Unknown,auto
matched_only,tri_training,Wrappers,cifar100,R3,vision,6,2344.4682651666667,141.3900760224925,2197.820756,2550.591889,0,NVIDIA A100-SXM4-80GB|Unknown,auto
matched_only,tri_training,Wrappers,mnist,R3,vision,6,2937.4409045000007,46.21825747254062,2852.354271,2992.38607,0,NVIDIA A100-SXM4-80GB|Unknown,auto
matched_only,supervised,Baseline,citeseer,R4,graph,6,1.1514575,2.3306619038736396,0.170776,5.9088,0,NVIDIA A100-SXM4-80GB|Unknown,auto
matched_only,supervised,Baseline,cora,R4,graph,6,1.4478594999999999,2.887009297342269,0.265918,7.34094,0,Tesla V100-SXM2-32GB|Unknown,auto
matched_only,supervised,Baseline,pubmed,R4,graph,6,1.113803833333333,2.3432819058001035,0.154501,5.897004,0,NVIDIA A100-SXM4-80GB|Unknown,auto
matched_only,dynamic_label_propagation,Classical transductive,citeseer,R4,graph,6,0.4436436666666667,0.22045283185358874,0.351341,0.893622,0,Unknown,auto
matched_only,dynamic_label_propagation,Classical transductive,cora,R4,graph,6,0.6155836666666666,0.20253706339005378,0.515116,1.028225,0,Unknown,auto
matched_only,dynamic_label_propagation,Classical transductive,pubmed,R4,graph,6,52.767753333333324,0.2532818132244529,52.534893,53.125251,0,Unknown,auto
matched_only,graph_mincuts,Classical transductive,citeseer,R4,graph,6,0.1860555,0.2684282271392112,0.07493,0.733968,0,CPU,auto
matched_only,graph_mincuts,Classical transductive,cora,R4,graph,6,0.1889436666666667,0.2895135106668887,0.064936,0.779655,0,CPU,auto
matched_only,graph_mincuts,Classical transductive,pubmed,R4,graph,6,0.1619235,0.14378576118204472,0.097249,0.454934,0,CPU,auto
matched_only,graphhop,Classical transductive,citeseer,R4,graph,6,12.235293166666667,1.7191345681382149,10.612162,14.270677,0,Unknown,auto
matched_only,graphhop,Classical transductive,cora,R4,graph,6,15.959380666666668,1.3565767439054333,15.023887,18.684221,0,Unknown,auto
matched_only,graphhop,Classical transductive,pubmed,R4,graph,6,15.112225333333335,1.8802538440624097,13.097992,18.25655,0,Unknown,auto
matched_only,label_propagation,Classical transductive,citeseer,R4,graph,6,0.19448166666666666,0.14706942329888514,0.133348,0.494668,0,Unknown,auto
matched_only,label_propagation,Classical transductive,cora,R4,graph,6,0.21046333333333334,0.14345108687586397,0.144706,0.503013,0,Unknown,auto
matched_only,label_propagation,Classical transductive,pubmed,R4,graph,6,0.18233816666666666,0.14126579724111094,0.121777,0.470608,0,Unknown,auto
matched_only,label_spreading,Classical transductive,citeseer,R4,graph,6,0.1743055,0.15805529346118086,0.107412,0.496892,0,Unknown,auto
matched_only,label_spreading,Classical transductive,cora,R4,graph,6,0.19604666666666667,0.16794582263416574,0.120214,0.538671,0,Unknown,auto
matched_only,label_spreading,Classical transductive,pubmed,R4,graph,6,0.1745711666666667,0.15402466637576812,0.110811,0.488968,0,Unknown,auto
matched_only,lazy_random_walk,Classical transductive,citeseer,R4,graph,6,0.15028066666666667,0.19614704977405767,0.056529,0.549487,0,Unknown,auto
matched_only,lazy_random_walk,Classical transductive,cora,R4,graph,6,0.22246333333333335,0.2299580556255133,0.124528,0.691836,0,Unknown,auto
matched_only,lazy_random_walk,Classical transductive,pubmed,R4,graph,6,1.7005321666666664,0.33231049859516426,1.539213,2.375962,0,Unknown,auto
matched_only,mean_teacher,Consistency,citeseer,R4,graph,6,1.2485643333333332,2.2577237696222863,0.320777,5.857117,0,NVIDIA A100-SXM4-80GB|Unknown,auto
matched_only,mean_teacher,Consistency,cora,R4,graph,6,1.6021271666666668,2.906051318022751,0.412121,7.534078,0,Tesla V100-SXM2-32GB|Unknown,auto
matched_only,mean_teacher,Consistency,pubmed,R4,graph,6,1.2509959999999998,2.3561419861360644,0.283458,6.060413,0,NVIDIA A100-SXM4-80GB|Unknown,auto
matched_only,pi_model,Consistency,citeseer,R4,graph,6,1.203802,2.207303054977816,0.298262,5.709437,0,NVIDIA A100-SXM4-80GB|Unknown,auto
matched_only,pi_model,Consistency,cora,R4,graph,6,1.5260230000000001,2.7888179726990425,0.385108,7.218672,0,Tesla V100-SXM2-32GB|Unknown,auto
matched_only,pi_model,Consistency,pubmed,R4,graph,6,1.2417090000000002,2.362702722019256,0.275098,6.064555,0,NVIDIA A100-SXM4-80GB|Unknown,auto
matched_only,temporal_ensembling,Consistency,citeseer,R4,graph,6,1.2674755000000002,2.3064571951523183,0.317539,5.975475,0,NVIDIA A100-SXM4-80GB|Unknown,auto
matched_only,temporal_ensembling,Consistency,cora,R4,graph,6,1.5941285,2.826730901670037,0.436816,7.364163,0,Tesla V100-SXM2-32GB|Unknown,auto
matched_only,temporal_ensembling,Consistency,pubmed,R4,graph,6,1.2500171666666664,2.3570506085672758,0.284177,6.061317,0,NVIDIA A100-SXM4-80GB|Unknown,auto
matched_only,vat,Consistency,citeseer,R4,graph,6,1.3662115000000001,2.4793685179703115,0.348441,6.427195,0,NVIDIA A100-SXM4-80GB|Unknown,auto
matched_only,vat,Consistency,cora,R4,graph,6,1.6350395000000002,2.808809988327352,0.473905,7.368469,0,Tesla V100-SXM2-32GB|Unknown,auto
matched_only,vat,Consistency,pubmed,R4,graph,6,1.2972724999999998,2.3823840468912434,0.323181,6.160293,0,NVIDIA A100-SXM4-80GB|Unknown,auto
matched_only,appnp,GNN,citeseer,R4,graph,6,0.8609796666666667,0.7935449798262647,0.484758,2.466397,0,Unknown,auto
matched_only,appnp,GNN,cora,R4,graph,6,0.9873191666666665,0.9966130971399918,0.560899,3.021326,0,Unknown,auto
matched_only,appnp,GNN,pubmed,R4,graph,6,1.0557916666666667,0.8001310551687559,0.603367,2.674565,0,Unknown,auto
matched_only,chebnet,GNN,citeseer,R4,graph,6,0.9220955000000001,0.8303324820277116,0.579807,2.616981,0,Unknown,auto
matched_only,chebnet,GNN,cora,R4,graph,6,1.1664981666666667,1.3772139724281653,0.505129,3.965603,0,Unknown,auto
matched_only,chebnet,GNN,pubmed,R4,graph,6,1.5290793333333337,0.6578651876512898,1.01167,2.783593,0,Unknown,auto
matched_only,gat,GNN,citeseer,R4,graph,6,1.356308,0.7755162372654747,0.848171,2.926209,0,Unknown,auto
matched_only,gat,GNN,cora,R4,graph,6,1.881823,1.0223810150138746,1.255827,3.957517,0,Unknown,auto
matched_only,gat,GNN,pubmed,R4,graph,6,1.5987216666666664,0.8422645346679787,1.244055,3.317931,0,Unknown,auto
matched_only,gcn,GNN,citeseer,R4,graph,6,0.630551,0.7889993368309,0.235401,2.236962,0,Unknown,auto
matched_only,gcn,GNN,cora,R4,graph,6,0.8794706666666666,1.0821780614524885,0.310584,3.084335,0,Unknown,auto
matched_only,gcn,GNN,pubmed,R4,graph,6,0.7922253333333334,0.8022599879684058,0.378591,2.427442,0,Unknown,auto
matched_only,gcnii,GNN,citeseer,R4,graph,6,1.5223673333333332,0.8577524540977232,0.959901,2.968099,0,Unknown,auto
matched_only,gcnii,GNN,cora,R4,graph,6,1.9918411666666664,0.9658613479727652,1.466767,3.953009,0,Unknown,auto
matched_only,gcnii,GNN,pubmed,R4,graph,6,2.9292599999999998,1.0544284837560107,2.02666,4.552597,0,Unknown,auto
matched_only,grafn,GNN,citeseer,R4,graph,6,1.3547208333333334,0.9690073447922707,0.830184,3.290241,0,Unknown,auto
matched_only,grafn,GNN,cora,R4,graph,6,2.010182833333333,0.9957508380516518,1.291547,3.991073,0,Unknown,auto
matched_only,grafn,GNN,pubmed,R4,graph,6,1.5354970000000001,0.8761836583280928,0.974422,3.306041,0,Unknown,auto
matched_only,grand,GNN,citeseer,R4,graph,6,3.5781188333333334,0.798193324953151,3.219571,5.206509,0,Unknown,auto
matched_only,grand,GNN,cora,R4,graph,6,2.983362833333333,1.0277775814559136,2.470619,5.075756,0,Unknown,auto
matched_only,grand,GNN,pubmed,R4,graph,6,8.408553666666664,2.3477744454476595,5.279129,10.380759,0,Unknown,auto
matched_only,graphsage,GNN,citeseer,R4,graph,6,0.655895,0.8037527333241237,0.325515,2.296541,0,Unknown,auto
matched_only,graphsage,GNN,cora,R4,graph,6,1.0700661666666667,1.5064447314870089,0.333497,4.122842,0,Unknown,auto
matched_only,graphsage,GNN,pubmed,R4,graph,6,0.9100621666666667,0.7627692582115293,0.41197,2.419889,0,Unknown,auto
matched_only,h_gcn,GNN,citeseer,R4,graph,6,3.550244333333333,1.5425124070904153,1.868146,5.985044,0,Unknown,auto
matched_only,h_gcn,GNN,cora,R4,graph,6,3.2393208333333336,1.2166564445404326,1.751122,4.838784,0,Unknown,auto
matched_only,h_gcn,GNN,pubmed,R4,graph,6,34.744581000000004,6.106619410905711,28.56641,41.037824,0,Unknown,auto
matched_only,n_gcn,GNN,citeseer,R4,graph,6,13.218315333333335,0.7988714646614101,12.847824,14.838562,0,Unknown,auto
matched_only,n_gcn,GNN,cora,R4,graph,6,6.257129333333334,1.0169884578829138,5.757885,8.324804,0,Unknown,auto
matched_only,n_gcn,GNN,pubmed,R4,graph,6,90.41006283333333,1.228679253755579,88.103273,91.61443,0,Unknown,auto
matched_only,planetoid,GNN,citeseer,R4,graph,6,42.77532983333333,1.0527674629883683,42.011039,44.879056,0,Unknown,auto
matched_only,planetoid,GNN,cora,R4,graph,6,173.879802,2.9097971751594676,172.451757,179.798889,0,Unknown,auto
matched_only,planetoid,GNN,pubmed,R4,graph,6,287.5062858333334,2.6264858567171023,284.963104,290.807701,0,Unknown,auto
matched_only,sgc,GNN,citeseer,R4,graph,6,0.5649101666666666,1.0174479072413323,0.148274,2.641766,0,Unknown,auto
matched_only,sgc,GNN,cora,R4,graph,6,0.5690771666666666,1.0108012377421025,0.152018,2.632308,0,Unknown,auto
matched_only,sgc,GNN,pubmed,R4,graph,6,0.5056046666666667,0.7701709858231915,0.172014,2.077373,0,Unknown,auto
matched_only,adamatch,Hybrid,citeseer,R4,graph,6,18.2664715,43.898597433316446,0.340263,107.874108,0,NVIDIA A100-SXM4-80GB|Unknown,auto
matched_only,adamatch,Hybrid,cora,R4,graph,6,4.5711565,10.125200251825023,0.4329,25.239132,0,Tesla V100-SXM2-32GB|Unknown,auto
matched_only,adamatch,Hybrid,pubmed,R4,graph,6,3.975925833333333,8.978228338785184,0.306458,22.302657,0,NVIDIA A100-SXM4-80GB|Unknown,auto
matched_only,comatch,Hybrid,citeseer,R4,graph,6,1.3425283333333333,2.2482782753980137,0.420787,5.931802,0,NVIDIA A100-SXM4-80GB|Unknown,auto
matched_only,comatch,Hybrid,cora,R4,graph,6,1.7413278333333333,2.8204118723255593,0.584353,7.498448,0,Tesla V100-SXM2-32GB|Unknown,auto
matched_only,comatch,Hybrid,pubmed,R4,graph,6,1.3828373333333335,2.429943552088457,0.385707,6.342932,0,NVIDIA A100-SXM4-80GB|Unknown,auto
matched_only,daso,Hybrid,citeseer,R4,graph,6,1.3254985,2.230391031181102,0.406797,5.878255,0,NVIDIA A100-SXM4-80GB|Unknown,auto
matched_only,daso,Hybrid,cora,R4,graph,6,1.6481816666666667,2.7303156530430446,0.53141,7.221414,0,Tesla V100-SXM2-32GB|Unknown,auto
matched_only,daso,Hybrid,pubmed,R4,graph,6,1.3743313333333331,2.503972715148523,0.351043,6.485544,0,NVIDIA A100-SXM4-80GB|Unknown,auto
matched_only,defixmatch,Hybrid,citeseer,R4,graph,6,1.3490168333333334,2.3531735077981324,0.381535,6.152406,0,NVIDIA A100-SXM4-80GB|Unknown,auto
matched_only,defixmatch,Hybrid,cora,R4,graph,6,2.4322623333333335,3.6102386882713264,0.809095,9.799283,0,Tesla V100-SXM2-32GB|Unknown,auto
matched_only,defixmatch,Hybrid,pubmed,R4,graph,6,1.3131228333333334,2.348488325515323,0.351605,6.106951,0,NVIDIA A100-SXM4-80GB|Unknown,auto
matched_only,fixmatch,Hybrid,citeseer,R4,graph,6,1.2168303333333335,2.2010000292782976,0.315615,5.709602,0,NVIDIA A100-SXM4-80GB|Unknown,auto
matched_only,fixmatch,Hybrid,cora,R4,graph,6,1.5951993333333334,2.9210218499637186,0.400715,7.557709,0,Tesla V100-SXM2-32GB|Unknown,auto
matched_only,fixmatch,Hybrid,pubmed,R4,graph,6,1.2281195,2.341469307798482,0.269231,6.00762,0,NVIDIA A100-SXM4-80GB|Unknown,auto
matched_only,flexmatch,Hybrid,citeseer,R4,graph,6,1.2228351666666666,2.1968224330770494,0.320889,5.707077,0,NVIDIA A100-SXM4-80GB|Unknown,auto
matched_only,flexmatch,Hybrid,cora,R4,graph,6,1.6525056666666664,2.9455474848348087,0.42587,7.664941,0,Tesla V100-SXM2-32GB|Unknown,auto
matched_only,flexmatch,Hybrid,pubmed,R4,graph,6,1.2511546666666666,2.363926644526997,0.28461,6.076499,0,NVIDIA A100-SXM4-80GB|Unknown,auto
matched_only,free_match,Hybrid,citeseer,R4,graph,6,1.3074875000000001,2.2358418872959467,0.384314,5.871361,0,NVIDIA A100-SXM4-80GB|Unknown,auto
matched_only,free_match,Hybrid,cora,R4,graph,6,1.7504665,3.0130932236372474,0.509274,7.900885,0,Tesla V100-SXM2-32GB|Unknown,auto
matched_only,free_match,Hybrid,pubmed,R4,graph,6,1.3458966666666665,2.4087149225333135,0.359534,6.262663,0,NVIDIA A100-SXM4-80GB|Unknown,auto
matched_only,meta_pseudo_labels,Hybrid,citeseer,R4,graph,6,1.4218184999999999,2.223891784941952,0.497556,5.961278,0,NVIDIA A100-SXM4-80GB|Unknown,auto
matched_only,meta_pseudo_labels,Hybrid,cora,R4,graph,6,1.8280145,2.931807625321535,0.626949,7.812538,0,Tesla V100-SXM2-32GB|Unknown,auto
matched_only,meta_pseudo_labels,Hybrid,pubmed,R4,graph,6,1.3907488333333333,2.3572615268295043,0.426811,6.202488,0,NVIDIA A100-SXM4-80GB|Unknown,auto
matched_only,mixmatch,Hybrid,citeseer,R4,graph,6,1.216502,2.206102746609958,0.314854,5.71969,0,NVIDIA A100-SXM4-80GB|Unknown,auto
matched_only,mixmatch,Hybrid,cora,R4,graph,6,1.5412204999999999,2.7401778613816843,0.419772,7.134583,0,Tesla V100-SXM2-32GB|Unknown,auto
matched_only,mixmatch,Hybrid,pubmed,R4,graph,6,1.3282746666666667,2.512850516596693,0.301839,6.457609,0,NVIDIA A100-SXM4-80GB|Unknown,auto
matched_only,noisy_student,Hybrid,citeseer,R4,graph,6,1.2152895,2.214451297393713,0.307695,5.735517,0,NVIDIA A100-SXM4-80GB|Unknown,auto
matched_only,noisy_student,Hybrid,cora,R4,graph,6,1.5207468333333336,2.7277185513167166,0.401358,7.088675,0,Tesla V100-SXM2-32GB|Unknown,auto
matched_only,noisy_student,Hybrid,pubmed,R4,graph,6,1.2600875,2.3781301999105726,0.287217,6.114425,0,NVIDIA A100-SXM4-80GB|Unknown,auto
matched_only,simclr_v2,Hybrid,citeseer,R4,graph,6,1.2137603333333333,2.252479082004862,0.286454,5.811602,0,NVIDIA A100-SXM4-80GB|Unknown,auto
matched_only,simclr_v2,Hybrid,cora,R4,graph,6,1.5142783333333334,2.8751669647003575,0.335732,7.383183,0,Tesla V100-SXM2-32GB|Unknown,auto
matched_only,simclr_v2,Hybrid,pubmed,R4,graph,6,1.2230363333333332,2.397160896190297,0.242431,6.116218,0,NVIDIA A100-SXM4-80GB|Unknown,auto
matched_only,softmatch,Hybrid,citeseer,R4,graph,6,1.2347145000000002,2.230726256523445,0.318647,5.788158,0,NVIDIA A100-SXM4-80GB|Unknown,auto
matched_only,softmatch,Hybrid,cora,R4,graph,6,1.6134761666666666,2.888084083167207,0.431969,7.50875,0,Tesla V100-SXM2-32GB|Unknown,auto
matched_only,softmatch,Hybrid,pubmed,R4,graph,6,1.2497565000000002,2.3698644077772677,0.279935,6.087221,0,NVIDIA A100-SXM4-80GB|Unknown,auto
matched_only,uda,Hybrid,citeseer,R4,graph,6,1.3810286666666667,2.5978011743690983,0.31907,6.683766,0,NVIDIA A100-SXM4-80GB|Unknown,auto
matched_only,uda,Hybrid,cora,R4,graph,6,1.5226578333333334,2.741493795915024,0.400191,7.118707,0,Tesla V100-SXM2-32GB|Unknown,auto
matched_only,uda,Hybrid,pubmed,R4,graph,6,1.2361771666666665,2.3522014414787193,0.272668,6.037584,0,NVIDIA A100-SXM4-80GB|Unknown,auto
matched_only,adsh,Margin-based inductive,citeseer,R4,graph,6,1.3916528333333333,2.478548658142213,0.372661,6.450939,0,NVIDIA A100-SXM4-80GB|Unknown,auto
matched_only,adsh,Margin-based inductive,cora,R4,graph,6,1.7051543333333334,2.953014998312651,0.49038,7.732899,0,Tesla V100-SXM2-32GB|Unknown,auto
matched_only,adsh,Margin-based inductive,pubmed,R4,graph,6,1.304251833333333,2.4141771972479913,0.317638,6.23217,0,NVIDIA A100-SXM4-80GB|Unknown,auto
matched_only,laplace_learning,PDE/Variational,citeseer,R4,graph,6,0.20772333333333334,0.2814113232097576,0.091436,0.782147,0,Unknown,auto
matched_only,laplace_learning,PDE/Variational,cora,R4,graph,6,0.21031866666666665,0.30155526391072446,0.08493,0.825802,0,Unknown,auto
matched_only,laplace_learning,PDE/Variational,pubmed,R4,graph,6,0.5778463333333334,0.22361647980116914,0.48521,1.034294,0,Unknown,auto
matched_only,p_laplace_learning,PDE/Variational,citeseer,R4,graph,6,354.72841383333326,6.0657683347744165,346.979514,361.874538,0,CPU,auto
matched_only,p_laplace_learning,PDE/Variational,cora,R4,graph,6,890.0932808333336,5.2555515637632615,884.5674,899.030084,0,CPU,auto
matched_only,p_laplace_learning,PDE/Variational,pubmed,R4,graph,6,2977.651089333333,13.097613636534758,2952.260429,2987.713182,0,CPU,auto
matched_only,poisson_learning,PDE/Variational,citeseer,R4,graph,6,0.32997316666666665,0.044681644004743906,0.309559,0.420817,0,Unknown,auto
matched_only,poisson_learning,PDE/Variational,cora,R4,graph,6,0.3469533333333334,0.05445728473093995,0.309676,0.453138,0,Unknown,auto
matched_only,poisson_learning,PDE/Variational,pubmed,R4,graph,6,0.29699666666666663,0.04295147329564687,0.277612,0.384496,0,Unknown,auto
matched_only,poisson_mbo,PDE/Variational,citeseer,R4,graph,6,2.1440375,0.04775888937883715,2.119932,2.241203,0,CPU,auto
matched_only,poisson_mbo,PDE/Variational,cora,R4,graph,6,4.537098333333334,0.03578532122905522,4.504405,4.586261,0,CPU,auto
matched_only,poisson_mbo,PDE/Variational,pubmed,R4,graph,6,12.3378745,0.025842986698522044,12.299958,12.378756,0,CPU,auto
matched_only,co_training,Wrappers,citeseer,R4,graph,6,3.5307368333333335,2.246548170061031,1.8995,8.04331,0,NVIDIA A100-SXM4-80GB|Unknown,auto
matched_only,co_training,Wrappers,cora,R4,graph,6,5.039791999999999,2.882180593646623,3.71885,10.911798,0,Tesla V100-SXM2-32GB|Unknown,auto
matched_only,co_training,Wrappers,pubmed,R4,graph,6,2.7196625,2.361039486624292,1.749482,7.539084,0,NVIDIA A100-SXM4-80GB|Unknown,auto
matched_only,deep_co_training,Wrappers,citeseer,R4,graph,6,1.5793068333333335,2.2128831568962166,0.670467,6.09633,0,NVIDIA A100-SXM4-80GB|Unknown,auto
matched_only,deep_co_training,Wrappers,cora,R4,graph,6,2.166002833333333,2.92718929430513,0.962451,8.141059,0,Tesla V100-SXM2-32GB|Unknown,auto
matched_only,deep_co_training,Wrappers,pubmed,R4,graph,6,1.6085716666666665,2.3672383575347595,0.640162,6.440676,0,NVIDIA A100-SXM4-80GB|Unknown,auto
matched_only,democratic_co_learning,Wrappers,citeseer,R4,graph,6,4.765434333333333,2.5646376943722613,3.057286,9.706913,0,NVIDIA A100-SXM4-80GB|Unknown,auto
matched_only,democratic_co_learning,Wrappers,cora,R4,graph,6,7.822895666666667,2.2951967988926496,6.306356,12.444657,0,Tesla V100-SXM2-32GB|Unknown,auto
matched_only,democratic_co_learning,Wrappers,pubmed,R4,graph,6,3.205133,2.034561209266804,1.76351,7.080487,0,NVIDIA A100-SXM4-80GB|Unknown,auto
matched_only,pseudo_label,Wrappers,citeseer,R4,graph,6,1.3246443333333333,2.178469589517895,0.285307,5.76719,0,NVIDIA A100-SXM4-80GB|Unknown,auto
matched_only,pseudo_label,Wrappers,cora,R4,graph,6,1.6862141666666668,2.699653399520199,0.47502,7.193087,0,Tesla V100-SXM2-32GB|Unknown,auto
matched_only,pseudo_label,Wrappers,pubmed,R4,graph,6,1.263953,2.4545231812685735,0.259338,6.274226,0,NVIDIA A100-SXM4-80GB|Unknown,auto
matched_only,self_training,Wrappers,citeseer,R4,graph,6,1.2923391666666666,2.1714421760134823,0.268178,5.721127,0,NVIDIA A100-SXM4-80GB|Unknown,auto
matched_only,self_training,Wrappers,cora,R4,graph,6,1.9712906666666665,3.694260812071755,0.45547,9.512163,0,Tesla V100-SXM2-32GB|Unknown,auto
matched_only,self_training,Wrappers,pubmed,R4,graph,6,1.2566515,2.4539052970293493,0.252413,6.265662,0,NVIDIA A100-SXM4-80GB|Unknown,auto
matched_only,setred,Wrappers,citeseer,R4,graph,6,1.2767121666666668,2.1915542557349035,0.266415,5.746797,0,NVIDIA A100-SXM4-80GB|Unknown,auto
matched_only,setred,Wrappers,cora,R4,graph,6,1.6509903333333333,2.8910105836462563,0.467579,7.552238,0,Tesla V100-SXM2-32GB|Unknown,auto
matched_only,setred,Wrappers,pubmed,R4,graph,6,1.215198166666667,2.387884388972583,0.2376,6.089445,0,NVIDIA A100-SXM4-80GB|Unknown,auto
matched_only,tri_training,Wrappers,citeseer,R4,graph,6,3.653796,2.606653585160253,2.252764,8.948629,0,NVIDIA A100-SXM4-80GB|Unknown,auto
matched_only,tri_training,Wrappers,cora,R4,graph,6,5.680566166666666,3.097535960305831,4.231989,11.980806,0,Tesla V100-SXM2-32GB|Unknown,auto
matched_only,tri_training,Wrappers,pubmed,R4,graph,6,2.6810004999999997,2.265221495597351,1.540112,7.295407,0,NVIDIA A100-SXM4-80GB|Unknown,auto
matched_only,trinet,Wrappers,citeseer,R4,graph,6,2.409443,2.7010492173424017,1.189377,7.921489,0,NVIDIA A100-SXM4-80GB|Unknown,auto
matched_only,trinet,Wrappers,cora,R4,graph,6,3.2683505,2.9694439792707827,2.019678,9.328841,0,Tesla V100-SXM2-32GB|Unknown,auto
matched_only,trinet,Wrappers,pubmed,R4,graph,6,1.6106368333333334,2.3796791648952524,0.631087,6.468126,0,NVIDIA A100-SXM4-80GB|Unknown,auto
matched_only,supervised,Baseline,adult,R4,tabular,6,1.2352591666666666,2.276879006154997,0.298256,5.882886,0,NVIDIA A100-SXM4-80GB|Unknown,auto
matched_only,supervised,Baseline,breast_cancer,R4,tabular,6,2.4730713333333334,5.046135376447947,0.362862,12.772644,0,Tesla V100-SXM2-32GB|Unknown,auto
matched_only,supervised,Baseline,iris,R4,tabular,6,0.7373238333333334,1.5754422082948543,0.09312,3.95318,0,NVIDIA A100-SXM4-80GB|Unknown,auto
matched_only,dynamic_label_propagation,Classical transductive,adult,R4,tabular,6,766.4918638333334,1.096359540344756,765.518236,768.499137,0,Unknown,auto
matched_only,dynamic_label_propagation,Classical transductive,breast_cancer,R4,tabular,6,2.0009475,3.106324661492082,0.624132,8.335773,0,Unknown,auto
matched_only,dynamic_label_propagation,Classical transductive,iris,R4,tabular,6,0.4495183333333334,0.9098875688454408,0.076107,2.306814,0,Unknown,auto
matched_only,graph_mincuts,Classical transductive,adult,R4,tabular,6,0.8307526666666667,0.7327386088088075,0.347902,2.297904,0,CPU,auto
matched_only,graph_mincuts,Classical transductive,breast_cancer,R4,tabular,6,1.3910548333333335,2.5829201193026794,0.2578,6.662396,0,CPU,auto
matched_only,graphhop,Classical transductive,adult,R4,tabular,6,33.585244833333334,10.620317664982764,12.317872,40.334889,0,Unknown,auto
matched_only,graphhop,Classical transductive,breast_cancer,R4,tabular,6,19.938682,6.8346553360226725,15.448481,33.273987,0,Unknown,auto
matched_only,graphhop,Classical transductive,iris,R4,tabular,6,10.742466166666667,1.8106518482809904,9.782102,14.420558,0,Unknown,auto
matched_only,label_propagation,Classical transductive,adult,R4,tabular,6,0.7417854999999999,0.9291612704422736,0.321574,2.637187,0,Unknown,auto
matched_only,label_propagation,Classical transductive,breast_cancer,R4,tabular,6,1.8750536666666662,3.466428066275466,0.404974,8.950215,0,Unknown,auto
matched_only,label_propagation,Classical transductive,iris,R4,tabular,6,0.4184218333333334,0.8679923623579684,0.061615,2.190194,0,Unknown,auto
matched_only,label_spreading,Classical transductive,adult,R4,tabular,6,0.6585721666666666,0.8962752291684551,0.29091,2.488083,0,Unknown,auto
matched_only,label_spreading,Classical transductive,breast_cancer,R4,tabular,6,1.9531953333333332,3.7461266536891498,0.362228,9.598831,0,Unknown,auto
matched_only,label_spreading,Classical transductive,iris,R4,tabular,6,0.4455015,0.8958607711828329,0.078989,2.274169,0,Unknown,auto
matched_only,lazy_random_walk,Classical transductive,adult,R4,tabular,6,5.342198166666667,0.9133208669858403,4.957602,7.206444,0,Unknown,auto
matched_only,lazy_random_walk,Classical transductive,breast_cancer,R4,tabular,6,1.6567399999999999,3.0757882558678835,0.27333,7.933795,0,Unknown,auto
matched_only,mean_teacher,Consistency,adult,R4,tabular,6,37.32280766666666,1.6652510439515904,36.39092,40.686547,0,NVIDIA A100-SXM4-80GB|Unknown,auto
matched_only,mean_teacher,Consistency,breast_cancer,R4,tabular,6,3.288592166666667,5.377634105938648,1.069341,14.265479,0,Tesla V100-SXM2-32GB|Unknown,auto
matched_only,mean_teacher,Consistency,iris,R4,tabular,6,0.8422003333333333,1.631473995021884,0.174836,4.172431,0,NVIDIA A100-SXM4-80GB|Unknown,auto
matched_only,pi_model,Consistency,adult,R4,tabular,6,36.210093,1.7099720634251323,35.075934,39.6381,0,NVIDIA A100-SXM4-80GB|Unknown,auto
matched_only,pi_model,Consistency,breast_cancer,R4,tabular,6,3.408409333333333,5.392363546798442,1.122403,14.414932,0,Tesla V100-SXM2-32GB|Unknown,auto
matched_only,pi_model,Consistency,iris,R4,tabular,6,0.8417676666666666,1.635310755871026,0.172439,4.17983,0,NVIDIA A100-SXM4-80GB|Unknown,auto
matched_only,temporal_ensembling,Consistency,adult,R4,tabular,6,40.759064333333335,1.6393635013250303,39.428379,43.764635,0,NVIDIA A100-SXM4-80GB|Unknown,auto
matched_only,temporal_ensembling,Consistency,breast_cancer,R4,tabular,6,3.074425333333334,4.800049376927811,1.099373,12.872462,0,Tesla V100-SXM2-32GB|Unknown,auto
matched_only,temporal_ensembling,Consistency,iris,R4,tabular,6,0.8561821666666667,1.620808349881554,0.192786,4.164641,0,NVIDIA A100-SXM4-80GB|Unknown,auto
matched_only,vat,Consistency,adult,R4,tabular,6,48.29534783333333,1.9141279295431044,47.172194,52.026724,0,NVIDIA A100-SXM4-80GB|Unknown,auto
matched_only,vat,Consistency,breast_cancer,R4,tabular,6,3.3736681666666666,4.885593812873494,1.334014,13.346228,0,Tesla V100-SXM2-32GB|Unknown,auto
matched_only,vat,Consistency,iris,R4,tabular,6,0.8806405,1.6217244752410627,0.217599,4.190971,0,NVIDIA A100-SXM4-80GB|Unknown,auto
matched_only,appnp,GNN,adult,R4,tabular,6,14.730570333333333,1.7967567055304576,13.934398,18.395424,0,Unknown,auto
matched_only,appnp,GNN,breast_cancer,R4,tabular,6,3.6343219999999996,5.1214695424757135,1.331256,14.084432,0,Unknown,auto
matched_only,appnp,GNN,iris,R4,tabular,6,1.4293784999999997,1.6429923024956326,0.447295,4.758404,0,Unknown,auto
matched_only,chebnet,GNN,adult,R4,tabular,6,1.3750956666666667,1.5937440435001686,0.652672,4.620008,0,Unknown,auto
matched_only,chebnet,GNN,breast_cancer,R4,tabular,6,2.8825621666666663,5.29815698642003,0.605729,13.695907,0,Unknown,auto
matched_only,chebnet,GNN,iris,R4,tabular,6,1.0521386666666668,1.6054203299350194,0.28344,4.32578,0,Unknown,auto
matched_only,gat,GNN,adult,R4,tabular,6,2.9084643333333333,1.9453544069737694,1.782865,6.730211,0,Unknown,auto
matched_only,gat,GNN,breast_cancer,R4,tabular,6,3.6277698333333332,5.184210651140148,1.230662,14.189036,0,Unknown,auto
matched_only,gat,GNN,iris,R4,tabular,6,1.6526853333333331,1.6775680857482556,0.658327,5.062118,0,Unknown,auto
matched_only,gcn,GNN,adult,R4,tabular,6,1.1447118333333333,1.6214710858283494,0.4631,4.454356,0,Unknown,auto
matched_only,gcn,GNN,breast_cancer,R4,tabular,6,2.8572426666666666,5.335452399130656,0.518689,13.745386,0,Unknown,auto
matched_only,gcn,GNN,iris,R4,tabular,6,1.0802146666666665,1.6913634205370134,0.30972,4.531165,0,Unknown,auto
matched_only,gcnii,GNN,adult,R4,tabular,6,4.369978333333333,1.5670082079756524,3.453485,7.530695,0,Unknown,auto
matched_only,gcnii,GNN,breast_cancer,R4,tabular,6,4.011523333333334,5.386824841479427,1.624175,14.998799,0,Unknown,auto
matched_only,gcnii,GNN,iris,R4,tabular,6,2.1695243333333334,1.6125545279785942,0.975137,5.070033,0,Unknown,auto
matched_only,grafn,GNN,adult,R4,tabular,6,2.8426873333333336,1.5780280081113474,2.026707,6.012197,0,Unknown,auto
matched_only,grafn,GNN,breast_cancer,R4,tabular,6,3.400308666666667,5.7544280281073865,0.950042,15.144052,0,Unknown,auto
matched_only,grafn,GNN,iris,R4,tabular,6,1.3193965,1.6080983913092817,0.557796,4.599188,0,Unknown,auto
matched_only,grand,GNN,adult,R4,tabular,6,2.154194,1.800233276637114,1.162319,5.775159,0,Unknown,auto
matched_only,grand,GNN,breast_cancer,R4,tabular,6,4.084993833333334,5.29322828624039,1.278043,14.83261,0,Unknown,auto
matched_only,grand,GNN,iris,R4,tabular,6,1.1494431666666665,1.6023023833532068,0.466905,4.419963,0,Unknown,auto
matched_only,graphsage,GNN,adult,R4,tabular,6,1.4077328333333334,2.215545904461961,0.477874,5.929973,0,Unknown,auto
matched_only,graphsage,GNN,breast_cancer,R4,tabular,6,3.0104825,5.7398163897215655,0.542568,14.726088,0,Unknown,auto
matched_only,graphsage,GNN,iris,R4,tabular,6,1.057528,1.8307862157540953,0.172841,4.790248,0,Unknown,auto
matched_only,h_gcn,GNN,adult,R4,tabular,6,249.76164333333335,2.838950009008806,245.385051,252.005422,0,Unknown,auto
matched_only,h_gcn,GNN,breast_cancer,R4,tabular,6,3.9445938333333337,5.231130179395746,1.546826,14.595626,0,Unknown,auto
matched_only,h_gcn,GNN,iris,R4,tabular,6,2.305500166666667,1.7634174976459112,0.673511,5.68942,0,Unknown,auto
matched_only,n_gcn,GNN,adult,R4,tabular,6,159.62950566666666,1.894535489465495,156.747429,161.894295,0,Unknown,auto
matched_only,n_gcn,GNN,breast_cancer,R4,tabular,6,4.097841833333334,5.38088299934936,1.695575,15.07601,0,Unknown,auto
matched_only,n_gcn,GNN,iris,R4,tabular,6,2.591654,1.8888407948267107,0.906273,6.277255,0,Unknown,auto
matched_only,planetoid,GNN,adult,R4,tabular,6,954.6694021666666,9.974401474354691,943.282363,964.329102,0,Unknown,auto
matched_only,planetoid,GNN,breast_cancer,R4,tabular,6,46.1583325,6.677721503631363,42.917189,59.771166,0,Unknown,auto
matched_only,planetoid,GNN,iris,R4,tabular,6,2.3784216666666667,1.599418873143451,1.708033,5.643134,0,Unknown,auto
matched_only,sgc,GNN,adult,R4,tabular,6,1.3034125,2.42612240551764,0.310049,6.255708,0,Unknown,auto
matched_only,sgc,GNN,breast_cancer,R4,tabular,6,3.070565,6.0550369704842595,0.492704,15.429275,0,Unknown,auto
matched_only,sgc,GNN,iris,R4,tabular,6,0.9106139999999999,1.6074370159649802,0.25329,4.19178,0,Unknown,auto
matched_only,adamatch,Hybrid,adult,R4,tabular,6,40.92087016666667,3.475277841870915,38.865416,47.969606,0,NVIDIA A100-SXM4-80GB|Unknown,auto
matched_only,adamatch,Hybrid,breast_cancer,R4,tabular,6,3.2875043333333327,4.282569218386956,1.434934,12.024294,0,Tesla V100-SXM2-32GB|Unknown,auto
matched_only,adamatch,Hybrid,iris,R4,tabular,6,1.994801,4.334475722476341,0.221171,10.842508,0,NVIDIA A100-SXM4-80GB|Unknown,auto
matched_only,comatch,Hybrid,adult,R4,tabular,6,68.17983100000002,1.9987545595184042,66.585273,71.798111,0,NVIDIA A100-SXM4-80GB|Unknown,auto
matched_only,comatch,Hybrid,breast_cancer,R4,tabular,6,3.7106541666666666,5.036038273597588,1.570741,13.989304,0,Tesla V100-SXM2-32GB|Unknown,auto
matched_only,comatch,Hybrid,iris,R4,tabular,6,0.9784521666666667,1.7041467391887846,0.273855,4.456966,0,NVIDIA A100-SXM4-80GB|Unknown,auto
matched_only,daso,Hybrid,adult,R4,tabular,6,53.94489116666666,1.8221299992293,53.143905,57.66333,0,NVIDIA A100-SXM4-80GB|Unknown,auto
matched_only,daso,Hybrid,breast_cancer,R4,tabular,6,3.4654520000000004,4.982667219173682,1.342219,13.635353,0,Tesla V100-SXM2-32GB|Unknown,auto
matched_only,daso,Hybrid,iris,R4,tabular,6,0.903665,1.6392412841426367,0.23182,4.249748,0,NVIDIA A100-SXM4-80GB|Unknown,auto
matched_only,defixmatch,Hybrid,adult,R4,tabular,6,48.559459,1.8292961106827963,47.799065,52.293384,0,NVIDIA A100-SXM4-80GB|Unknown,auto
matched_only,defixmatch,Hybrid,breast_cancer,R4,tabular,6,3.5611675,5.169358120388091,1.313865,14.111271,0,Tesla V100-SXM2-32GB|Unknown,auto
matched_only,defixmatch,Hybrid,iris,R4,tabular,6,0.8952416666666666,1.6481556594546116,0.220263,4.259522,0,NVIDIA A100-SXM4-80GB|Unknown,auto
matched_only,fixmatch,Hybrid,adult,R4,tabular,6,36.825505666666665,2.5845019471567556,35.177044,41.814259,0,NVIDIA A100-SXM4-80GB|Unknown,auto
matched_only,fixmatch,Hybrid,breast_cancer,R4,tabular,6,3.500641833333333,5.83120027503417,1.082082,15.403298,0,Tesla V100-SXM2-32GB|Unknown,auto
matched_only,fixmatch,Hybrid,iris,R4,tabular,6,0.8472703333333333,1.6383634602294652,0.177373,4.191564,0,NVIDIA A100-SXM4-80GB|Unknown,auto
matched_only,flexmatch,Hybrid,adult,R4,tabular,6,51.89625083333333,1.4894860944092667,51.087679,54.917689,0,NVIDIA A100-SXM4-80GB|Unknown,auto
matched_only,flexmatch,Hybrid,breast_cancer,R4,tabular,6,3.4722031666666666,5.456349228409978,1.123343,14.6092,0,Tesla V100-SXM2-32GB|Unknown,auto
matched_only,flexmatch,Hybrid,iris,R4,tabular,6,0.8845393333333332,1.6705015003318813,0.200409,4.294435,0,NVIDIA A100-SXM4-80GB|Unknown,auto
matched_only,free_match,Hybrid,adult,R4,tabular,6,56.28622216666667,1.4619471964540196,54.787671,59.086446,0,NVIDIA A100-SXM4-80GB|Unknown,auto
matched_only,free_match,Hybrid,breast_cancer,R4,tabular,6,4.0698696666666665,6.088952869453424,1.48755,16.498207,0,Tesla V100-SXM2-32GB|Unknown,auto
matched_only,free_match,Hybrid,iris,R4,tabular,6,0.9577826666666668,1.7109172178413157,0.256538,4.450173,0,NVIDIA A100-SXM4-80GB|Unknown,auto
matched_only,meta_pseudo_labels,Hybrid,adult,R4,tabular,6,61.082196333333336,1.5202521002841187,60.148083,64.168197,0,NVIDIA A100-SXM4-80GB|Unknown,auto
matched_only,meta_pseudo_labels,Hybrid,breast_cancer,R4,tabular,6,3.9316796666666662,5.488597395023967,1.632623,15.134211,0,Tesla V100-SXM2-32GB|Unknown,auto
matched_only,meta_pseudo_labels,Hybrid,iris,R4,tabular,6,0.9353978333333334,1.6363436217142677,0.265384,4.275569,0,NVIDIA A100-SXM4-80GB|Unknown,auto
matched_only,mixmatch,Hybrid,adult,R4,tabular,6,42.0417935,1.7549750525202061,41.033861,45.588822,0,NVIDIA A100-SXM4-80GB|Unknown,auto
matched_only,mixmatch,Hybrid,breast_cancer,R4,tabular,6,3.5416078333333334,5.387063092709623,1.287881,14.536958,0,Tesla V100-SXM2-32GB|Unknown,auto
matched_only,mixmatch,Hybrid,iris,R4,tabular,6,0.8640825000000002,1.6262855593324008,0.196258,4.183715,0,NVIDIA A100-SXM4-80GB|Unknown,auto
matched_only,noisy_student,Hybrid,adult,R4,tabular,6,37.18035583333334,1.7377184377710246,36.340382,40.717621,0,NVIDIA A100-SXM4-80GB|Unknown,auto
matched_only,noisy_student,Hybrid,breast_cancer,R4,tabular,6,3.282548833333333,5.058022845113195,1.010505,13.604573,0,Tesla V100-SXM2-32GB|Unknown,auto
matched_only,noisy_student,Hybrid,iris,R4,tabular,6,0.8464200000000001,1.6239999298996288,0.181736,4.161395,0,NVIDIA A100-SXM4-80GB|Unknown,auto
matched_only,simclr_v2,Hybrid,adult,R4,tabular,6,21.100760833333336,1.8844677232237663,19.743448,24.872601,0,NVIDIA A100-SXM4-80GB|Unknown,auto
matched_only,simclr_v2,Hybrid,breast_cancer,R4,tabular,6,2.756160833333333,4.803833840570193,0.719534,12.561617,0,Tesla V100-SXM2-32GB|Unknown,auto
matched_only,simclr_v2,Hybrid,iris,R4,tabular,6,0.8581035,1.6860554023602843,0.168883,4.299749,0,NVIDIA A100-SXM4-80GB|Unknown,auto
matched_only,softmatch,Hybrid,adult,R4,tabular,6,40.47623533333333,2.177969267867082,39.174684,44.73928,0,NVIDIA A100-SXM4-80GB|Unknown,auto
matched_only,softmatch,Hybrid,breast_cancer,R4,tabular,6,3.2351503333333334,4.911609959757377,1.080432,13.259371,0,Tesla V100-SXM2-32GB|Unknown,auto
matched_only,softmatch,Hybrid,iris,R4,tabular,6,0.8687923333333334,1.6497963231054513,0.19358,4.236423,0,NVIDIA A100-SXM4-80GB|Unknown,auto
matched_only,uda,Hybrid,adult,R4,tabular,6,37.54420233333333,2.3216252439688594,36.320586,42.21812,0,NVIDIA A100-SXM4-80GB|Unknown,auto
matched_only,uda,Hybrid,breast_cancer,R4,tabular,6,3.0221471666666666,4.7496658502343685,1.019895,12.716119,0,Tesla V100-SXM2-32GB|Unknown,auto
matched_only,uda,Hybrid,iris,R4,tabular,6,0.8465221666666666,1.6229039059591197,0.182143,4.159258,0,NVIDIA A100-SXM4-80GB|Unknown,auto
matched_only,adsh,Margin-based inductive,adult,R4,tabular,6,39.28806816666667,1.555683058821355,38.526817,42.459077,0,NVIDIA A100-SXM4-80GB|Unknown,auto
matched_only,adsh,Margin-based inductive,breast_cancer,R4,tabular,6,3.197395166666667,4.692747850768775,1.124903,12.771448,0,Tesla V100-SXM2-32GB|Unknown,auto
matched_only,adsh,Margin-based inductive,iris,R4,tabular,6,0.9123093333333334,1.695889430121394,0.217839,4.374028,0,NVIDIA A100-SXM4-80GB|Unknown,auto
matched_only,s4vm,Margin-based inductive,adult,R4,tabular,6,37.997553833333335,2.665448036919303,36.837451,43.436489,0,NVIDIA A100-SXM4-80GB|Unknown,auto
matched_only,s4vm,Margin-based inductive,breast_cancer,R4,tabular,6,3.8831873333333333,4.579887362754576,1.923978,13.229806,0,Tesla V100-SXM2-32GB|Unknown,auto
matched_only,tsvm,Margin-based inductive,adult,R4,tabular,6,1.0099375000000002,0.7515787886340991,0.637727,2.542613,0,CPU,auto
matched_only,tsvm,Margin-based inductive,breast_cancer,R4,tabular,6,1.8626106666666662,3.420075341897524,0.379527,8.840252,0,CPU,auto
matched_only,laplace_learning,PDE/Variational,adult,R4,tabular,6,5.348512666666667,1.0471105771074356,4.914216,7.485881,0,Unknown,auto
matched_only,laplace_learning,PDE/Variational,breast_cancer,R4,tabular,6,2.2932788333333334,4.101165785592746,0.586937,10.664421,0,Unknown,auto
matched_only,laplace_learning,PDE/Variational,iris,R4,tabular,6,0.45777266666666666,1.0122372462283071,0.043785,2.523993,0,Unknown,auto
matched_only,p_laplace_learning,PDE/Variational,adult,R4,tabular,6,11230.6719355,119.4148605229532,11073.510313,11349.541451,0,CPU,auto
matched_only,p_laplace_learning,PDE/Variational,breast_cancer,R4,tabular,6,37.984715333333334,32.52828329692377,8.588446,77.727265,0,CPU,auto
matched_only,p_laplace_learning,PDE/Variational,iris,R4,tabular,6,0.47799416666666666,0.7858892195815937,0.14547,2.082108,0,CPU,auto
matched_only,poisson_learning,PDE/Variational,adult,R4,tabular,6,10.697701333333335,0.9421035270029864,10.191373,12.611591,0,Unknown,auto
matched_only,poisson_learning,PDE/Variational,breast_cancer,R4,tabular,6,2.233881333333333,3.5849839833636454,0.759079,9.551652,0,Unknown,auto
matched_only,poisson_learning,PDE/Variational,iris,R4,tabular,6,0.5497124999999999,0.7621058865033781,0.237694,2.105354,0,Unknown,auto
matched_only,poisson_mbo,PDE/Variational,adult,R4,tabular,6,55.80524449999999,1.1533592069125307,54.370577,57.681981,0,CPU,auto
matched_only,poisson_mbo,PDE/Variational,breast_cancer,R4,tabular,6,2.850482166666667,3.201696245192752,1.482256,9.385527,0,CPU,auto
matched_only,poisson_mbo,PDE/Variational,iris,R4,tabular,6,0.6346755000000001,0.7663081565124437,0.318895,2.198887,0,CPU,auto
matched_only,co_training,Wrappers,adult,R4,tabular,6,3.0830726666666664,1.6076185866311283,2.423053,6.364599,0,NVIDIA A100-SXM4-80GB|Unknown,auto
matched_only,co_training,Wrappers,breast_cancer,R4,tabular,6,5.797436,5.196288359304591,3.590066,16.402992,0,Tesla V100-SXM2-32GB|Unknown,auto
matched_only,co_training,Wrappers,iris,R4,tabular,6,2.357529,1.6252082530484513,1.614525,5.671632,0,NVIDIA A100-SXM4-80GB|Unknown,auto
matched_only,deep_co_training,Wrappers,adult,R4,tabular,6,83.77168016666667,4.235657001269078,81.034281,91.997694,0,NVIDIA A100-SXM4-80GB|Unknown,auto
matched_only,deep_co_training,Wrappers,breast_cancer,R4,tabular,6,4.274739666666666,5.3334905039685845,2.066229,15.161409,0,Tesla V100-SXM2-32GB|Unknown,auto
matched_only,deep_co_training,Wrappers,iris,R4,tabular,6,0.9928006666666667,1.6160230761671277,0.328968,4.291491,0,NVIDIA A100-SXM4-80GB|Unknown,auto
matched_only,democratic_co_learning,Wrappers,adult,R4,tabular,6,134.0167945,24.457216935483764,90.722675,166.037892,0,NVIDIA A100-SXM4-80GB|Unknown,auto
matched_only,democratic_co_learning,Wrappers,breast_cancer,R4,tabular,6,4.08128,5.18276152555886,1.549452,14.634296,0,Tesla V100-SXM2-32GB|Unknown,auto
matched_only,democratic_co_learning,Wrappers,iris,R4,tabular,6,1.2792785000000002,1.78219210443765,0.353892,4.910277,0,NVIDIA A100-SXM4-80GB|Unknown,auto
matched_only,pseudo_label,Wrappers,adult,R4,tabular,6,60.32064366666666,1.812366534137582,58.550656,62.983097,0,NVIDIA A100-SXM4-80GB|Unknown,auto
matched_only,pseudo_label,Wrappers,breast_cancer,R4,tabular,6,4.116912833333333,5.5858229484001525,1.378124,15.508535,0,Tesla V100-SXM2-32GB|Unknown,auto
matched_only,pseudo_label,Wrappers,iris,R4,tabular,6,0.9316901666666665,1.601944446205475,0.195592,4.19928,0,NVIDIA A100-SXM4-80GB|Unknown,auto
matched_only,self_training,Wrappers,adult,R4,tabular,6,61.22643600000001,1.4310893350246179,59.297647,63.721077,0,NVIDIA A100-SXM4-80GB|Unknown,auto
matched_only,self_training,Wrappers,breast_cancer,R4,tabular,6,3.9920505,5.027583308055263,1.181375,14.208299,0,Tesla V100-SXM2-32GB|Unknown,auto
matched_only,self_training,Wrappers,iris,R4,tabular,6,0.9296093333333332,1.5877941013964834,0.197048,4.168182,0,NVIDIA A100-SXM4-80GB|Unknown,auto
matched_only,setred,Wrappers,adult,R4,tabular,6,1.9964371666666665,1.6753147143536247,1.255624,5.41308,0,NVIDIA A100-SXM4-80GB|Unknown,auto
matched_only,setred,Wrappers,breast_cancer,R4,tabular,6,4.796990166666666,4.84547122686838,2.71754,14.686526,0,Tesla V100-SXM2-32GB|Unknown,auto
matched_only,setred,Wrappers,iris,R4,tabular,6,0.9397799999999998,1.5731800983422082,0.243681,4.149717,0,NVIDIA A100-SXM4-80GB|Unknown,auto
matched_only,tri_training,Wrappers,adult,R4,tabular,6,343.285819,27.274878301575527,291.884561,363.791869,0,NVIDIA A100-SXM4-80GB|Unknown,auto
matched_only,tri_training,Wrappers,breast_cancer,R4,tabular,6,7.0836385,5.678687539527942,3.820572,18.399329,0,Tesla V100-SXM2-32GB|Unknown,auto
matched_only,tri_training,Wrappers,iris,R4,tabular,6,1.5605176666666667,1.680515664167123,0.659832,4.974436,0,NVIDIA A100-SXM4-80GB|Unknown,auto
matched_only,trinet,Wrappers,adult,R4,tabular,6,659.7359765,14.320982242841396,644.349989,679.52259,0,NVIDIA A100-SXM4-80GB|Unknown,auto
matched_only,trinet,Wrappers,breast_cancer,R4,tabular,6,17.697682333333333,5.01319856676955,14.925228,27.796943,0,Tesla V100-SXM2-32GB|Unknown,auto
matched_only,trinet,Wrappers,iris,R4,tabular,6,2.6383750000000004,1.6693671892903612,1.953552,6.045944,0,NVIDIA A100-SXM4-80GB|Unknown,auto
matched_only,supervised,Baseline,ag_news,R4,text,6,1.9041401666666669,1.04540499534265,1.4564,4.036585,0,NVIDIA A100-SXM4-80GB|Unknown,auto
matched_only,supervised,Baseline,imdb,R4,text,6,2.3286579999999995,1.7713021219957932,1.424041,5.931268,0,NVIDIA A100-SXM4-80GB|Unknown,auto
matched_only,dynamic_label_propagation,Classical transductive,imdb,R4,text,6,825.0680120000001,0.41627726378217417,824.418301,825.476734,0,Unknown,auto
matched_only,graph_mincuts,Classical transductive,imdb,R4,text,6,17.262002666666667,4.2032488669380825,15.077202,25.792235,0,CPU,auto
matched_only,graphhop,Classical transductive,ag_news,R4,text,2,19.221532,0.0,19.221532,19.221532,0,Unknown,auto
matched_only,graphhop,Classical transductive,imdb,R4,text,6,26.200938166666663,5.669969749262773,20.683467,37.070356,0,Unknown,auto
matched_only,label_propagation,Classical transductive,ag_news,R4,text,2,2.026011,0.0,2.026011,2.026011,0,Unknown,auto
matched_only,label_propagation,Classical transductive,imdb,R4,text,6,1.0763971666666665,0.39163972010326875,0.843569,1.866011,0,Unknown,auto
matched_only,label_spreading,Classical transductive,ag_news,R4,text,2,1.471021,0.0,1.471021,1.471021,0,Unknown,auto
matched_only,label_spreading,Classical transductive,imdb,R4,text,6,0.8912904999999999,0.22075584002037185,0.792368,1.341566,0,Unknown,auto
matched_only,lazy_random_walk,Classical transductive,imdb,R4,text,6,21.635513833333334,2.9904449173611884,20.131125,27.718376,0,Unknown,auto
matched_only,mean_teacher,Consistency,ag_news,R4,text,6,618.5734373333333,2.0205757987221036,616.888089,622.274346,0,NVIDIA A100-SXM4-80GB|Unknown,auto
matched_only,mean_teacher,Consistency,imdb,R4,text,6,128.94664016666667,4.0748322919979145,126.737676,136.907725,0,NVIDIA A100-SXM4-80GB|Unknown,auto
matched_only,pi_model,Consistency,ag_news,R4,text,6,615.0433041666666,1.5109015303375997,614.184744,618.099351,0,NVIDIA A100-SXM4-80GB|Unknown,auto
matched_only,pi_model,Consistency,imdb,R4,text,6,128.16918366666667,3.097114603139944,125.769176,133.717733,0,NVIDIA A100-SXM4-80GB|Unknown,auto
matched_only,temporal_ensembling,Consistency,ag_news,R4,text,2,767.579751,0.0,767.579751,767.579751,0,NVIDIA A100-SXM4-80GB|Unknown,auto
matched_only,temporal_ensembling,Consistency,imdb,R4,text,6,158.04828500000002,3.201887045102241,155.935471,164.292408,0,NVIDIA A100-SXM4-80GB|Unknown,auto
matched_only,vat,Consistency,ag_news,R4,text,2,841.752261,0.0,841.752261,841.752261,0,NVIDIA A100-SXM4-80GB|Unknown,auto
matched_only,vat,Consistency,imdb,R4,text,6,175.421788,5.118051868697352,173.285632,185.868241,0,NVIDIA A100-SXM4-80GB|Unknown,auto
matched_only,appnp,GNN,ag_news,R4,text,2,85.529267,0.0,85.529267,85.529267,0,Unknown,auto
matched_only,appnp,GNN,imdb,R4,text,6,16.238989,1.693427225549655,15.295812,19.680824,0,Unknown,auto
matched_only,chebnet,GNN,ag_news,R4,text,2,83.134123,0.0,83.134123,83.134123,0,Unknown,auto
matched_only,chebnet,GNN,imdb,R4,text,6,1.62803,0.8672512894071707,1.261285,3.398124,0,Unknown,auto
matched_only,gat,GNN,ag_news,R4,text,2,27.754579,0.0,27.754579,27.754579,0,Unknown,auto
matched_only,gat,GNN,imdb,R4,text,6,3.427426,1.9720230720536716,2.584445,7.451778,0,Unknown,auto
matched_only,gcn,GNN,ag_news,R4,text,2,17.373088,0.0,17.373088,17.373088,0,Unknown,auto
matched_only,gcn,GNN,imdb,R4,text,6,1.413822,0.8642786854352015,1.053623,3.177829,0,Unknown,auto
matched_only,gcnii,GNN,ag_news,R4,text,2,32.919876,0.0,32.919876,32.919876,0,Unknown,auto
matched_only,gcnii,GNN,imdb,R4,text,6,5.490010333333333,0.9045335907590534,4.975915,7.324044,0,Unknown,auto
matched_only,grafn,GNN,ag_news,R4,text,2,27.506922,0.0,27.506922,27.506922,0,Unknown,auto
matched_only,grafn,GNN,imdb,R4,text,6,3.1683540000000003,1.0529822955770907,2.473496,5.289356,0,Unknown,auto
matched_only,grand,GNN,ag_news,R4,text,2,15.565018,0.0,15.565018,15.565018,0,Unknown,auto
matched_only,grand,GNN,imdb,R4,text,6,3.6817895000000003,1.602028771281933,2.833029,6.906133,0,Unknown,auto
matched_only,graphsage,GNN,ag_news,R4,text,2,3.966605,0.0,3.966605,3.966605,0,Unknown,auto
matched_only,graphsage,GNN,imdb,R4,text,6,1.4352943333333334,0.8362526340712276,1.079167,3.142089,0,Unknown,auto
matched_only,h_gcn,GNN,imdb,R4,text,6,257.8940015,4.626472907779443,254.20121,265.967123,0,Unknown,auto
matched_only,n_gcn,GNN,imdb,R4,text,6,184.3652166666667,2.7834135410006673,182.37665,189.760682,0,Unknown,auto
matched_only,planetoid,GNN,ag_news,R4,text,2,4191.423129,0.0,4191.423129,4191.423129,0,Unknown,auto
matched_only,planetoid,GNN,imdb,R4,text,6,1039.9321328333333,63.96744761700674,993.83114,1161.105844,0,Unknown,auto
matched_only,sgc,GNN,ag_news,R4,text,2,5.810014,0.0,5.810014,5.810014,0,Unknown,auto
matched_only,sgc,GNN,imdb,R4,text,6,6.825964499999999,12.213534222395904,0.816885,31.619302,0,Unknown,auto
matched_only,adamatch,Hybrid,ag_news,R4,text,6,630.7010456666666,1.1214149624729535,629.070726,632.440124,0,NVIDIA A100-SXM4-80GB|Unknown,auto
matched_only,adamatch,Hybrid,imdb,R4,text,6,133.64153183333335,3.966650842739377,131.055983,140.276721,0,NVIDIA A100-SXM4-80GB|Unknown,auto
matched_only,comatch,Hybrid,ag_news,R4,text,6,960.0134636666667,1.8274412323405207,957.789028,961.862983,0,NVIDIA A100-SXM4-80GB|Unknown,auto
matched_only,comatch,Hybrid,imdb,R4,text,6,200.00936249999998,3.170211782358196,197.202774,206.092754,0,NVIDIA A100-SXM4-80GB|Unknown,auto
matched_only,daso,Hybrid,ag_news,R4,text,6,766.8787406666667,1.4112690286054796,764.993662,768.211515,0,NVIDIA A100-SXM4-80GB|Unknown,auto
matched_only,daso,Hybrid,imdb,R4,text,6,157.34103633333334,5.207827111118978,151.530481,163.465493,0,NVIDIA A100-SXM4-80GB|Unknown,auto
matched_only,defixmatch,Hybrid,ag_news,R4,text,6,785.1486506666666,1.9042497594621992,782.704809,787.597014,0,NVIDIA A100-SXM4-80GB|Unknown,auto
matched_only,defixmatch,Hybrid,imdb,R4,text,6,162.3610165,5.132987038588415,157.952683,168.392831,0,NVIDIA A100-SXM4-80GB|Unknown,auto
matched_only,fixmatch,Hybrid,ag_news,R4,text,6,620.6691625,1.2941471006264509,619.071955,621.926206,0,NVIDIA A100-SXM4-80GB|Unknown,auto
matched_only,fixmatch,Hybrid,imdb,R4,text,6,130.06632116666665,5.092311714023466,126.196212,138.528478,0,NVIDIA A100-SXM4-80GB|Unknown,auto
matched_only,flexmatch,Hybrid,ag_news,R4,text,6,660.436697,4.454237026419222,656.086016,665.815739,0,NVIDIA A100-SXM4-80GB|Unknown,auto
matched_only,flexmatch,Hybrid,imdb,R4,text,6,134.74854466666667,7.070946193735535,130.908962,148.612854,0,NVIDIA A100-SXM4-80GB|Unknown,auto
matched_only,free_match,Hybrid,ag_news,R4,text,6,675.5025946666667,1.5940251617202001,673.700612,677.806279,0,NVIDIA A100-SXM4-80GB|Unknown,auto
matched_only,free_match,Hybrid,imdb,R4,text,6,140.49113816666664,1.8846579135772543,138.789901,143.332808,0,NVIDIA A100-SXM4-80GB|Unknown,auto
matched_only,meta_pseudo_labels,Hybrid,ag_news,R4,text,6,1645.9169689999999,1.475665626192942,1644.968456,1648.799081,0,NVIDIA A100-SXM4-80GB|Unknown,auto
matched_only,meta_pseudo_labels,Hybrid,imdb,R4,text,6,216.31883383333334,5.600511854960457,211.906007,225.547919,0,NVIDIA A100-SXM4-80GB|Unknown,auto
matched_only,mixmatch,Hybrid,ag_news,R4,text,6,1019.208718,1.7388960721053164,1017.307465,1021.869039,0,NVIDIA A100-SXM4-80GB|Unknown,auto
matched_only,mixmatch,Hybrid,imdb,R4,text,6,211.65580816666667,4.226368760596937,209.063914,219.234414,0,NVIDIA A100-SXM4-80GB|Unknown,auto
matched_only,noisy_student,Hybrid,ag_news,R4,text,6,633.4521308333333,1.9149475973464691,632.3428,637.262375,0,NVIDIA A100-SXM4-80GB|Unknown,auto
matched_only,noisy_student,Hybrid,imdb,R4,text,6,131.42015516666666,2.9623378211078033,129.387304,136.197895,0,NVIDIA A100-SXM4-80GB|Unknown,auto
matched_only,simclr_v2,Hybrid,ag_news,R4,text,6,404.29386316666665,67.69266781433915,375.87554,542.467823,0,NVIDIA A100-SXM4-80GB|Unknown,auto
matched_only,simclr_v2,Hybrid,imdb,R4,text,6,57.67155966666667,1.0666224122589325,57.197468,59.84724,0,NVIDIA A100-SXM4-80GB|Unknown,auto
matched_only,softmatch,Hybrid,ag_news,R4,text,6,629.555925,0.7991721882760979,629.087927,631.131565,0,NVIDIA A100-SXM4-80GB|Unknown,auto
matched_only,softmatch,Hybrid,imdb,R4,text,6,130.89010366666665,3.3929107763908997,128.559727,137.676713,0,NVIDIA A100-SXM4-80GB|Unknown,auto
matched_only,uda,Hybrid,ag_news,R4,text,2,621.612884,0.0,621.612884,621.612884,0,NVIDIA A100-SXM4-80GB|Unknown,auto
matched_only,uda,Hybrid,imdb,R4,text,6,129.075314,2.901359145271197,127.284917,134.875337,0,NVIDIA A100-SXM4-80GB|Unknown,auto
matched_only,adsh,Margin-based inductive,ag_news,R4,text,6,745.2373521666667,1.0939002526441637,744.135854,746.679667,0,NVIDIA A100-SXM4-80GB|Unknown,auto
matched_only,adsh,Margin-based inductive,imdb,R4,text,6,154.10730649999996,2.2633712357447506,152.278293,157.403089,0,NVIDIA A100-SXM4-80GB|Unknown,auto
matched_only,tsvm,Margin-based inductive,imdb,R4,text,6,1.1648176666666668,0.10368124485492386,1.100377,1.374489,0,CPU,auto
matched_only,laplace_learning,PDE/Variational,imdb,R4,text,6,5.891045166666667,0.32808913901463815,5.746639,6.560433,0,Unknown,auto
matched_only,p_laplace_learning,PDE/Variational,ag_news,R4,text,2,40437.213764,0.0,40437.213764,40437.213764,0,CPU,auto
matched_only,p_laplace_learning,PDE/Variational,imdb,R4,text,6,7210.198894666668,180.56821707153728,6948.43439,7448.700917,0,CPU,auto
matched_only,poisson_learning,PDE/Variational,ag_news,R4,text,2,46.946072,0.0,46.946072,46.946072,0,Unknown,auto
matched_only,poisson_learning,PDE/Variational,imdb,R4,text,6,12.625627166666668,12.68671016800342,1.301098,34.908731,0,Unknown,auto
matched_only,poisson_mbo,PDE/Variational,ag_news,R4,text,2,149.940736,0.0,149.940736,149.940736,0,CPU,auto
matched_only,poisson_mbo,PDE/Variational,imdb,R4,text,6,45.38534766666667,1.3435835892775192,43.10934,46.945195,0,CPU,auto
matched_only,co_training,Wrappers,ag_news,R4,text,6,4.430925333333334,0.6072893795760526,3.725895,5.386147,0,Unknown,auto
matched_only,co_training,Wrappers,imdb,R4,text,6,1.7021696666666666,1.3956453115505627,1.102796,4.550218,0,Unknown,auto
matched_only,deep_co_training,Wrappers,ag_news,R4,text,6,1430.6264250000002,1.4358331435352607,1429.70928,1433.411515,0,NVIDIA A100-SXM4-80GB|Unknown,auto
matched_only,deep_co_training,Wrappers,imdb,R4,text,6,302.0503906666667,18.052564102707993,285.90407,324.691133,0,NVIDIA A100-SXM4-80GB|Unknown,auto
matched_only,setred,Wrappers,ag_news,R4,text,6,5.3106915,9.709419715365955,0.724353,24.960418,0,Unknown,auto
matched_only,setred,Wrappers,imdb,R4,text,6,1.6597555,1.8343269264501079,0.897578,5.403994,0,Unknown,auto
matched_only,supervised,Baseline,cifar10,R4,vision,6,1.9755363333333331,1.2460099186235503,1.388791,4.515541,0,NVIDIA A100-SXM4-80GB|Unknown,auto
matched_only,supervised,Baseline,cifar100,R4,vision,6,2.784891333333333,1.0721319033771295,2.1965,4.957146,0,NVIDIA A100-SXM4-80GB|Unknown,auto
matched_only,supervised,Baseline,mnist,R4,vision,6,1.8018511666666666,1.103683289589621,1.31235,4.053064,0,NVIDIA A100-SXM4-80GB|Unknown,auto
matched_only,graph_mincuts,Classical transductive,cifar10,R4,vision,6,2.4809375,1.7353022493775254,1.755533,6.023006,0,CPU,auto
matched_only,graph_mincuts,Classical transductive,cifar100,R4,vision,6,0.27378683333333337,0.13925692846593546,0.2054,0.557621,0,CPU,auto
matched_only,graph_mincuts,Classical transductive,mnist,R4,vision,6,0.5843965,0.5626577422784654,0.349724,1.732878,0,CPU,auto
matched_only,graphhop,Classical transductive,cifar10,R4,vision,6,14.139469833333335,1.1008140842297423,13.342978,16.317549,0,Unknown,auto
matched_only,graphhop,Classical transductive,cifar100,R4,vision,6,30.289568000000003,0.4646542053764277,29.545278,30.931976,0,Unknown,auto
matched_only,graphhop,Classical transductive,mnist,R4,vision,6,15.549995833333332,0.9837199104587472,14.72534,16.980786,0,Unknown,auto
matched_only,label_propagation,Classical transductive,cifar10,R4,vision,6,0.9292713333333333,0.31666162667280456,0.673429,1.47145,0,Unknown,auto
matched_only,label_propagation,Classical transductive,cifar100,R4,vision,6,1.0099411666666667,0.19659086396719122,0.883809,1.387285,0,Unknown,auto
matched_only,label_propagation,Classical transductive,mnist,R4,vision,6,0.7948951666666666,0.18778009724400155,0.715342,1.17805,0,Unknown,auto
matched_only,label_spreading,Classical transductive,cifar10,R4,vision,6,0.429984,0.2005965144881635,0.269563,0.786674,0,Unknown,auto
matched_only,label_spreading,Classical transductive,cifar100,R4,vision,6,0.6242828333333333,0.19419498485534242,0.531013,1.019252,0,Unknown,auto
matched_only,label_spreading,Classical transductive,mnist,R4,vision,6,0.38999633333333333,0.1760026460797299,0.315759,0.749204,0,Unknown,auto
matched_only,lazy_random_walk,Classical transductive,cifar10,R4,vision,6,1.9991981666666667,0.32597315525510173,1.856287,2.664135,0,Unknown,auto
matched_only,lazy_random_walk,Classical transductive,cifar100,R4,vision,6,0.3220813333333333,0.25216398861111533,0.205233,0.834098,0,Unknown,auto
matched_only,lazy_random_walk,Classical transductive,mnist,R4,vision,6,0.6105956666666666,0.2721572507721715,0.496803,1.166081,0,Unknown,auto
matched_only,mean_teacher,Consistency,cifar10,R4,vision,2,261.717987,0.0,261.717987,261.717987,0,NVIDIA A100-SXM4-80GB|Unknown,auto
matched_only,mean_teacher,Consistency,cifar100,R4,vision,6,256.42766266666666,2.9470292743403688,254.074609,261.988712,0,NVIDIA A100-SXM4-80GB|Unknown,auto
matched_only,mean_teacher,Consistency,mnist,R4,vision,6,322.5388631666667,1.8618421771848719,320.927138,326.212028,0,NVIDIA A100-SXM4-80GB|Unknown,auto
matched_only,pi_model,Consistency,cifar10,R4,vision,6,274.41777666666667,2.435600380117279,272.106921,278.651349,0,NVIDIA A100-SXM4-80GB|Unknown,auto
matched_only,pi_model,Consistency,cifar100,R4,vision,6,267.4206778333333,3.071167352120579,264.885818,272.236072,0,NVIDIA A100-SXM4-80GB|Unknown,auto
matched_only,pi_model,Consistency,mnist,R4,vision,6,334.69642300000004,8.015795399453697,325.620447,344.399294,0,NVIDIA A100-SXM4-80GB|Unknown,auto
matched_only,temporal_ensembling,Consistency,cifar10,R4,vision,6,296.32563,4.3866706262874615,292.53997,304.308898,0,NVIDIA A100-SXM4-80GB|Unknown,auto
matched_only,temporal_ensembling,Consistency,cifar100,R4,vision,6,316.31564083333336,5.938679123739974,309.424976,323.180918,0,NVIDIA A100-SXM4-80GB|Unknown,auto
matched_only,temporal_ensembling,Consistency,mnist,R4,vision,6,362.22664949999995,4.174112704908476,355.370512,365.834801,0,NVIDIA A100-SXM4-80GB|Unknown,auto
matched_only,vat,Consistency,cifar10,R4,vision,6,360.11275833333326,1.3985472011114448,358.663537,362.394006,0,NVIDIA A100-SXM4-80GB|Unknown,auto
matched_only,vat,Consistency,cifar100,R4,vision,6,355.21682733333336,0.9758602289229066,353.384055,355.966028,0,NVIDIA A100-SXM4-80GB|Unknown,auto
matched_only,vat,Consistency,mnist,R4,vision,6,442.57681699999995,19.207969842432934,424.008081,470.038453,0,NVIDIA A100-SXM4-80GB|Unknown,auto
matched_only,appnp,GNN,cifar10,R4,vision,6,25.332953333333336,2.1308353085656964,24.332901,29.676379,0,Unknown,auto
matched_only,appnp,GNN,cifar100,R4,vision,6,27.108776000000002,0.9400570726935676,26.535903,28.810603,0,Unknown,auto
matched_only,appnp,GNN,mnist,R4,vision,6,3.921944833333333,5.979565536002709,1.412896,16.126969,0,Unknown,auto
matched_only,chebnet,GNN,cifar10,R4,vision,6,2.4611650000000003,1.0376311874035014,1.928338,4.573055,0,Unknown,auto
matched_only,chebnet,GNN,cifar100,R4,vision,6,4.589817166666666,2.618055063050998,1.740792,8.153399,0,Unknown,auto
matched_only,chebnet,GNN,mnist,R4,vision,6,5.104781166666666,1.406540703741547,3.528788,6.687308,0,Unknown,auto
matched_only,gat,GNN,cifar10,R4,vision,6,3.020654166666667,1.5723144821847084,1.938845,6.181288,0,Unknown,auto
matched_only,gat,GNN,cifar100,R4,vision,6,4.151181666666666,0.8705131953891719,3.794223,5.928108,0,Unknown,auto
matched_only,gat,GNN,mnist,R4,vision,6,4.124602833333333,0.9549710541974382,3.729493,6.073906,0,Unknown,auto
matched_only,gcn,GNN,cifar10,R4,vision,6,0.8718066666666666,0.8673964719334906,0.511455,2.642318,0,Unknown,auto
matched_only,gcn,GNN,cifar100,R4,vision,6,1.5659920000000003,1.0683289851110471,0.947989,3.73724,0,Unknown,auto
matched_only,gcn,GNN,mnist,R4,vision,6,1.2464318333333333,0.812780187798501,0.792481,2.886333,0,Unknown,auto
matched_only,gcnii,GNN,cifar10,R4,vision,6,4.777057333333333,0.9429997330075268,3.889814,6.612844,0,Unknown,auto
matched_only,gcnii,GNN,cifar100,R4,vision,6,8.668291,1.779329711445184,7.059353,12.112531,0,Unknown,auto
matched_only,gcnii,GNN,mnist,R4,vision,6,13.150003666666668,1.0348463101115388,12.131941,14.713986,0,Unknown,auto
matched_only,grafn,GNN,cifar10,R4,vision,6,3.7508793333333337,1.5736942926813537,2.291021,6.373657,0,Unknown,auto
matched_only,grafn,GNN,cifar100,R4,vision,6,3.889268833333334,0.9905231243070336,3.338847,5.900527,0,Unknown,auto
matched_only,grafn,GNN,mnist,R4,vision,6,7.166048000000001,2.4756462281253353,3.961485,9.473015,0,Unknown,auto
matched_only,grand,GNN,cifar10,R4,vision,6,14.285632666666666,0.5892622089354336,13.570556,15.00897,0,Unknown,auto
matched_only,grand,GNN,cifar100,R4,vision,6,41.30473333333334,4.692299335122883,35.319535,45.695848,0,Unknown,auto
matched_only,grand,GNN,mnist,R4,vision,6,41.572449,8.402642019531974,31.834728,55.125204,0,Unknown,auto
matched_only,graphsage,GNN,cifar10,R4,vision,6,1.4885343333333332,0.8765876606541224,1.119957,3.277606,0,Unknown,auto
matched_only,graphsage,GNN,cifar100,R4,vision,6,1.8855515,0.8034107793769636,1.445525,3.512885,0,Unknown,auto
matched_only,graphsage,GNN,mnist,R4,vision,6,2.409476833333333,0.9632797183809937,1.688755,4.096342,0,Unknown,auto
matched_only,h_gcn,GNN,cifar10,R4,vision,6,496.1222093333334,8.483101812453043,484.300196,503.271637,0,Unknown,auto
matched_only,h_gcn,GNN,cifar100,R4,vision,6,510.665948,7.1430725462268265,506.693698,525.105044,0,Unknown,auto
matched_only,planetoid,GNN,cifar10,R4,vision,2,1268.351288,0.0,1268.351288,1268.351288,0,Unknown,auto
matched_only,planetoid,GNN,cifar100,R4,vision,2,1296.641182,0.0,1296.641182,1296.641182,0,Unknown,auto
matched_only,planetoid,GNN,mnist,R4,vision,6,1611.492265,2.1811059418431324,1609.192653,1614.600784,0,Unknown,auto
matched_only,sgc,GNN,cifar10,R4,vision,2,2.261852,0.0,2.261852,2.261852,0,Unknown,auto
matched_only,sgc,GNN,cifar100,R4,vision,2,2.856125,0.0,2.856125,2.856125,0,Unknown,auto
matched_only,sgc,GNN,mnist,R4,vision,6,0.8264279999999999,0.819104475981178,0.405862,2.492494,0,Unknown,auto
matched_only,adamatch,Hybrid,cifar10,R4,vision,2,270.39993,0.0,270.39993,270.39993,0,NVIDIA A100-SXM4-80GB|Unknown,auto
matched_only,adamatch,Hybrid,cifar100,R4,vision,6,272.9221195,13.05669247605033,258.37118,287.318476,0,NVIDIA A100-SXM4-80GB|Unknown,auto
matched_only,adamatch,Hybrid,mnist,R4,vision,6,334.3598331666667,2.2871916939357213,332.223075,338.64092,0,NVIDIA A100-SXM4-80GB|Unknown,auto
matched_only,comatch,Hybrid,cifar10,R4,vision,2,395.294545,0.0,395.294545,395.294545,0,NVIDIA A100-SXM4-80GB|Unknown,auto
matched_only,comatch,Hybrid,cifar100,R4,vision,6,384.667559,9.242336502687248,378.492082,402.074301,0,NVIDIA A100-SXM4-80GB|Unknown,auto
matched_only,comatch,Hybrid,mnist,R4,vision,6,495.3391665,18.301837536185317,477.7026,521.32378,0,NVIDIA A100-SXM4-80GB|Unknown,auto
matched_only,daso,Hybrid,cifar10,R4,vision,2,351.34271,0.0,351.34271,351.34271,0,NVIDIA A100-SXM4-80GB|Unknown,auto
matched_only,daso,Hybrid,cifar100,R4,vision,6,508.3784475,2.5734009076194733,504.525094,511.141202,0,NVIDIA A100-SXM4-80GB|Unknown,auto
matched_only,daso,Hybrid,mnist,R4,vision,6,427.646856,3.1725258872481366,422.216946,430.868534,0,NVIDIA A100-SXM4-80GB|Unknown,auto
matched_only,defixmatch,Hybrid,cifar10,R4,vision,2,372.230222,0.0,372.230222,372.230222,0,NVIDIA A100-SXM4-80GB|Unknown,auto
matched_only,defixmatch,Hybrid,cifar100,R4,vision,6,369.241634,3.916486830354308,363.945132,374.568949,0,NVIDIA A100-SXM4-80GB|Unknown,auto
matched_only,defixmatch,Hybrid,mnist,R4,vision,6,440.8920256666667,6.3864532626204875,436.340565,452.986133,0,NVIDIA A100-SXM4-80GB|Unknown,auto
matched_only,fixmatch,Hybrid,cifar10,R4,vision,2,272.87847,0.0,272.87847,272.87847,0,NVIDIA A100-SXM4-80GB|Unknown,auto
matched_only,fixmatch,Hybrid,cifar100,R4,vision,6,268.549604,7.018611729690152,260.385723,275.277168,0,NVIDIA A100-SXM4-80GB|Unknown,auto
matched_only,fixmatch,Hybrid,mnist,R4,vision,6,319.11406900000003,1.8044767204597594,316.925396,321.729981,0,NVIDIA A100-SXM4-80GB|Unknown,auto
matched_only,flexmatch,Hybrid,cifar10,R4,vision,2,360.682383,0.0,360.682383,360.682383,0,NVIDIA A100-SXM4-80GB|Unknown,auto
matched_only,flexmatch,Hybrid,cifar100,R4,vision,6,368.0779726666667,5.487717217730928,358.711712,372.688595,0,NVIDIA A100-SXM4-80GB|Unknown,auto
matched_only,flexmatch,Hybrid,mnist,R4,vision,6,401.1990221666667,8.771297535160663,392.025377,415.192539,0,NVIDIA A100-SXM4-80GB|Unknown,auto
matched_only,free_match,Hybrid,cifar10,R4,vision,2,292.704076,0.0,292.704076,292.704076,0,NVIDIA A100-SXM4-80GB|Unknown,auto
matched_only,free_match,Hybrid,cifar100,R4,vision,6,292.072952,4.347365339244851,287.30281,297.217134,0,NVIDIA A100-SXM4-80GB|Unknown,auto
matched_only,free_match,Hybrid,mnist,R4,vision,6,355.1073578333333,2.354530265963835,352.697578,359.306736,0,NVIDIA A100-SXM4-80GB|Unknown,auto
matched_only,meta_pseudo_labels,Hybrid,cifar10,R4,vision,6,481.9207558333333,5.43665546164998,474.453078,487.052617,0,NVIDIA A100-SXM4-80GB|Unknown,auto
matched_only,meta_pseudo_labels,Hybrid,cifar100,R4,vision,6,473.98640099999994,2.63086724491729,471.102885,477.112716,0,NVIDIA A100-SXM4-80GB|Unknown,auto
matched_only,meta_pseudo_labels,Hybrid,mnist,R4,vision,6,577.2748070000001,10.848797555834434,567.100434,597.094696,0,NVIDIA A100-SXM4-80GB|Unknown,auto
matched_only,mixmatch,Hybrid,cifar10,R4,vision,2,257.037133,0.0,257.037133,257.037133,0,NVIDIA A100-SXM4-80GB|Unknown,auto
matched_only,mixmatch,Hybrid,cifar100,R4,vision,6,220.50650066666662,1.0047695518186526,219.376676,222.187922,0,NVIDIA A100-SXM4-80GB|Unknown,auto
matched_only,mixmatch,Hybrid,mnist,R4,vision,6,290.3587935,11.271751625391671,278.06783,306.863218,0,NVIDIA A100-SXM4-80GB|Unknown,auto
matched_only,noisy_student,Hybrid,cifar10,R4,vision,6,248.57230416666667,1.4036981626893217,247.23353,250.716675,0,NVIDIA A100-SXM4-80GB|Unknown,auto
matched_only,noisy_student,Hybrid,cifar100,R4,vision,6,240.72819833333332,4.430446627033931,238.529034,249.739481,0,NVIDIA A100-SXM4-80GB|Unknown,auto
matched_only,noisy_student,Hybrid,mnist,R4,vision,6,308.00812483333334,16.46229692350773,294.500297,336.694549,0,NVIDIA A100-SXM4-80GB|Unknown,auto
matched_only,simclr_v2,Hybrid,cifar10,R4,vision,6,109.95088550000001,2.4582441718174994,108.355886,114.291543,0,NVIDIA A100-SXM4-80GB|Unknown,auto
matched_only,simclr_v2,Hybrid,cifar100,R4,vision,6,107.79807866666665,1.8232504364182889,106.703203,111.342177,0,NVIDIA A100-SXM4-80GB|Unknown,auto
matched_only,simclr_v2,Hybrid,mnist,R4,vision,6,129.24806916666665,1.729431529050679,126.348681,131.539421,0,NVIDIA A100-SXM4-80GB|Unknown,auto
matched_only,softmatch,Hybrid,cifar10,R4,vision,6,273.9874271666667,2.3850429711103613,272.607293,278.81399,0,NVIDIA A100-SXM4-80GB|Unknown,auto
matched_only,softmatch,Hybrid,cifar100,R4,vision,6,272.86666833333334,4.781611439989588,266.720315,277.685416,0,NVIDIA A100-SXM4-80GB|Unknown,auto
matched_only,softmatch,Hybrid,mnist,R4,vision,6,330.366558,4.5029718416942455,327.334933,338.305787,0,NVIDIA A100-SXM4-80GB|Unknown,auto
matched_only,uda,Hybrid,cifar10,R4,vision,6,274.887327,4.657242086821763,271.48572,281.686883,0,NVIDIA A100-SXM4-80GB|Unknown,auto
matched_only,uda,Hybrid,cifar100,R4,vision,6,263.091287,2.5209164906688066,261.343919,267.782448,0,NVIDIA A100-SXM4-80GB|Unknown,auto
matched_only,uda,Hybrid,mnist,R4,vision,6,330.789495,4.060583750418489,327.779036,338.643561,0,NVIDIA A100-SXM4-80GB|Unknown,auto
matched_only,adsh,Margin-based inductive,cifar10,R4,vision,2,321.762939,0.0,321.762939,321.762939,0,NVIDIA A100-SXM4-80GB|Unknown,auto
matched_only,adsh,Margin-based inductive,cifar100,R4,vision,6,346.7198611666666,4.780259430127472,343.223845,355.868512,0,NVIDIA A100-SXM4-80GB|Unknown,auto
matched_only,adsh,Margin-based inductive,mnist,R4,vision,6,387.8346248333333,3.9597437694733424,384.29251,395.266488,0,NVIDIA A100-SXM4-80GB|Unknown,auto
matched_only,laplace_learning,PDE/Variational,cifar10,R4,vision,6,28.971839666666668,8.063966374922867,12.514234,32.542612,0,Unknown,auto
matched_only,laplace_learning,PDE/Variational,cifar100,R4,vision,6,28.387925,9.582202869096854,8.830707,32.552171,0,Unknown,auto
matched_only,laplace_learning,PDE/Variational,mnist,R4,vision,6,13.567313166666667,0.2805731302284075,13.449957,14.140002,0,Unknown,auto
matched_only,poisson_learning,PDE/Variational,cifar10,R4,vision,2,43.840884,0.0,43.840884,43.840884,0,Unknown,auto
matched_only,poisson_learning,PDE/Variational,cifar100,R4,vision,2,440.881635,0.0,440.881635,440.881635,0,Unknown,auto
matched_only,poisson_learning,PDE/Variational,mnist,R4,vision,6,55.50516516666667,1.7700745159924105,54.596965,59.074557,0,Unknown,auto
matched_only,poisson_mbo,PDE/Variational,cifar10,R4,vision,2,123.538297,0.0,123.538297,123.538297,0,CPU,auto
matched_only,poisson_mbo,PDE/Variational,cifar100,R4,vision,2,939.821321,0.0,939.821321,939.821321,0,CPU,auto
matched_only,poisson_mbo,PDE/Variational,mnist,R4,vision,6,159.2701875,0.7753768659615198,158.419637,160.481546,0,CPU,auto
matched_only,co_training,Wrappers,cifar10,R4,vision,2,7.271572,0.0,7.271572,7.271572,0,Unknown,auto
matched_only,co_training,Wrappers,cifar100,R4,vision,6,1986.6635791666668,197.56028714400352,1875.775932,2387.446188,0,Unknown,auto
matched_only,co_training,Wrappers,mnist,R4,vision,6,8.0618785,2.051211542359174,6.961202,12.154327,0,Unknown,auto
matched_only,deep_co_training,Wrappers,cifar10,R4,vision,6,643.0490771666667,38.02022113700989,623.312554,720.477199,0,NVIDIA A100-SXM4-80GB|Unknown,auto
matched_only,deep_co_training,Wrappers,cifar100,R4,vision,6,618.3259118333334,4.252067601719672,614.445427,625.434145,0,NVIDIA A100-SXM4-80GB|Unknown,auto
matched_only,deep_co_training,Wrappers,mnist,R4,vision,6,739.6342558333334,6.599803527688064,734.007957,751.769253,0,NVIDIA A100-SXM4-80GB|Unknown,auto
matched_only,democratic_co_learning,Wrappers,cifar10,R4,vision,2,1535.346214,0.0,1535.346214,1535.346214,0,NVIDIA A100-SXM4-80GB|Unknown,auto
matched_only,democratic_co_learning,Wrappers,cifar100,R4,vision,6,1035.5122895000002,980.3823712081875,168.577742,2140.766286,0,NVIDIA A100-SXM4-80GB|Unknown,auto
matched_only,democratic_co_learning,Wrappers,mnist,R4,vision,6,2152.203979,435.1337770506989,1264.876505,2363.955143,0,NVIDIA A100-SXM4-80GB|Unknown,auto
matched_only,pseudo_label,Wrappers,cifar10,R4,vision,6,2.5913350000000004,1.4757134465079593,1.97559,5.603534,0,NVIDIA A100-SXM4-80GB|Unknown,auto
matched_only,pseudo_label,Wrappers,cifar100,R4,vision,6,4.120373,1.0610874543257969,3.59272,6.283614,0,NVIDIA A100-SXM4-80GB|Unknown,auto
matched_only,pseudo_label,Wrappers,mnist,R4,vision,6,2.3834265,1.253086348109459,1.817267,4.94005,0,NVIDIA A100-SXM4-80GB|Unknown,auto
matched_only,self_training,Wrappers,cifar10,R4,vision,6,1.9558823333333335,0.9583262940522224,1.560307,3.912039,0,NVIDIA A100-SXM4-80GB|Unknown,auto
matched_only,self_training,Wrappers,cifar100,R4,vision,6,3.8829685000000005,0.9530047340286931,3.483518,5.828242,0,NVIDIA A100-SXM4-80GB|Unknown,auto
matched_only,self_training,Wrappers,mnist,R4,vision,6,2.043526833333333,1.0393062629572507,1.612821,4.164984,0,NVIDIA A100-SXM4-80GB|Unknown,auto
matched_only,setred,Wrappers,cifar10,R4,vision,6,3.6445904999999996,2.057000674960487,2.675966,7.839147,0,Unknown,auto
matched_only,setred,Wrappers,cifar100,R4,vision,6,600.5244724999999,59.72296391752749,519.355099,673.620128,0,Unknown,auto
matched_only,setred,Wrappers,mnist,R4,vision,6,15.185258499999996,3.1707900484362406,11.41412,19.989541,0,Unknown,auto
matched_only,tri_training,Wrappers,cifar10,R4,vision,6,2483.6990754999997,20.5144139687338,2448.443132,2507.086177,0,NVIDIA A100-SXM4-80GB|Unknown,auto
matched_only,tri_training,Wrappers,cifar100,R4,vision,6,2358.0139856666665,22.205536615248555,2326.062032,2393.12748,0,NVIDIA A100-SXM4-80GB|Unknown,auto
matched_only,tri_training,Wrappers,mnist,R4,vision,6,3009.8228218333334,45.05786152265936,2945.510544,3056.773105,0,NVIDIA A100-SXM4-80GB|Unknown,auto
matched_only,supervised,Baseline,adult,R5,tabular,6,0.937811,1.5678589766474533,0.296697,4.138189,0,NVIDIA A100-SXM4-80GB|Unknown,auto
matched_only,supervised,Baseline,breast_cancer,R5,tabular,6,2.450267833333333,4.952217232986228,0.332808,12.558185,0,Tesla V100-SXM2-32GB|Unknown,auto
matched_only,dynamic_label_propagation,Classical transductive,adult,R5,tabular,6,765.7017236666667,0.911666828514167,765.26497,767.556112,0,Unknown,auto
matched_only,dynamic_label_propagation,Classical transductive,breast_cancer,R5,tabular,6,1.7081975,2.916993408186501,0.459188,7.659901,0,Unknown,auto
matched_only,graph_mincuts,Classical transductive,adult,R5,tabular,6,0.8445141666666666,0.7166707096346039,0.444842,2.254374,0,CPU,auto
matched_only,graph_mincuts,Classical transductive,breast_cancer,R5,tabular,6,1.0845101666666668,2.1653514233313187,0.130709,5.503821,0,CPU,auto
matched_only,graphhop,Classical transductive,adult,R5,tabular,6,28.818906166666665,11.83442180850844,17.058051,45.728891,0,Unknown,auto
matched_only,graphhop,Classical transductive,breast_cancer,R5,tabular,6,18.86620233333333,6.61631281002362,15.128284,32.107805,0,Unknown,auto
matched_only,label_propagation,Classical transductive,adult,R5,tabular,6,1.1756060000000002,2.0084181235389207,0.319223,5.274816,0,Unknown,auto
matched_only,label_propagation,Classical transductive,breast_cancer,R5,tabular,6,0.9887021666666667,1.8208265418920513,0.184641,4.703625,0,Unknown,auto
matched_only,label_spreading,Classical transductive,adult,R5,tabular,6,0.6355681666666667,0.8567019300212686,0.284491,2.384302,0,Unknown,auto
matched_only,label_spreading,Classical transductive,breast_cancer,R5,tabular,6,0.9198578333333333,1.8188091173030132,0.147606,4.632013,0,Unknown,auto
matched_only,lazy_random_walk,Classical transductive,adult,R5,tabular,6,5.33233,0.9287180792010027,4.938361,7.227991,0,Unknown,auto
matched_only,lazy_random_walk,Classical transductive,breast_cancer,R5,tabular,6,0.824148,1.7154937980068596,0.104245,4.325552,0,Unknown,auto
matched_only,mean_teacher,Consistency,adult,R5,tabular,6,37.062621166666666,1.8141324794474525,36.13464,40.750778,0,NVIDIA A100-SXM4-80GB|Unknown,auto
matched_only,mean_teacher,Consistency,breast_cancer,R5,tabular,6,3.4160983333333337,5.338694615831129,1.217304,14.31351,0,Tesla V100-SXM2-32GB|Unknown,auto
matched_only,pi_model,Consistency,adult,R5,tabular,6,35.609679666666665,1.7442003210728616,34.830766,39.166597,0,NVIDIA A100-SXM4-80GB|Unknown,auto
matched_only,pi_model,Consistency,breast_cancer,R5,tabular,6,3.4692693333333335,6.089576232352517,0.931777,15.89929,0,Tesla V100-SXM2-32GB|Unknown,auto
matched_only,temporal_ensembling,Consistency,adult,R5,tabular,6,40.61416933333334,2.018345342184897,39.734439,44.731614,0,NVIDIA A100-SXM4-80GB|Unknown,auto
matched_only,temporal_ensembling,Consistency,breast_cancer,R5,tabular,6,3.347685,5.345193000134008,1.04395,14.257791,0,Tesla V100-SXM2-32GB|Unknown,auto
matched_only,vat,Consistency,adult,R5,tabular,6,47.97526666666666,1.4766230156025155,46.958968,50.93607,0,NVIDIA A100-SXM4-80GB|Unknown,auto
matched_only,vat,Consistency,breast_cancer,R5,tabular,6,3.6247828333333327,5.781849321451068,1.22186,15.426805,0,Tesla V100-SXM2-32GB|Unknown,auto
matched_only,appnp,GNN,adult,R5,tabular,6,15.41714316666667,2.1022973464064894,14.397015,19.699295,0,Unknown,auto
matched_only,appnp,GNN,breast_cancer,R5,tabular,6,3.3525438333333324,5.117370099914346,1.109495,13.794943,0,Unknown,auto
matched_only,chebnet,GNN,adult,R5,tabular,6,1.4800328333333335,1.9529618043071315,0.649946,5.465593,0,Unknown,auto
matched_only,chebnet,GNN,breast_cancer,R5,tabular,6,2.832822333333333,5.560966325419915,0.410863,14.17839,0,Unknown,auto
matched_only,gat,GNN,adult,R5,tabular,6,3.9138198333333336,4.836278347395419,1.779342,13.784442,0,Unknown,auto
matched_only,gat,GNN,breast_cancer,R5,tabular,6,3.4878271666666674,5.145838050804647,1.17706,13.980522,0,Unknown,auto
matched_only,gcn,GNN,adult,R5,tabular,6,1.1730103333333333,1.6331233297941299,0.482429,4.50646,0,Unknown,auto
matched_only,gcn,GNN,breast_cancer,R5,tabular,6,2.554753,4.647087546375643,0.469518,12.036976,0,Unknown,auto
matched_only,gcnii,GNN,adult,R5,tabular,6,4.614215,1.7181202390047094,3.753828,8.112836,0,Unknown,auto
matched_only,gcnii,GNN,breast_cancer,R5,tabular,6,4.175525333333333,5.12248307301565,1.561521,14.612101,0,Unknown,auto
matched_only,grafn,GNN,adult,R5,tabular,6,4.153182166666666,2.0351367163465373,2.205005,6.191006,0,Unknown,auto
matched_only,grafn,GNN,breast_cancer,R5,tabular,6,3.0971875000000004,5.246757652509166,0.917322,13.806839,0,Unknown,auto
matched_only,grand,GNN,adult,R5,tabular,6,2.341558,1.8934583228227655,1.260529,6.135859,0,Unknown,auto
matched_only,grand,GNN,breast_cancer,R5,tabular,6,2.825459,4.0841566352277425,0.786725,11.120189,0,Unknown,auto
matched_only,graphsage,GNN,adult,R5,tabular,6,1.1790880000000001,1.6251427118235493,0.510742,4.496371,0,Unknown,auto
matched_only,graphsage,GNN,breast_cancer,R5,tabular,6,2.0530428333333335,4.018447539358623,0.353465,10.25507,0,Unknown,auto
matched_only,h_gcn,GNN,adult,R5,tabular,6,243.2868605,2.70161826105116,241.177708,248.411274,0,Unknown,auto
matched_only,h_gcn,GNN,breast_cancer,R5,tabular,6,3.171863166666667,3.1835761157194544,1.181881,9.536483,0,Unknown,auto
matched_only,n_gcn,GNN,adult,R5,tabular,6,162.1393335,3.1170654975150405,158.279888,167.809396,0,Unknown,auto
matched_only,n_gcn,GNN,breast_cancer,R5,tabular,6,2.701174333333333,2.8642332631084826,1.295402,8.516924,0,Unknown,auto
matched_only,planetoid,GNN,adult,R5,tabular,6,956.7745168333335,8.597418158341053,947.306928,968.764429,0,Unknown,auto
matched_only,planetoid,GNN,breast_cancer,R5,tabular,6,43.61193699999999,2.9348447068425965,41.902493,49.554729,0,Unknown,auto
matched_only,sgc,GNN,adult,R5,tabular,6,1.6977575000000005,3.4053140275397658,0.306505,8.648825,0,Unknown,auto
matched_only,sgc,GNN,breast_cancer,R5,tabular,6,1.1268858333333334,2.2691080856854233,0.161609,5.757428,0,Unknown,auto
matched_only,adamatch,Hybrid,adult,R5,tabular,6,41.33252083333334,4.117539583855068,39.567692,49.733334,0,NVIDIA A100-SXM4-80GB|Unknown,auto
matched_only,adamatch,Hybrid,breast_cancer,R5,tabular,6,4.417809666666667,6.2614447066645464,1.776279,17.197678,0,Tesla V100-SXM2-32GB|Unknown,auto
matched_only,comatch,Hybrid,adult,R5,tabular,6,67.58947966666666,1.5457729555395445,66.150207,70.395147,0,NVIDIA A100-SXM4-80GB|Unknown,auto
matched_only,comatch,Hybrid,breast_cancer,R5,tabular,6,4.428886833333333,6.194079363015924,1.803995,17.070878,0,Tesla V100-SXM2-32GB|Unknown,auto
matched_only,daso,Hybrid,adult,R5,tabular,6,54.93667466666667,2.2684612389025007,53.348169,59.494323,0,NVIDIA A100-SXM4-80GB|Unknown,auto
matched_only,daso,Hybrid,breast_cancer,R5,tabular,6,3.9420175,6.127622854127097,1.270767,16.448091,0,Tesla V100-SXM2-32GB|Unknown,auto
matched_only,defixmatch,Hybrid,adult,R5,tabular,6,50.38963716666667,3.3047573018000835,47.418399,56.799608,0,NVIDIA A100-SXM4-80GB|Unknown,auto
matched_only,defixmatch,Hybrid,breast_cancer,R5,tabular,6,3.953601166666667,6.251976232773902,1.346464,16.715258,0,Tesla V100-SXM2-32GB|Unknown,auto
matched_only,fixmatch,Hybrid,adult,R5,tabular,6,37.52201633333333,3.934826561864382,35.180546,45.380673,0,NVIDIA A100-SXM4-80GB|Unknown,auto
matched_only,fixmatch,Hybrid,breast_cancer,R5,tabular,6,3.7597128333333347,6.102363704204935,1.189847,16.215637,0,Tesla V100-SXM2-32GB|Unknown,auto
matched_only,flexmatch,Hybrid,adult,R5,tabular,6,51.008015,1.7899662378655086,50.115847,54.656708,0,NVIDIA A100-SXM4-80GB|Unknown,auto
matched_only,flexmatch,Hybrid,breast_cancer,R5,tabular,6,4.076072666666666,6.280423517304248,1.274071,16.889666,0,Tesla V100-SXM2-32GB|Unknown,auto
matched_only,free_match,Hybrid,adult,R5,tabular,6,56.28932683333334,3.8555049126477035,54.373659,64.151228,0,NVIDIA A100-SXM4-80GB|Unknown,auto
matched_only,free_match,Hybrid,breast_cancer,R5,tabular,6,4.114588333333334,6.0150003148148095,1.501172,16.390399,0,Tesla V100-SXM2-32GB|Unknown,auto
matched_only,meta_pseudo_labels,Hybrid,adult,R5,tabular,6,60.597524166666666,3.403668321166937,58.98013,67.534296,0,NVIDIA A100-SXM4-80GB|Unknown,auto
matched_only,meta_pseudo_labels,Hybrid,breast_cancer,R5,tabular,6,4.3170123333333335,6.093194818931187,1.678178,16.753138,0,Tesla V100-SXM2-32GB|Unknown,auto
matched_only,mixmatch,Hybrid,adult,R5,tabular,6,41.928242166666664,2.0673330820074853,41.061352,46.148066,0,NVIDIA A100-SXM4-80GB|Unknown,auto
matched_only,mixmatch,Hybrid,breast_cancer,R5,tabular,6,3.7766143333333333,5.826513363054295,1.333855,15.6695,0,Tesla V100-SXM2-32GB|Unknown,auto
matched_only,noisy_student,Hybrid,adult,R5,tabular,6,37.82742833333334,2.3787837648554504,36.352381,42.616953,0,NVIDIA A100-SXM4-80GB|Unknown,auto
matched_only,noisy_student,Hybrid,breast_cancer,R5,tabular,6,3.4772870000000005,5.757606137557761,1.018557,15.228282,0,Tesla V100-SXM2-32GB|Unknown,auto
matched_only,simclr_v2,Hybrid,adult,R5,tabular,6,21.005147500000003,1.8604493630322478,19.933547,24.751699,0,NVIDIA A100-SXM4-80GB|Unknown,auto
matched_only,simclr_v2,Hybrid,breast_cancer,R5,tabular,6,2.9326721666666664,5.36810502140431,0.675811,13.889802,0,Tesla V100-SXM2-32GB|Unknown,auto
matched_only,softmatch,Hybrid,adult,R5,tabular,6,40.242727499999994,1.9889547571325752,39.388545,44.30142,0,NVIDIA A100-SXM4-80GB|Unknown,auto
matched_only,softmatch,Hybrid,breast_cancer,R5,tabular,6,3.2905773333333332,5.243418447537052,1.107985,13.993129,0,Tesla V100-SXM2-32GB|Unknown,auto
matched_only,uda,Hybrid,adult,R5,tabular,6,38.6057295,3.934317601852487,36.397546,46.584451,0,NVIDIA A100-SXM4-80GB|Unknown,auto
matched_only,uda,Hybrid,breast_cancer,R5,tabular,6,3.2526376666666668,5.355037134962994,1.017604,14.182713,0,Tesla V100-SXM2-32GB|Unknown,auto
matched_only,adsh,Margin-based inductive,adult,R5,tabular,6,40.920661,1.7717130967386328,40.052391,44.52551,0,NVIDIA A100-SXM4-80GB|Unknown,auto
matched_only,adsh,Margin-based inductive,breast_cancer,R5,tabular,6,3.9721615,6.538039265793645,1.230001,17.317667,0,Tesla V100-SXM2-32GB|Unknown,auto
matched_only,s4vm,Margin-based inductive,adult,R5,tabular,6,38.311461666666666,2.08538794233933,37.036853,42.526002,0,NVIDIA A100-SXM4-80GB|Unknown,auto
matched_only,s4vm,Margin-based inductive,breast_cancer,R5,tabular,6,4.392478333333334,5.790828686379789,1.978832,16.212601,0,Tesla V100-SXM2-32GB|Unknown,auto
matched_only,tsvm,Margin-based inductive,adult,R5,tabular,6,1.6161943333333335,2.0143715690779262,0.720086,5.72732,0,CPU,auto
matched_only,tsvm,Margin-based inductive,breast_cancer,R5,tabular,6,0.6313916666666667,1.1464780136310802,0.155316,2.971487,0,CPU,auto
matched_only,laplace_learning,PDE/Variational,adult,R5,tabular,6,5.3325465,1.0456726243370342,4.890751,7.466961,0,Unknown,auto
matched_only,laplace_learning,PDE/Variational,breast_cancer,R5,tabular,6,0.9352683333333331,1.9283221525728178,0.099574,4.870391,0,Unknown,auto
matched_only,p_laplace_learning,PDE/Variational,adult,R5,tabular,6,11117.9288925,81.83717805650764,11008.215258,11199.970702,0,CPU,auto
matched_only,p_laplace_learning,PDE/Variational,breast_cancer,R5,tabular,6,45.10872166666667,8.091489408000696,35.702598,55.922532,0,CPU,auto
matched_only,poisson_learning,PDE/Variational,adult,R5,tabular,6,10.827115166666665,1.8749523265650696,9.943245,14.651817,0,Unknown,auto
matched_only,poisson_learning,PDE/Variational,breast_cancer,R5,tabular,6,0.8615325,1.21619182740187,0.361205,3.344065,0,Unknown,auto
matched_only,poisson_mbo,PDE/Variational,adult,R5,tabular,6,54.318799500000004,0.9581245531797526,53.215545,56.085076,0,CPU,auto
matched_only,poisson_mbo,PDE/Variational,breast_cancer,R5,tabular,6,1.7271941666666668,1.233695484260912,1.145752,4.243677,0,CPU,auto
matched_only,co_training,Wrappers,adult,R5,tabular,6,3.3906666666666667,1.8855175351757052,2.609403,7.239357,0,NVIDIA A100-SXM4-80GB|Unknown,auto
matched_only,co_training,Wrappers,breast_cancer,R5,tabular,6,6.1286613333333335,5.591418140625745,3.753677,17.541396,0,Tesla V100-SXM2-32GB|Unknown,auto
matched_only,deep_co_training,Wrappers,adult,R5,tabular,6,82.6630965,1.564904127726904,81.794811,85.76786,0,NVIDIA A100-SXM4-80GB|Unknown,auto
matched_only,deep_co_training,Wrappers,breast_cancer,R5,tabular,6,4.949695,6.518369677929597,2.089467,18.253308,0,Tesla V100-SXM2-32GB|Unknown,auto
matched_only,democratic_co_learning,Wrappers,adult,R5,tabular,6,89.15717733333332,26.331396656699713,63.200475,126.28722,0,NVIDIA A100-SXM4-80GB|Unknown,auto
matched_only,democratic_co_learning,Wrappers,breast_cancer,R5,tabular,6,4.3835315,6.019940238923033,1.450514,16.640397,0,Tesla V100-SXM2-32GB|Unknown,auto
matched_only,pseudo_label,Wrappers,adult,R5,tabular,6,61.441732,2.268568984735621,59.698483,65.871368,0,NVIDIA A100-SXM4-80GB|Unknown,auto
matched_only,pseudo_label,Wrappers,breast_cancer,R5,tabular,6,4.315689666666667,5.921701621973693,1.34468,16.378207,0,Tesla V100-SXM2-32GB|Unknown,auto
matched_only,self_training,Wrappers,adult,R5,tabular,6,61.14683883333333,1.988870594993792,59.896046,65.173667,0,NVIDIA A100-SXM4-80GB|Unknown,auto
matched_only,self_training,Wrappers,breast_cancer,R5,tabular,6,4.173592166666666,5.83229489153374,1.172616,16.060843,0,Tesla V100-SXM2-32GB|Unknown,auto
matched_only,setred,Wrappers,adult,R5,tabular,6,2.152936333333334,1.7386253740517728,1.396878,5.700965,0,NVIDIA A100-SXM4-80GB|Unknown,auto
matched_only,setred,Wrappers,breast_cancer,R5,tabular,6,4.857910666666666,5.462609553079029,2.582756,16.008115,0,Tesla V100-SXM2-32GB|Unknown,auto
matched_only,tri_training,Wrappers,adult,R5,tabular,6,351.9737,24.20678666969057,311.265077,368.719061,0,NVIDIA A100-SXM4-80GB|Unknown,auto
matched_only,tri_training,Wrappers,breast_cancer,R5,tabular,6,5.5232265,5.3480540875673555,2.969552,16.406997,0,Tesla V100-SXM2-32GB|Unknown,auto
matched_only,trinet,Wrappers,adult,R5,tabular,6,687.1920193333334,9.15538806793802,669.48298,694.324671,0,NVIDIA A100-SXM4-80GB|Unknown,auto
matched_only,trinet,Wrappers,breast_cancer,R5,tabular,6,17.924963,5.274702694752416,15.623219,28.688975,0,Tesla V100-SXM2-32GB|Unknown,auto
matched_only,supervised,Baseline,ag_news,R5,text,2,7.273892,0.0,7.273892,7.273892,0,NVIDIA A100-SXM4-80GB|Unknown,auto
matched_only,supervised,Baseline,imdb,R5,text,6,2.0207210000000004,0.9112467075509245,1.518204,3.866509,0,NVIDIA A100-SXM4-80GB|Unknown,auto
matched_only,dynamic_label_propagation,Classical transductive,imdb,R5,text,6,820.0626913333332,0.5217612031612381,819.475706,820.827462,0,Unknown,auto
matched_only,graph_mincuts,Classical transductive,imdb,R5,text,6,15.419797500000001,0.8437101426643515,14.760789,17.105405,0,CPU,auto
matched_only,graphhop,Classical transductive,ag_news,R5,text,2,40.294416,0.0,40.294416,40.294416,0,Unknown,auto
matched_only,graphhop,Classical transductive,imdb,R5,text,6,29.514834499999996,4.0064432237552925,21.933846,33.931833,0,Unknown,auto
matched_only,label_propagation,Classical transductive,ag_news,R5,text,2,1.345286,0.0,1.345286,1.345286,0,Unknown,auto
matched_only,label_propagation,Classical transductive,imdb,R5,text,6,1.3743701666666668,0.7043646342710335,0.901744,2.614074,0,Unknown,auto
matched_only,label_spreading,Classical transductive,ag_news,R5,text,2,1.41195,0.0,1.41195,1.41195,0,Unknown,auto
matched_only,label_spreading,Classical transductive,imdb,R5,text,6,1.2287881666666667,0.6827945257406262,0.811659,2.423297,0,Unknown,auto
matched_only,lazy_random_walk,Classical transductive,imdb,R5,text,6,20.41454566666667,1.2032325447506251,19.707922,22.860476,0,Unknown,auto
matched_only,mean_teacher,Consistency,ag_news,R5,text,6,644.3357555,0.6761130659381771,643.749458,645.648668,0,NVIDIA A100-SXM4-80GB|Unknown,auto
matched_only,mean_teacher,Consistency,imdb,R5,text,6,128.55029316666668,0.8816656896237771,127.985096,130.289273,0,NVIDIA A100-SXM4-80GB|Unknown,auto
matched_only,pi_model,Consistency,ag_news,R5,text,6,647.2882713333335,13.158813712187323,640.836964,674.057203,0,NVIDIA A100-SXM4-80GB|Unknown,auto
matched_only,pi_model,Consistency,imdb,R5,text,6,127.83866883333333,1.2108065877695648,127.25734,130.289477,0,NVIDIA A100-SXM4-80GB|Unknown,auto
matched_only,temporal_ensembling,Consistency,ag_news,R5,text,2,799.380741,0.0,799.380741,799.380741,0,NVIDIA A100-SXM4-80GB|Unknown,auto
matched_only,temporal_ensembling,Consistency,imdb,R5,text,6,157.88791766666665,1.180993667029366,157.254519,160.29279,0,NVIDIA A100-SXM4-80GB|Unknown,auto
matched_only,vat,Consistency,ag_news,R5,text,2,868.001554,0.0,868.001554,868.001554,0,NVIDIA A100-SXM4-80GB|Unknown,auto
matched_only,vat,Consistency,imdb,R5,text,6,174.62714516666665,0.898531496394295,174.147399,176.456298,0,NVIDIA A100-SXM4-80GB|Unknown,auto
matched_only,appnp,GNN,ag_news,R5,text,2,83.260732,0.0,83.260732,83.260732,0,Unknown,auto
matched_only,appnp,GNN,imdb,R5,text,6,15.57687066666667,0.9597492552223563,14.954521,17.520199,0,Unknown,auto
matched_only,chebnet,GNN,ag_news,R5,text,2,82.190912,0.0,82.190912,82.190912,0,Unknown,auto
matched_only,chebnet,GNN,imdb,R5,text,6,1.614537333333333,0.8793374159849374,1.241277,3.409381,0,Unknown,auto
matched_only,gat,GNN,ag_news,R5,text,2,86.552461,0.0,86.552461,86.552461,0,Unknown,auto
matched_only,gat,GNN,imdb,R5,text,6,3.2020915,1.4749823524241572,2.44747,6.208565,0,Unknown,auto
matched_only,gcn,GNN,ag_news,R5,text,2,74.783161,0.0,74.783161,74.783161,0,Unknown,auto
matched_only,gcn,GNN,imdb,R5,text,6,2.1397416666666667,1.1116177415920756,1.469072,4.335491,0,Unknown,auto
matched_only,gcnii,GNN,ag_news,R5,text,2,90.89399,0.0,90.89399,90.89399,0,Unknown,auto
matched_only,gcnii,GNN,imdb,R5,text,6,5.562737833333333,0.9280049739410705,4.822412,7.326781,0,Unknown,auto
matched_only,grafn,GNN,ag_news,R5,text,2,31.437477,0.0,31.437477,31.437477,0,Unknown,auto
matched_only,grafn,GNN,imdb,R5,text,6,3.485469333333334,1.6392561485294075,2.419985,6.756489,0,Unknown,auto
matched_only,grand,GNN,ag_news,R5,text,2,39.421212,0.0,39.421212,39.421212,0,Unknown,auto
matched_only,grand,GNN,imdb,R5,text,6,4.404285333333333,1.0859470000293139,3.348782,6.059093,0,Unknown,auto
matched_only,graphsage,GNN,ag_news,R5,text,2,3.883145,0.0,3.883145,3.883145,0,Unknown,auto
matched_only,graphsage,GNN,imdb,R5,text,6,1.6147711666666666,1.2132150860628825,1.05503,4.081952,0,Unknown,auto
matched_only,h_gcn,GNN,imdb,R5,text,6,271.77223383333336,4.243468057157327,267.212002,277.705759,0,Unknown,auto
matched_only,n_gcn,GNN,imdb,R5,text,6,206.51553016666665,1.9306459741746005,203.248136,208.101482,0,Unknown,auto
matched_only,planetoid,GNN,ag_news,R5,text,2,4129.470108,0.0,4129.470108,4129.470108,0,Unknown,auto
matched_only,planetoid,GNN,imdb,R5,text,6,973.0366926666667,4.044476224096829,967.993769,979.104512,0,Unknown,auto
matched_only,sgc,GNN,ag_news,R5,text,2,3.826685,0.0,3.826685,3.826685,0,Unknown,auto
matched_only,sgc,GNN,imdb,R5,text,6,2.005529,2.234575167946337,0.991643,6.549172,0,Unknown,auto
matched_only,adamatch,Hybrid,ag_news,R5,text,6,655.4108875000001,2.29288784868428,653.268254,659.704546,0,NVIDIA A100-SXM4-80GB|Unknown,auto
matched_only,adamatch,Hybrid,imdb,R5,text,6,133.39031183333336,0.9750988230423422,132.482209,134.486142,0,NVIDIA A100-SXM4-80GB|Unknown,auto
matched_only,comatch,Hybrid,ag_news,R5,text,6,986.0745310000001,1.7332129631362727,984.096854,988.558163,0,NVIDIA A100-SXM4-80GB|Unknown,auto
matched_only,comatch,Hybrid,imdb,R5,text,6,198.65783833333333,0.7322043888299665,198.268789,200.149451,0,NVIDIA A100-SXM4-80GB|Unknown,auto
matched_only,daso,Hybrid,ag_news,R5,text,6,792.7802196666667,1.5136443645086228,791.540575,795.484176,0,NVIDIA A100-SXM4-80GB|Unknown,auto
matched_only,daso,Hybrid,imdb,R5,text,6,154.911866,0.4003088739915655,154.707802,155.727062,0,NVIDIA A100-SXM4-80GB|Unknown,auto
matched_only,defixmatch,Hybrid,ag_news,R5,text,6,836.6434596666668,2.365919199883683,834.471591,840.149724,0,NVIDIA A100-SXM4-80GB|Unknown,auto
matched_only,defixmatch,Hybrid,imdb,R5,text,6,162.48757716666668,0.6548439945707463,162.090841,163.814455,0,NVIDIA A100-SXM4-80GB|Unknown,auto
matched_only,fixmatch,Hybrid,ag_news,R5,text,6,642.9716363333333,1.9906964176948472,641.703201,646.976535,0,NVIDIA A100-SXM4-80GB|Unknown,auto
matched_only,fixmatch,Hybrid,imdb,R5,text,6,128.98442633333332,0.7069765202866868,128.485359,130.068555,0,NVIDIA A100-SXM4-80GB|Unknown,auto
matched_only,flexmatch,Hybrid,ag_news,R5,text,6,690.4573821666668,8.133995193940873,682.228103,700.430369,0,NVIDIA A100-SXM4-80GB|Unknown,auto
matched_only,flexmatch,Hybrid,imdb,R5,text,6,132.65828116666668,0.9376163857613351,131.737758,134.192299,0,NVIDIA A100-SXM4-80GB|Unknown,auto
matched_only,free_match,Hybrid,ag_news,R5,text,6,700.5801940000001,1.8299646050050284,698.955651,703.856348,0,NVIDIA A100-SXM4-80GB|Unknown,auto
matched_only,free_match,Hybrid,imdb,R5,text,6,139.99873250000002,0.7859829259027844,139.626308,141.601448,0,NVIDIA A100-SXM4-80GB|Unknown,auto
matched_only,meta_pseudo_labels,Hybrid,ag_news,R5,text,6,1596.2376848333333,1.7253682673205324,1594.91683,1599.639899,0,NVIDIA A100-SXM4-80GB|Unknown,auto
matched_only,meta_pseudo_labels,Hybrid,imdb,R5,text,6,216.02272033333335,0.767709664505973,215.59445,217.58072,0,NVIDIA A100-SXM4-80GB|Unknown,auto
matched_only,mixmatch,Hybrid,ag_news,R5,text,6,1039.9054096666666,1.9701710745383876,1038.087635,1043.515713,0,NVIDIA A100-SXM4-80GB|Unknown,auto
matched_only,mixmatch,Hybrid,imdb,R5,text,6,210.08239,0.8205385722928618,209.520626,211.690783,0,NVIDIA A100-SXM4-80GB|Unknown,auto
matched_only,noisy_student,Hybrid,ag_news,R5,text,6,658.5763293333333,1.115658983264969,657.631108,660.350555,0,NVIDIA A100-SXM4-80GB|Unknown,auto
matched_only,noisy_student,Hybrid,imdb,R5,text,6,131.75807583333335,1.104559116345232,131.214535,134.009819,0,NVIDIA A100-SXM4-80GB|Unknown,auto
matched_only,simclr_v2,Hybrid,ag_news,R5,text,6,368.78789850000004,0.7093566568359592,368.195603,369.946265,0,NVIDIA A100-SXM4-80GB|Unknown,auto
matched_only,simclr_v2,Hybrid,imdb,R5,text,6,57.406645833333336,1.0166634212671213,56.94368,59.481259,0,NVIDIA A100-SXM4-80GB|Unknown,auto
matched_only,softmatch,Hybrid,ag_news,R5,text,2,657.847518,0.0,657.847518,657.847518,0,NVIDIA A100-SXM4-80GB|Unknown,auto
matched_only,softmatch,Hybrid,imdb,R5,text,6,131.279433,1.778345568863157,130.197048,134.66686,0,NVIDIA A100-SXM4-80GB|Unknown,auto
matched_only,uda,Hybrid,ag_news,R5,text,2,648.054378,0.0,648.054378,648.054378,0,NVIDIA A100-SXM4-80GB|Unknown,auto
matched_only,uda,Hybrid,imdb,R5,text,6,129.07361383333333,0.7040648849216694,128.757273,130.507667,0,NVIDIA A100-SXM4-80GB|Unknown,auto
matched_only,adsh,Margin-based inductive,ag_news,R5,text,6,770.827993,2.721759917166247,768.599964,775.996392,0,NVIDIA A100-SXM4-80GB|Unknown,auto
matched_only,adsh,Margin-based inductive,imdb,R5,text,6,153.80198266666665,0.7791128132412286,153.325062,155.359875,0,NVIDIA A100-SXM4-80GB|Unknown,auto
matched_only,tsvm,Margin-based inductive,imdb,R5,text,6,1.3397445000000001,0.21821875065699553,1.247796,1.785138,0,CPU,auto
matched_only,laplace_learning,PDE/Variational,imdb,R5,text,6,6.476773499999999,0.5076935015509851,6.164401,7.381989,0,Unknown,auto
matched_only,p_laplace_learning,PDE/Variational,ag_news,R5,text,2,40439.00617,0.0,40439.00617,40439.00617,0,CPU,auto
matched_only,p_laplace_learning,PDE/Variational,imdb,R5,text,6,7115.906329333334,82.52499469360545,6989.045147,7217.577806,0,CPU,auto
matched_only,poisson_learning,PDE/Variational,ag_news,R5,text,2,42.435819,0.0,42.435819,42.435819,0,Unknown,auto
matched_only,poisson_learning,PDE/Variational,imdb,R5,text,6,10.008895166666667,1.9106569109536553,8.49861,12.464493,0,Unknown,auto
matched_only,poisson_mbo,PDE/Variational,ag_news,R5,text,2,153.133322,0.0,153.133322,153.133322,0,CPU,auto
matched_only,poisson_mbo,PDE/Variational,imdb,R5,text,6,41.744212166666664,0.5566256249032797,41.075907,42.30463,0,CPU,auto
matched_only,co_training,Wrappers,ag_news,R5,text,6,5.168075333333333,1.215806254911475,4.480322,7.610957,0,Unknown,auto
matched_only,co_training,Wrappers,imdb,R5,text,6,1.9271563333333332,0.8793579667154138,1.142847,3.658495,0,Unknown,auto
matched_only,deep_co_training,Wrappers,ag_news,R5,text,6,1597.014477833333,4.7393549610398455,1594.324416,1606.516357,0,NVIDIA A100-SXM4-80GB|Unknown,auto
matched_only,deep_co_training,Wrappers,imdb,R5,text,6,292.71757383333335,0.8713807146682587,292.242718,294.484981,0,NVIDIA A100-SXM4-80GB|Unknown,auto
matched_only,setred,Wrappers,ag_news,R5,text,6,15.571150166666667,31.23110623534091,1.787214,79.29453,0,Unknown,auto
matched_only,setred,Wrappers,imdb,R5,text,6,1.3837158333333335,0.879913643873856,0.924298,3.151895,0,Unknown,auto
matched_only,supervised,Baseline,cifar10,R5,vision,6,4.2686321666666664,6.451041831418563,1.633285,17.436766,0,NVIDIA A100-SXM4-80GB|Unknown,auto
matched_only,supervised,Baseline,cifar100,R5,vision,6,4.6608608333333335,3.2161231588547357,3.310016,11.225627,0,NVIDIA A100-SXM4-80GB|Unknown,auto
matched_only,supervised,Baseline,mnist,R5,vision,6,1.9225293333333333,1.1416655743124895,1.408843,4.250933,0,NVIDIA A100-SXM4-80GB|Unknown,auto
matched_only,graph_mincuts,Classical transductive,cifar10,R5,vision,6,3.4565696666666663,3.9946106274577833,1.782697,11.610337,0,CPU,auto
matched_only,graph_mincuts,Classical transductive,mnist,R5,vision,6,0.4623546666666667,0.31343466006085974,0.332078,1.102136,0,CPU,auto
matched_only,graphhop,Classical transductive,cifar10,R5,vision,6,19.717877333333334,4.081894044731326,15.690592,27.560997,0,Unknown,auto
matched_only,graphhop,Classical transductive,cifar100,R5,vision,2,33.483498,0.0,33.483498,33.483498,0,Unknown,auto
matched_only,graphhop,Classical transductive,mnist,R5,vision,6,17.479627333333333,3.417229197900642,14.455106,22.114795,0,Unknown,auto
matched_only,label_propagation,Classical transductive,cifar10,R5,vision,6,1.1077103333333334,1.1655381187602003,0.626373,3.486835,0,Unknown,auto
matched_only,label_propagation,Classical transductive,cifar100,R5,vision,2,1.209763,0.0,1.209763,1.209763,0,Unknown,auto
matched_only,label_propagation,Classical transductive,mnist,R5,vision,6,0.8054113333333333,0.21531441305185922,0.714072,1.244851,0,Unknown,auto
matched_only,label_spreading,Classical transductive,cifar10,R5,vision,6,0.37165916666666665,0.24704946474130776,0.261493,0.87474,0,Unknown,auto
matched_only,label_spreading,Classical transductive,cifar100,R5,vision,2,1.077991,0.0,1.077991,1.077991,0,Unknown,auto
matched_only,label_spreading,Classical transductive,mnist,R5,vision,6,0.3765836666666667,0.1740272307688273,0.301118,0.731772,0,Unknown,auto
matched_only,lazy_random_walk,Classical transductive,cifar10,R5,vision,6,2.0229421666666667,0.38560005368641564,1.858378,2.809992,0,Unknown,auto
matched_only,lazy_random_walk,Classical transductive,mnist,R5,vision,6,0.6437461666666667,0.3581729222001109,0.495799,1.374856,0,Unknown,auto
matched_only,mean_teacher,Consistency,cifar10,R5,vision,6,260.0213008333333,4.687587402921787,254.90067,267.438535,0,NVIDIA A100-SXM4-80GB|Unknown,auto
matched_only,mean_teacher,Consistency,cifar100,R5,vision,6,319.45729399999993,101.91841227266642,269.933604,527.228086,0,NVIDIA A100-SXM4-80GB|Unknown,auto
matched_only,mean_teacher,Consistency,mnist,R5,vision,6,309.3291076666667,4.038331587036077,305.466195,315.781215,0,NVIDIA A100-SXM4-80GB|Unknown,auto
matched_only,pi_model,Consistency,cifar10,R5,vision,6,273.831796,4.44155940223629,270.820067,282.783928,0,NVIDIA A100-SXM4-80GB|Unknown,auto
matched_only,pi_model,Consistency,cifar100,R5,vision,6,284.5247866666666,57.39975099219328,260.230718,401.687291,0,NVIDIA A100-SXM4-80GB|Unknown,auto
matched_only,pi_model,Consistency,mnist,R5,vision,6,320.3576375,3.7563800789988084,317.075639,326.762511,0,NVIDIA A100-SXM4-80GB|Unknown,auto
matched_only,temporal_ensembling,Consistency,cifar10,R5,vision,6,295.356873,2.3389580121584075,293.613634,299.969197,0,NVIDIA A100-SXM4-80GB|Unknown,auto
matched_only,temporal_ensembling,Consistency,cifar100,R5,vision,6,283.2967036666667,1.6830406599086662,282.06709,286.132707,0,NVIDIA A100-SXM4-80GB|Unknown,auto
matched_only,temporal_ensembling,Consistency,mnist,R5,vision,6,342.7650811666667,2.7306296333889404,340.485817,347.296259,0,NVIDIA A100-SXM4-80GB|Unknown,auto
matched_only,vat,Consistency,cifar10,R5,vision,6,364.6370048333333,10.560860102565359,358.573818,385.877395,0,NVIDIA A100-SXM4-80GB|Unknown,auto
matched_only,vat,Consistency,cifar100,R5,vision,2,342.487983,0.0,342.487983,342.487983,0,NVIDIA A100-SXM4-80GB|Unknown,auto
matched_only,vat,Consistency,mnist,R5,vision,6,430.7376758333333,5.09330167375323,425.472308,438.655925,0,NVIDIA A100-SXM4-80GB|Unknown,auto
matched_only,appnp,GNN,cifar10,R5,vision,6,33.24981966666667,19.590167977919602,25.014227,73.236251,0,Unknown,auto
matched_only,appnp,GNN,cifar100,R5,vision,2,28.413589,0.0,28.413589,28.413589,0,Unknown,auto
matched_only,appnp,GNN,mnist,R5,vision,6,2.1888798333333335,1.02693227159797,1.550372,4.23195,0,Unknown,auto
matched_only,chebnet,GNN,cifar10,R5,vision,6,2.719238666666666,1.5782897603537405,1.933892,5.936143,0,Unknown,auto
matched_only,chebnet,GNN,cifar100,R5,vision,2,11.542147,0.0,11.542147,11.542147,0,Unknown,auto
matched_only,chebnet,GNN,mnist,R5,vision,6,5.754406833333333,2.033228093959496,4.028549,9.174475,0,Unknown,auto
matched_only,gat,GNN,cifar10,R5,vision,6,3.307157833333333,1.0638009788262872,2.566684,5.451063,0,Unknown,auto
matched_only,gat,GNN,cifar100,R5,vision,2,5.878625,0.0,5.878625,5.878625,0,Unknown,auto
matched_only,gat,GNN,mnist,R5,vision,6,4.053645666666667,0.8198137175401902,3.711484,5.727062,0,Unknown,auto
matched_only,gcn,GNN,cifar10,R5,vision,6,0.8604699999999998,0.8126503174133385,0.504159,2.517994,0,Unknown,auto
matched_only,gcn,GNN,cifar100,R5,vision,2,3.374152,0.0,3.374152,3.374152,0,Unknown,auto
matched_only,gcn,GNN,mnist,R5,vision,6,1.4661158333333333,1.0074785221594387,1.00067,3.520616,0,Unknown,auto
matched_only,gcnii,GNN,cifar10,R5,vision,6,5.053220666666667,1.1576522988479172,4.298741,7.276767,0,Unknown,auto
matched_only,gcnii,GNN,cifar100,R5,vision,2,14.370985,0.0,14.370985,14.370985,0,Unknown,auto
matched_only,gcnii,GNN,mnist,R5,vision,6,13.9985545,1.968071523016351,10.966264,17.075522,0,Unknown,auto
matched_only,grafn,GNN,cifar10,R5,vision,6,3.8663220000000003,1.8669328777244243,2.345082,7.369975,0,Unknown,auto
matched_only,grafn,GNN,cifar100,R5,vision,2,7.081004,0.0,7.081004,7.081004,0,Unknown,auto
matched_only,grafn,GNN,mnist,R5,vision,6,6.463907333333334,1.9945497682501347,4.909303,9.536497,0,Unknown,auto
matched_only,grand,GNN,cifar10,R5,vision,6,14.675153166666666,1.0438567588989236,13.662387,16.296604,0,Unknown,auto
matched_only,grand,GNN,cifar100,R5,vision,2,45.809027,0.0,45.809027,45.809027,0,Unknown,auto
matched_only,grand,GNN,mnist,R5,vision,6,48.502792,3.907030283080796,42.963629,54.329083,0,Unknown,auto
matched_only,graphsage,GNN,cifar10,R5,vision,6,1.6182751666666666,0.9920559802526099,1.178134,3.642233,0,Unknown,auto
matched_only,graphsage,GNN,cifar100,R5,vision,2,3.892944,0.0,3.892944,3.892944,0,Unknown,auto
matched_only,graphsage,GNN,mnist,R5,vision,6,2.833192333333333,1.1064766423849475,2.041378,4.848727,0,Unknown,auto
matched_only,h_gcn,GNN,cifar10,R5,vision,6,492.16129383333333,15.707535455927948,470.102172,517.189479,0,Unknown,auto
matched_only,planetoid,GNN,cifar10,R5,vision,2,1279.743727,0.0,1279.743727,1279.743727,0,Unknown,auto
matched_only,planetoid,GNN,cifar100,R5,vision,2,1308.301557,0.0,1308.301557,1308.301557,0,Unknown,auto
matched_only,planetoid,GNN,mnist,R5,vision,6,1589.1391583333334,3.7954652875091233,1585.405603,1594.349756,0,Unknown,auto
matched_only,sgc,GNN,cifar10,R5,vision,2,2.550698,0.0,2.550698,2.550698,0,Unknown,auto
matched_only,sgc,GNN,cifar100,R5,vision,2,2.543399,0.0,2.543399,2.543399,0,Unknown,auto
matched_only,sgc,GNN,mnist,R5,vision,6,0.8642568333333335,0.8131882128558964,0.433639,2.519934,0,Unknown,auto
matched_only,adamatch,Hybrid,cifar10,R5,vision,2,269.089081,0.0,269.089081,269.089081,0,NVIDIA A100-SXM4-80GB|Unknown,auto
matched_only,adamatch,Hybrid,cifar100,R5,vision,6,271.80207633333333,10.411793035900619,258.502112,283.137271,0,NVIDIA A100-SXM4-80GB|Unknown,auto
matched_only,adamatch,Hybrid,mnist,R5,vision,6,330.27700166666665,2.0179436047003505,328.839153,334.123134,0,NVIDIA A100-SXM4-80GB|Unknown,auto
matched_only,comatch,Hybrid,cifar10,R5,vision,2,410.757999,0.0,410.757999,410.757999,0,NVIDIA A100-SXM4-80GB|Unknown,auto
matched_only,comatch,Hybrid,cifar100,R5,vision,6,379.6539411666666,8.774685464301253,370.586919,391.011572,0,NVIDIA A100-SXM4-80GB|Unknown,auto
matched_only,comatch,Hybrid,mnist,R5,vision,6,483.7206556666667,4.120049697268269,480.451562,491.824199,0,NVIDIA A100-SXM4-80GB|Unknown,auto
matched_only,daso,Hybrid,cifar10,R5,vision,2,355.468197,0.0,355.468197,355.468197,0,NVIDIA A100-SXM4-80GB|Unknown,auto
matched_only,daso,Hybrid,cifar100,R5,vision,6,492.6760798333334,2.233507949006807,490.905314,496.547007,0,NVIDIA A100-SXM4-80GB|Unknown,auto
matched_only,daso,Hybrid,mnist,R5,vision,6,432.07709816666664,2.5314393010367477,428.855104,436.388838,0,NVIDIA A100-SXM4-80GB|Unknown,auto
matched_only,defixmatch,Hybrid,cifar10,R5,vision,2,368.507521,0.0,368.507521,368.507521,0,NVIDIA A100-SXM4-80GB|Unknown,auto
matched_only,defixmatch,Hybrid,cifar100,R5,vision,6,353.427536,3.1786179619031296,348.79644,358.037996,0,NVIDIA A100-SXM4-80GB|Unknown,auto
matched_only,defixmatch,Hybrid,mnist,R5,vision,6,447.6267116666667,2.370017754583096,443.695278,450.519654,0,NVIDIA A100-SXM4-80GB|Unknown,auto
matched_only,fixmatch,Hybrid,cifar10,R5,vision,6,265.668125,10.037424591197711,260.212558,285.911579,0,NVIDIA A100-SXM4-80GB|Unknown,auto
matched_only,fixmatch,Hybrid,cifar100,R5,vision,6,253.63677283333334,3.130117542674867,249.11839,258.031359,0,NVIDIA A100-SXM4-80GB|Unknown,auto
matched_only,fixmatch,Hybrid,mnist,R5,vision,6,325.84386033333334,3.0690830764000943,322.222591,330.806771,0,NVIDIA A100-SXM4-80GB|Unknown,auto
matched_only,flexmatch,Hybrid,cifar10,R5,vision,6,343.81219016666665,19.745104710952134,318.224613,359.211415,0,NVIDIA A100-SXM4-80GB|Unknown,auto
matched_only,flexmatch,Hybrid,cifar100,R5,vision,6,330.42962316666666,5.553200477853478,325.621156,339.503897,0,NVIDIA A100-SXM4-80GB|Unknown,auto
matched_only,flexmatch,Hybrid,mnist,R5,vision,6,402.9164438333333,31.061738503814038,364.581343,430.974315,0,NVIDIA A100-SXM4-80GB|Unknown,auto
matched_only,free_match,Hybrid,cifar10,R5,vision,6,298.2668156666667,3.949803272114835,294.541897,303.619879,0,NVIDIA A100-SXM4-80GB|Unknown,auto
matched_only,free_match,Hybrid,cifar100,R5,vision,6,299.66526833333336,13.557185581160635,285.008825,319.508045,0,NVIDIA A100-SXM4-80GB|Unknown,auto
matched_only,free_match,Hybrid,mnist,R5,vision,6,353.3693748333333,5.49193287952318,347.725376,360.181309,0,NVIDIA A100-SXM4-80GB|Unknown,auto
matched_only,meta_pseudo_labels,Hybrid,cifar10,R5,vision,6,477.6661918333334,5.035410811343938,473.454408,487.54561,0,NVIDIA A100-SXM4-80GB|Unknown,auto
matched_only,meta_pseudo_labels,Hybrid,cifar100,R5,vision,6,463.4830318333333,11.749990810909884,452.102609,484.147813,0,NVIDIA A100-SXM4-80GB|Unknown,auto
matched_only,meta_pseudo_labels,Hybrid,mnist,R5,vision,6,576.8202996666668,8.872390411918715,566.93134,590.161275,0,NVIDIA A100-SXM4-80GB|Unknown,auto
matched_only,mixmatch,Hybrid,cifar10,R5,vision,6,235.42870349999998,3.154257188832366,232.865483,241.206313,0,NVIDIA A100-SXM4-80GB|Unknown,auto
matched_only,mixmatch,Hybrid,cifar100,R5,vision,6,218.0518841666667,4.329268036828598,213.994643,226.37221,0,NVIDIA A100-SXM4-80GB|Unknown,auto
matched_only,mixmatch,Hybrid,mnist,R5,vision,6,273.16778949999997,3.0876088106047344,270.347362,277.550296,0,NVIDIA A100-SXM4-80GB|Unknown,auto
matched_only,noisy_student,Hybrid,cifar10,R5,vision,6,250.80027983333335,7.9751212615700595,243.643006,266.157089,0,NVIDIA A100-SXM4-80GB|Unknown,auto
matched_only,noisy_student,Hybrid,cifar100,R5,vision,6,237.40137116666668,1.6373235777104551,235.56135,239.785709,0,NVIDIA A100-SXM4-80GB|Unknown,auto
matched_only,noisy_student,Hybrid,mnist,R5,vision,6,292.0657258333333,2.326864552755184,289.702679,296.317404,0,NVIDIA A100-SXM4-80GB|Unknown,auto
matched_only,simclr_v2,Hybrid,cifar10,R5,vision,6,109.24751183333335,2.8734973167133746,106.361329,112.364446,0,NVIDIA A100-SXM4-80GB|Unknown,auto
matched_only,simclr_v2,Hybrid,cifar100,R5,vision,6,109.399098,4.539958297922395,107.04268,118.623619,0,NVIDIA A100-SXM4-80GB|Unknown,auto
matched_only,simclr_v2,Hybrid,mnist,R5,vision,6,126.7035335,5.552671727606444,121.940247,133.955668,0,NVIDIA A100-SXM4-80GB|Unknown,auto
matched_only,softmatch,Hybrid,cifar10,R5,vision,6,278.04625233333337,3.620127392872177,274.250559,284.765954,0,NVIDIA A100-SXM4-80GB|Unknown,auto
matched_only,softmatch,Hybrid,cifar100,R5,vision,6,295.71284116666664,74.31975978971829,263.441489,447.376122,0,NVIDIA A100-SXM4-80GB|Unknown,auto
matched_only,softmatch,Hybrid,mnist,R5,vision,6,320.16408233333334,2.201212664641539,317.767381,322.355434,0,NVIDIA A100-SXM4-80GB|Unknown,auto
matched_only,uda,Hybrid,cifar10,R5,vision,6,270.24146,6.255705090641638,264.909195,282.166443,0,NVIDIA A100-SXM4-80GB|Unknown,auto
matched_only,uda,Hybrid,cifar100,R5,vision,2,261.46639,0.0,261.46639,261.46639,0,NVIDIA A100-SXM4-80GB|Unknown,auto
matched_only,uda,Hybrid,mnist,R5,vision,6,331.3839105,3.9118818502672066,328.008157,338.17205,0,NVIDIA A100-SXM4-80GB|Unknown,auto
matched_only,adsh,Margin-based inductive,cifar10,R5,vision,2,316.294947,0.0,316.294947,316.294947,0,NVIDIA A100-SXM4-80GB|Unknown,auto
matched_only,adsh,Margin-based inductive,cifar100,R5,vision,6,355.5167998333334,7.5790303995997705,345.22255,365.318996,0,NVIDIA A100-SXM4-80GB|Unknown,auto
matched_only,adsh,Margin-based inductive,mnist,R5,vision,6,384.0790135,1.5433228765122018,381.593823,386.388856,0,NVIDIA A100-SXM4-80GB|Unknown,auto
matched_only,laplace_learning,PDE/Variational,cifar10,R5,vision,6,28.737754499999998,7.6857453118194785,13.04937,31.902838,0,Unknown,auto
matched_only,laplace_learning,PDE/Variational,mnist,R5,vision,6,13.398024000000001,0.21443602608796872,13.30247,13.835564,0,Unknown,auto
matched_only,poisson_learning,PDE/Variational,cifar10,R5,vision,2,46.476916,0.0,46.476916,46.476916,0,Unknown,auto
matched_only,poisson_learning,PDE/Variational,cifar100,R5,vision,2,423.950389,0.0,423.950389,423.950389,0,Unknown,auto
matched_only,poisson_learning,PDE/Variational,mnist,R5,vision,6,58.29413566666667,1.1056598616243014,57.273945,60.054628,0,Unknown,auto
matched_only,poisson_mbo,PDE/Variational,cifar10,R5,vision,2,123.524452,0.0,123.524452,123.524452,0,CPU,auto
matched_only,poisson_mbo,PDE/Variational,cifar100,R5,vision,2,936.614969,0.0,936.614969,936.614969,0,CPU,auto
matched_only,poisson_mbo,PDE/Variational,mnist,R5,vision,6,159.16924716666668,0.5919375732478562,158.38337,160.039932,0,CPU,auto
matched_only,co_training,Wrappers,cifar10,R5,vision,2,8.720176,0.0,8.720176,8.720176,0,Unknown,auto
matched_only,co_training,Wrappers,cifar100,R5,vision,6,5895.469143833333,293.8269001930323,5515.904216,6350.613563,0,Unknown,auto
matched_only,co_training,Wrappers,mnist,R5,vision,6,9.275280166666667,0.9037365566850587,8.578581,11.021941,0,Unknown,auto
matched_only,deep_co_training,Wrappers,cifar10,R5,vision,6,638.7879896666667,35.93354965213163,619.825033,711.909633,0,NVIDIA A100-SXM4-80GB|Unknown,auto
matched_only,deep_co_training,Wrappers,cifar100,R5,vision,6,616.600554,57.89415945351525,585.694184,734.255627,0,NVIDIA A100-SXM4-80GB|Unknown,auto
matched_only,deep_co_training,Wrappers,mnist,R5,vision,6,737.0689508333331,2.1846335273561452,734.952559,740.055174,0,NVIDIA A100-SXM4-80GB|Unknown,auto
matched_only,democratic_co_learning,Wrappers,cifar10,R5,vision,6,1242.0772671666666,677.972876144124,205.186896,2016.751103,0,NVIDIA A100-SXM4-80GB|Unknown,auto
matched_only,democratic_co_learning,Wrappers,cifar100,R5,vision,6,166.952277,5.692572100979316,162.116669,174.102976,0,NVIDIA A100-SXM4-80GB|Unknown,auto
matched_only,democratic_co_learning,Wrappers,mnist,R5,vision,6,1193.2700249999998,19.23917810606955,1166.628054,1222.158004,0,NVIDIA A100-SXM4-80GB|Unknown,auto
matched_only,pseudo_label,Wrappers,cifar10,R5,vision,6,4.1461845,4.958166869489802,2.095211,14.266899,0,NVIDIA A100-SXM4-80GB|Unknown,auto
matched_only,pseudo_label,Wrappers,cifar100,R5,vision,6,11.624195833333333,8.158663097240245,5.667095,26.705788,0,NVIDIA A100-SXM4-80GB|Unknown,auto
matched_only,pseudo_label,Wrappers,mnist,R5,vision,6,394.7320678333333,12.558285659316015,379.293047,411.653668,0,NVIDIA A100-SXM4-80GB|Unknown,auto
matched_only,self_training,Wrappers,cifar10,R5,vision,6,2.1741941666666666,0.9800299022253183,1.729676,4.173275,0,NVIDIA A100-SXM4-80GB|Unknown,auto
matched_only,self_training,Wrappers,cifar100,R5,vision,6,8.4700265,4.970026428687668,5.205977,18.211226,0,NVIDIA A100-SXM4-80GB|Unknown,auto
matched_only,self_training,Wrappers,mnist,R5,vision,6,391.5052043333333,12.406735390639824,377.34101,404.721989,0,NVIDIA A100-SXM4-80GB|Unknown,auto
matched_only,setred,Wrappers,cifar10,R5,vision,6,11.515878,7.388992127195318,7.305687,26.334597,0,Unknown,auto
matched_only,setred,Wrappers,cifar100,R5,vision,6,602.2569108333333,38.70714650030118,539.192328,638.058879,0,Unknown,auto
matched_only,setred,Wrappers,mnist,R5,vision,6,30.19096616666667,3.1484995734198478,24.830724,34.3437,0,Unknown,auto
matched_only,tri_training,Wrappers,cifar10,R5,vision,6,2506.504601166667,18.976609934041015,2477.06179,2524.651103,0,NVIDIA A100-SXM4-80GB|Unknown,auto
matched_only,tri_training,Wrappers,cifar100,R5,vision,2,2445.798403,0.0,2445.798403,2445.798403,0,NVIDIA A100-SXM4-80GB|Unknown,auto
matched_only,tri_training,Wrappers,mnist,R5,vision,6,3120.451526166667,38.83653124605569,3072.099901,3161.868672,0,NVIDIA A100-SXM4-80GB|Unknown,auto
matched_only,supervised,Baseline,adult,R6,tabular,6,0.9297268333333334,1.5513657133847476,0.290799,4.096419,0,NVIDIA A100-SXM4-80GB|Unknown,auto
matched_only,dynamic_label_propagation,Classical transductive,adult,R6,tabular,6,764.7067613333334,0.8538743179132597,764.189026,766.422202,0,Unknown,auto
matched_only,graph_mincuts,Classical transductive,adult,R6,tabular,6,0.8536779999999999,0.773832985932236,0.488599,2.429765,0,CPU,auto
matched_only,graphhop,Classical transductive,adult,R6,tabular,6,35.48984116666667,1.345500278615121,33.145765,36.676992,0,Unknown,auto
matched_only,label_propagation,Classical transductive,adult,R6,tabular,6,0.7252836666666668,0.87171050255751,0.347948,2.504276,0,Unknown,auto
matched_only,label_spreading,Classical transductive,adult,R6,tabular,6,0.6436398333333333,0.8458461447146086,0.293058,2.370132,0,Unknown,auto
matched_only,lazy_random_walk,Classical transductive,adult,R6,tabular,6,5.3628471666666675,0.9635495662479264,4.956085,7.329557,0,Unknown,auto
matched_only,mean_teacher,Consistency,adult,R6,tabular,6,37.71389816666667,1.660729691249773,36.924428,41.091468,0,NVIDIA A100-SXM4-80GB|Unknown,auto
matched_only,pi_model,Consistency,adult,R6,tabular,6,36.05812183333333,1.6203031291248464,35.180475,39.348762,0,NVIDIA A100-SXM4-80GB|Unknown,auto
matched_only,temporal_ensembling,Consistency,adult,R6,tabular,6,42.221622833333335,1.8499216016263405,40.754726,45.472924,0,NVIDIA A100-SXM4-80GB|Unknown,auto
matched_only,vat,Consistency,adult,R6,tabular,6,47.949161333333336,1.889147622451001,46.853145,51.63568,0,NVIDIA A100-SXM4-80GB|Unknown,auto
matched_only,appnp,GNN,adult,R6,tabular,6,14.715968666666667,1.6125356176506203,13.981883,18.00431,0,Unknown,auto
matched_only,chebnet,GNN,adult,R6,tabular,6,1.3482686666666668,1.5494361927631182,0.690224,4.510872,0,Unknown,auto
matched_only,gat,GNN,adult,R6,tabular,6,2.9486674999999996,1.4913123900674532,1.963706,5.897702,0,Unknown,auto
matched_only,gcn,GNN,adult,R6,tabular,6,1.1473445,1.5690856664115886,0.488901,4.349962,0,Unknown,auto
matched_only,gcnii,GNN,adult,R6,tabular,6,4.8180966666666665,1.5543417350319932,3.980691,7.966304,0,Unknown,auto
matched_only,grafn,GNN,adult,R6,tabular,6,3.143330666666667,1.547034721042765,2.250694,6.237855,0,Unknown,auto
matched_only,grand,GNN,adult,R6,tabular,6,2.7079575000000005,1.6127898289391276,1.503048,5.927539,0,Unknown,auto
matched_only,graphsage,GNN,adult,R6,tabular,6,1.1609563333333335,1.5849710054652315,0.486945,4.396015,0,Unknown,auto
matched_only,h_gcn,GNN,adult,R6,tabular,6,245.22084883333332,8.471869261420565,235.497167,255.378683,0,Unknown,auto
matched_only,n_gcn,GNN,adult,R6,tabular,6,163.40502816666665,2.577302953257023,161.329096,167.66458,0,Unknown,auto
matched_only,planetoid,GNN,adult,R6,tabular,6,950.031499,7.840928621395485,942.629759,960.991361,0,Unknown,auto
matched_only,sgc,GNN,adult,R6,tabular,6,1.3969508333333334,2.6699240966860027,0.29862,6.846891,0,Unknown,auto
matched_only,adamatch,Hybrid,adult,R6,tabular,6,40.625930000000004,1.9122147583511626,39.551814,44.513476,0,NVIDIA A100-SXM4-80GB|Unknown,auto
matched_only,comatch,Hybrid,adult,R6,tabular,6,67.34693933333334,2.5396328246525424,64.630838,69.810448,0,NVIDIA A100-SXM4-80GB|Unknown,auto
matched_only,daso,Hybrid,adult,R6,tabular,6,56.12716499999999,3.8553943403927975,54.450812,63.995221,0,NVIDIA A100-SXM4-80GB|Unknown,auto
matched_only,defixmatch,Hybrid,adult,R6,tabular,6,48.126976500000005,2.6332902582603204,46.820464,53.47993,0,NVIDIA A100-SXM4-80GB|Unknown,auto
matched_only,fixmatch,Hybrid,adult,R6,tabular,6,37.40788133333333,2.1539450568466836,36.403847,41.79537,0,NVIDIA A100-SXM4-80GB|Unknown,auto
matched_only,flexmatch,Hybrid,adult,R6,tabular,6,50.6005625,1.4786158876542277,49.970143,53.618386,0,NVIDIA A100-SXM4-80GB|Unknown,auto
matched_only,free_match,Hybrid,adult,R6,tabular,6,56.222592666666664,1.809516047722449,54.743741,59.296719,0,NVIDIA A100-SXM4-80GB|Unknown,auto
matched_only,meta_pseudo_labels,Hybrid,adult,R6,tabular,6,60.97834733333334,1.9022303390395878,60.084929,64.850797,0,NVIDIA A100-SXM4-80GB|Unknown,auto
matched_only,mixmatch,Hybrid,adult,R6,tabular,6,42.246605833333334,1.6893816752232653,41.367244,45.678624,0,NVIDIA A100-SXM4-80GB|Unknown,auto
matched_only,noisy_student,Hybrid,adult,R6,tabular,6,37.08328216666667,1.9223077072950012,36.068686,40.994786,0,NVIDIA A100-SXM4-80GB|Unknown,auto
matched_only,simclr_v2,Hybrid,adult,R6,tabular,6,20.971811833333334,1.8111555841526616,19.87979,24.643433,0,NVIDIA A100-SXM4-80GB|Unknown,auto
matched_only,softmatch,Hybrid,adult,R6,tabular,6,40.139151500000004,1.844270006106128,39.282521,43.899223,0,NVIDIA A100-SXM4-80GB|Unknown,auto
matched_only,uda,Hybrid,adult,R6,tabular,6,37.460662,1.5278266222729593,36.362113,40.460893,0,NVIDIA A100-SXM4-80GB|Unknown,auto
matched_only,adsh,Margin-based inductive,adult,R6,tabular,6,39.70093383333333,1.6408386966963475,38.861129,43.003264,0,NVIDIA A100-SXM4-80GB|Unknown,auto
matched_only,s4vm,Margin-based inductive,adult,R6,tabular,6,37.962483999999996,1.5447486718752657,37.254507,41.113679,0,NVIDIA A100-SXM4-80GB|Unknown,auto
matched_only,tsvm,Margin-based inductive,adult,R6,tabular,6,1.0570973333333333,0.6792079761671433,0.770787,2.443448,0,CPU,auto
matched_only,laplace_learning,PDE/Variational,adult,R6,tabular,6,5.256511333333333,0.8782681935572223,4.889586,7.049231,0,Unknown,auto
matched_only,p_laplace_learning,PDE/Variational,adult,R6,tabular,6,11162.340155166667,69.29883667151269,11087.076959,11268.187202,0,CPU,auto
matched_only,poisson_learning,PDE/Variational,adult,R6,tabular,6,11.0080665,1.6705721872924557,10.151673,14.355684,0,Unknown,auto
matched_only,poisson_mbo,PDE/Variational,adult,R6,tabular,6,54.41432816666666,0.8842396477110531,53.749426,55.552643,0,CPU,auto
matched_only,co_training,Wrappers,adult,R6,tabular,6,3.0753755,1.6086498403790368,2.389526,6.358479,0,NVIDIA A100-SXM4-80GB|Unknown,auto
matched_only,deep_co_training,Wrappers,adult,R6,tabular,6,88.76941849999999,2.117167501835957,86.568686,92.2296,0,NVIDIA A100-SXM4-80GB|Unknown,auto
matched_only,democratic_co_learning,Wrappers,adult,R6,tabular,6,76.74595,2.9922676672164856,73.074671,79.647184,0,NVIDIA A100-SXM4-80GB|Unknown,auto
matched_only,pseudo_label,Wrappers,adult,R6,tabular,6,61.988031166666666,2.294716405365025,59.640305,66.346404,0,NVIDIA A100-SXM4-80GB|Unknown,auto
matched_only,self_training,Wrappers,adult,R6,tabular,6,60.14425833333333,1.7552883319352008,59.149647,63.692598,0,NVIDIA A100-SXM4-80GB|Unknown,auto
matched_only,setred,Wrappers,adult,R6,tabular,6,2.1822175,1.5175618367062014,1.520516,5.279418,0,NVIDIA A100-SXM4-80GB|Unknown,auto
matched_only,tri_training,Wrappers,adult,R6,tabular,6,371.41236150000003,5.019702738506281,368.348561,381.594495,0,NVIDIA A100-SXM4-80GB|Unknown,auto
matched_only,trinet,Wrappers,adult,R6,tabular,6,686.271257,9.069293678759417,679.126681,704.250487,0,NVIDIA A100-SXM4-80GB|Unknown,auto
matched_only,supervised,Baseline,ag_news,R6,text,2,3.87967,0.0,3.87967,3.87967,0,NVIDIA A100-SXM4-80GB|Unknown,auto
matched_only,supervised,Baseline,imdb,R6,text,6,2.157905,1.0001711295443394,1.601078,4.179486,0,NVIDIA A100-SXM4-80GB|Unknown,auto
matched_only,dynamic_label_propagation,Classical transductive,imdb,R6,text,6,821.2005686666666,0.4532725155994937,820.684089,821.845626,0,Unknown,auto
matched_only,graph_mincuts,Classical transductive,imdb,R6,text,6,16.038412833333336,1.545563473505947,15.334552,19.188638,0,CPU,auto
matched_only,graphhop,Classical transductive,ag_news,R6,text,2,28.835951,0.0,28.835951,28.835951,0,Unknown,auto
matched_only,graphhop,Classical transductive,imdb,R6,text,6,32.3990595,1.0150067881419806,30.931481,33.532902,0,Unknown,auto
matched_only,label_propagation,Classical transductive,ag_news,R6,text,2,1.491938,0.0,1.491938,1.491938,0,Unknown,auto
matched_only,label_propagation,Classical transductive,imdb,R6,text,6,1.0687445,0.2918600130855544,0.860168,1.643699,0,Unknown,auto
matched_only,label_spreading,Classical transductive,ag_news,R6,text,2,1.632947,0.0,1.632947,1.632947,0,Unknown,auto
matched_only,label_spreading,Classical transductive,imdb,R6,text,6,1.5379868333333333,1.7413434559619099,0.818682,5.092406,0,Unknown,auto
matched_only,lazy_random_walk,Classical transductive,imdb,R6,text,6,20.218281166666667,0.2887801397668587,20.047472,20.793677,0,Unknown,auto
matched_only,mean_teacher,Consistency,ag_news,R6,text,6,663.5725155,1.471292154728031,662.431277,666.188677,0,NVIDIA A100-SXM4-80GB|Unknown,auto
matched_only,mean_teacher,Consistency,imdb,R6,text,6,137.45742683333333,0.9454059426545697,136.875921,139.275357,0,NVIDIA A100-SXM4-80GB|Unknown,auto
matched_only,pi_model,Consistency,ag_news,R6,text,6,660.9131351666666,2.053028036577807,659.496177,664.61745,0,NVIDIA A100-SXM4-80GB|Unknown,auto
matched_only,pi_model,Consistency,imdb,R6,text,6,137.84267333333332,1.46005289270898,136.285511,140.634298,0,NVIDIA A100-SXM4-80GB|Unknown,auto
matched_only,temporal_ensembling,Consistency,ag_news,R6,text,2,813.961845,0.0,813.961845,813.961845,0,NVIDIA A100-SXM4-80GB|Unknown,auto
matched_only,temporal_ensembling,Consistency,imdb,R6,text,6,166.5312625,1.707803450252715,165.782327,170.016519,0,NVIDIA A100-SXM4-80GB|Unknown,auto
matched_only,vat,Consistency,ag_news,R6,text,2,892.500325,0.0,892.500325,892.500325,0,NVIDIA A100-SXM4-80GB|Unknown,auto
matched_only,vat,Consistency,imdb,R6,text,6,183.25019083333336,0.7655245401488934,182.805647,184.799664,0,NVIDIA A100-SXM4-80GB|Unknown,auto
matched_only,appnp,GNN,ag_news,R6,text,2,87.133258,0.0,87.133258,87.133258,0,Unknown,auto
matched_only,appnp,GNN,imdb,R6,text,6,16.1340045,0.887781494942478,15.568954,17.916274,0,Unknown,auto
matched_only,chebnet,GNN,ag_news,R6,text,2,85.291723,0.0,85.291723,85.291723,0,Unknown,auto
matched_only,chebnet,GNN,imdb,R6,text,6,1.8915534999999999,0.9232095097321625,1.359563,3.660475,0,Unknown,auto
matched_only,gat,GNN,ag_news,R6,text,2,82.79857,0.0,82.79857,82.79857,0,Unknown,auto
matched_only,gat,GNN,imdb,R6,text,6,3.0564321666666667,1.1515529672756555,2.490054,5.402724,0,Unknown,auto
matched_only,gcn,GNN,ag_news,R6,text,2,85.335738,0.0,85.335738,85.335738,0,Unknown,auto
matched_only,gcn,GNN,imdb,R6,text,6,4.346756166666667,1.9082711201805067,2.766014,7.524569,0,Unknown,auto
matched_only,gcnii,GNN,ag_news,R6,text,2,93.843482,0.0,93.843482,93.843482,0,Unknown,auto
matched_only,gcnii,GNN,imdb,R6,text,6,7.489064166666666,0.9760037868185587,6.917377,9.352387,0,Unknown,auto
matched_only,grafn,GNN,ag_news,R6,text,2,38.428081,0.0,38.428081,38.428081,0,Unknown,auto
matched_only,grafn,GNN,imdb,R6,text,6,5.690541666666667,1.257322293383469,4.850049,8.189058,0,Unknown,auto
matched_only,grand,GNN,ag_news,R6,text,2,31.543664,0.0,31.543664,31.543664,0,Unknown,auto
matched_only,grand,GNN,imdb,R6,text,6,6.146581833333333,2.0157661980743122,4.177357,9.193884,0,Unknown,auto
matched_only,graphsage,GNN,ag_news,R6,text,2,4.013628,0.0,4.013628,4.013628,0,Unknown,auto
matched_only,graphsage,GNN,imdb,R6,text,6,3.0795744999999997,1.803256382724514,1.188968,5.70913,0,Unknown,auto
matched_only,h_gcn,GNN,imdb,R6,text,6,284.0570931666667,8.037363063473048,276.319847,294.578295,0,Unknown,auto
matched_only,n_gcn,GNN,imdb,R6,text,6,259.91520166666663,3.7063139780902343,254.336206,264.523777,0,Unknown,auto
matched_only,planetoid,GNN,ag_news,R6,text,2,4113.471559,0.0,4113.471559,4113.471559,0,Unknown,auto
matched_only,planetoid,GNN,imdb,R6,text,6,977.3545756666666,4.416853710336555,972.19282,982.96476,0,Unknown,auto
matched_only,sgc,GNN,ag_news,R6,text,2,2.886267,0.0,2.886267,2.886267,0,Unknown,auto
matched_only,sgc,GNN,imdb,R6,text,6,2.1015694999999996,2.6192631267241366,1.025497,7.448109,0,Unknown,auto
matched_only,adamatch,Hybrid,ag_news,R6,text,6,676.7370768333334,2.2185742836856677,675.052412,680.888325,0,NVIDIA A100-SXM4-80GB|Unknown,auto
matched_only,adamatch,Hybrid,imdb,R6,text,6,141.82981833333332,0.8727497464679448,141.366442,143.595453,0,NVIDIA A100-SXM4-80GB|Unknown,auto
matched_only,comatch,Hybrid,ag_news,R6,text,6,1005.7358786666667,0.9861641918564121,1004.514252,1006.854504,0,NVIDIA A100-SXM4-80GB|Unknown,auto
matched_only,comatch,Hybrid,imdb,R6,text,6,207.80060600000002,1.7398148276203402,206.871529,211.334722,0,NVIDIA A100-SXM4-80GB|Unknown,auto
matched_only,daso,Hybrid,ag_news,R6,text,6,844.0875296666667,1.4211347143963218,841.910228,845.671363,0,NVIDIA A100-SXM4-80GB|Unknown,auto
matched_only,daso,Hybrid,imdb,R6,text,6,165.13140766666666,2.0617529718316603,164.198289,169.333447,0,NVIDIA A100-SXM4-80GB|Unknown,auto
matched_only,defixmatch,Hybrid,ag_news,R6,text,6,891.1704638333334,1.4249833487453163,889.078938,892.600663,0,NVIDIA A100-SXM4-80GB|Unknown,auto
matched_only,defixmatch,Hybrid,imdb,R6,text,6,179.98544133333334,1.6507077609050786,179.243987,183.351282,0,NVIDIA A100-SXM4-80GB|Unknown,auto
matched_only,fixmatch,Hybrid,ag_news,R6,text,6,664.5845803333333,1.4106044075638564,663.298708,666.982865,0,NVIDIA A100-SXM4-80GB|Unknown,auto
matched_only,fixmatch,Hybrid,imdb,R6,text,6,137.05482716666666,0.858942566140819,136.635683,138.803502,0,NVIDIA A100-SXM4-80GB|Unknown,auto
matched_only,flexmatch,Hybrid,ag_news,R6,text,6,758.4290126666666,36.57671310379301,712.588415,794.562654,0,NVIDIA A100-SXM4-80GB|Unknown,auto
matched_only,flexmatch,Hybrid,imdb,R6,text,6,140.51112766666668,0.9711381480394351,140.088933,142.491986,0,NVIDIA A100-SXM4-80GB|Unknown,auto
matched_only,free_match,Hybrid,ag_news,R6,text,6,724.0871358333334,12.623208529020914,717.351545,749.668162,0,NVIDIA A100-SXM4-80GB|Unknown,auto
matched_only,free_match,Hybrid,imdb,R6,text,6,150.02607483333333,1.2425660901636433,149.040807,151.706776,0,NVIDIA A100-SXM4-80GB|Unknown,auto
matched_only,meta_pseudo_labels,Hybrid,ag_news,R6,text,6,1632.3223296666667,50.34861286647566,1609.482064,1734.960978,0,NVIDIA A100-SXM4-80GB|Unknown,auto
matched_only,meta_pseudo_labels,Hybrid,imdb,R6,text,6,229.02250033333334,1.1395649747116077,228.409611,231.306576,0,NVIDIA A100-SXM4-80GB|Unknown,auto
matched_only,mixmatch,Hybrid,ag_news,R6,text,6,1059.6462028333333,1.4330068710909087,1058.387075,1062.189626,0,NVIDIA A100-SXM4-80GB|Unknown,auto
matched_only,mixmatch,Hybrid,imdb,R6,text,6,219.1871871666667,0.9249135798089246,217.830689,220.304147,0,NVIDIA A100-SXM4-80GB|Unknown,auto
matched_only,noisy_student,Hybrid,ag_news,R6,text,6,703.6474253333334,62.3305980160366,677.096732,830.855847,0,NVIDIA A100-SXM4-80GB|Unknown,auto
matched_only,noisy_student,Hybrid,imdb,R6,text,6,140.5743055,1.1660914645096674,139.926119,142.924035,0,NVIDIA A100-SXM4-80GB|Unknown,auto
matched_only,simclr_v2,Hybrid,ag_news,R6,text,6,369.9500248333334,0.7230309970725689,369.522198,371.399256,0,NVIDIA A100-SXM4-80GB|Unknown,auto
matched_only,simclr_v2,Hybrid,imdb,R6,text,6,59.362317,1.0073135655337924,58.844708,61.392932,0,NVIDIA A100-SXM4-80GB|Unknown,auto
matched_only,softmatch,Hybrid,ag_news,R6,text,2,677.142958,0.0,677.142958,677.142958,0,NVIDIA A100-SXM4-80GB|Unknown,auto
matched_only,softmatch,Hybrid,imdb,R6,text,6,139.3914835,1.127418968783247,138.610734,141.540171,0,NVIDIA A100-SXM4-80GB|Unknown,auto
matched_only,uda,Hybrid,ag_news,R6,text,2,672.47539,0.0,672.47539,672.47539,0,NVIDIA A100-SXM4-80GB|Unknown,auto
matched_only,uda,Hybrid,imdb,R6,text,6,138.38304383333335,1.5632366209820368,137.355407,141.429242,0,NVIDIA A100-SXM4-80GB|Unknown,auto
matched_only,adsh,Margin-based inductive,ag_news,R6,text,6,793.6690296666666,2.055815635326145,790.644093,795.479292,0,NVIDIA A100-SXM4-80GB|Unknown,auto
matched_only,adsh,Margin-based inductive,imdb,R6,text,6,163.073223,1.1981174470823832,161.505245,163.941915,0,NVIDIA A100-SXM4-80GB|Unknown,auto
matched_only,tsvm,Margin-based inductive,imdb,R6,text,6,3.886839333333333,2.2497609649530026,1.434759,6.782488,0,CPU,auto
matched_only,laplace_learning,PDE/Variational,imdb,R6,text,6,9.466708666666666,0.5034092057591582,8.509717,10.023031,0,Unknown,auto
matched_only,p_laplace_learning,PDE/Variational,ag_news,R6,text,2,41424.24477,0.0,41424.24477,41424.24477,0,CPU,auto
matched_only,p_laplace_learning,PDE/Variational,imdb,R6,text,6,6959.637677333333,148.01656048850268,6844.485209,7218.33833,0,CPU,auto
matched_only,poisson_learning,PDE/Variational,ag_news,R6,text,2,48.469009,0.0,48.469009,48.469009,0,Unknown,auto
matched_only,poisson_learning,PDE/Variational,imdb,R6,text,6,13.455630666666666,11.393033159162623,8.454712,36.685986,0,Unknown,auto
matched_only,poisson_mbo,PDE/Variational,ag_news,R6,text,2,161.895403,0.0,161.895403,161.895403,0,CPU,auto
matched_only,poisson_mbo,PDE/Variational,imdb,R6,text,6,40.6837615,1.815284845415257,39.528016,44.177958,0,CPU,auto
matched_only,co_training,Wrappers,ag_news,R6,text,6,6.2141575,1.5066226075218372,4.252484,7.803137,0,Unknown,auto
matched_only,co_training,Wrappers,imdb,R6,text,6,3.4076895,1.707570641263986,2.50519,6.871644,0,Unknown,auto
matched_only,deep_co_training,Wrappers,ag_news,R6,text,6,1828.1692123333332,3.1607480084426696,1821.765821,1829.892901,0,NVIDIA A100-SXM4-80GB|Unknown,auto
matched_only,deep_co_training,Wrappers,imdb,R6,text,6,418.85494016666667,0.1419226521967922,418.736097,419.098243,0,NVIDIA A100-SXM4-80GB|Unknown,auto
matched_only,setred,Wrappers,ag_news,R6,text,6,2.5124524999999998,0.5970917483254145,2.116057,3.714851,0,Unknown,auto
matched_only,setred,Wrappers,imdb,R6,text,6,3.6973586666666662,1.5035243782519347,1.301009,5.442262,0,Unknown,auto
matched_only,supervised,Baseline,cifar10,R6,vision,6,4.857212666666667,7.201776463469349,1.894815,19.557728,0,NVIDIA A100-SXM4-80GB|Unknown,auto
matched_only,supervised,Baseline,mnist,R6,vision,6,2.186427,0.9643451651181749,1.777243,4.154592,0,NVIDIA A100-SXM4-80GB|Unknown,auto
matched_only,graph_mincuts,Classical transductive,cifar10,R6,vision,6,3.3262276666666666,3.884808882362666,1.721453,11.25598,0,CPU,auto
matched_only,graph_mincuts,Classical transductive,mnist,R6,vision,6,0.42082800000000004,0.18198142262549769,0.339552,0.792106,0,CPU,auto
matched_only,graphhop,Classical transductive,cifar10,R6,vision,6,28.4759925,1.9843730441642018,26.778871,31.936297,0,Unknown,auto
matched_only,graphhop,Classical transductive,mnist,R6,vision,6,28.574568333333332,1.1508847404340135,27.59076,30.243354,0,Unknown,auto
matched_only,label_propagation,Classical transductive,cifar10,R6,vision,6,2.063213333333333,3.4777606008495563,0.639105,9.162158,0,Unknown,auto
matched_only,label_propagation,Classical transductive,mnist,R6,vision,6,0.798112,0.22347868842733082,0.699229,1.25407,0,Unknown,auto
matched_only,label_spreading,Classical transductive,cifar10,R6,vision,6,0.3914323333333334,0.3057028604868896,0.26536,1.015427,0,Unknown,auto
matched_only,label_spreading,Classical transductive,mnist,R6,vision,6,0.3728396666666667,0.17271065816175524,0.298888,0.725299,0,Unknown,auto
matched_only,lazy_random_walk,Classical transductive,cifar10,R6,vision,6,2.0053138333333336,0.36440534249180084,1.844813,2.748573,0,Unknown,auto
matched_only,lazy_random_walk,Classical transductive,mnist,R6,vision,6,0.6035125,0.24859716419199154,0.499765,1.110937,0,Unknown,auto
matched_only,mean_teacher,Consistency,cifar10,R6,vision,6,259.23884749999996,5.082349537968894,255.613794,267.800701,0,NVIDIA A100-SXM4-80GB|Unknown,auto
matched_only,mean_teacher,Consistency,mnist,R6,vision,6,313.2865555,5.700577840730142,305.368712,319.558441,0,NVIDIA A100-SXM4-80GB|Unknown,auto
matched_only,pi_model,Consistency,cifar10,R6,vision,6,273.27783800000003,2.8975911583833156,270.106094,276.631038,0,NVIDIA A100-SXM4-80GB|Unknown,auto
matched_only,pi_model,Consistency,mnist,R6,vision,6,328.7523341666667,2.3593110087544136,325.615878,331.428785,0,NVIDIA A100-SXM4-80GB|Unknown,auto
matched_only,temporal_ensembling,Consistency,cifar10,R6,vision,6,290.63080183333335,5.013368082132764,285.50105,297.545981,0,NVIDIA A100-SXM4-80GB|Unknown,auto
matched_only,temporal_ensembling,Consistency,mnist,R6,vision,6,352.92017250000004,3.970005548443816,347.575346,358.66845,0,NVIDIA A100-SXM4-80GB|Unknown,auto
matched_only,vat,Consistency,cifar10,R6,vision,6,361.210937,7.375459910202951,356.336139,375.355385,0,NVIDIA A100-SXM4-80GB|Unknown,auto
matched_only,vat,Consistency,mnist,R6,vision,6,436.5343236666667,5.056275363838806,430.565994,443.095991,0,NVIDIA A100-SXM4-80GB|Unknown,auto
matched_only,appnp,GNN,cifar10,R6,vision,6,26.767639000000003,3.237893197956658,24.586003,32.946726,0,Unknown,auto
matched_only,appnp,GNN,mnist,R6,vision,6,2.4757803333333332,1.0945539736874863,1.852141,4.655919,0,Unknown,auto
matched_only,chebnet,GNN,cifar10,R6,vision,6,3.4858363333333338,1.5255162438703387,2.412182,6.496106,0,Unknown,auto
matched_only,chebnet,GNN,mnist,R6,vision,6,7.0391225,1.2690276150219506,5.485813,8.520852,0,Unknown,auto
matched_only,gat,GNN,cifar10,R6,vision,6,3.484284,1.228628600537038,2.977398,5.992134,0,Unknown,auto
matched_only,gat,GNN,mnist,R6,vision,6,4.075270000000001,0.9508701415758095,3.680151,6.016191,0,Unknown,auto
matched_only,gcn,GNN,cifar10,R6,vision,6,0.9324245000000001,0.8969373480783928,0.540326,2.762743,0,Unknown,auto
matched_only,gcn,GNN,mnist,R6,vision,6,1.5730943333333336,0.9148312843900052,1.19604,3.440482,0,Unknown,auto
matched_only,gcnii,GNN,cifar10,R6,vision,6,6.3379270000000005,0.86222350750255,5.728586,8.075263,0,Unknown,auto
matched_only,gcnii,GNN,mnist,R6,vision,6,15.5004625,0.9492988473882716,15.094281,17.437909,0,Unknown,auto
matched_only,grafn,GNN,cifar10,R6,vision,6,3.5867825,1.9328867851802132,2.42646,7.500673,0,Unknown,auto
matched_only,grafn,GNN,mnist,R6,vision,6,6.079879999999999,1.977032734101689,4.250299,9.019006,0,Unknown,auto
matched_only,grand,GNN,cifar10,R6,vision,6,19.74580466666667,2.3524783353403005,16.367651,22.286196,0,Unknown,auto
matched_only,grand,GNN,mnist,R6,vision,6,50.481562333333336,6.128540969663323,43.97307,57.447471,0,Unknown,auto
matched_only,graphsage,GNN,cifar10,R6,vision,6,1.6386736666666666,0.7801524076006346,1.223942,3.223862,0,Unknown,auto
matched_only,graphsage,GNN,mnist,R6,vision,6,3.7411685,1.0551047706825614,2.957084,5.685463,0,Unknown,auto
matched_only,h_gcn,GNN,cifar10,R6,vision,6,505.1968963333333,18.972702117673318,486.45468,538.892842,0,Unknown,auto
matched_only,planetoid,GNN,cifar10,R6,vision,2,1306.321506,0.0,1306.321506,1306.321506,0,Unknown,auto
matched_only,planetoid,GNN,mnist,R6,vision,6,1640.2031933333335,16.687653415394383,1623.004492,1667.785581,0,Unknown,auto
matched_only,sgc,GNN,cifar10,R6,vision,2,2.315098,0.0,2.315098,2.315098,0,Unknown,auto
matched_only,sgc,GNN,mnist,R6,vision,6,0.9030779999999999,0.8086425780006887,0.569988,2.55369,0,Unknown,auto
matched_only,adamatch,Hybrid,cifar10,R6,vision,2,274.248103,0.0,274.248103,274.248103,0,NVIDIA A100-SXM4-80GB|Unknown,auto
matched_only,adamatch,Hybrid,mnist,R6,vision,6,327.87548633333336,8.924486905174653,319.794554,344.185225,0,NVIDIA A100-SXM4-80GB|Unknown,auto
matched_only,comatch,Hybrid,cifar10,R6,vision,2,397.440837,0.0,397.440837,397.440837,0,NVIDIA A100-SXM4-80GB|Unknown,auto
matched_only,comatch,Hybrid,mnist,R6,vision,6,480.93138849999997,5.11733512386125,476.396238,489.948298,0,NVIDIA A100-SXM4-80GB|Unknown,auto
matched_only,daso,Hybrid,cifar10,R6,vision,2,347.998016,0.0,347.998016,347.998016,0,NVIDIA A100-SXM4-80GB|Unknown,auto
matched_only,daso,Hybrid,mnist,R6,vision,6,412.8989993333334,0.7559706272017772,411.982023,413.954326,0,NVIDIA A100-SXM4-80GB|Unknown,auto
matched_only,defixmatch,Hybrid,cifar10,R6,vision,2,373.876245,0.0,373.876245,373.876245,0,NVIDIA A100-SXM4-80GB|Unknown,auto
matched_only,defixmatch,Hybrid,mnist,R6,vision,6,433.56515600000006,4.851960084397359,429.857685,442.865608,0,NVIDIA A100-SXM4-80GB|Unknown,auto
matched_only,fixmatch,Hybrid,cifar10,R6,vision,6,271.6987523333333,4.725127696565059,266.596096,277.966351,0,NVIDIA A100-SXM4-80GB|Unknown,auto
matched_only,fixmatch,Hybrid,mnist,R6,vision,6,327.527029,4.351337896652757,324.025681,335.84955,0,NVIDIA A100-SXM4-80GB|Unknown,auto
matched_only,flexmatch,Hybrid,cifar10,R6,vision,6,313.392805,4.1514743210241285,307.172166,320.133742,0,NVIDIA A100-SXM4-80GB|Unknown,auto
matched_only,flexmatch,Hybrid,mnist,R6,vision,6,374.267255,18.666420859757267,355.45168,409.896734,0,NVIDIA A100-SXM4-80GB|Unknown,auto
matched_only,free_match,Hybrid,cifar10,R6,vision,6,287.6555765,3.7757725687214747,285.205661,295.299458,0,NVIDIA A100-SXM4-80GB|Unknown,auto
matched_only,free_match,Hybrid,mnist,R6,vision,6,355.05533216666663,3.7992846741006625,351.190605,361.909042,0,NVIDIA A100-SXM4-80GB|Unknown,auto
matched_only,meta_pseudo_labels,Hybrid,cifar10,R6,vision,6,479.5975966666667,2.8995191938001565,476.916359,484.989994,0,NVIDIA A100-SXM4-80GB|Unknown,auto
matched_only,meta_pseudo_labels,Hybrid,mnist,R6,vision,6,573.3230381666667,4.207694944791679,566.513828,576.814729,0,NVIDIA A100-SXM4-80GB|Unknown,auto
matched_only,mixmatch,Hybrid,cifar10,R6,vision,6,225.86948066666665,1.5696118878537637,223.847873,228.491461,0,NVIDIA A100-SXM4-80GB|Unknown,auto
matched_only,mixmatch,Hybrid,mnist,R6,vision,6,271.6261255,3.850601045303317,268.507062,278.32838,0,NVIDIA A100-SXM4-80GB|Unknown,auto
matched_only,noisy_student,Hybrid,cifar10,R6,vision,6,243.57774233333336,2.506494965219174,241.241147,248.317111,0,NVIDIA A100-SXM4-80GB|Unknown,auto
matched_only,noisy_student,Hybrid,mnist,R6,vision,6,293.59630833333335,2.5926370500517533,291.530578,297.962298,0,NVIDIA A100-SXM4-80GB|Unknown,auto
matched_only,simclr_v2,Hybrid,cifar10,R6,vision,6,107.71452916666665,1.761321369572106,106.581553,111.212363,0,NVIDIA A100-SXM4-80GB|Unknown,auto
matched_only,simclr_v2,Hybrid,mnist,R6,vision,6,126.585256,3.7898982989288217,123.890781,133.676189,0,NVIDIA A100-SXM4-80GB|Unknown,auto
matched_only,softmatch,Hybrid,cifar10,R6,vision,6,269.1032595,2.599206285689051,266.29788,272.330153,0,NVIDIA A100-SXM4-80GB|Unknown,auto
matched_only,softmatch,Hybrid,mnist,R6,vision,6,327.6057921666667,4.666949243956969,319.453384,332.574206,0,NVIDIA A100-SXM4-80GB|Unknown,auto
matched_only,uda,Hybrid,cifar10,R6,vision,6,279.0522618333333,8.024247196554962,270.033862,290.210173,0,NVIDIA A100-SXM4-80GB|Unknown,auto
matched_only,uda,Hybrid,mnist,R6,vision,6,327.69061733333336,1.840693055628748,325.413177,329.418014,0,NVIDIA A100-SXM4-80GB|Unknown,auto
matched_only,adsh,Margin-based inductive,cifar10,R6,vision,2,310.592179,0.0,310.592179,310.592179,0,NVIDIA A100-SXM4-80GB|Unknown,auto
matched_only,adsh,Margin-based inductive,mnist,R6,vision,6,379.8435781666667,7.196703599017045,371.43062,387.596353,0,NVIDIA A100-SXM4-80GB|Unknown,auto
matched_only,laplace_learning,PDE/Variational,cifar10,R6,vision,6,29.436716,6.610181743060806,16.030698,33.614912,0,Unknown,auto
matched_only,laplace_learning,PDE/Variational,mnist,R6,vision,6,13.275904666666667,0.21375177392542677,13.180578,13.712122,0,Unknown,auto
matched_only,poisson_learning,PDE/Variational,cifar10,R6,vision,2,43.743631,0.0,43.743631,43.743631,0,Unknown,auto
matched_only,poisson_learning,PDE/Variational,mnist,R6,vision,6,54.53689933333333,0.5236580056730409,54.235497,55.584451,0,Unknown,auto
matched_only,poisson_mbo,PDE/Variational,cifar10,R6,vision,2,123.234427,0.0,123.234427,123.234427,0,CPU,auto
matched_only,poisson_mbo,PDE/Variational,mnist,R6,vision,6,159.7038468333333,0.7696079816845558,158.96048,161.065163,0,CPU,auto
matched_only,co_training,Wrappers,cifar10,R6,vision,2,15.061831,0.0,15.061831,15.061831,0,Unknown,auto
matched_only,co_training,Wrappers,mnist,R6,vision,6,12.62668,1.5058936680067416,11.845852,15.6504,0,Unknown,auto
matched_only,deep_co_training,Wrappers,cifar10,R6,vision,6,634.5571835,34.54753469163749,607.537681,703.240042,0,NVIDIA A100-SXM4-80GB|Unknown,auto
matched_only,deep_co_training,Wrappers,mnist,R6,vision,6,736.1212148333334,6.227524622879682,731.573203,744.865033,0,NVIDIA A100-SXM4-80GB|Unknown,auto
matched_only,democratic_co_learning,Wrappers,cifar10,R6,vision,6,1980.8617940000001,52.72221119133171,1881.848568,2019.150724,0,NVIDIA A100-SXM4-80GB|Unknown,auto
matched_only,democratic_co_learning,Wrappers,mnist,R6,vision,6,810.4374568333333,25.64665894163183,764.861508,834.685718,0,NVIDIA A100-SXM4-80GB|Unknown,auto
matched_only,pseudo_label,Wrappers,cifar10,R6,vision,6,103.42084983333332,52.967045080092255,4.479656,143.624406,0,NVIDIA A100-SXM4-80GB|Unknown,auto
matched_only,pseudo_label,Wrappers,mnist,R6,vision,6,484.8896316666666,5.953490197774435,475.414488,492.253781,0,NVIDIA A100-SXM4-80GB|Unknown,auto
matched_only,self_training,Wrappers,cifar10,R6,vision,6,125.4080135,27.402568682089083,92.463543,162.202489,0,NVIDIA A100-SXM4-80GB|Unknown,auto
matched_only,self_training,Wrappers,mnist,R6,vision,6,491.994197,7.911431703277183,483.970723,504.894716,0,NVIDIA A100-SXM4-80GB|Unknown,auto
matched_only,setred,Wrappers,cifar10,R6,vision,6,102.70927033333334,53.030171323107986,52.040877,175.732291,0,Unknown,auto
matched_only,setred,Wrappers,mnist,R6,vision,6,185.3046895,30.288560183718214,136.188149,217.127937,0,Unknown,auto
matched_only,tri_training,Wrappers,cifar10,R6,vision,6,2514.980224833333,8.31910586555364,2500.662646,2521.89098,0,NVIDIA A100-SXM4-80GB|Unknown,auto
matched_only,tri_training,Wrappers,mnist,R6,vision,6,3171.2001703333335,61.43788749340368,3128.495057,3266.173798,0,NVIDIA A100-SXM4-80GB|Unknown,auto
matched_only,dynamic_label_propagation,Classical transductive,citeseer,,graph,1,0.483219,0.0,0.483219,0.483219,0,Unknown,
matched_only,dynamic_label_propagation,Classical transductive,cora,,graph,5,0.6198662,0.3351481247414343,0.38233,1.193597,0,Unknown,
matched_only,dynamic_label_propagation,Classical transductive,pubmed,,graph,1,35.919997,0.0,35.919997,35.919997,0,Unknown,
matched_only,graph_mincuts,Classical transductive,citeseer,,graph,1,2.378869,0.0,2.378869,2.378869,0,CPU,
matched_only,graph_mincuts,Classical transductive,cora,,graph,5,1.2450524,1.187464133293844,0.229158,2.625682,0,CPU,
matched_only,graph_mincuts,Classical transductive,pubmed,,graph,1,2.800591,0.0,2.800591,2.800591,0,CPU,
matched_only,graphhop,Classical transductive,citeseer,,graph,1,8.842036,0.0,8.842036,8.842036,0,Unknown,
matched_only,graphhop,Classical transductive,cora,,graph,5,8.140330800000001,0.1544221516159523,7.970342,8.381004,0,Unknown,
matched_only,graphhop,Classical transductive,pubmed,,graph,1,9.010099,0.0,9.010099,9.010099,0,Unknown,
matched_only,label_propagation,Classical transductive,citeseer,,graph,1,0.318609,0.0,0.318609,0.318609,0,Unknown,
matched_only,label_propagation,Classical transductive,cora,,graph,5,0.44602319999999995,0.3640414147383509,0.272287,1.097132,0,Unknown,
matched_only,label_propagation,Classical transductive,pubmed,,graph,1,0.496973,0.0,0.496973,0.496973,0,Unknown,
matched_only,label_spreading,Classical transductive,citeseer,,graph,1,0.294642,0.0,0.294642,0.294642,0,Unknown,
matched_only,label_spreading,Classical transductive,cora,,graph,5,0.2933416,0.02623523136547494,0.267134,0.337277,0,Unknown,
matched_only,label_spreading,Classical transductive,pubmed,,graph,1,0.291629,0.0,0.291629,0.291629,0,Unknown,
matched_only,lazy_random_walk,Classical transductive,citeseer,,graph,1,0.406332,0.0,0.406332,0.406332,0,Unknown,
matched_only,lazy_random_walk,Classical transductive,cora,,graph,5,0.47393080000000004,0.10746610738600335,0.349813,0.606638,0,Unknown,
matched_only,lazy_random_walk,Classical transductive,pubmed,,graph,1,0.495356,0.0,0.495356,0.495356,0,Unknown,
matched_only,mean_teacher,Consistency,citeseer,,graph,1,2.719149,0.0,2.719149,2.719149,0,Unknown,
matched_only,mean_teacher,Consistency,cora,,graph,5,2.9016745999999998,0.1951592102228332,2.628291,3.108303,0,Unknown,
matched_only,mean_teacher,Consistency,pubmed,,graph,1,2.590005,0.0,2.590005,2.590005,0,Unknown,
matched_only,pi_model,Consistency,citeseer,,graph,1,3.030793,0.0,3.030793,3.030793,0,Unknown,
matched_only,pi_model,Consistency,cora,,graph,5,2.786092,0.11823464825718386,2.619117,2.874927,0,Unknown,
matched_only,pi_model,Consistency,pubmed,,graph,1,2.590663,0.0,2.590663,2.590663,0,Unknown,
matched_only,temporal_ensembling,Consistency,citeseer,,graph,1,2.894251,0.0,2.894251,2.894251,0,Unknown,
matched_only,temporal_ensembling,Consistency,cora,,graph,5,2.8203038,0.1334560934922045,2.63664,2.959419,0,Unknown,
matched_only,temporal_ensembling,Consistency,pubmed,,graph,1,2.640721,0.0,2.640721,2.640721,0,Unknown,
matched_only,vat,Consistency,citeseer,,graph,1,2.780275,0.0,2.780275,2.780275,0,Unknown,
matched_only,vat,Consistency,cora,,graph,5,2.9039438,0.2133253050406818,2.679867,3.162454,0,Unknown,
matched_only,vat,Consistency,pubmed,,graph,1,2.742271,0.0,2.742271,2.742271,0,Unknown,
matched_only,appnp,GNN,citeseer,,graph,1,1.893128,0.0,1.893128,1.893128,0,Unknown,
matched_only,appnp,GNN,cora,,graph,5,1.4604641999999999,0.06444983057153829,1.397493,1.550584,0,Unknown,
matched_only,appnp,GNN,pubmed,,graph,1,1.709805,0.0,1.709805,1.709805,0,Unknown,
matched_only,chebnet,GNN,citeseer,,graph,1,1.687942,0.0,1.687942,1.687942,0,Unknown,
matched_only,chebnet,GNN,cora,,graph,5,1.520206,0.11779602988853236,1.42858,1.701923,0,Unknown,
matched_only,chebnet,GNN,pubmed,,graph,1,3.068535,0.0,3.068535,3.068535,0,Unknown,
matched_only,gat,GNN,citeseer,,graph,1,1.84961,0.0,1.84961,1.84961,0,Unknown,
matched_only,gat,GNN,cora,,graph,5,1.828535,0.02979885344270815,1.799213,1.86994,0,Unknown,
matched_only,gat,GNN,pubmed,,graph,1,1.991689,0.0,1.991689,1.991689,0,Unknown,
matched_only,gcn,GNN,citeseer,,graph,1,1.400342,0.0,1.400342,1.400342,0,Unknown,
matched_only,gcn,GNN,cora,,graph,5,1.3541893999999999,0.04957470147968621,1.269186,1.396788,0,Unknown,
matched_only,gcn,GNN,pubmed,,graph,1,1.600483,0.0,1.600483,1.600483,0,Unknown,
matched_only,gcnii,GNN,citeseer,,graph,1,1.770566,0.0,1.770566,1.770566,0,Unknown,
matched_only,gcnii,GNN,cora,,graph,5,2.3102110000000002,0.12348761355293887,2.169255,2.45449,0,Unknown,
matched_only,gcnii,GNN,pubmed,,graph,1,2.524884,0.0,2.524884,2.524884,0,Unknown,
matched_only,grafn,GNN,citeseer,,graph,1,2.151611,0.0,2.151611,2.151611,0,Unknown,
matched_only,grafn,GNN,cora,,graph,5,2.0110344,0.21364536678875112,1.676878,2.217022,0,Unknown,
matched_only,grafn,GNN,pubmed,,graph,1,2.807871,0.0,2.807871,2.807871,0,Unknown,
matched_only,grand,GNN,citeseer,,graph,1,4.930878,0.0,4.930878,4.930878,0,Unknown,
matched_only,grand,GNN,cora,,graph,5,2.701865,0.04387733847329384,2.657994,2.773401,0,Unknown,
matched_only,grand,GNN,pubmed,,graph,1,11.45437,0.0,11.45437,11.45437,0,Unknown,
matched_only,graphsage,GNN,citeseer,,graph,1,2.301934,0.0,2.301934,2.301934,0,Unknown,
matched_only,graphsage,GNN,cora,,graph,5,1.4198694,0.15498105212025118,1.234538,1.565179,0,Unknown,
matched_only,graphsage,GNN,pubmed,,graph,1,1.5774,0.0,1.5774,1.5774,0,Unknown,
matched_only,h_gcn,GNN,citeseer,,graph,1,3.167527,0.0,3.167527,3.167527,0,Unknown,
matched_only,h_gcn,GNN,cora,,graph,5,2.5610126,0.4719442153870519,1.796895,2.944867,0,Unknown,
matched_only,h_gcn,GNN,pubmed,,graph,1,15.124884,0.0,15.124884,15.124884,0,Unknown,
matched_only,n_gcn,GNN,citeseer,,graph,1,6.372772,0.0,6.372772,6.372772,0,Unknown,
matched_only,n_gcn,GNN,cora,,graph,5,2.9264852,0.12724588333301795,2.832683,3.144528,0,Unknown,
matched_only,n_gcn,GNN,pubmed,,graph,1,53.652922,0.0,53.652922,53.652922,0,Unknown,
matched_only,planetoid,GNN,citeseer,,graph,1,107.519667,0.0,107.519667,107.519667,0,Unknown,
matched_only,planetoid,GNN,cora,,graph,5,85.0153912,2.539003768699094,81.502095,88.592923,0,Unknown,
matched_only,planetoid,GNN,pubmed,,graph,1,674.158235,0.0,674.158235,674.158235,0,Unknown,
matched_only,sgc,GNN,citeseer,,graph,1,1.279592,0.0,1.279592,1.279592,0,Unknown,
matched_only,sgc,GNN,cora,,graph,5,1.2814333999999998,0.06800800766674465,1.171897,1.334952,0,Unknown,
matched_only,sgc,GNN,pubmed,,graph,1,1.296091,0.0,1.296091,1.296091,0,Unknown,
matched_only,adamatch,Hybrid,citeseer,,graph,1,2.67258,0.0,2.67258,2.67258,0,Unknown,
matched_only,adamatch,Hybrid,cora,,graph,5,5.1389464,2.2780503011929523,2.654194,8.51436,0,Unknown,
matched_only,adamatch,Hybrid,pubmed,,graph,1,2.656122,0.0,2.656122,2.656122,0,Unknown,
matched_only,comatch,Hybrid,citeseer,,graph,1,2.920338,0.0,2.920338,2.920338,0,Unknown,
matched_only,comatch,Hybrid,cora,,graph,5,3.007708,0.19192938655531624,2.75804,3.271925,0,Unknown,
matched_only,comatch,Hybrid,pubmed,,graph,1,2.673905,0.0,2.673905,2.673905,0,Unknown,
matched_only,daso,Hybrid,citeseer,,graph,1,3.007367,0.0,3.007367,3.007367,0,Unknown,
matched_only,daso,Hybrid,cora,,graph,5,2.9538398,0.10411916379898571,2.795447,3.041296,0,Unknown,
matched_only,daso,Hybrid,pubmed,,graph,1,2.674535,0.0,2.674535,2.674535,0,Unknown,
matched_only,defixmatch,Hybrid,citeseer,,graph,1,2.963847,0.0,2.963847,2.963847,0,Unknown,
matched_only,defixmatch,Hybrid,cora,,graph,5,2.8827458,0.1454032708511058,2.686161,3.0503,0,Unknown,
matched_only,defixmatch,Hybrid,pubmed,,graph,1,3.332745,0.0,3.332745,3.332745,0,Unknown,
matched_only,fixmatch,Hybrid,citeseer,,graph,1,3.827878,0.0,3.827878,3.827878,0,Unknown,
matched_only,fixmatch,Hybrid,cora,,graph,5,2.9018188,0.15946387460707206,2.69487,3.143271,0,Unknown,
matched_only,fixmatch,Hybrid,pubmed,,graph,1,2.625862,0.0,2.625862,2.625862,0,Unknown,
matched_only,flexmatch,Hybrid,citeseer,,graph,1,2.666165,0.0,2.666165,2.666165,0,Unknown,
matched_only,flexmatch,Hybrid,cora,,graph,5,2.9173724000000005,0.19538231167329353,2.615163,3.154652,0,Unknown,
matched_only,flexmatch,Hybrid,pubmed,,graph,1,2.586467,0.0,2.586467,2.586467,0,Unknown,
matched_only,free_match,Hybrid,citeseer,,graph,1,2.825012,0.0,2.825012,2.825012,0,Unknown,
matched_only,free_match,Hybrid,cora,,graph,5,2.9123852,0.168494745768822,2.702804,3.061114,0,Unknown,
matched_only,free_match,Hybrid,pubmed,,graph,1,2.696097,0.0,2.696097,2.696097,0,Unknown,
matched_only,meta_pseudo_labels,Hybrid,citeseer,,graph,1,2.800364,0.0,2.800364,2.800364,0,Unknown,
matched_only,meta_pseudo_labels,Hybrid,cora,,graph,5,2.9634154,0.1589283868957966,2.766743,3.109013,0,Unknown,
matched_only,meta_pseudo_labels,Hybrid,pubmed,,graph,1,2.749,0.0,2.749,2.749,0,Unknown,
matched_only,mixmatch,Hybrid,citeseer,,graph,1,2.954195,0.0,2.954195,2.954195,0,Unknown,
matched_only,mixmatch,Hybrid,cora,,graph,5,2.9297104000000003,0.13760568759248287,2.691233,3.04168,0,Unknown,
matched_only,mixmatch,Hybrid,pubmed,,graph,1,2.644262,0.0,2.644262,2.644262,0,Unknown,
matched_only,noisy_student,Hybrid,citeseer,,graph,1,2.80342,0.0,2.80342,2.80342,0,Unknown,
matched_only,noisy_student,Hybrid,cora,,graph,5,2.7945828,0.12797116537603315,2.599061,2.922402,0,Unknown,
matched_only,noisy_student,Hybrid,pubmed,,graph,1,2.636023,0.0,2.636023,2.636023,0,Unknown,
matched_only,simclr_v2,Hybrid,citeseer,,graph,1,2.825352,0.0,2.825352,2.825352,0,Unknown,
matched_only,simclr_v2,Hybrid,cora,,graph,5,2.8246124,0.11218388337591102,2.667164,2.977612,0,Unknown,
matched_only,simclr_v2,Hybrid,pubmed,,graph,1,3.849774,0.0,3.849774,3.849774,0,Unknown,
matched_only,softmatch,Hybrid,citeseer,,graph,1,3.052103,0.0,3.052103,3.052103,0,Unknown,
matched_only,softmatch,Hybrid,cora,,graph,5,2.8574045999999997,0.08301784695353169,2.716372,2.933216,0,Unknown,
matched_only,softmatch,Hybrid,pubmed,,graph,1,2.91852,0.0,2.91852,2.91852,0,Unknown,
matched_only,uda,Hybrid,citeseer,,graph,1,3.192364,0.0,3.192364,3.192364,0,Unknown,
matched_only,uda,Hybrid,cora,,graph,5,2.9204654000000003,0.23513559673154544,2.638015,3.189899,0,Unknown,
matched_only,uda,Hybrid,pubmed,,graph,1,2.71129,0.0,2.71129,2.71129,0,Unknown,
matched_only,adsh,Margin-based inductive,citeseer,,graph,1,2.777768,0.0,2.777768,2.777768,0,Unknown,
matched_only,adsh,Margin-based inductive,cora,,graph,5,2.9639644,0.1860097804385565,2.728753,3.172737,0,Unknown,
matched_only,adsh,Margin-based inductive,pubmed,,graph,1,3.104523,0.0,3.104523,3.104523,0,Unknown,
matched_only,laplace_learning,PDE/Variational,citeseer,,graph,1,0.364306,0.0,0.364306,0.364306,0,Unknown,
matched_only,laplace_learning,PDE/Variational,cora,,graph,5,0.3606028,0.014872462849171965,0.340593,0.382195,0,Unknown,
matched_only,laplace_learning,PDE/Variational,pubmed,,graph,1,0.625377,0.0,0.625377,0.625377,0,Unknown,
matched_only,p_laplace_learning,PDE/Variational,citeseer,,graph,1,262.731367,0.0,262.731367,262.731367,0,CPU,
matched_only,p_laplace_learning,PDE/Variational,cora,,graph,5,329.36657520000006,17.856385917401592,313.451946,352.072792,0,CPU,
matched_only,p_laplace_learning,PDE/Variational,pubmed,,graph,1,1428.876747,0.0,1428.876747,1428.876747,0,CPU,
matched_only,poisson_learning,PDE/Variational,citeseer,,graph,1,0.250821,0.0,0.250821,0.250821,0,Unknown,
matched_only,poisson_learning,PDE/Variational,cora,,graph,5,0.1630214,0.008977867580890237,0.158315,0.179029,0,Unknown,
matched_only,poisson_learning,PDE/Variational,pubmed,,graph,1,0.202037,0.0,0.202037,0.202037,0,Unknown,
matched_only,poisson_mbo,PDE/Variational,citeseer,,graph,1,1.566192,0.0,1.566192,1.566192,0,CPU,
matched_only,poisson_mbo,PDE/Variational,cora,,graph,5,1.9371844,0.046394032938514844,1.878841,1.975556,0,CPU,
matched_only,poisson_mbo,PDE/Variational,pubmed,,graph,1,9.242485,0.0,9.242485,9.242485,0,CPU,
matched_only,co_training,Wrappers,citeseer,,graph,1,4.386131,0.0,4.386131,4.386131,0,Unknown,
matched_only,co_training,Wrappers,cora,,graph,5,4.7939321999999995,0.21426263128623224,4.447879,4.968856,0,Unknown,
matched_only,co_training,Wrappers,pubmed,,graph,1,4.196863,0.0,4.196863,4.196863,0,Unknown,
matched_only,deep_co_training,Wrappers,citeseer,,graph,1,2.911103,0.0,2.911103,2.911103,0,Unknown,
matched_only,deep_co_training,Wrappers,cora,,graph,5,3.2158255999999996,0.2701285171410083,2.909026,3.469954,0,Unknown,
matched_only,deep_co_training,Wrappers,pubmed,,graph,1,2.833538,0.0,2.833538,2.833538,0,Unknown,
matched_only,democratic_co_learning,Wrappers,citeseer,,graph,1,5.490954,0.0,5.490954,5.490954,0,Unknown,
matched_only,democratic_co_learning,Wrappers,cora,,graph,5,5.983197200000001,0.8842937991022553,4.708281,6.645412,0,Unknown,
matched_only,democratic_co_learning,Wrappers,pubmed,,graph,1,4.430507,0.0,4.430507,4.430507,0,Unknown,
matched_only,pseudo_label,Wrappers,citeseer,,graph,2,11.3432715,12.018915284250259,2.844615,19.841928,0,Unknown,
matched_only,pseudo_label,Wrappers,cora,,graph,10,3.2118428999999997,1.7030866613051887,2.536971,8.050695,0,Unknown,
matched_only,pseudo_label,Wrappers,pubmed,,graph,2,6.38377,5.134942976939277,2.752817,10.014723,0,Unknown,
matched_only,self_training,Wrappers,citeseer,,graph,1,2.831021,0.0,2.831021,2.831021,0,Unknown,
matched_only,self_training,Wrappers,cora,,graph,5,2.6564416,0.054346251345423945,2.604245,2.746387,0,Unknown,
matched_only,self_training,Wrappers,pubmed,,graph,1,2.865946,0.0,2.865946,2.865946,0,Unknown,
matched_only,setred,Wrappers,citeseer,,graph,1,2.877428,0.0,2.877428,2.877428,0,Unknown,
matched_only,setred,Wrappers,cora,,graph,5,2.7742886000000007,0.17714583637444037,2.600086,2.966668,0,Unknown,
matched_only,setred,Wrappers,pubmed,,graph,1,2.569067,0.0,2.569067,2.569067,0,Unknown,
matched_only,tri_training,Wrappers,citeseer,,graph,1,5.447287,0.0,5.447287,5.447287,0,Unknown,
matched_only,tri_training,Wrappers,cora,,graph,5,4.5784312,0.3646363911003673,4.363386,5.225454,0,Unknown,
matched_only,tri_training,Wrappers,pubmed,,graph,1,3.219258,0.0,3.219258,3.219258,0,Unknown,
matched_only,trinet,Wrappers,citeseer,,graph,1,3.541629,0.0,3.541629,3.541629,0,Unknown,
matched_only,trinet,Wrappers,cora,,graph,5,3.178145,0.20828100734704538,3.044112,3.548221,0,Unknown,
matched_only,trinet,Wrappers,pubmed,,graph,1,2.869721,0.0,2.869721,2.869721,0,Unknown,
matched_only,dynamic_label_propagation,Classical transductive,breast_cancer,,tabular,1,0.343619,0.0,0.343619,0.343619,0,Unknown,
matched_only,dynamic_label_propagation,Classical transductive,iris,,tabular,5,0.341468,0.01584497753232865,0.327691,0.367631,0,Unknown,
matched_only,graph_mincuts,Classical transductive,adult,,tabular,1,1.475653,0.0,1.475653,1.475653,0,CPU,
matched_only,graph_mincuts,Classical transductive,breast_cancer,,tabular,1,0.246134,0.0,0.246134,0.246134,0,CPU,
matched_only,graphhop,Classical transductive,adult,,tabular,1,30.514207,0.0,30.514207,30.514207,0,Unknown,
matched_only,graphhop,Classical transductive,breast_cancer,,tabular,1,9.690144,0.0,9.690144,9.690144,0,Unknown,
matched_only,graphhop,Classical transductive,iris,,tabular,5,7.8092004,0.2354638527020656,7.405882,8.011022,0,Unknown,
matched_only,label_propagation,Classical transductive,adult,,tabular,1,3.484188,0.0,3.484188,3.484188,0,Unknown,
matched_only,label_propagation,Classical transductive,breast_cancer,,tabular,1,0.28648,0.0,0.28648,0.28648,0,Unknown,
matched_only,label_propagation,Classical transductive,iris,,tabular,5,0.28621599999999997,0.013046336554757435,0.275093,0.307316,0,Unknown,
matched_only,label_spreading,Classical transductive,adult,,tabular,1,4.118841,0.0,4.118841,4.118841,0,Unknown,
matched_only,label_spreading,Classical transductive,breast_cancer,,tabular,1,0.281827,0.0,0.281827,0.281827,0,Unknown,
matched_only,label_spreading,Classical transductive,iris,,tabular,5,0.28436380000000006,0.012424130098320765,0.264021,0.29668,0,Unknown,
matched_only,lazy_random_walk,Classical transductive,breast_cancer,,tabular,1,0.355555,0.0,0.355555,0.355555,0,Unknown,
matched_only,mean_teacher,Consistency,adult,,tabular,1,21.131785,0.0,21.131785,21.131785,0,Unknown,
matched_only,mean_teacher,Consistency,breast_cancer,,tabular,1,2.746508,0.0,2.746508,2.746508,0,Unknown,
matched_only,mean_teacher,Consistency,iris,,tabular,5,2.2495546,0.09386156197187415,2.178164,2.387396,0,Unknown,
matched_only,pi_model,Consistency,adult,,tabular,1,20.63539,0.0,20.63539,20.63539,0,Unknown,
matched_only,pi_model,Consistency,breast_cancer,,tabular,1,2.614835,0.0,2.614835,2.614835,0,Unknown,
matched_only,pi_model,Consistency,iris,,tabular,5,2.1968944,0.06257371583420628,2.138538,2.30362,0,Unknown,
matched_only,temporal_ensembling,Consistency,adult,,tabular,1,21.713237,0.0,21.713237,21.713237,0,Unknown,
matched_only,temporal_ensembling,Consistency,breast_cancer,,tabular,1,2.668348,0.0,2.668348,2.668348,0,Unknown,
matched_only,temporal_ensembling,Consistency,iris,,tabular,5,2.2517018,0.07985912689354928,2.187165,2.387422,0,Unknown,
matched_only,vat,Consistency,adult,,tabular,1,27.264155,0.0,27.264155,27.264155,0,Unknown,
matched_only,vat,Consistency,breast_cancer,,tabular,1,2.637559,0.0,2.637559,2.637559,0,Unknown,
matched_only,vat,Consistency,iris,,tabular,5,2.2974046,0.12468945890611603,2.133378,2.426901,0,Unknown,
matched_only,appnp,GNN,adult,,tabular,1,5.86001,0.0,5.86001,5.86001,0,Unknown,
matched_only,appnp,GNN,breast_cancer,,tabular,1,1.407897,0.0,1.407897,1.407897,0,Unknown,
matched_only,appnp,GNN,iris,,tabular,5,1.5753932000000002,0.203040964671418,1.351996,1.819585,0,Unknown,
matched_only,chebnet,GNN,adult,,tabular,1,5.379241,0.0,5.379241,5.379241,0,Unknown,
matched_only,chebnet,GNN,breast_cancer,,tabular,1,1.300268,0.0,1.300268,1.300268,0,Unknown,
matched_only,chebnet,GNN,iris,,tabular,5,1.4232054,0.1268885988251112,1.274756,1.565144,0,Unknown,
matched_only,gat,GNN,adult,,tabular,1,5.711698,0.0,5.711698,5.711698,0,Unknown,
matched_only,gat,GNN,breast_cancer,,tabular,1,1.85599,0.0,1.85599,1.85599,0,Unknown,
matched_only,gat,GNN,iris,,tabular,5,1.6805005999999998,0.14591753810388933,1.568152,1.874485,0,Unknown,
matched_only,gcn,GNN,adult,,tabular,1,5.012169,0.0,5.012169,5.012169,0,Unknown,
matched_only,gcn,GNN,breast_cancer,,tabular,1,1.256416,0.0,1.256416,1.256416,0,Unknown,
matched_only,gcn,GNN,iris,,tabular,5,1.4107538,0.17662754196812003,1.280278,1.657883,0,Unknown,
matched_only,gcnii,GNN,adult,,tabular,1,10.793649,0.0,10.793649,10.793649,0,Unknown,
matched_only,gcnii,GNN,breast_cancer,,tabular,1,2.066371,0.0,2.066371,2.066371,0,Unknown,
matched_only,gcnii,GNN,iris,,tabular,5,2.463029,0.5655576191348677,1.859462,3.124963,0,Unknown,
matched_only,grafn,GNN,adult,,tabular,1,7.388742,0.0,7.388742,7.388742,0,Unknown,
matched_only,grafn,GNN,breast_cancer,,tabular,1,1.678441,0.0,1.678441,1.678441,0,Unknown,
matched_only,grafn,GNN,iris,,tabular,5,2.0127829999999998,0.5015382905227677,1.574083,2.817534,0,Unknown,
matched_only,grand,GNN,adult,,tabular,1,6.848864,0.0,6.848864,6.848864,0,Unknown,
matched_only,grand,GNN,breast_cancer,,tabular,1,1.389784,0.0,1.389784,1.389784,0,Unknown,
matched_only,grand,GNN,iris,,tabular,5,1.8322417999999998,0.3408540383642242,1.519822,2.38449,0,Unknown,
matched_only,graphsage,GNN,adult,,tabular,1,5.233456,0.0,5.233456,5.233456,0,Unknown,
matched_only,graphsage,GNN,breast_cancer,,tabular,1,1.261055,0.0,1.261055,1.261055,0,Unknown,
matched_only,graphsage,GNN,iris,,tabular,5,1.2959992,0.08178666156348477,1.203003,1.411406,0,Unknown,
matched_only,h_gcn,GNN,adult,,tabular,1,108.812265,0.0,108.812265,108.812265,0,Unknown,
matched_only,h_gcn,GNN,breast_cancer,,tabular,1,1.774484,0.0,1.774484,1.774484,0,Unknown,
matched_only,h_gcn,GNN,iris,,tabular,5,2.082133,0.18909502696263586,1.865702,2.349115,0,Unknown,
matched_only,n_gcn,GNN,breast_cancer,,tabular,1,1.709118,0.0,1.709118,1.709118,0,Unknown,
matched_only,n_gcn,GNN,iris,,tabular,5,2.0962609999999997,0.49453840608187344,1.678228,2.775836,0,Unknown,
matched_only,planetoid,GNN,adult,,tabular,1,2558.087034,0.0,2558.087034,2558.087034,0,Unknown,
matched_only,planetoid,GNN,breast_cancer,,tabular,1,23.847725,0.0,23.847725,23.847725,0,Unknown,
matched_only,planetoid,GNN,iris,,tabular,5,5.6667344,0.2684011478129331,5.392277,6.111738,0,Unknown,
matched_only,sgc,GNN,adult,,tabular,1,4.10006,0.0,4.10006,4.10006,0,Unknown,
matched_only,sgc,GNN,breast_cancer,,tabular,1,1.30196,0.0,1.30196,1.30196,0,Unknown,
matched_only,sgc,GNN,iris,,tabular,5,1.3235286,0.09352407685350335,1.219305,1.465718,0,Unknown,
matched_only,adamatch,Hybrid,adult,,tabular,1,22.619553,0.0,22.619553,22.619553,0,Unknown,
matched_only,adamatch,Hybrid,breast_cancer,,tabular,1,2.559728,0.0,2.559728,2.559728,0,Unknown,
matched_only,adamatch,Hybrid,iris,,tabular,5,4.2417094,3.1664778502574116,2.236625,9.822166,0,Unknown,
matched_only,comatch,Hybrid,adult,,tabular,1,35.832843,0.0,35.832843,35.832843,0,Unknown,
matched_only,comatch,Hybrid,breast_cancer,,tabular,1,2.812083,0.0,2.812083,2.812083,0,Unknown,
matched_only,comatch,Hybrid,iris,,tabular,5,2.3870752,0.08745637121845393,2.270081,2.51194,0,Unknown,
matched_only,daso,Hybrid,adult,,tabular,1,29.173996,0.0,29.173996,29.173996,0,Unknown,
matched_only,daso,Hybrid,breast_cancer,,tabular,1,2.653866,0.0,2.653866,2.653866,0,Unknown,
matched_only,daso,Hybrid,iris,,tabular,5,2.3538623999999997,0.198727107243325,2.155889,2.60724,0,Unknown,
matched_only,defixmatch,Hybrid,adult,,tabular,1,25.243471,0.0,25.243471,25.243471,0,Unknown,
matched_only,defixmatch,Hybrid,breast_cancer,,tabular,1,2.613772,0.0,2.613772,2.613772,0,Unknown,
matched_only,defixmatch,Hybrid,iris,,tabular,5,2.1936098,0.05290857096161263,2.116567,2.252631,0,Unknown,
matched_only,fixmatch,Hybrid,adult,,tabular,1,21.358824,0.0,21.358824,21.358824,0,Unknown,
matched_only,fixmatch,Hybrid,breast_cancer,,tabular,1,2.69454,0.0,2.69454,2.69454,0,Unknown,
matched_only,fixmatch,Hybrid,iris,,tabular,5,2.2125596,0.0830950373265455,2.090212,2.323004,0,Unknown,
matched_only,flexmatch,Hybrid,adult,,tabular,1,25.495561,0.0,25.495561,25.495561,0,Unknown,
matched_only,flexmatch,Hybrid,breast_cancer,,tabular,1,2.532818,0.0,2.532818,2.532818,0,Unknown,
matched_only,flexmatch,Hybrid,iris,,tabular,5,2.6209995999999998,0.7523069386216639,2.180704,3.956183,0,Unknown,
matched_only,free_match,Hybrid,adult,,tabular,1,30.506299,0.0,30.506299,30.506299,0,Unknown,
matched_only,free_match,Hybrid,breast_cancer,,tabular,1,2.821265,0.0,2.821265,2.821265,0,Unknown,
matched_only,free_match,Hybrid,iris,,tabular,5,2.4425092,0.09629331898267904,2.346652,2.573914,0,Unknown,
matched_only,meta_pseudo_labels,Hybrid,adult,,tabular,1,35.372348,0.0,35.372348,35.372348,0,Unknown,
matched_only,meta_pseudo_labels,Hybrid,breast_cancer,,tabular,1,2.918226,0.0,2.918226,2.918226,0,Unknown,
matched_only,meta_pseudo_labels,Hybrid,iris,,tabular,5,2.2745826,0.09787570965924083,2.165796,2.427349,0,Unknown,
matched_only,mixmatch,Hybrid,adult,,tabular,1,24.180035,0.0,24.180035,24.180035,0,Unknown,
matched_only,mixmatch,Hybrid,breast_cancer,,tabular,1,2.521779,0.0,2.521779,2.521779,0,Unknown,
matched_only,mixmatch,Hybrid,iris,,tabular,5,2.259448,0.10203902120512523,2.113432,2.375247,0,Unknown,
matched_only,noisy_student,Hybrid,adult,,tabular,1,21.105815,0.0,21.105815,21.105815,0,Unknown,
matched_only,noisy_student,Hybrid,breast_cancer,,tabular,1,2.486192,0.0,2.486192,2.486192,0,Unknown,
matched_only,noisy_student,Hybrid,iris,,tabular,5,2.2146324,0.1082066216887858,2.097286,2.384841,0,Unknown,
matched_only,simclr_v2,Hybrid,adult,,tabular,1,14.750774,0.0,14.750774,14.750774,0,Unknown,
matched_only,simclr_v2,Hybrid,breast_cancer,,tabular,1,2.741707,0.0,2.741707,2.741707,0,Unknown,
matched_only,simclr_v2,Hybrid,iris,,tabular,5,2.2785494,0.11334602411553736,2.148269,2.449076,0,Unknown,
matched_only,softmatch,Hybrid,adult,,tabular,1,23.200786,0.0,23.200786,23.200786,0,Unknown,
matched_only,softmatch,Hybrid,breast_cancer,,tabular,1,2.5395,0.0,2.5395,2.5395,0,Unknown,
matched_only,softmatch,Hybrid,iris,,tabular,5,2.25173,0.01633526534831931,2.226892,2.272195,0,Unknown,
matched_only,uda,Hybrid,adult,,tabular,1,21.704786,0.0,21.704786,21.704786,0,Unknown,
matched_only,uda,Hybrid,breast_cancer,,tabular,1,2.470976,0.0,2.470976,2.470976,0,Unknown,
matched_only,uda,Hybrid,iris,,tabular,5,2.6158877999999994,0.7717828052572173,2.163606,3.982881,0,Unknown,
matched_only,adsh,Margin-based inductive,adult,,tabular,1,23.278518,0.0,23.278518,23.278518,0,Unknown,
matched_only,adsh,Margin-based inductive,breast_cancer,,tabular,1,2.643009,0.0,2.643009,2.643009,0,Unknown,
matched_only,adsh,Margin-based inductive,iris,,tabular,5,2.3697304000000003,0.11810386114052321,2.23016,2.506257,0,Unknown,
matched_only,s4vm,Margin-based inductive,adult,,tabular,1,52.535667,0.0,52.535667,52.535667,0,Unknown,
matched_only,s4vm,Margin-based inductive,breast_cancer,,tabular,1,2.998894,0.0,2.998894,2.998894,0,Unknown,
matched_only,tsvm,Margin-based inductive,adult,,tabular,2,36.6604035,35.80885825689734,11.339717,61.98109,0,CPU|Unknown,
matched_only,tsvm,Margin-based inductive,breast_cancer,,tabular,2,0.67986,0.7430603325827588,0.154437,1.205283,0,CPU|Unknown,
matched_only,laplace_learning,PDE/Variational,adult,,tabular,1,4.747766,0.0,4.747766,4.747766,0,Unknown,
matched_only,laplace_learning,PDE/Variational,breast_cancer,,tabular,1,0.345931,0.0,0.345931,0.345931,0,Unknown,
matched_only,laplace_learning,PDE/Variational,iris,,tabular,5,0.356189,0.022062693285272317,0.33215,0.391956,0,Unknown,
matched_only,p_laplace_learning,PDE/Variational,adult,,tabular,1,2435.119481,0.0,2435.119481,2435.119481,0,CPU,
matched_only,p_laplace_learning,PDE/Variational,breast_cancer,,tabular,1,12.26255,0.0,12.26255,12.26255,0,CPU,
matched_only,p_laplace_learning,PDE/Variational,iris,,tabular,5,0.5439586,0.3994134416814237,0.160293,0.971524,0,CPU,
matched_only,poisson_learning,PDE/Variational,adult,,tabular,1,15.681011,0.0,15.681011,15.681011,0,Unknown,
matched_only,poisson_learning,PDE/Variational,breast_cancer,,tabular,1,0.181164,0.0,0.181164,0.181164,0,Unknown,
matched_only,poisson_learning,PDE/Variational,iris,,tabular,5,0.17917539999999998,0.01046854169882319,0.169408,0.192622,0,Unknown,
matched_only,poisson_mbo,PDE/Variational,adult,,tabular,1,28.255371,0.0,28.255371,28.255371,0,CPU,
matched_only,poisson_mbo,PDE/Variational,breast_cancer,,tabular,1,0.525833,0.0,0.525833,0.525833,0,CPU,
matched_only,poisson_mbo,PDE/Variational,iris,,tabular,5,0.24466740000000003,0.007290770658853554,0.233687,0.252011,0,CPU,
matched_only,co_training,Wrappers,adult,,tabular,1,72.704621,0.0,72.704621,72.704621,0,Unknown,
matched_only,co_training,Wrappers,breast_cancer,,tabular,1,4.067086,0.0,4.067086,4.067086,0,Unknown,
matched_only,co_training,Wrappers,iris,,tabular,5,3.9161326,0.7270887052848504,3.501925,5.206341,0,Unknown,
matched_only,deep_co_training,Wrappers,adult,,tabular,1,46.340713,0.0,46.340713,46.340713,0,Unknown,
matched_only,deep_co_training,Wrappers,breast_cancer,,tabular,1,2.986152,0.0,2.986152,2.986152,0,Unknown,
matched_only,deep_co_training,Wrappers,iris,,tabular,5,2.2733414,0.034836352532950456,2.23001,2.311322,0,Unknown,
matched_only,democratic_co_learning,Wrappers,adult,,tabular,1,166.003053,0.0,166.003053,166.003053,0,Unknown,
matched_only,democratic_co_learning,Wrappers,breast_cancer,,tabular,1,2.966981,0.0,2.966981,2.966981,0,Unknown,
matched_only,democratic_co_learning,Wrappers,iris,,tabular,5,2.8535762,0.1306395907303755,2.751118,3.009044,0,Unknown,
matched_only,pseudo_label,Wrappers,adult,,tabular,2,40.202716,50.843998327482,4.25058,76.154852,0,Unknown,
matched_only,pseudo_label,Wrappers,breast_cancer,,tabular,2,2.7041370000000002,0.41191939852597353,2.412866,2.995408,0,Unknown,
matched_only,pseudo_label,Wrappers,iris,,tabular,10,2.2364129,0.12730702666515392,2.069309,2.471956,0,Unknown,
matched_only,self_training,Wrappers,adult,,tabular,1,73.528936,0.0,73.528936,73.528936,0,Unknown,
matched_only,self_training,Wrappers,breast_cancer,,tabular,1,2.970421,0.0,2.970421,2.970421,0,Unknown,
matched_only,self_training,Wrappers,iris,,tabular,5,2.2902018,0.17659329012790947,2.156438,2.598936,0,Unknown,
matched_only,setred,Wrappers,adult,,tabular,1,40.975713,0.0,40.975713,40.975713,0,Unknown,
matched_only,setred,Wrappers,breast_cancer,,tabular,1,3.658462,0.0,3.658462,3.658462,0,Unknown,
matched_only,setred,Wrappers,iris,,tabular,5,2.346498,0.0997013215383828,2.189439,2.460684,0,Unknown,
matched_only,tri_training,Wrappers,adult,,tabular,1,481.131978,0.0,481.131978,481.131978,0,Unknown,
matched_only,tri_training,Wrappers,breast_cancer,,tabular,1,4.390976,0.0,4.390976,4.390976,0,Unknown,
matched_only,tri_training,Wrappers,iris,,tabular,5,2.723927,0.0924199565137315,2.607941,2.850356,0,Unknown,
matched_only,trinet,Wrappers,adult,,tabular,1,338.046687,0.0,338.046687,338.046687,0,Unknown,
matched_only,trinet,Wrappers,breast_cancer,,tabular,1,8.243121,0.0,8.243121,8.243121,0,Unknown,
matched_only,trinet,Wrappers,iris,,tabular,5,3.7534528000000003,0.6514014889794926,3.273768,4.887885,0,Unknown,
matched_only,graph_mincuts,Classical transductive,ag_news,,text,1,88.442503,0.0,88.442503,88.442503,0,CPU,
matched_only,graph_mincuts,Classical transductive,imdb,,text,4,39.1279045,17.52747144805473,28.837489,65.343085,0,CPU,
matched_only,graphhop,Classical transductive,ag_news,,text,1,40.548528,0.0,40.548528,40.548528,0,Unknown,
matched_only,graphhop,Classical transductive,imdb,,text,4,25.439354,3.1643562237745395,21.637495,29.378159,0,Unknown,
matched_only,label_propagation,Classical transductive,ag_news,,text,1,10.772312,0.0,10.772312,10.772312,0,Unknown,
matched_only,label_propagation,Classical transductive,imdb,,text,4,2.6261535,2.04030309559838,1.015568,5.267447,0,Unknown,
matched_only,label_spreading,Classical transductive,ag_news,,text,1,9.831948,0.0,9.831948,9.831948,0,Unknown,
matched_only,label_spreading,Classical transductive,imdb,,text,4,1.8737615,1.1727405556594064,0.99403,3.507153,0,Unknown,
matched_only,mean_teacher,Consistency,ag_news,,text,1,348.743137,0.0,348.743137,348.743137,0,Unknown,
matched_only,mean_teacher,Consistency,imdb,,text,4,86.62034475,3.0698112520698926,82.217046,89.215515,0,Unknown,
matched_only,pi_model,Consistency,ag_news,,text,1,349.573687,0.0,349.573687,349.573687,0,Unknown,
matched_only,pi_model,Consistency,imdb,,text,4,86.15503475,3.176528223902672,81.728652,89.187302,0,Unknown,
matched_only,temporal_ensembling,Consistency,ag_news,,text,1,431.966619,0.0,431.966619,431.966619,0,Unknown,
matched_only,temporal_ensembling,Consistency,imdb,,text,4,106.626955,3.824512101928908,101.369754,110.192035,0,Unknown,
matched_only,vat,Consistency,ag_news,,text,1,457.360501,0.0,457.360501,457.360501,0,Unknown,
matched_only,vat,Consistency,imdb,,text,4,112.13681875,3.693054619811661,107.046077,115.381847,0,Unknown,
matched_only,appnp,GNN,ag_news,,text,1,243.715275,0.0,243.715275,243.715275,0,Unknown,
matched_only,appnp,GNN,imdb,,text,4,52.465417499999994,42.03990955040787,30.159214,115.500027,0,Unknown,
matched_only,chebnet,GNN,ag_news,,text,1,15.500043,0.0,15.500043,15.500043,0,Unknown,
matched_only,chebnet,GNN,imdb,,text,4,3.68761475,1.6805775759068418,2.500336,6.134244,0,Unknown,
matched_only,gat,GNN,ag_news,,text,1,14.263727,0.0,14.263727,14.263727,0,Unknown,
matched_only,gat,GNN,imdb,,text,4,5.048349750000001,1.439137565666645,3.740943,6.497505,0,Unknown,
matched_only,gcn,GNN,ag_news,,text,1,10.910667,0.0,10.910667,10.910667,0,Unknown,
matched_only,gcn,GNN,imdb,,text,4,2.26964625,0.1767938907152902,2.063745,2.495128,0,Unknown,
matched_only,gcnii,GNN,ag_news,,text,1,36.835464,0.0,36.835464,36.835464,0,Unknown,
matched_only,gcnii,GNN,imdb,,text,4,8.810741,1.3218662831098562,7.828688,10.726744,0,Unknown,
matched_only,grafn,GNN,imdb,,text,4,6.07358275,0.9468808725045177,5.024417,7.302765,0,Unknown,
matched_only,grand,GNN,ag_news,,text,1,45.516872,0.0,45.516872,45.516872,0,Unknown,
matched_only,grand,GNN,imdb,,text,4,10.074601,4.0153332795658025,6.643821,15.878224,0,Unknown,
matched_only,graphsage,GNN,ag_news,,text,1,11.781053,0.0,11.781053,11.781053,0,Unknown,
matched_only,graphsage,GNN,imdb,,text,4,4.18547775,1.2582594464270542,2.322698,5.062626,0,Unknown,
matched_only,h_gcn,GNN,imdb,,text,4,301.57080974999997,19.712106186219355,285.486232,329.506977,0,Unknown,
matched_only,planetoid,GNN,ag_news,,text,1,21982.765558,0.0,21982.765558,21982.765558,0,Unknown,
matched_only,planetoid,GNN,imdb,,text,4,3129.0799632499998,18.161107163280594,3110.889565,3150.806439,0,Unknown,
matched_only,sgc,GNN,ag_news,,text,1,3.780515,0.0,3.780515,3.780515,0,Unknown,
matched_only,sgc,GNN,imdb,,text,4,3.2365095,1.1051068298357705,2.171726,4.313547,0,Unknown,
matched_only,adamatch,Hybrid,ag_news,,text,1,347.213024,0.0,347.213024,347.213024,0,Unknown,
matched_only,adamatch,Hybrid,imdb,,text,4,90.243412,6.231947314976649,82.643797,97.864033,0,Unknown,
matched_only,comatch,Hybrid,ag_news,,text,1,506.456002,0.0,506.456002,506.456002,0,Unknown,
matched_only,comatch,Hybrid,imdb,,text,4,124.97734425,4.949736255875483,118.212625,129.596202,0,Unknown,
matched_only,daso,Hybrid,ag_news,,text,1,439.258333,0.0,439.258333,439.258333,0,Unknown,
matched_only,daso,Hybrid,imdb,,text,4,105.80899475000001,3.7475785968866546,100.383755,108.706798,0,Unknown,
matched_only,defixmatch,Hybrid,ag_news,,text,1,481.283621,0.0,481.283621,481.283621,0,Unknown,
matched_only,defixmatch,Hybrid,imdb,,text,4,118.47857850000001,3.9001097968992737,112.91604,121.937195,0,Unknown,
matched_only,fixmatch,Hybrid,ag_news,,text,1,348.023161,0.0,348.023161,348.023161,0,Unknown,
matched_only,fixmatch,Hybrid,imdb,,text,4,85.85030975000001,3.203424325425469,81.351672,88.862401,0,Unknown,
matched_only,flexmatch,Hybrid,ag_news,,text,1,856.581727,0.0,856.581727,856.581727,0,Unknown,
matched_only,flexmatch,Hybrid,imdb,,text,4,88.1857305,3.2101131183830587,83.727352,91.089991,0,Unknown,
matched_only,free_match,Hybrid,ag_news,,text,1,367.194694,0.0,367.194694,367.194694,0,Unknown,
matched_only,free_match,Hybrid,imdb,,text,4,92.15102575,3.5126526129668627,87.303556,95.51358,0,Unknown,
matched_only,mixmatch,Hybrid,ag_news,,text,1,529.906544,0.0,529.906544,529.906544,0,Unknown,
matched_only,noisy_student,Hybrid,ag_news,,text,1,350.673599,0.0,350.673599,350.673599,0,Unknown,
matched_only,noisy_student,Hybrid,imdb,,text,4,86.37085675,3.4744965817802886,81.532567,89.50268,0,Unknown,
matched_only,softmatch,Hybrid,ag_news,,text,1,352.607717,0.0,352.607717,352.607717,0,Unknown,
matched_only,softmatch,Hybrid,imdb,,text,4,87.15076225000001,2.803123434548129,83.485847,90.108103,0,Unknown,
matched_only,uda,Hybrid,ag_news,,text,1,346.445333,0.0,346.445333,346.445333,0,Unknown,
matched_only,uda,Hybrid,imdb,,text,4,85.11386925,3.094347955694641,80.874107,87.973588,0,Unknown,
matched_only,adsh,Margin-based inductive,ag_news,,text,1,406.432063,0.0,406.432063,406.432063,0,Unknown,
matched_only,adsh,Margin-based inductive,imdb,,text,4,98.27582000000001,3.909907346204853,92.939048,101.998976,0,Unknown,
matched_only,tsvm,Margin-based inductive,imdb,,text,4,3.542522,0.9945314287854354,2.329143,4.75712,0,CPU,
matched_only,laplace_learning,PDE/Variational,imdb,,text,4,5.47681625,1.0616862398478422,4.395613,6.783433,0,Unknown,
matched_only,p_laplace_learning,PDE/Variational,ag_news,,text,1,19073.721517,0.0,19073.721517,19073.721517,0,CPU,
matched_only,p_laplace_learning,PDE/Variational,imdb,,text,4,3549.5422955,352.1022408569638,3120.467988,3925.253055,0,CPU,
matched_only,poisson_learning,PDE/Variational,ag_news,,text,1,32.288298,0.0,32.288298,32.288298,0,Unknown,
matched_only,poisson_learning,PDE/Variational,imdb,,text,4,10.30766075,7.5488219173961335,6.377107,21.629648,0,Unknown,
matched_only,poisson_mbo,PDE/Variational,ag_news,,text,1,115.552451,0.0,115.552451,115.552451,0,CPU,
matched_only,poisson_mbo,PDE/Variational,imdb,,text,4,32.853963,1.0664772225943993,31.369617,33.838285,0,CPU,
matched_only,deep_co_training,Wrappers,ag_news,,text,1,1333.075934,0.0,1333.075934,1333.075934,0,Unknown,
matched_only,deep_co_training,Wrappers,imdb,,text,4,308.914844,6.638448535259644,302.38557,318.103646,0,Unknown,
matched_only,graph_mincuts,Classical transductive,cifar10,,vision,1,65.881856,0.0,65.881856,65.881856,0,CPU,
matched_only,graph_mincuts,Classical transductive,cifar100,,vision,1,12.774348,0.0,12.774348,12.774348,0,CPU,
matched_only,graph_mincuts,Classical transductive,mnist,,vision,4,65.853019,122.22652007416517,3.745648,249.189335,0,CPU,
matched_only,graphhop,Classical transductive,cifar10,,vision,1,22.605624,0.0,22.605624,22.605624,0,Unknown,
matched_only,graphhop,Classical transductive,cifar100,,vision,1,22.507876,0.0,22.507876,22.507876,0,Unknown,
matched_only,graphhop,Classical transductive,mnist,,vision,4,21.557053000000003,0.6710107554890603,20.944223,22.48498,0,Unknown,
matched_only,label_propagation,Classical transductive,cifar10,,vision,1,0.902607,0.0,0.902607,0.902607,0,Unknown,
matched_only,label_propagation,Classical transductive,cifar100,,vision,1,1.226933,0.0,1.226933,1.226933,0,Unknown,
matched_only,label_propagation,Classical transductive,mnist,,vision,4,3.5256685,1.5426196887620531,2.302089,5.655719,0,Unknown,
matched_only,label_spreading,Classical transductive,cifar10,,vision,1,1.022012,0.0,1.022012,1.022012,0,Unknown,
matched_only,label_spreading,Classical transductive,cifar100,,vision,1,1.100667,0.0,1.100667,1.100667,0,Unknown,
matched_only,label_spreading,Classical transductive,mnist,,vision,4,1.40316825,1.053444443974582,0.596859,2.830354,0,Unknown,
matched_only,lazy_random_walk,Classical transductive,cifar10,,vision,1,2.544881,0.0,2.544881,2.544881,0,Unknown,
matched_only,lazy_random_walk,Classical transductive,cifar100,,vision,1,0.539044,0.0,0.539044,0.539044,0,Unknown,
matched_only,lazy_random_walk,Classical transductive,mnist,,vision,4,4.840324750000001,1.7823110508616569,2.513726,6.674966,0,Unknown,
matched_only,mean_teacher,Consistency,cifar10,,vision,1,1252.38646,0.0,1252.38646,1252.38646,0,Unknown,
matched_only,mean_teacher,Consistency,cifar100,,vision,1,1252.827716,0.0,1252.827716,1252.827716,0,Unknown,
matched_only,pi_model,Consistency,cifar10,,vision,1,1274.685187,0.0,1274.685187,1274.685187,0,Unknown,
matched_only,pi_model,Consistency,cifar100,,vision,1,1276.892793,0.0,1276.892793,1276.892793,0,Unknown,
matched_only,temporal_ensembling,Consistency,cifar10,,vision,1,1625.283795,0.0,1625.283795,1625.283795,0,Unknown,
matched_only,temporal_ensembling,Consistency,cifar100,,vision,1,1623.577793,0.0,1623.577793,1623.577793,0,Unknown,
matched_only,vat,Consistency,cifar10,,vision,1,1710.35084,0.0,1710.35084,1710.35084,0,Unknown,
matched_only,vat,Consistency,cifar100,,vision,1,1710.87268,0.0,1710.87268,1710.87268,0,Unknown,
matched_only,appnp,GNN,cifar10,,vision,1,392.454399,0.0,392.454399,392.454399,0,Unknown,
matched_only,appnp,GNN,cifar100,,vision,1,390.960987,0.0,390.960987,390.960987,0,Unknown,
matched_only,appnp,GNN,mnist,,vision,4,303.09373174999996,521.0689521066029,4.875828,1083.653466,0,Unknown,
matched_only,chebnet,GNN,cifar10,,vision,1,4.460963,0.0,4.460963,4.460963,0,Unknown,
matched_only,chebnet,GNN,cifar100,,vision,1,4.213993,0.0,4.213993,4.213993,0,Unknown,
matched_only,chebnet,GNN,mnist,,vision,4,4.471568250000001,1.8874372325742608,2.514037,6.909664,0,Unknown,
matched_only,gat,GNN,cifar10,,vision,1,4.392345,0.0,4.392345,4.392345,0,Unknown,
matched_only,gat,GNN,cifar100,,vision,1,5.130527,0.0,5.130527,5.130527,0,Unknown,
matched_only,gat,GNN,mnist,,vision,4,4.693701000000001,1.1432586569226872,3.926685,6.37655,0,Unknown,
matched_only,gcn,GNN,cifar10,,vision,1,2.451061,0.0,2.451061,2.451061,0,Unknown,
matched_only,gcn,GNN,cifar100,,vision,1,2.844586,0.0,2.844586,2.844586,0,Unknown,
matched_only,gcn,GNN,mnist,,vision,4,2.39148025,0.7647992514106233,1.944651,3.535281,0,Unknown,
matched_only,gcnii,GNN,cifar10,,vision,1,8.441143,0.0,8.441143,8.441143,0,Unknown,
matched_only,gcnii,GNN,cifar100,,vision,1,10.987928,0.0,10.987928,10.987928,0,Unknown,
matched_only,gcnii,GNN,mnist,,vision,4,14.88274975,2.4525068566349795,13.217942,18.514614,0,Unknown,
matched_only,grafn,GNN,cifar10,,vision,1,9.071458,0.0,9.071458,9.071458,0,Unknown,
matched_only,grafn,GNN,cifar100,,vision,1,13.375602,0.0,13.375602,13.375602,0,Unknown,
matched_only,grafn,GNN,mnist,,vision,4,8.751200749999999,2.842367121737957,5.516752,11.610896,0,Unknown,
matched_only,grand,GNN,cifar10,,vision,1,5.476024,0.0,5.476024,5.476024,0,Unknown,
matched_only,grand,GNN,cifar100,,vision,1,12.467086,0.0,12.467086,12.467086,0,Unknown,
matched_only,grand,GNN,mnist,,vision,4,11.758958000000002,3.9216493411365416,8.655185,16.958144,0,Unknown,
matched_only,graphsage,GNN,cifar10,,vision,1,2.706806,0.0,2.706806,2.706806,0,Unknown,
matched_only,graphsage,GNN,cifar100,,vision,1,3.03311,0.0,3.03311,3.03311,0,Unknown,
matched_only,graphsage,GNN,mnist,,vision,4,5.98079275,4.328191964051685,2.355729,12.000825,0,Unknown,
matched_only,h_gcn,GNN,cifar10,,vision,1,185.335587,0.0,185.335587,185.335587,0,Unknown,
matched_only,h_gcn,GNN,cifar100,,vision,1,157.789596,0.0,157.789596,157.789596,0,Unknown,
matched_only,planetoid,GNN,cifar10,,vision,1,1152.014015,0.0,1152.014015,1152.014015,0,Unknown,
matched_only,planetoid,GNN,mnist,,vision,4,6098.4594210000005,81.60951176237619,5978.472608,6151.180935,0,Unknown,
matched_only,sgc,GNN,cifar10,,vision,1,2.057706,0.0,2.057706,2.057706,0,Unknown,
matched_only,sgc,GNN,mnist,,vision,4,3.5519654999999997,2.0975567958782424,1.636925,5.676404,0,Unknown,
matched_only,adamatch,Hybrid,cifar10,,vision,1,1330.508991,0.0,1330.508991,1330.508991,0,Unknown,
matched_only,adamatch,Hybrid,cifar100,,vision,1,1333.847227,0.0,1333.847227,1333.847227,0,Unknown,
matched_only,daso,Hybrid,cifar10,,vision,1,1494.13764,0.0,1494.13764,1494.13764,0,Unknown,
matched_only,daso,Hybrid,cifar100,,vision,1,1529.334976,0.0,1529.334976,1529.334976,0,Unknown,
matched_only,defixmatch,Hybrid,cifar10,,vision,1,1810.545263,0.0,1810.545263,1810.545263,0,Unknown,
matched_only,defixmatch,Hybrid,cifar100,,vision,1,1805.971887,0.0,1805.971887,1805.971887,0,Unknown,
matched_only,fixmatch,Hybrid,cifar10,,vision,1,1386.423258,0.0,1386.423258,1386.423258,0,Unknown,
matched_only,fixmatch,Hybrid,cifar100,,vision,1,1320.752011,0.0,1320.752011,1320.752011,0,Unknown,
matched_only,flexmatch,Hybrid,cifar10,,vision,1,1286.701822,0.0,1286.701822,1286.701822,0,Unknown,
matched_only,flexmatch,Hybrid,cifar100,,vision,1,1284.279451,0.0,1284.279451,1284.279451,0,Unknown,
matched_only,free_match,Hybrid,cifar10,,vision,1,1289.333366,0.0,1289.333366,1289.333366,0,Unknown,
matched_only,free_match,Hybrid,cifar100,,vision,1,1291.28231,0.0,1291.28231,1291.28231,0,Unknown,
matched_only,mixmatch,Hybrid,cifar10,,vision,1,1949.567219,0.0,1949.567219,1949.567219,0,Unknown,
matched_only,mixmatch,Hybrid,cifar100,,vision,1,1949.964964,0.0,1949.964964,1949.964964,0,Unknown,
matched_only,noisy_student,Hybrid,cifar10,,vision,1,1243.650966,0.0,1243.650966,1243.650966,0,Unknown,
matched_only,noisy_student,Hybrid,cifar100,,vision,1,1235.760629,0.0,1235.760629,1235.760629,0,Unknown,
matched_only,softmatch,Hybrid,cifar10,,vision,1,1282.098636,0.0,1282.098636,1282.098636,0,Unknown,
matched_only,softmatch,Hybrid,cifar100,,vision,1,1278.781661,0.0,1278.781661,1278.781661,0,Unknown,
matched_only,uda,Hybrid,cifar10,,vision,1,1299.142672,0.0,1299.142672,1299.142672,0,Unknown,
matched_only,uda,Hybrid,cifar100,,vision,1,1280.258479,0.0,1280.258479,1280.258479,0,Unknown,
matched_only,adsh,Margin-based inductive,cifar10,,vision,1,1501.211094,0.0,1501.211094,1501.211094,0,Unknown,
matched_only,adsh,Margin-based inductive,cifar100,,vision,1,1507.217022,0.0,1507.217022,1507.217022,0,Unknown,
matched_only,laplace_learning,PDE/Variational,cifar10,,vision,1,6.225448,0.0,6.225448,6.225448,0,Unknown,
matched_only,laplace_learning,PDE/Variational,cifar100,,vision,1,5.850706,0.0,5.850706,5.850706,0,Unknown,
matched_only,p_laplace_learning,PDE/Variational,cifar10,,vision,1,13272.652406,0.0,13272.652406,13272.652406,0,CPU,
matched_only,p_laplace_learning,PDE/Variational,mnist,,vision,4,21304.7730015,1678.6991429658322,19508.360229,23524.817908,0,CPU,
matched_only,poisson_learning,PDE/Variational,cifar10,,vision,1,40.623734,0.0,40.623734,40.623734,0,Unknown,
matched_only,poisson_learning,PDE/Variational,mnist,,vision,4,40.55453675,3.6555664760766673,37.997215,45.798238,0,Unknown,
matched_only,poisson_mbo,PDE/Variational,cifar10,,vision,1,81.421291,0.0,81.421291,81.421291,0,CPU,
matched_only,poisson_mbo,PDE/Variational,mnist,,vision,4,113.5223815,3.2892999120349318,108.844562,116.542862,0,CPU,
